row_uid,card,scope,dup_key,merged_from,system,group,screen_id,screen_name,role,function,work_type,counterpart,direction,owner_side,plan_row_id,status,evidence
t50:105,t50,in,,,edicus,썸네일·미리보기,EDI-17,Edicus 미리보기 URL 조회(preview_urls),시스템(무인),편집 완료 후 썸네일/미리보기 이미지 URL을 받아오는 API — 호출 함수 없음(미사용),integrate,edicus,webadmin→edicus,webadmin,NEW,미착수,_workspace/huni-edicus-live/DEV-HANDOFF-260818/edicus-server-api.md 엔드포인트 #9 GET /api/projects/{prjid}/preview_urls — '❌ 미사용'
t50:106,t50,in,raw/webadmin/webadmin/catalog/widget_api.py:6104-6156,,edicus,썸네일·미리보기,EDI-18,디자인 목록 썸네일 공개 서빙,고객,"상품별 디자인(후니 자체 등록 디자인 카탈로그, Edicus 산출물 아님) 썸네일을 위젯에 공개 서빙",build,,,webadmin,NEW,완료,raw/webadmin/webadmin/catalog/widget_api.py:6104-6156(api_designs/api_design_image)
t50:99,t50,in,,,edicus,원고 저장·반환,EDI-10,편집기 프로젝트 상태(project_id) 저장,시스템(무인),create_project 성공 시 project_id를 후니 주문/장바구니에 저장해야 이후 주문확정·미리보기의 키가 된다,integrate,widget,edicus→widget→webadmin,widget,NEW,미확인,_workspace/huni-edicus-product-map/02_contract/editor-launch-contract.md §5(콜백 계약 — project-id-created는 [HARD] 저장 필수로 명시되나 저장 구현 코드는 이 저장소에서 미확인)
t50:100,t50,in,raw/webadmin/webadmin/catalog/edicus_lookup.py:319-417,,edicus,원고 저장·반환,EDI-11,Edicus 주문 API(잠정/확정/취소/복제/삭제),시스템(무인),tentative_order/definitive_order/cancel_order/clone_project/delete_project — Edicus Server API 호출 함수는 구현돼 있으나 아무도 부르지 않음(배선 전),integrate,edicus,webadmin→edicus,webadmin,NEW,미착수,raw/webadmin/webadmin/catalog/edicus_lookup.py:319-417(get_project/tentative_order/definitive_order/cancel_order/clone_project/delete_project) · _workspace/huni-edicus-live/DEV-HANDOFF-260818/edicus-server-api.md 엔드포인트표 '⬜ 호출 함수는 있으나 아무도 부르지 않음'
t50:101,t50,in,,,edicus,원고 저장·반환,EDI-12,편집 디자인 보관함(임시저장→장바구니 이전),고객,"편집 종료 후 결제 전까지 보관(결제금액 제외), 「장바구니로 옮기기」 시 상품·옵션·금액 유지 이전",build,,,widget,STD-MYP-030,진행,planrows-edicus.csv row STD-MYP-030: 후니정기미팅 정리260915.html §디자인 상품·편집기·보관함 확정 7 / 후니-오픈잔여작업-실무진안내_260909.html §항목 11
t50:102,t50,in,,,edicus,원고 저장·반환,EDI-14,편집기 산출물 인쇄용 파일 변환·주문 연결,시스템(무인),테스트결제 1건의 주문등록 payload에 편집기 결과(템플릿·산출물)가 실려 있는지 확인,integrate,edicus,edicus→webadmin,webadmin,STD-ART-024,진행,planrows-edicus.csv row STD-ART-024: X-WGTF-EDICUS-01 · X-EDX-D8-01 EDICUS Link Manager POD 채널 이중등록
t50:103,t50,in,BackOffice.Console/CRT.EasyMES.V2.Console.MotionOneInterface/Program.cs:41,,edicus,원고 저장·반환,EDI-15,Edicus Prepress 렌더링 결과 접수파일 등록,생산(MES),편집기 산출물이 렌더링되어 생산(MES)로 접수되는 경로 — 현행 구현 여부 미실측,integrate,mes,edicus→mes,mes,STD-MFG-060,완료,"직접 확인(TS.BackOffice.Huni 읽기전용): BackOffice.Console/CRT.EasyMES.V2.Console.MotionOneInterface/Program.cs:41(콘솔 목적 주석 'MontionOne Render 완료 WebHook 처리'),:107-166(SQS 큐에서 EdicusRenderInfo 수신·DoWebHookJob 호출·처리 성공 시 메시지 삭제),:267(DoWebHookJob 정의) · Common/EdicusRenderInfo.cs(렌더 결과 모델: Output.UserData.OrderId/StoreItemId/EditorItemId, HasRenderOutput) — MotionOne(Edicus) 렌더 완료 웹훅 수신·MES 접수 코드 실재 확인. 썸네일 자동생성은 별도 행 EDI-15b — BackOffice.Console/CRT.EasyMES.V2.DesignFileThumbnailCreator/Program.cs:34-51(MAX_INSTANCES 설정 기반 중복실행 방지, 무인 스케줄러). 정정: planrows-edicus.csv row STD-MFG-060(9/17 원장='미실측' — MES 담당자 회신 대기로 기재)은 HuniWeb 저장소만 조사한 결과였음; TS.BackOffice.Huni 직접 조사로 코드 실재를 확인해 완료로 정정함(다른 에이전트 주장이 아니라 이 에이전트가 path:line을 직접 읽어 확인)."
t50:112,t50,in,BackOffice.Console/CRT.EasyMES.V2.DesignFileThumbnailCreator/Program.cs:34-51,,edicus,원고 저장·반환,EDI-15b,MES 접수파일 썸네일 자동생성,시스템(무인),렌더 완료 접수파일에서 썸네일을 무인 스케줄러가 자동 생성(중복실행 방지 MAX_INSTANCES 가드),integrate,edicus,edicus→mes,mes,STD-MFG-061,완료,직접 확인(TS.BackOffice.Huni 읽기전용): BackOffice.Console/CRT.EasyMES.V2.DesignFileThumbnailCreator/Program.cs:34-51(동시 실행 개수 제한 주석 '스케줄러 무인자 경로만' · MAX_INSTANCES 설정 기본값 3 · 초과분 즉시 종료) · ThumbnailService.cs:33(class ThumbnailService)
t50:104,t50,in,,,edicus,원고 저장·반환,EDI-16,편집기 상품 수정요청·수정완료 왕복,고객,"편집 완료 후 수정요청이 필요할 때의 흐름 — 시스템 미구현, Plan B로 전화/문자 수기 처리 예정",manual,,,,STD-MFG-064,미착수,planrows-edicus.csv row STD-MFG-064: 후니프린팅_주문프로세스_20251001.pdf p.1 case3 · auto-vs-human §2.2 #37·#38 편집기 수정요청/수정완료 왕복 미구현
t50:111,t50,out,,,edicus,원고 저장·반환,EDI-23,Edicus 서버 토큰 발급 본문 불일치(참조코드 결함),시스템(무인),"(참조코드) HuniEditorSDK/EdicusEditor/MobileEditor/VdpEditor가 uid 없이 POST해 auth 라우트 400 위험 — 참조코드의 기록된 결함, 운영 영향은 미확인",provided,edicus,,외부,NEW,미확인,"[오픈분모밖] EDI-22와 동일 근거 — docs/edicus.man 참조코드 한정 결함이며 운영 huni-skin-shopby 재현 여부 미확인(참조자료, 이번 오픈 분모 밖) — _workspace/huni-edicus-codemap/02_codemap/hooks-and-edicus-wiring.md §5-1: 'auth/route.ts는 uid 필수인데 HuniEditorSDK._fetchToken 등은 body 없이 POST' — docs/edicus.man 참조코드 한정, 운영 huni-skin-shopby 재현 여부 미확인"
t50:90,t50,in,raw/webadmin/webadmin/config/urls.py:41-50,,edicus,템플릿·상품 매핑,EDI-01,상품별 Edicus 템플릿 연결(webadmin admin/edicus-template-md/),운영자(CS·상품),완제품×옵션조합 데카르트곱 그리드에서 PSCode/템플릿URI 등록·조회·삭제,build,,,webadmin,NEW,완료,raw/webadmin/webadmin/config/urls.py:41-50 · catalog/edicus_views.py:475-928(edicus_template_md/edicus_meta/edicus_dims_save/edicus_grid_save/edicus_clear)
t50:91,t50,in,catalog/edicus_views.py:327-432,,edicus,템플릿·상품 매핑,EDI-02,Edicus 연결 구멍(gap) 진단 배지,운영자(CS·상품),옵션조합 데카르트곱 대비 미등록 조합 수를 상품별로 산출해 배지 표시(?gaps=1 비동기 분리),build,,,webadmin,NEW,완료,catalog/edicus_views.py:327-432(gap_report) · :475-485(edicus_template_md ?gaps=1)
t50:92,t50,in,raw/webadmin/webadmin/config/urls.py:122-130,,edicus,템플릿·상품 매핑,EDI-03,디자인 관리(webadmin admin/design-md/),운영자(CS·상품),상품별 디자인(썸네일·PSCode·tmpl_uri·고정사양·태그·표시순서) 등록·수정·삭제(팝업 단위 upsert),build,,,webadmin,NEW,완료,raw/webadmin/webadmin/config/urls.py:122-130 · catalog/design_views.py:47-224(design_md/design_list/design_presign/design_save/design_delete)
t50:108,t50,in,,,edicus,템플릿·상품 매핑,EDI-20,EDICUS Manager(외부 원장) — prodCode/sizeCode/템플릿 정의,시스템(무인),"EDICUS 자체 콘솔에서 상품·사이즈·디자인 템플릿(원천 리소스)을 정의 — 완전히 외부 제공, 후니 상품코드 칸 없음",provided,edicus,,edicus,NEW,완료,_workspace/huni-edicus-product-map/01_edicus/manager-findings.md §2(EDICUS Manager=원장·AngularJS) · screenshots/10-edicus-manager-home.png(gstack 읽기전용 실측)
t50:109,t50,out,,,edicus,템플릿·상품 매핑,EDI-21,Edicus Link Manager(POD 자동화 SaaS) — 별개 계정·상품체계,관리자,네이버 스마트스토어 주문→편집링크 발송→생산파일 자동화. 후니 webadmin/위젯 라이브 DB와 연결 없음(범위 확인용 기록),provided,edicus,,외부,NEW,완료,"[오픈분모밖] 후니 webadmin/위젯 경로와 무관(별개 SaaS·별개 계정·스마트스토어 상품체계, 직접 gstack 실측) — _workspace/huni-edicus-product-map/01_edicus/manager-findings.md §1(Link Manager=POD 자동화 SaaS, 후니 prd_cd 칸 없음·스마트스토어 상품체계·hunip 계정, gstack 읽기전용 실측 260713)"
t50:97,t50,in,,,edicus,편집 캔버스,EDI-08,Edicus 에디터 캔버스(SDK iframe),고객,고객이 실제로 디자인을 꾸미는 화면 — Edicus가 그대로 제공,provided,edicus,,edicus,STD-ART-022,완료,STD-ART-022 evidence: https://huni-admin.printly.co.kr/admin/edicus-template-md/@2026-09-16 21:28(라이브 작동 확인) · _workspace/huni-edicus-product-map/02_contract/editor-launch-contract.md §0(기동 3요소 ps_code/template_uri/token)
t50:98,t50,in,,,edicus,편집 캔버스,EDI-09,편집기 토큰 만료 재발급(request-user-token),시스템(무인),편집 중 Edicus가 request-user-token 이벤트를 보내면 서버가 재발급해 post_to_editor로 주입,integrate,edicus,edicus→webadmin→widget,widget,NEW,미확인,_workspace/huni-edicus-product-map/02_contract/editor-launch-contract.md §2(토큰 만료 재발급 계약 명시) · 03_mapping/editor-yn-drift.md 참조 — 구현 코드는 이 저장소에서 미확인
t50:110,t50,out,docs/edicus.man/src/hooks/useEdicus.ts:65-183,,edicus,편집 캔버스,EDI-22,useEdicus/useHuniEditor 훅(SDK 통합 참조코드),시스템(무인),EdicusClient 생명주기 React 통합·create_project/open_project/postToEditor 배선 — docs/edicus.man은 별도 참조 프로젝트(운영 huni-skin-shopby 아님),provided,edicus,,외부,NEW,완료,"[오픈분모밖] docs/edicus.man(edicus-man)은 별도 참조/데모 리포지토리 — README.md에 자체 SaaS로 소개되며 운영 위젯(huni-skin-shopby, 이 저장소 밖)과 별개 코드베이스. 이번 오픈은 huni-skin-shopby 코드로 진행되므로 이 참조코드 자체는 오픈 분모 밖(참고자료) — docs/edicus.man/src/hooks/useEdicus.ts:65-183 · useHuniEditor.ts:19-137 · docs/edicus.man/README.md 1-13행('웹-투-프린트 SaaS 플랫폼', package.json name=edicus-man) — 참조용, 운영 위젯(huni-skin-shopby, 이 저장소 밖)과는 별개 리포지토리"
t50:93,t50,in,raw/webadmin/webadmin/catalog/widget_api.py:5758-5789,,edicus,편집기 진입,EDI-04,옵션조합→PSCode/템플릿 서버 해석(POST /api/w/v1/editor/resolve),시스템(무인),고객이 고른 옵션조합(또는 선택 디자인)을 어느 PSCode·템플릿URI로 열지 서버가 결정,build,,,webadmin,STD-ART-030,완료,raw/webadmin/webadmin/catalog/widget_api.py:5758-5789(api_editor_resolve) · catalog/edicus_lookup.py:165-200(resolve)
t50:94,t50,in,raw/webadmin/webadmin/catalog/widget_api.py:5770-5776,,edicus,편집기 진입,EDI-05,디자인 우선 편집기 해석(dsn_cd 경로),시스템(무인),"디자인을 고르고 들어온 경우 그 디자인의 PSCode/URI로 직결(옵션조합 매핑 조회 생략, 1디자인 1사이즈 확정)",build,,,webadmin,NEW,완료,raw/webadmin/webadmin/catalog/widget_api.py:5770-5776 · catalog/designs.py(get_for_order — 파일 상단 주석 '편집기 해석(edicus 우선순위)')
t50:95,t50,in,raw/webadmin/webadmin/catalog/widget_api.py:5803-5832,,edicus,편집기 진입,EDI-06,Edicus 사용자토큰 대리발급(POST /api/w/v1/editor/token),시스템(무인),webadmin이 비밀 API키로 Edicus 서버에 토큰 요청 후 사용자토큰만 위젯에 전달(비밀키 노출 차단),integrate,edicus,webadmin→edicus,webadmin,STD-ART-022,완료,raw/webadmin/webadmin/catalog/widget_api.py:5803-5832(api_editor_token) · catalog/edicus_lookup.py:245-287(issue_token) · _workspace/huni-edicus-product-map/02_contract/editor-launch-contract.md §2(토큰 흐름·서버전용경계)
t50:96,t50,in,raw/webadmin/webadmin/config/urls.py:274,,edicus,편집기 진입,EDI-07,위젯→webadmin 편집기 진입 요청(버튼 클릭),고객,위젯 화면에서 「에디터로 편집하기」를 눌러 resolve/token 두 API를 순차 호출해 에디터를 띄운다,integrate,webadmin,widget→webadmin,widget,STD-ART-021,진행,"planrows-edicus.csv row STD-ART-021: raw/webadmin/webadmin/config/urls.py:274,275 · catalog/edicus_lookup.py:214-260(webadmin측 done) — 그러나 SB-020 stub: huni-skin-shopby/src/components/product/configurator-actions.tsx:170-176 onClick 없음(데드버튼, 이 저장소 범위 밖·재확인 불가)"
t50:107,t50,in,,,edicus,편집기 진입,EDI-19,신규몰(위젯) 디자인 목록 API 소비,고객,webadmin 등록분 디자인 목록을 위젯이 불러와 화면에 렌더 — 위젯측 소비 코드 미확인,integrate,webadmin,widget→webadmin,widget,STD-CAT-036,미착수,"planrows-edicus.csv row STD-CAT-036: 'webadmin 에 디자인 1건을 등록한 뒤 신규몰 디자인 목록을 새로고침해 그 디자인이 보이면 완료' — 상태 미착수(9/17 원장 기준, webadmin측 API는 EDI-18에서 완료 확인됐으나 위젯 소비측 코드는 이 저장소 범위 밖)"
t48:96,t48,in,/notice/page.tsx:1-27,,huni-mall,고객지원,MALL-FAQ,자주묻는질문(라우트 부재),고객,공지사항·FAQ 열람,integrate,shopby,huni-mall→shopby,huni-mall,STD-CLM-018,진행,huni-skin-shopby/src/app/(main)/notice/page.tsx:1-27 · src/lib/api/server/board.ts:1 (공지 done) — FAQ 라우트 부재(SB-056 absent)
t48:97,t48,in,,,huni-mall,고객지원,MALL-FAQ,자주묻는질문(라우트 부재),고객,자주묻는질문(FAQ) 고객 화면,integrate,shopby,huni-mall→shopby,huni-mall,STD-INF-006,미착수,https://shopby.huniprinting.co.kr/faq 404 @ 2026-09-16 21:27
t48:100,t48,in,,,huni-mall,고객지원,MALL-GUIDE,이용가이드(/guide),고객,가이드북 고객 화면(작업 유의사항 11종),build,,,,STD-INF-007,진행,https://shopby.huniprinting.co.kr/guide @ 2026-09-16 21:27
t48:98,t48,in,huni-skin-shopby/src/lib/guide-data.ts:41-50,,huni-mall,고객지원,MALL-GUIDE,이용가이드(/guide),고객,인쇄 가이드 콘텐츠(11종),build,,,,STD-CAT-019,진행,"huni-skin-shopby/src/lib/guide-data.ts:41-50,158-202"
t48:99,t48,in,raw/webadmin/webadmin/config/urls.py:280,,huni-mall,고객지원,MALL-GUIDE,이용가이드(/guide),고객,템플릿/샘플 다운로드 제공,build,,,,STD-CAT-020,미확인,"raw/webadmin/webadmin/config/urls.py:280,283,285,287,288 (가이드파일 조회) · :72-87 (업로드/관리)"
t48:101,t48,in,,,huni-mall,고객지원,MALL-INQUIRY,1:1·상담 문의(미구현),고객,인쇄 불량 접수(사진 첨부),build,,,,STD-CLM-014,미착수,print-kb/wiki/policy/operations.md#OPS-04 클레임/불량
t48:102,t48,in,,,huni-mall,고객지원,MALL-INQUIRY,1:1·상담 문의(미구현),고객,1:1 문의 등록·답변,integrate,shopby,huni-mall→shopby,huni-mall,STD-CLM-016,미착수,huni-skin-shopby/src/app/(main) 하위 inquiry/qna 라우트 부재 (SB-056 absent)
t48:103,t48,in,,,huni-mall,고객지원,MALL-INQUIRY,1:1·상담 문의(미구현),고객,기업인쇄 상담 접수,build,,,,STD-CLM-019,미착수,huni-skin-shopby src/app/(main) 하위 inquiry 라우트 부재 (SB-056 absent)
t48:104,t48,in,,,huni-mall,고객지원,MALL-INQUIRY,1:1·상담 문의(미구현),고객,디자인 상담 접수,build,,,,STD-CLM-020,미착수,huni-skin-shopby src/app/(main) 하위 inquiry 라우트 부재 (SB-056 absent)
t48:105,t48,in,,,huni-mall,고객지원,MALL-NOTICE,공지사항(/notice · /notice/[articleNo]),고객,공지사항 고객 화면(목록·상세),integrate,shopby,huni-mall→shopby,huni-mall,STD-INF-005,진행,https://shopby.huniprinting.co.kr/notice @ 2026-09-16 21:27
t48:106,t48,in,,,huni-mall,고객지원,MALL-NOTICE,공지사항(/notice · /notice/[articleNo]),고객,뉴스·소식 공간 신설(갤러리형/게시판형/커뮤니티형 중 택1 + 메뉴명),build,,,,STD-INF-012,미착수,후니-오픈잔여작업-실무진안내_260909.html §항목 5 · ④ 완료 기준
t48:107,t48,in,,,huni-mall,고객지원,MALL-QNA,상품 Q&A(미구현),고객,상품 Q&A 게시,integrate,shopby,huni-mall→shopby,huni-mall,STD-CAT-013,미착수,huni-skin-shopby/src/app/(main) 하위 inquiry/qna 라우트 부재 (SB-056 absent)
t48:108,t48,in,,,huni-mall,고객지원,MALL-QNA,상품 Q&A(미구현),고객,상품 Q&A 등록·답변,integrate,shopby,huni-mall→shopby,huni-mall,STD-CLM-017,미착수,huni-skin-shopby/src/app/(main) 하위 inquiry/qna 라우트 부재 (SB-056 absent)
t48:109,t48,in,,,huni-mall,고객지원,MALL-REVIEWS,이용후기 메인(미구현),고객,이용후기 메인(전체 리뷰 모아보기),integrate,shopby,huni-mall→shopby,huni-mall,STD-PRM-016,미착수,https://shopby.huniprinting.co.kr/ @ 2026-09-16 21:26
t48:110,t48,in,huni-skin-shopby/src/lib/api/hooks/use-profile.ts:42,,huni-mall,마이페이지,MALL-MY-ACCOUNT,계정정보(/mypage/account),고객,회원정보 수정(비밀번호 재확인),integrate,shopby,huni-mall→shopby,huni-mall,STD-MEM-015,진행,huni-skin-shopby/src/lib/api/hooks/use-profile.ts:42
t48:111,t48,in,huni-skin-shopby/src/lib/api/hooks/use-profile.ts:42,,huni-mall,마이페이지,MALL-MY-ACCOUNT,계정정보(/mypage/account),고객,비밀번호 변경,integrate,shopby,huni-mall→shopby,huni-mall,STD-MEM-016,진행,huni-skin-shopby/src/lib/api/hooks/use-profile.ts:42
t48:112,t48,in,,,huni-mall,마이페이지,MALL-MY-ACCOUNT,계정정보(/mypage/account),고객,마케팅 수신동의 관리,integrate,shopby,huni-mall→shopby,huni-mall,STD-PRM-014,완료,https://shopby.huniprinting.co.kr/signup@2026-09-16 21:27
t48:113,t48,in,huni-skin-shopby/src/lib/api/hooks/use-shipping-address.ts:65-125,,huni-mall,마이페이지,MALL-MY-ADDRESS,배송지 관리(/mypage/address),고객,배송지 주소록 관리,integrate,shopby,huni-mall→shopby,huni-mall,STD-MYP-016,진행,SB-048 done — huni-skin-shopby/src/lib/api/hooks/use-shipping-address.ts:65-125 · SB-028 src/components/checkout/address-modal.tsx:1
t48:114,t48,in,huni-skin-shopby/src/lib/api/hooks/use-shipping-address.ts:65-125,,huni-mall,마이페이지,MALL-MY-ADDRESS,배송지 관리(/mypage/address),고객,배송지 변경/추가,integrate,shopby,huni-mall→shopby,huni-mall,STD-SHP-015,진행,huni-skin-shopby/src/lib/api/hooks/use-shipping-address.ts:65-125 (CRUD·기본배송지)
t48:115,t48,in,huni-skin-shopby/src/components/mypage/point-section.tsx:11-14,,huni-mall,마이페이지,MALL-MY-CHARGE,프린트머니 충전(/mypage/point/charge),고객,프린팅머니 충전(PG 결제→적립 전환),integrate,shopby,huni-mall→shopby,huni-mall,STD-MYP-007,진행,SB-051 stub — huni-skin-shopby/src/components/mypage/point-section.tsx:11-14 → src/lib/legacy-data/hooks.ts:423-432 (no-op)
t48:116,t48,in,_workspace/huni-shopby/17_prepaid-money/prepaid-money-design-260915.md:290,,huni-mall,마이페이지,MALL-MY-CHARGE,프린트머니 충전(/mypage/point/charge),고객,프린트머니 구현 M2 — 스킨 충전 화면 배선(useChargePoint → 충전권 주문서),integrate,webadmin,huni-mall→webadmin,huni-mall,STD-MYP-044,미착수,_workspace/huni-shopby/17_prepaid-money/prepaid-money-design-260915.md:290
t48:117,t48,in,huni-skin-shopby/src/lib/api/hooks/use-coupons.ts:71,,huni-mall,마이페이지,MALL-MY-COUPON,쿠폰(/mypage/coupon · /register),고객,보유 쿠폰 목록,integrate,shopby,huni-mall→shopby,huni-mall,STD-MYP-010,진행,huni-skin-shopby/src/lib/api/hooks/use-coupons.ts:71
t48:118,t48,in,huni-skin-shopby/src/lib/api/hooks/use-coupons.ts:71,,huni-mall,마이페이지,MALL-MY-COUPON,쿠폰(/mypage/coupon · /register),고객,쿠폰 번호 등록,integrate,shopby,huni-mall→shopby,huni-mall,STD-MYP-011,진행,huni-skin-shopby/src/lib/api/hooks/use-coupons.ts:71
t48:119,t48,in,huni-skin-shopby/src/components/mypage/document-section.tsx:1-6,,huni-mall,마이페이지,MALL-MY-DOCUMENT,증빙서류(/mypage/document),고객,증빙서류 발급내역 조회,integrate,shopby,huni-mall→shopby,huni-mall,STD-MYP-014,미착수,SB-053 stub — huni-skin-shopby/src/components/mypage/document-section.tsx:1-6 (정적 표 UI·API 호출 0) · D-18 endpoint='(호출 지점 없음)'
t48:120,t48,in,document-section.tsx:1-6,,huni-mall,마이페이지,MALL-MY-DOCUMENT,증빙서류(/mypage/document),고객,현금영수증 정보 관리,integrate,shopby,huni-mall→shopby,huni-mall,STD-MYP-015,미착수,SB-053 stub — document-section.tsx:1-6 · D-18 호출 지점 없음
t48:121,t48,in,,,huni-mall,마이페이지,MALL-MY-DOCUMENT,증빙서류(/mypage/document),고객,사업자정보 목록,build,,,,STD-MYP-020,미착수,https://www.huniprinting.com/mypage/tax01.asp @ 2026-09-16 21:33
t48:122,t48,in,,,huni-mall,마이페이지,MALL-MY-DOCUMENT,증빙서류(/mypage/document),고객,사업자정보 등록(쓰기),build,,,,STD-MYP-021,미착수,https://www.huniprinting.com/mypage/tax01.asp @ 2026-09-16 21:33
t48:123,t48,in,,,huni-mall,마이페이지,MALL-MY-DOCUMENT,증빙서류(/mypage/document),고객,증빙 신청 탭 3개(신청 가능 / 신청 완료 / 신용카드 결제),integrate,shopby,huni-mall→shopby,huni-mall,STD-MYP-034,미착수,후니정기미팅 정리260915.html §증빙서류 · 확정 3
t48:124,t48,in,,,huni-mall,마이페이지,MALL-MY-DOCUMENT,증빙서류(/mypage/document),고객,현금 결제 건만 신청 대상 — 세금계산서·현금영수증 중 택1,integrate,shopby,huni-mall→shopby,huni-mall,STD-MYP-035,미착수,후니정기미팅 정리260915.html §증빙서류 · 확정 4
t48:125,t48,in,,,huni-mall,마이페이지,MALL-MY-DOCUMENT,증빙서류(/mypage/document),고객,카드 결제 건·발행 완료 건은 목록에 보이되 비활성+사유 표시,integrate,shopby,huni-mall→shopby,huni-mall,STD-MYP-036,미착수,후니정기미팅 정리260915.html §증빙서류 · 확정 5
t48:126,t48,in,huni-skin-shopby/src/components/mypage/document-section.tsx:1-6,,huni-mall,마이페이지,MALL-MY-DOCUMENT,증빙서류(/mypage/document),고객,현금영수증 발급,integrate,shopby,huni-mall→shopby,huni-mall,STD-PAY-015,미착수,huni-skin-shopby/src/components/mypage/document-section.tsx:1-6 (정적 표 UI만·API 호출 없음 = stub) · X-TAXDOC-01 팝빌 연동 미결
t48:127,t48,in,huni-skin-shopby/src/components/mypage/document-section.tsx:1-6,,huni-mall,마이페이지,MALL-MY-DOCUMENT,증빙서류(/mypage/document),고객,세금계산서 발급 신청·내역,integrate,shopby,huni-mall→shopby,huni-mall,STD-PAY-016,미착수,huni-skin-shopby/src/components/mypage/document-section.tsx:1-6 (stub)
t48:128,t48,in,validations/checkout.ts:35-43,,huni-mall,마이페이지,MALL-MY-DOCUMENT,증빙서류(/mypage/document),고객,사업자정보 등록·관리,build,,,,STD-PAY-017,미착수,F-026/027·SCOPE-026/027·IA-026/027 사업자정보 목록·등록 PARTIAL·미착수 || [t48 교정] S1-skin/api-wiring.csv D4 「사업자정보 보관·재사용」 wired=N(validations/checkout.ts:35-43 스키마만) 실사
t48:129,t48,in,document-section.tsx:41-51,,huni-mall,마이페이지,MALL-MY-DOCUMENT,증빙서류(/mypage/document),고객,거래명세서 출력,integrate,shopby,huni-mall→shopby,huni-mall,STD-PAY-018,미착수,F-142/SCOPE-142/IA-142 증빙서류발급 관리 PARTIAL·미착수 || [t48 교정] S1-skin/api-wiring.csv D4 「증빙서류 신청·발급 목록」 stub·없음(document-section.tsx:41-51) 실사
t48:130,t48,in,,,huni-mall,마이페이지,MALL-MY-INQUIRY,내 문의·Q&A 조회(미구현),고객,내 상품Q&A/1:1문의 조회,integrate,shopby,huni-mall→shopby,huni-mall,STD-MYP-013,미착수,SB-056 absent — huni-skin-shopby/src/app/(main) 하위 inquiry/qna 라우트 부재
t48:131,t48,in,,,huni-mall,마이페이지,MALL-MY-ORDER,주문 상세(/mypage/orders/[orderNo]),고객,주문 전체 취소 신청,integrate,shopby,huni-mall→shopby,huni-mall,STD-CLM-001,미착수,huni-shopby/01_research/order-to-delivery-contract.md §4.3 claims-*
t48:132,t48,in,,,huni-mall,마이페이지,MALL-MY-ORDER,주문 상세(/mypage/orders/[orderNo]),고객,옵션 부분 취소 신청,integrate,shopby,huni-mall→shopby,huni-mall,STD-CLM-002,미착수,huni-shopby/01_research/order-to-delivery-contract.md §4.3 claims-*
t48:133,t48,in,,,huni-mall,마이페이지,MALL-MY-ORDER,주문 상세(/mypage/orders/[orderNo]),고객,제작 착수 후 취소 제한·협의 안내,integrate,shopby,huni-mall→shopby,huni-mall,STD-CLM-004,미착수,print-kb/wiki/policy/operations.md#OPS-01 케이스별 협의
t48:134,t48,in,,,huni-mall,마이페이지,MALL-MY-ORDER,주문 상세(/mypage/orders/[orderNo]),고객,반품 신청(단일·복수),integrate,shopby,huni-mall→shopby,huni-mall,STD-CLM-005,미착수,huni-shopby/01_research/order-to-delivery-contract.md §4.3 claims-*
t48:135,t48,in,,,huni-mall,마이페이지,MALL-MY-ORDER,주문 상세(/mypage/orders/[orderNo]),고객,교환 신청(출고 전/후),integrate,shopby,huni-mall→shopby,huni-mall,STD-CLM-006,미착수,huni-shopby/01_research/order-to-delivery-contract.md §4.3 claims-*
t48:136,t48,in,,,huni-mall,마이페이지,MALL-MY-ORDER,주문 상세(/mypage/orders/[orderNo]),고객,환불 예상금액 계산,integrate,shopby,huni-mall→shopby,huni-mall,STD-CLM-007,미착수,huni-shopby/01_research/order-to-delivery-contract.md §4.3 claims-*
t48:137,t48,in,,,huni-mall,마이페이지,MALL-MY-ORDER,주문 상세(/mypage/orders/[orderNo]),고객,환불계좌 등록·수정,integrate,shopby,huni-mall→shopby,huni-mall,STD-CLM-008,미착수,huni-shopby/01_research/order-to-delivery-contract.md §4.3 claims-*
t48:138,t48,in,,,huni-mall,마이페이지,MALL-MY-ORDER,주문 상세(/mypage/orders/[orderNo]),고객,클레임 철회,integrate,shopby,huni-mall→shopby,huni-mall,STD-CLM-009,미착수,huni-shopby/01_research/order-to-delivery-contract.md §4.3 claims-*
t48:139,t48,in,,,huni-mall,마이페이지,MALL-MY-ORDER,주문 상세(/mypage/orders/[orderNo]),고객,클레임 사유 분류 선택(12종),integrate,shopby,huni-mall→shopby,huni-mall,STD-CLM-010,미착수,huni-shopby/01_research/order-to-delivery-contract.md §4.2 claimReasonType
t48:140,t48,in,huni-skin-shopby/src/lib/api/hooks/use-my-orders.ts:84,,huni-mall,마이페이지,MALL-MY-ORDER,주문 상세(/mypage/orders/[orderNo]),고객,주문 상세 조회(사양·파일·상태),integrate,shopby,huni-mall→shopby,huni-mall,STD-MYP-002,진행,huni-skin-shopby/src/lib/api/hooks/use-my-orders.ts:84 (목록/상세)
t48:141,t48,in,huni-skin-shopby/src/components/product/configurator-actions.tsx:170-176,,huni-mall,마이페이지,MALL-MY-ORDER,주문 상세(/mypage/orders/[orderNo]),고객,편집상품 미리보기,integrate,edicus,huni-mall→edicus,huni-mall,STD-MYP-003,미착수,SB-020 stub — huni-skin-shopby/src/components/product/configurator-actions.tsx:170-176 (onClick 없음)
t48:142,t48,in,huni-skin-shopby/src/lib/api/hooks/use-my-orders.ts:84,,huni-mall,마이페이지,MALL-MY-ORDER,주문 상세(/mypage/orders/[orderNo]),고객,주문 상태 머신 전이 표시(결제완료→상품준비→배송준비→배송중→배송완료→구매확정),integrate,shopby,huni-mall→shopby,huni-mall,STD-ORD-023,진행,"huni-skin-shopby/src/lib/api/hooks/use-my-orders.ts:84,354 · X-DEC-MIRROR-01 샵바이→후니 상태 미러 채널 미확인"
t48:143,t48,in,,,huni-mall,마이페이지,MALL-MY-ORDER,주문 상세(/mypage/orders/[orderNo]),고객,인쇄 공정 단계 상태 노출(검판·출력·후가공),integrate,webadmin,huni-mall→webadmin,huni-mall,STD-ORD-024,미착수,SCOPE-162 주문/주문상세 런타임 그릇 구축 PARTIAL·미착수
t48:144,t48,in,,,huni-mall,마이페이지,MALL-MY-ORDER,주문 상세(/mypage/orders/[orderNo]),고객,구매확정(고객·자동),integrate,shopby,huni-mall→shopby,huni-mall,STD-ORD-025,미착수,huni-shopby/01_research/order-to-delivery-contract.md §3 confirm
t48:145,t48,in,huni-skin-shopby/src/lib/api/hooks/use-my-orders.ts:84,,huni-mall,마이페이지,MALL-MY-ORDER,주문 상세(/mypage/orders/[orderNo]),고객,고객 배송 조회(택배사 추적),integrate,shopby,huni-mall→shopby,huni-mall,STD-SHP-014,진행,"huni-skin-shopby/src/lib/api/hooks/use-my-orders.ts:84,354"
t48:146,t48,in,,,huni-mall,마이페이지,MALL-MY-ORDER,주문 상세(/mypage/orders/[orderNo]),고객,택배사 배송추적 연동,integrate,shopby,huni-mall→shopby,huni-mall,STD-SYS-014,진행,huni-shopby/01_research/order-to-delivery-contract.md §2.1 deliveryCompanyType · L4 사유: 택배사 연동·송장·배송추적 경로 미확인. L2 연계서비스 18건에도 택배사 없음.
t48:147,t48,in,,,huni-mall,마이페이지,MALL-MY-ORDERS,주문 목록(/mypage/orders),고객,클레임 목록·상세 조회,integrate,shopby,huni-mall→shopby,huni-mall,STD-CLM-012,미착수,X-SHOPBY-CLAIM-FSM-01 클레임 상태머신 미폐합 — 수거진행 중간상태 누락·입금대기/교환대기/환불완료 전이 미정의
t48:148,t48,in,huni-skin-shopby/src/lib/api/hooks/use-my-orders.ts:84,,huni-mall,마이페이지,MALL-MY-ORDERS,주문 목록(/mypage/orders),고객,주문 목록 조회,integrate,shopby,huni-mall→shopby,huni-mall,STD-MYP-001,진행,huni-skin-shopby/src/lib/api/hooks/use-my-orders.ts:84
t48:149,t48,in,huni-skin-shopby/src/lib/api/hooks/use-my-orders.ts:84,,huni-mall,마이페이지,MALL-MY-ORDERS,주문 목록(/mypage/orders),고객,주문 상태 조회(회원),integrate,shopby,huni-mall→shopby,huni-mall,STD-ORD-021,진행,"huni-skin-shopby/src/lib/api/hooks/use-my-orders.ts:84,354"
t48:150,t48,in,,,huni-mall,마이페이지,MALL-MY-ORDERS,주문 목록(/mypage/orders),고객,재주문(동일 사양 반복),build,,,,STD-ORD-026,미착수,F-011/SCOPE-011/IA-011 옵션보관함 CUSTOM·미착수
t48:151,t48,in,huni-skin-shopby/src/lib/api/hooks/use-points.ts:22,,huni-mall,마이페이지,MALL-MY-POINT,적립금·프린트머니 잔액(/mypage/point),고객,프린팅머니 잔액·내역 조회,integrate,shopby,huni-mall→shopby,huni-mall,STD-MYP-006,진행,huni-skin-shopby/src/lib/api/hooks/use-points.ts:22
t48:152,t48,in,huni-skin-shopby/src/lib/api/hooks/use-review-write.ts:38,,huni-mall,마이페이지,MALL-MY-REVIEW,리뷰(/mypage/review · /write · /[reviewId]),고객,내 리뷰 작성·조회,integrate,shopby,huni-mall→shopby,huni-mall,STD-MYP-012,진행,huni-skin-shopby/src/lib/api/hooks/use-review-write.ts:38 · use-my-reviews.ts:84
t48:153,t48,in,huni-skin-shopby/src/lib/api/hooks/use-profile.ts:112,,huni-mall,마이페이지,MALL-MY-WITHDRAW,회원탈퇴(/mypage/withdraw),고객,회원탈퇴,integrate,shopby,huni-mall→shopby,huni-mall,STD-MEM-017,진행,huni-skin-shopby/src/lib/api/hooks/use-profile.ts:112 · src/components/mypage/withdraw-section.tsx:4
t48:154,t48,in,_workspace/huni-launch-scope/02_gap/fit-gap-matrix.csv:30,,huni-mall,마이페이지,MALL-MYPAGE,마이페이지 메인(/mypage),고객,마이페이지 메인 대시보드(주문요약·프린팅머니·쿠폰 한눈에),integrate,shopby,huni-mall→shopby,huni-mall,STD-MYP-017,진행,"L3/legacy-normalized.json#F-029,IA-029,SCOPE-029 · _workspace/huni-launch-scope/02_gap/fit-gap-matrix.csv:30 · docs/huni/후니프린팅_통합IA_일정_역할분담_260616.xlsx#02_IA마스터!A30:K30 · L2/as-is-inventory.csv#SB-044 huni-skin-shopby/src/components/mypage/dashboard-section.tsx:17-59"
t48:155,t48,in,_workspace/huni-launch-scope/02_gap/fit-gap-matrix.csv:31,,huni-mall,마이페이지,MALL-MYPAGE,마이페이지 메인(/mypage),고객,마이페이지 서브메인(기능군 랜딩) 화면,build,,,,STD-MYP-018,진행,"L3/legacy-normalized.json#F-030,IA-030,SCOPE-030 · _workspace/huni-launch-scope/02_gap/fit-gap-matrix.csv:31 · docs/huni/후니프린팅_통합IA_일정_역할분담_260616.xlsx#02_IA마스터!A31:K31 || P1판정(260902): huni-skin-shopby/src/app/(main)/mypage/page.tsx:10 DashboardSection · layout.tsx (중첩 라우트 전환)"
t48:156,t48,in,_workspace/huni-launch-scope/02_gap/fit-gap-matrix.csv:32,,huni-mall,마이페이지,MALL-MYPAGE,마이페이지 메인(/mypage),고객,마이페이지 통합 검색결과 LIST 화면,build,,,,STD-MYP-019,미착수,"L3/legacy-normalized.json#F-031,IA-031,SCOPE-031 · _workspace/huni-launch-scope/02_gap/fit-gap-matrix.csv:32 · docs/huni/후니프린팅_통합IA_일정_역할분담_260616.xlsx#02_IA마스터!A32:K32 || P1판정(260902): huni-skin-shopby 전수 grep 'mypage.*search' 0건(260902) — 마이페이지 통합 검색 라우트 없음"
t48:157,t48,in,huni-skin-shopby/src/components/cart/cart-page.tsx:6,,huni-mall,마이페이지,MALL-STORAGE,옵션·편집 디자인 보관함(미구현),고객,옵션보관함 저장/불러오기,build,,,,STD-MYP-004,미착수,[L4b보강] huni-skin-shopby/src/components/cart/cart-page.tsx:6 ('shopby 장바구니에는 보관함(draft) 개념이 없어 단일 목록으로 렌더')
t48:158,t48,in,,,huni-mall,마이페이지,MALL-STORAGE,옵션·편집 디자인 보관함(미구현),고객,보관 기간 정책 적용·만료 처리,build,,,,STD-MYP-005,미착수,print-kb/wiki/policy/mypage.md#MYP-01 3개월 권장 · L4 사유: new — 보관 만료 정책은 화면이 아니라 배치 규칙이라 legacy 화면 분모에 수록된 적 없음. 근거 print-kb/mypage.md(ia.md 오염 아님).
t48:159,t48,in,,,huni-mall,마이페이지,MALL-STORAGE,옵션·편집 디자인 보관함(미구현),고객,"편집 디자인 보관함 — 편집 종료 후 보관, 장바구니 담기 전까지 수정 가능",integrate,edicus,huni-mall→edicus,huni-mall,STD-MYP-030,미착수,후니정기미팅 정리260915.html §디자인 상품·편집기·보관함 · 확정 7 / 후니-오픈잔여작업-실무진안내_260909.html §항목 11 · ④ 완료 기준 || [t48 교정] S1-skin/api-wiring.csv D2 「옵션보관함」 라우트 없음·wired=N 실사
t48:160,t48,in,,,huni-mall,상품상세,MALL-PDP,상품 상세(/product/[slug]),고객,교환·반품 안내 문구(정적),build,,,,NEW,완료,S1-skin/api-wiring.csv D3 「교환/반품 안내 문구(정적)」 작동 · 원장 대응 행 없음(NEW)
t48:161,t48,in,/page.tsx:42-47,,huni-mall,상품상세,MALL-PDP,상품 상세(/product/[slug]),고객,상품 상세페이지 본문(이미지·설명 블록),integrate,shopby,huni-mall→shopby,huni-mall,STD-CAT-007,진행,huni-skin-shopby/src/app/(main)/product/[slug]/page.tsx:42-47 · :51-56 · src/components/product/product-sections.tsx:1
t48:162,t48,in,,,huni-mall,상품상세,MALL-PDP,상품 상세(/product/[slug]),고객,동일 계열 상품 분기 안내(일반명함/고급지명함/부분UV명함 등),build,,,,STD-CAT-008,미착수,print-story/02_capture/order-flow-steps.md §A-0 레드프린팅 상품 분할 전략
t48:163,t48,in,,,huni-mall,상품상세,MALL-PDP,상품 상세(/product/[slug]),고객,후가공 용어 설명 툴팁(도무송·오시·형압·귀돌이),build,,,,STD-CAT-009,미착수,print-story/02_capture/order-flow-steps.md §E-4 3사 용어 불일치
t48:164,t48,in,,,huni-mall,상품상세,MALL-PDP,상품 상세(/product/[slug]),고객,재단사이즈 vs 작업사이즈 설명 가이드,build,,,,STD-CAT-010,완료,https://shopby.huniprinting.co.kr/product/136578124@2026-09-16 21:29
t48:165,t48,in,,,huni-mall,상품상세,MALL-PDP,상품 상세(/product/[slug]),고객,상품별 제작 소요일/출고 기준 안내,build,,,,STD-CAT-011,미착수,print-story/02_capture/order-flow-steps.md §C-6 출고 옵션
t48:166,t48,in,huni-skin-shopby/src/lib/guide-data.ts:41-50,,huni-mall,상품상세,MALL-PDP,상품 상세(/product/[slug]),고객,재작업 불가 사항 고지(폰트 아웃라인 등),build,,,,STD-CAT-012,진행,"huni-skin-shopby/src/lib/guide-data.ts:41-50,158-202 (대부분 '준비중' 스텁)"
t48:167,t48,in,,,huni-mall,상품상세,MALL-PDP,상품 상세(/product/[slug]),고객,상품 리뷰 목록·평점 노출,integrate,shopby,huni-mall→shopby,huni-mall,STD-CAT-014,완료,https://shopby.huniprinting.co.kr/product/136578124@2026-09-16 21:34
t48:168,t48,in,huni-skin-shopby/src/lib/api/hooks/use-product-reviews.ts:41,,huni-mall,상품상세,MALL-PDP,상품 상세(/product/[slug]),고객,사진 리뷰 갤러리,integrate,shopby,huni-mall→shopby,huni-mall,STD-CAT-015,진행,huni-skin-shopby/src/lib/api/hooks/use-product-reviews.ts:41 (목록만)
t48:169,t48,in,,,huni-mall,상품상세,MALL-PDP,상품 상세(/product/[slug]),고객,관련상품/함께 주문한 상품 추천,build,,,,STD-CAT-016,미착수,print-quote/04_design/ia.md §2.1 리스팅 파생
t48:170,t48,in,,,huni-mall,상품상세,MALL-PDP,상품 상세(/product/[slug]),고객,찜/관심상품,integrate,shopby,huni-mall→shopby,huni-mall,STD-CAT-018,미착수,print-kb/wiki/policy/mypage.md 파생
t48:171,t48,in,,,huni-mall,상품상세,MALL-PDP,상품 상세(/product/[slug]),고객,메뉴 슬러그형 목업 상세(/product/calendar 등) 잔존 — 「(44 Reviews)」·더미 옵션,build,,,,STD-CAT-029,미착수,https://shopby.huniprinting.co.kr/product/calendar @ 2026-09-16 21:27
t48:172,t48,in,product-sections.tsx:32-40,,huni-mall,상품상세,MALL-PDP,상품 상세(/product/[slug]),고객,상세페이지 탭 6종 자동 등록(디자인가이드·디자인보기 포함),integrate,webadmin,huni-mall→webadmin,huni-mall,STD-CAT-034,진행,후니정기미팅 정리260915.html §디자인 상품·편집기·보관함 · 확정 3 / 후니-오픈잔여작업-실무진안내_260909.html §항목 2 · ④ 완료 기준 || [t48 교정] S1-skin/api-wiring.csv A5 「상품 상세 콘텐츠 탭」 wired=Y·부분(product-sections.tsx:32-40) 실사
t48:173,t48,in,,,huni-mall,상품상세,MALL-PDP,상품 상세(/product/[slug]),고객,디자인 의뢰하기(주문 흐름 내),build,,,,STD-CLM-021,미착수,https://shopby.huniprinting.co.kr/checkout/202609160243938684 @ 2026-09-16 21:33
t48:174,t48,in,guide-data.ts:90,,huni-mall,상품상세,MALL-PDP,상품 상세(/product/[slug]),고객,규격 가이드 모달(사이즈 안내 팝업),build,,,,STD-OPT-057,미착수,"L3/legacy-normalized.json#IA-057,SCOPE-057 · docs/huni/후니프린팅_통합IA_일정_역할분담_260616.xlsx#02_IA마스터!A58:K58 || P1판정(260902): huni-skin-shopby 에 규격 가이드 모달 컴포넌트 grep 0건 · guide-data.ts:90 은 가이드 문서(모달 아님)"
t48:175,t48,in,_workspace/huni-launch-scope/02_gap/fit-gap-matrix.csv:60,,huni-mall,상품상세,MALL-PDP,상품 상세(/product/[slug]),고객,주문가능 자재(용지) 목록 모달,build,,,,STD-OPT-058,미착수,"L3/legacy-normalized.json#F-059,IA-059,SCOPE-059 · _workspace/huni-launch-scope/02_gap/fit-gap-matrix.csv:60 · docs/huni/후니프린팅_통합IA_일정_역할분담_260616.xlsx#02_IA마스터!A60:K60 || P1판정(260902): huni-skin-shopby 에 「주문가능 자재(용지) 목록 모달」 컴포넌트 grep 0건 · guide-data.ts:161,170 은 가이드 문서"
t48:176,t48,in,,,huni-mall,상품상세,MALL-PDP,상품 상세(/product/[slug]),고객,장바구니 담기(인쇄옵션+파일 동반),integrate,shopby,huni-mall→shopby,huni-mall,STD-ORD-001,완료,https://shopby.huniprinting.co.kr/product/136578124@2026-09-16 21:29
t48:177,t48,in,,,huni-mall,상품탐색,MALL-LANDING,상품군 전용 랜딩(미구현),고객,상품군 전용 랜딩(출력/책자/실사/패키지/굿즈),build,,,,STD-CAT-003,미착수,F-088/SCOPE-088/IA-088 랜딩페이지 5종(종이·제본·캘린더·파우치·스티커) 미착수
t48:178,t48,in,,,huni-mall,상품탐색,MALL-SEARCH,검색 결과(/search),고객,상품명 통합검색,integrate,shopby,huni-mall→shopby,huni-mall,STD-CAT-004,완료,https://shopby.huniprinting.co.kr/search?q=스티커@2026-09-16 21:26
t48:179,t48,in,,,huni-mall,상품탐색,MALL-SEARCH,검색 결과(/search),고객,종이/소재명 기준 검색(아트지·스노우지 등),integrate,shopby,huni-mall→shopby,huni-mall,STD-CAT-005,미착수,SCOPE-154 상품 검색·필터 엔진 PARTIAL
t48:180,t48,in,huni-skin-shopby/src/lib/api/server/catalog.ts:5,,huni-mall,상품탐색,MALL-SHOP,카테고리 목록(/shop · /shop/[categoryNo]),고객,카테고리별 상품 리스팅(정렬·페이징),integrate,shopby,huni-mall→shopby,huni-mall,STD-CAT-002,진행,huni-skin-shopby/src/lib/api/server/catalog.ts:5 · src/components/shop/shop-list.tsx:18-24
t48:181,t48,in,,,huni-mall,상품탐색,MALL-SHOP,카테고리 목록(/shop · /shop/[categoryNo]),고객,품절/판매중지 상품 표시 및 대체 안내,integrate,shopby,huni-mall→shopby,huni-mall,STD-CAT-022,미착수,huni-shopby/01_research/order-to-delivery-contract.md §4.2 OUT_OF_STOCK
t48:182,t48,in,,,huni-mall,상품탐색,MALL-SHOP,카테고리 목록(/shop · /shop/[categoryNo]),고객,목록·검색 시작가를 webadmin `GET /api/w/v1/catalog`(게시 위젯+시작가) 로 이관 — 「10원~」 더미 대체 개발안,integrate,webadmin,huni-mall→webadmin,huni-mall,STD-CAT-043,미착수,SPEC-TAKEOVER-001 spec.md D-2 ① · huni-skin-shopby/src/lib/api/server/catalog.ts(shopby salePrice 사용)
t48:183,t48,in,huni-skin-shopby/docs/api/README.md:16-17,,huni-mall,서버·배포,MALL-REPO,스킨 저장소 문서,관리자,저장소 문서 stale 정비 — docs/api/README 「코드는 아직 backend API 기준」·frontend README 「서버 확정 시 기입」·연동 현황 보고서(9/2) 갱신,build,,,,STD-INF-013,미착수,huni-skin-shopby/docs/api/README.md:16-17 · docs/api/frontend/README.md:5-7 · artifacts/shopby-integration-status-report.md:6(2026-09-02 기준)
t48:184,t48,in,_workspace/huni-launch-runway/07_rebaseline/S/S4-infra/migration-plan.md:78,,huni-mall,서버·배포,MALL-SERVER,스킨 서버 계층(env·프록시·배포·도메인),관리자,Lightsail 컨테이너 서비스 + ECR 레포 `huni-skin` + Secrets Manager `huni/dev/skin-runtime-env` 프로비저닝,config,,,,F4-1,미착수,_workspace/huni-launch-runway/07_rebaseline/S/S4-infra/migration-plan.md:78
t48:185,t48,in,_workspace/huni-launch-runway/07_rebaseline/S/S4-infra/migration-plan.md:79,,huni-mall,서버·배포,MALL-SERVER,스킨 서버 계층(env·프록시·배포·도메인),관리자,`deploy.yml` 스킨판 작성(webadmin 것을 본떠 OIDC→ECR→push-container-image→env 조립→deployment) + 헬스체크 경로 결정(`/` 또는 신설 `/api/health`),build,,,,F4-2,미착수,_workspace/huni-launch-runway/07_rebaseline/S/S4-infra/migration-plan.md:79
t48:186,t48,in,_workspace/huni-launch-runway/07_rebaseline/S/S4-infra/migration-plan.md:80,,huni-mall,서버·배포,MALL-SERVER,스킨 서버 계층(env·프록시·배포·도메인),관리자,env 이관 — `.env.example` 기준 필수: `AUTH_SECRET`·`NEXTAUTH_URL`·`AUTH_GOOGLE/NAVER/KAKAO_ID+SECRET`(6)·`DATABASE_URL`·`PRINTLY_DB_URL`(→webapp)·`PRINTLY_WORKSPACE_I,build,,,,F4-3,미착수,_workspace/huni-launch-runway/07_rebaseline/S/S4-infra/migration-plan.md:80
t48:187,t48,in,_workspace/huni-launch-runway/07_rebaseline/S/S4-infra/migration-plan.md:81,,huni-mall,서버·배포,MALL-SERVER,스킨 서버 계층(env·프록시·배포·도메인),관리자,`DATABASE_URL`(Prisma) 목적지 결정: Lightsail PG `webapp` 로 합칠지 별도 DB 로 갈지 → `migrator` 스테이지 1회 실행(`pgcrypto`·`citext` 확장 필요),build,,,,F4-4,미착수,_workspace/huni-launch-runway/07_rebaseline/S/S4-infra/migration-plan.md:81
t48:188,t48,in,_workspace/huni-launch-runway/07_rebaseline/S/S4-infra/migration-plan.md:82,,huni-mall,서버·배포,MALL-SERVER,스킨 서버 계층(env·프록시·배포·도메인),관리자,DNS `shopby.huniprinting.co.kr` → Lightsail 스킨 + 인증서 · `NEXTAUTH_URL=https://shopby.huniprinting.co.kr` 고정,build,,,,F4-5,미착수,_workspace/huni-launch-runway/07_rebaseline/S/S4-infra/migration-plan.md:82
t48:189,t48,in,_workspace/huni-launch-runway/07_rebaseline/S/S4-infra/migration-plan.md:84,,huni-mall,서버·배포,MALL-SERVER,스킨 서버 계층(env·프록시·배포·도메인),관리자,vercel.app 리다이렉트: 코드에 없음(§1 마지막 행). Vercel 대시보드 리다이렉트·도메인 설정을 PM 이 확인해 이관 여부 결정,config,,,,F4-7,미착수,_workspace/huni-launch-runway/07_rebaseline/S/S4-infra/migration-plan.md:84
t48:190,t48,in,_workspace/huni-launch-runway/07_rebaseline/S/S4-infra/migration-plan.md:85,,huni-mall,서버·배포,MALL-SERVER,스킨 서버 계층(env·프록시·배포·도메인),관리자,Vercel 프로젝트 정지(오픈 테스트 통과 후),config,,,,F4-8,미착수,_workspace/huni-launch-runway/07_rebaseline/S/S4-infra/migration-plan.md:85
t48:191,t48,in,,,huni-mall,서버·배포,MALL-SERVER,스킨 서버 계층(env·프록시·배포·도메인),시스템(무인),서버 API 프록시 무인증(/api/shopby/*) 정리,build,,,,NEW,진행,S1-skin/api-wiring.csv E2 「서버 API 프록시 무인증」 부분 · 원장 대응 행 없음(NEW)
t48:192,t48,in,,,huni-mall,서버·배포,MALL-SERVER,스킨 서버 계층(env·프록시·배포·도메인),시스템(무인),handoff/verify 재검증 호출,integrate,webadmin,huni-mall→webadmin,huni-mall,NEW,미착수,S1-skin/api-wiring.csv C1 「handoff/verify 재검증」 호출 0건 · 원장 대응 행 없음(NEW)
t48:193,t48,in,L0/M2/contract-c2-shopby.md:396,,huni-mall,서버·배포,MALL-SERVER,스킨 서버 계층(env·프록시·배포·도메인),시스템(무인),주문 생성 직후 후니 주문등록 S2S 호출(order/register),integrate,webadmin,huni-mall→webadmin,huni-mall,STD-ORD-030,미착수,L0/M2/interface-6.md I-4 · L0/N3/ARCHITECTURE-v2.md §10 A-15 (cart/* 미채택 · order/register 미호출) · L0/M2/contract-c2-shopby.md:396 저장소 전체 grep 결과 `order/register`·`X-Huni-Server-Key` 0건 · 수신측은 raw/webadmin/webadmin/config/urls.py:267 에 이미 있다
t48:194,t48,in,huni-skin-shopby/src/lib/api/widget-order.ts:26-35,,huni-mall,서버·배포,MALL-SERVER,스킨 서버 계층(env·프록시·배포·도메인),시스템(무인),결제 금액 위변조 검증(서버 재계산 대조),integrate,shopby,huni-mall→shopby,huni-mall,STD-PAY-013,진행,huni-skin-shopby/src/lib/api/widget-order.ts:26-35 (10원×orderCnt 적재 — 견적가 우회 적재) · X-PRICE-BRIDGE-01 동적 계산가 무손실 환원 경로 미확정
t48:195,t48,in,,,huni-mall,서버·배포,MALL-SERVER,스킨 서버 계층(env·프록시·배포·도메인),시스템(무인),커머스 플랫폼 API 인증·토큰 관리,integrate,shopby,huni-mall→shopby,huni-mall,STD-SYS-007,완료,https://shopby.huniprinting.co.kr/product/136578124@2026-09-16 21:29
t48:196,t48,in,,,huni-mall,서버·배포,MALL-SERVER,스킨 서버 계층(env·프록시·배포·도메인),시스템(무인),보호 라우트 리다이렉트가 vercel.app 도메인으로 튐(마이페이지·/admin),build,,,,STD-SYS-024,미착수,https://shopby.huniprinting.co.kr/mypage → https://huni-skin-shopby.vercel.app/login?callbackUrl=%2Fmypage @ 2026-09-16 21:27
t48:197,t48,in,,,huni-mall,서버·배포,MALL-SERVER,스킨 서버 계층(env·프록시·배포·도메인),관리자,쇼핑몰 도메인·SNS 콜백 URL 정합(shopby.huniprinting.com / shoby.huniprinting.com / shoby.huniprinting.co.kr),build,,,,STD-SYS-036,미착수,https://service.shopby.co.kr/mall/modification/81683 @ 2026-09-16 21:31 — PC 웹 도메인 https://shopby.huniprinting.com/ · 모바일 웹 https://shoby.huniprinting.com · SNS 콜백 PC https://shoby.huniprinting.co.kr/callback/auth-callback · 실제 신규몰(p1)=https://shopby.huniprinting.co.kr/ (R/R1d/evidence/20-mall-list.txt·24-mall-modification.txt)
t48:198,t48,in,spec.md:43,,huni-mall,서버·배포,MALL-SERVER,스킨 서버 계층(env·프록시·배포·도메인),시스템(무인),후니 위젯 서버키 헤더(X-Huni-Server-Key) 전송 배선 — 제공자가 WAPI_SERVER_KEY_REQUIRED 를 켜면 재견적이 403,integrate,webadmin,huni-mall→webadmin,huni-mall,STD-SYS-045,미착수,huni-skin-shopby/src grep `X-Huni-Server-Key` 0곳 · huni-skin-next/src/lib/printly/server-key.ts(포크 구현·commit 6231dc4) · SPEC-TAKEOVER-001 spec.md:43·D-4
t48:199,t48,in,huni-skin-shopby/src/lib/printly/publications.ts:48-56,,huni-mall,서버·배포,MALL-SERVER,스킨 서버 계층(env·프록시·배포·도메인),시스템(무인),Railway `vc_v_product_detail_tabs` 직접 SELECT — pg.Pool 타임아웃 없음·DDL 소유자 미정(계약 협상),integrate,webadmin,huni-mall→webadmin,huni-mall,STD-SYS-049,미착수,huni-skin-shopby/src/lib/printly/publications.ts:48-56 Pool 옵션 없음·84-85 SELECT · SPEC-TAKEOVER-001 D-2 · 포크 M5(commit 5366dac) 타임아웃 적용
t48:200,t48,in,src/lib/api/server/board.ts:14,,huni-mall,서버·배포,MALL-SERVER,스킨 서버 계층(env·프록시·배포·도메인),관리자,환경변수 정합 — 코드 참조 vs .env.example vs vercel-env-push.sh 불일치(HUNI_WIDGET_SITE_KEY·SHOPBY_NOTICE_BOARD_NO 예시 누락 · DEMO_AUTH_* 미사용 · GRAPHQL 2종 잔존),build,,,,STD-SYS-052,미착수,huni-skin-shopby/.env.example(21키) · scripts/vercel-env-push.sh(GRAPHQL_BRIDGE_SECRET·NEXT_PUBLIC_GRAPHQL_ENDPOINT) · src/lib/api/server/board.ts:14 · 포크 t10 commit 8ff573a
t48:201,t48,in,,,huni-mall,장바구니,MALL-CART,장바구니(/cart),고객,장바구니 조회,integrate,shopby,huni-mall→shopby,huni-mall,STD-ORD-002,완료,https://shopby.huniprinting.co.kr/cart@2026-09-16 21:27
t48:202,t48,in,,,huni-mall,장바구니,MALL-CART,장바구니(/cart),고객,장바구니 수량/옵션 수정,integrate,shopby,huni-mall→shopby,huni-mall,STD-ORD-003,완료,https://shopby.huniprinting.co.kr/cart@2026-09-16 21:27
t48:203,t48,in,,,huni-mall,장바구니,MALL-CART,장바구니(/cart),고객,장바구니 항목 삭제,integrate,shopby,huni-mall→shopby,huni-mall,STD-ORD-004,완료,https://shopby.huniprinting.co.kr/cart@2026-09-16 21:27
t48:204,t48,in,,,huni-mall,장바구니,MALL-CART,장바구니(/cart),고객,선택 상품 금액 계산,build,,,,STD-ORD-005,완료,https://shopby.huniprinting.co.kr/cart@2026-09-16 21:27
t48:205,t48,in,raw/webadmin/webadmin/config/urls.py:249,,huni-mall,장바구니,MALL-CART,장바구니(/cart),고객,구매가능 검증(결제 전 sanity),integrate,shopby,huni-mall→shopby,huni-mall,STD-ORD-006,진행,raw/webadmin/webadmin/config/urls.py:249 (validate) — X-CR-ENFORCE-CLIENT-01 호출 지점 0건
t48:206,t48,in,,,huni-mall,장바구니,MALL-CART,장바구니(/cart),고객,비회원 장바구니 계산(비영속),build,,,,STD-ORD-007,완료,https://shopby.huniprinting.co.kr/cart@2026-09-16 21:27
t48:207,t48,in,,,huni-mall,장바구니,MALL-CART,장바구니(/cart),고객,장바구니 인쇄사양 요약 표시,build,,,,STD-ORD-008,완료,https://shopby.huniprinting.co.kr/cart@2026-09-16 21:27
t48:208,t48,in,,,huni-mall,장바구니,MALL-CART,장바구니(/cart),고객,선택옵션→주문 데이터 변환(확정 사양의 주문항목 생성),build,,,,STD-ORD-028,완료,https://shopby.huniprinting.co.kr/cart@2026-09-16 21:27
t48:209,t48,in,huni-skin-shopby/README.md:70,,huni-mall,장바구니,MALL-CART,장바구니(/cart),고객,위젯 총액↔shopby 청구액 「10원×수량」 모델 정합 검증(표시↔청구 불일치 알려진 이슈),integrate,shopby,huni-mall→shopby,huni-mall,STD-PAY-031,미착수,huni-skin-shopby/README.md:70 「⚠ 알려진 이슈」 · commit 223c490 `orderCnt=총액÷10` · commit 30cb88a 본문 「10원×수량 모델과 일치」
t48:210,t48,in,,,huni-mall,장바구니,MALL-CART,장바구니(/cart),고객,가격 계산 결과 카트 주입 브리지,integrate,shopby,huni-mall→shopby,huni-mall,STD-SYS-009,완료,https://shopby.huniprinting.co.kr/cart@2026-09-16 21:27
t48:211,t48,in,,,huni-mall,장바구니,MALL-CART,장바구니(/cart),시스템(무인),담기 전달값의 민감정보 비노출·서명 검증(계약 준수),integrate,shopby,huni-mall→shopby,huni-mall,STD-SYS-023,미착수,L0/N3/ARCHITECTURE-v2.md §10 A-13 (토큰·원고 저장키·프로젝트 식별자 평문 노출) · §3.2 · §8 I-2
t48:212,t48,in,,,huni-mall,전역,MALL-GLOBAL,헤더·푸터·세션 전역 요소,고객,로그아웃(헤더 전역),integrate,shopby,huni-mall→shopby,huni-mall,NEW,완료,S1-skin/api-wiring.csv B5 「로그아웃」 wired=Y · 원장 735행에 대응 기능 행 없음(NEW)
t48:213,t48,in,,,huni-mall,전역,MALL-GLOBAL,헤더·푸터·세션 전역 요소,고객,대분류/중분류/소분류 다단 카테고리 트리 노출,integrate,shopby,huni-mall→shopby,huni-mall,STD-CAT-001,완료,https://shopby.huniprinting.co.kr/@2026-09-16 21:33
t48:214,t48,in,/search/page.tsx:1,,huni-mall,전역,MALL-GLOBAL,헤더·푸터·세션 전역 요소,고객,검색어 자동완성·인기검색어,integrate,shopby,huni-mall→shopby,huni-mall,STD-CAT-006,진행,huni-skin-shopby/src/app/(main)/search/page.tsx:1 · 인기검색어 src/lib/api/hooks/use-search.ts:13
t48:215,t48,in,,,huni-mall,전역,MALL-GLOBAL,헤더·푸터·세션 전역 요소,고객,최근 본 상품,build,,,,STD-CAT-017,미착수,print-quote/04_design/ia.md §2.1 GNB 파생
t48:216,t48,in,src/lib/legacy-data/hooks.ts:4,,huni-mall,전역,MALL-GLOBAL,헤더·푸터·세션 전역 요소,고객,레거시 mock 훅 제거 — legacy-data 참조 17파일(configurator 11종·홈 뉴스/프로모·포인트 모달),build,,,,STD-CAT-042,미착수,`grep -rl legacy-data huni-skin-shopby/src` 17 · src/lib/legacy-data/hooks.ts:4 「순수 mock」 · SPEC-TAKEOVER-001 D-6·related SPEC-LEGACY-MOCK-001(문서 부재)
t48:217,t48,in,,,huni-mall,전역,MALL-GLOBAL,헤더·푸터·세션 전역 요소,고객,푸터 SNS 4종·입점제휴문의·카톡상담 링크가 '#',build,,,,STD-INF-008,미착수,https://shopby.huniprinting.co.kr/ @ 2026-09-16 21:26
t48:218,t48,in,huni-skin-shopby/src/lib/auth/auth.config.ts:18-22,,huni-mall,전역,MALL-GLOBAL,헤더·푸터·세션 전역 요소,고객,로그인 세션 유지·자동 갱신,integrate,shopby,huni-mall→shopby,huni-mall,STD-MEM-013,진행,SB-040 done — huni-skin-shopby/src/lib/auth/auth.config.ts:18-22 · src/app/api/shop/[...path]/route.ts:20-27
t48:219,t48,in,,,huni-mall,전역,MALL-GLOBAL,헤더·푸터·세션 전역 요소,고객,비회원 게스트 세션 처리,build,,,,STD-MEM-014,완료,https://shopby.huniprinting.co.kr/cart@2026-09-16 21:27
t48:220,t48,in,,,huni-mall,전역,MALL-GLOBAL,헤더·푸터·세션 전역 요소,관리자,웹 로그/전환 분석 도구 연동,build,,,,STD-SYS-015,미착수,[L4b보강] huni-skin-shopby/src 전역 gtag|GA4|googletagmanager|analytics grep 무결과
t48:221,t48,in,/company/page.tsx:1,,huni-mall,정책·정보,MALL-COMPANY,회사소개(/company),고객,회사소개 페이지,build,,,,STD-INF-001,진행,"L3/legacy-normalized.json#IA-083,SCOPE-083 · docs/huni/후니프린팅_통합IA_일정_역할분담_260616.xlsx#02_IA마스터!A84:K84 · L2/as-is-inventory.csv#SB-058 huni-skin-shopby/src/app/(main)/company/page.tsx:1"
t48:222,t48,in,,,huni-mall,정책·정보,MALL-LOCATION,찾아오시는 길(/location),고객,찾아오시는 길(약도·교통 안내),build,,,,STD-INF-002,완료,https://shopby.huniprinting.co.kr/location@2026-09-16 21:27
t48:223,t48,in,,,huni-mall,정책·정보,MALL-PRIVACY,개인정보처리방침(/privacy),고객,개인정보처리방침 페이지 게시,build,,,,STD-INF-004,완료,https://shopby.huniprinting.co.kr/privacy@2026-09-16 21:27
t48:224,t48,in,,,huni-mall,정책·정보,MALL-TERMS,이용약관(/terms),고객,이용약관 페이지 게시,integrate,shopby,huni-mall→shopby,huni-mall,STD-INF-003,완료,https://shopby.huniprinting.co.kr/terms@2026-09-16 21:27
t48:225,t48,in,,,huni-mall,주문·결제,MALL-CHECKOUT,주문서(/checkout · /checkout/[orderSheetNo]),고객,/checkout 직접 진입(주문서 번호 없이),build,,,,NEW,완료,S1-skin/api-wiring.csv B6 「/checkout 직접 진입」 n/a·작동 · 원장 대응 행 없음(NEW)
t48:226,t48,in,,,huni-mall,주문·결제,MALL-CHECKOUT,주문서(/checkout · /checkout/[orderSheetNo]),시스템(무인),NCPPay confirmUrl(결제 복귀 URL) 설정,integrate,shopby,huni-mall→shopby,huni-mall,NEW,진행,S1-skin/api-wiring.csv E2 「NCPPay confirmUrl」 구현-미검증 · 원장 대응 행 없음(NEW)
t48:227,t48,in,_workspace/huni-shopby/17_prepaid-money/prepaid-money-design-260915.md:291,,huni-mall,주문·결제,MALL-CHECKOUT,주문서(/checkout · /checkout/[orderSheetNo]),고객,프린트머니 구현 M3 — 체크아웃 전액결제 분기,integrate,shopby,huni-mall→shopby,huni-mall,STD-MYP-045,미착수,_workspace/huni-shopby/17_prepaid-money/prepaid-money-design-260915.md:291
t48:228,t48,in,,,huni-mall,주문·결제,MALL-CHECKOUT,주문서(/checkout · /checkout/[orderSheetNo]),고객,주문서 작성,integrate,shopby,huni-mall→shopby,huni-mall,STD-ORD-009,완료,https://shopby.huniprinting.co.kr/checkout/202609160243938684@2026-09-16 21:33
t48:229,t48,in,,,huni-mall,주문·결제,MALL-CHECKOUT,주문서(/checkout · /checkout/[orderSheetNo]),고객,주문서 조회,integrate,shopby,huni-mall→shopby,huni-mall,STD-ORD-010,완료,https://shopby.huniprinting.co.kr/checkout/202609160243938684@2026-09-16 21:33
t48:230,t48,in,huni-skin-shopby/src/lib/api/hooks/use-order-sheet.ts:177,,huni-mall,주문·결제,MALL-CHECKOUT,주문서(/checkout · /checkout/[orderSheetNo]),고객,쿠폰·배송지 반영 최종 금액 계산,integrate,shopby,huni-mall→shopby,huni-mall,STD-ORD-011,진행,"huni-skin-shopby/src/lib/api/hooks/use-order-sheet.ts:177,252 · use-order-coupons.ts:34,69,102"
t48:231,t48,in,,,huni-mall,주문·결제,MALL-CHECKOUT,주문서(/checkout · /checkout/[orderSheetNo]),고객,주문자/수령자 정보 입력,build,,,,STD-ORD-012,완료,https://shopby.huniprinting.co.kr/checkout/202609160243938684@2026-09-16 21:33
t48:232,t48,in,,,huni-mall,주문·결제,MALL-CHECKOUT,주문서(/checkout · /checkout/[orderSheetNo]),고객,배송지 주소 검색(우편번호),integrate,shopby,huni-mall→shopby,huni-mall,STD-ORD-013,완료,https://shopby.huniprinting.co.kr/checkout/202609160243938684@2026-09-16 21:33
t48:233,t48,in,,,huni-mall,주문·결제,MALL-CHECKOUT,주문서(/checkout · /checkout/[orderSheetNo]),고객,배송 요청사항 입력,build,,,,STD-ORD-014,미착수,F-077/SCOPE-077/IA-077 배송정보입력 PARTIAL·미착수
t48:234,t48,in,,,huni-mall,주문·결제,MALL-CHECKOUT,주문서(/checkout · /checkout/[orderSheetNo]),고객,나중배송(배송지 미입력) 주문,build,,,,STD-ORD-015,미착수,huni-shopby/01_research/order-to-delivery-contract.md §2.2 later-input-shippings
t48:235,t48,in,,,huni-mall,주문·결제,MALL-CHECKOUT,주문서(/checkout · /checkout/[orderSheetNo]),고객,주문 제목/작업명 입력,build,,,,STD-ORD-016,진행,print-story/02_capture/order-flow-steps.md §A-6 주문제목
t48:236,t48,in,,,huni-mall,주문·결제,MALL-CHECKOUT,주문서(/checkout · /checkout/[orderSheetNo]),고객,출고 옵션 선택(오늘출고·토요일출고),build,,,,STD-ORD-017,미착수,print-story/02_capture/order-flow-steps.md §C-6 출고 옵션
t48:237,t48,in,,,huni-mall,주문·결제,MALL-CHECKOUT,주문서(/checkout · /checkout/[orderSheetNo]),고객,약관 동의(구매·개인정보 제3자),build,,,,STD-ORD-018,미확인,X-SHOPBY-TERMS-01 Q-MISC-1 reserve 필수 agreementTermsAgrees termsType 세트 미상 || [t48 교정] reserve 필수 termsType 세트 미상 — 코드·화면 미관측
t48:238,t48,in,huni-skin-shopby/src/components/checkout/checkout-form.tsx:157-158,,huni-mall,주문·결제,MALL-CHECKOUT,주문서(/checkout · /checkout/[orderSheetNo]),고객,주문 예약(reserve) 및 금액 검증,integrate,shopby,huni-mall→shopby,huni-mall,STD-ORD-019,진행,huni-skin-shopby/src/components/checkout/checkout-form.tsx:157-158 · src/lib/payments/ncp-pay.ts:47-70 — X-PAY-FLOW-01 reserve/paymentAmtForVerification 산식 미상
t48:239,t48,in,,,huni-mall,주문·결제,MALL-CHECKOUT,주문서(/checkout · /checkout/[orderSheetNo]),고객,결제 직전 재견적(최종 금액을 다시 확정하고 결제로 넘김),integrate,webadmin,huni-mall→webadmin,huni-mall,STD-ORD-029,미착수,L0/N3/ARCHITECTURE-v2.md §10 A-15 (cart/* 미채택 · order/register 미호출 · 결제 직전 재견적 누락)
t48:240,t48,in,,,huni-mall,주문·결제,MALL-CHECKOUT,주문서(/checkout · /checkout/[orderSheetNo]),고객,비회원 주문서 무통장 계좌·입금자명 표시(회원 주문서와 동일 여부),integrate,shopby,huni-mall→shopby,huni-mall,STD-ORD-032,진행,https://shopby.huniprinting.co.kr/checkout/202609160243938684 @ 2026-09-16 21:33
t48:241,t48,in,huni-skin-shopby/src/components/checkout/checkout-form.tsx:8-9,,huni-mall,주문·결제,MALL-CHECKOUT,주문서(/checkout · /checkout/[orderSheetNo]),고객,신용카드 결제(PG),integrate,shopby,huni-mall→shopby,huni-mall,STD-PAY-001,미착수,huni-skin-shopby/src/components/checkout/checkout-form.tsx:8-9 주석 'PG 연동은 후속 — 현재는 무통장만 동작' (SB-032 absent) · X-PG-CONTRACT-01 이니시스 계약 미체결
t48:242,t48,in,huni-skin-shopby/src/components/checkout/checkout-form.tsx:8-9,,huni-mall,주문·결제,MALL-CHECKOUT,주문서(/checkout · /checkout/[orderSheetNo]),고객,실시간 계좌이체,integrate,shopby,huni-mall→shopby,huni-mall,STD-PAY-002,미착수,huni-skin-shopby/src/components/checkout/checkout-form.tsx:8-9 (SB-032 absent)
t48:243,t48,in,huni-skin-shopby/src/lib/api/hooks/use-points.ts:22,,huni-mall,주문·결제,MALL-CHECKOUT,주문서(/checkout · /checkout/[orderSheetNo]),고객,적립금(프린팅머니) 결제,integrate,shopby,huni-mall→shopby,huni-mall,STD-PAY-007,진행,"huni-skin-shopby/src/lib/api/hooks/use-points.ts:22,62 (조회 done) · checkout-form.tsx:52 (적립/충전은 mock)"
t48:244,t48,in,huni-skin-shopby/src/components/checkout/checkout-form.tsx:52,,huni-mall,주문·결제,MALL-CHECKOUT,주문서(/checkout · /checkout/[orderSheetNo]),고객,복합결제(적립금+PG 병용),integrate,shopby,huni-mall→shopby,huni-mall,STD-PAY-008,미착수,huni-skin-shopby/src/components/checkout/checkout-form.tsx:52 (mock)
t48:245,t48,in,,,huni-mall,주문·결제,MALL-CHECKOUT,주문서(/checkout · /checkout/[orderSheetNo]),고객,B2B 후불결제,build,,,,STD-PAY-010,미착수,F-141/SCOPE-141/IA-141 주문관리-후불결제 PARTIAL·미착수
t48:246,t48,in,huni-skin-shopby/src/lib/payments/ncp-pay.ts:47-70,,huni-mall,주문·결제,MALL-CHECKOUT,주문서(/checkout · /checkout/[orderSheetNo]),고객,PG 리다이렉트·결제 확정 콜백,integrate,shopby,huni-mall→shopby,huni-mall,STD-PAY-011,진행,huni-skin-shopby/src/lib/payments/ncp-pay.ts:47-70 · src/app/api/pay-config/route.ts:8 — X-PAY-FLOW-01 PG 콜백 흐름 미상
t48:247,t48,in,,,huni-mall,주문·결제,MALL-CHECKOUT,주문서(/checkout · /checkout/[orderSheetNo]),고객,결제 포기 처리,integrate,shopby,huni-mall→shopby,huni-mall,STD-PAY-014,미착수,huni-shopby/01_research/order-to-delivery-contract.md §1 PAY_CANCEL
t48:248,t48,in,,,huni-mall,주문·결제,MALL-CHECKOUT,주문서(/checkout · /checkout/[orderSheetNo]),고객,카드 결제 화면 분기(비회원·회원 주문서),integrate,shopby,huni-mall→shopby,huni-mall,STD-PAY-020,미착수,https://shopby.huniprinting.co.kr/checkout/202609160243938684 @ 2026-09-16 21:33
t48:249,t48,in,huni-skin-shopby/src/lib/api/hooks/use-order-coupons.ts:34,,huni-mall,주문·결제,MALL-CHECKOUT,주문서(/checkout · /checkout/[orderSheetNo]),고객,장바구니/주문서 쿠폰 적용,integrate,shopby,huni-mall→shopby,huni-mall,STD-PRM-007,진행,huni-skin-shopby/src/lib/api/hooks/use-order-coupons.ts:34
t48:250,t48,in,,,huni-mall,주문·결제,MALL-CHECKOUT,주문서(/checkout · /checkout/[orderSheetNo]),고객,우편번호/주소 검색 서비스 연동,integrate,shopby,huni-mall→shopby,huni-mall,STD-SYS-013,완료,https://shopby.huniprinting.co.kr/checkout/202609160243938684@2026-09-16 21:33
t48:251,t48,in,,,huni-mall,주문·결제,MALL-ORDERDONE,주문완료(/order-complete · /order-complete/[orderNo]),고객,주문 완료 화면·주문번호 발급,integrate,shopby,huni-mall→shopby,huni-mall,STD-ORD-020,완료,https://shopby.huniprinting.co.kr/order-complete@2026-09-16 21:27
t48:252,t48,in,,,huni-mall,주문·결제,MALL-ORDERDONE,주문완료(/order-complete · /order-complete/[orderNo]),고객,결제 실패 안내·재시도,integrate,shopby,huni-mall→shopby,huni-mall,STD-PAY-012,미착수,X-PAY-FLOW-01 결제 확정 흐름 미상
t48:253,t48,in,,,huni-mall,주문조회,MALL-GUESTORDER,비회원 주문조회(/guest-order),고객,비회원 취소 신청,integrate,shopby,huni-mall→shopby,huni-mall,STD-CLM-003,미착수,huni-shopby/01_research/order-to-delivery-contract.md §4.3 claims-*
t48:254,t48,in,,,huni-mall,주문조회,MALL-GUESTORDER,비회원 주문조회(/guest-order),고객,비회원 주문 조회(주문번호+휴대전화),integrate,shopby,huni-mall→shopby,huni-mall,STD-ORD-022,완료,https://shopby.huniprinting.co.kr/guest-order@2026-09-16 21:27
t48:255,t48,in,,,huni-mall,프로모션,MALL-EVENT,체험단(미구현),고객,체험단 모집·신청·당첨·후기,build,,,,STD-PRM-011,미착수,print-kb/wiki/policy/custom-dev.md#CST-05 · L4 사유: 체험단 native 지원 범위 미확인. 3차 후보.
t48:256,t48,in,huni-skin-shopby/src/lib/legacy-data/hooks.ts:352-360,,huni-mall,프로모션,MALL-PROMOTION,기획전·할인 이벤트(미구현),고객,기획전/할인 이벤트 페이지,integrate,shopby,huni-mall→shopby,huni-mall,STD-PRM-010,미착수,SB-001 partial — huni-skin-shopby/src/lib/legacy-data/hooks.ts:352-360 (프로모 데이터원 legacy mock 빈배열)
t48:257,t48,in,/page.tsx:1,,huni-mall,홈,MALL-HOME,홈(/),고객,메인 기획전/배너 영역,integrate,shopby,huni-mall→shopby,huni-mall,STD-CAT-021,진행,huni-skin-shopby/src/app/(main)/page.tsx:1 · BEST 큐레이션 stub src/lib/legacy-data/hooks.ts:60
t48:258,t48,in,,,huni-mall,홈,MALL-HOME,홈(/),고객,홈 더미 콘텐츠 정리(BEST 8종 /product/1 404 · 프로모션 ZONE·새소식 영문 문구),build,,,,STD-CAT-027,미착수,https://shopby.huniprinting.co.kr/ @ 2026-09-16 21:26
t48:259,t48,in,huni-skin-shopby/src/components/auth/find-id-form.tsx:50-56,,huni-mall,회원·인증,MALL-FINDID,아이디·비밀번호 찾기(/find-id),고객,아이디 찾기(마스킹),integrate,shopby,huni-mall→shopby,huni-mall,STD-MEM-008,미착수,SB-042 stub — huni-skin-shopby/src/components/auth/find-id-form.tsx:50-56 (토스트 '준비 중')
t48:260,t48,in,find-id-form.tsx:50-56,,huni-mall,회원·인증,MALL-FINDID,아이디·비밀번호 찾기(/find-id),고객,비밀번호 재설정(이메일 링크),integrate,shopby,huni-mall→shopby,huni-mall,STD-MEM-009,미착수,SB-042 stub — find-id-form.tsx:50-56
t48:261,t48,in,huni-skin-shopby/src/lib/auth/auth.config.ts:12-22,,huni-mall,회원·인증,MALL-LOGIN,로그인(/login),고객,아이디/비밀번호 로그인,integrate,shopby,huni-mall→shopby,huni-mall,STD-MEM-007,진행,huni-skin-shopby/src/lib/auth/auth.config.ts:12-22 · src/lib/auth/shopby-auth.ts:1
t48:262,t48,in,huni-skin-shopby/src/components/auth/sns-buttons.tsx:74-80,,huni-mall,회원·인증,MALL-LOGIN,로그인(/login),고객,카카오 소셜 로그인,integrate,shopby,huni-mall→shopby,huni-mall,STD-MEM-010,진행,SB-041 stub — huni-skin-shopby/src/components/auth/sns-buttons.tsx:74-80 (토스트만·signIn 미호출) · D-16 providers 빈 배열
t48:263,t48,in,sns-buttons.tsx:74-80,,huni-mall,회원·인증,MALL-LOGIN,로그인(/login),고객,네이버 소셜 로그인,integrate,shopby,huni-mall→shopby,huni-mall,STD-MEM-011,진행,SB-041 stub — sns-buttons.tsx:74-80 · D-16
t48:264,t48,in,sns-buttons.tsx:74-80,,huni-mall,회원·인증,MALL-LOGIN,로그인(/login),고객,구글/애플 소셜 로그인,integrate,shopby,huni-mall→shopby,huni-mall,STD-MEM-012,진행,SB-041 stub — sns-buttons.tsx:74-80 · D-16
t48:265,t48,in,_workspace/huni-launch-runway/07_rebaseline/S/S4-infra/migration-plan.md:83,,huni-mall,회원·인증,MALL-OAUTH,소셜 콜백(/oauth/callback),관리자,소셜 콜백 검증: 구글·네이버·카카오 콘솔 Redirect URI = `${NEXTAUTH_URL}/oauth/callback` 인지 + 각 1회 로그인,build,,,,F4-6,미착수,_workspace/huni-launch-runway/07_rebaseline/S/S4-infra/migration-plan.md:83
t48:266,t48,in,,,huni-mall,회원·인증,MALL-SIGNUP,회원가입(/signup),고객,회원가입(이메일 식별자),integrate,shopby,huni-mall→shopby,huni-mall,STD-MEM-001,완료,https://shopby.huniprinting.co.kr/signup@2026-09-16 21:33
t48:267,t48,in,huni-skin-shopby/src/components/auth/signup-form.tsx:24-25,,huni-mall,회원·인증,MALL-SIGNUP,회원가입(/signup),고객,약관 동의·전체동의,integrate,shopby,huni-mall→shopby,huni-mall,STD-MEM-002,진행,"[L4b보강] huni-skin-shopby/src/components/auth/signup-form.tsx:24-25,75-76"
t48:268,t48,in,signup-form.tsx:43,,huni-mall,회원·인증,MALL-SIGNUP,회원가입(/signup),고객,휴대전화 본인인증(SMS/PASS),integrate,shopby,huni-mall→shopby,huni-mall,STD-MEM-003,진행,SB-043 absent(인증 SDK·API 호출 지점 0건) · L2 service-dependency D-17 endpoint='(호출 지점 없음)' || [t48 교정] S1-skin/api-wiring.csv B5 「가입 SMS 본인인증」 wired=Y·부분(signup-form.tsx:43 플래그 off) 실사
t48:269,t48,in,,,huni-mall,회원·인증,MALL-SIGNUP,회원가입(/signup),고객,14세 미만 가입 제한,integrate,shopby,huni-mall→shopby,huni-mall,STD-MEM-004,완료,https://shopby.huniprinting.co.kr/signup@2026-09-16 21:27
t48:270,t48,in,huni-skin-shopby/src/app/api/auth/signup/route.ts:8-33,,huni-mall,회원·인증,MALL-SIGNUP,회원가입(/signup),고객,1인 1계정 중복가입 제한,integrate,shopby,huni-mall→shopby,huni-mall,STD-MEM-005,진행,huni-skin-shopby/src/app/api/auth/signup/route.ts:8-33
t48:271,t48,in,signup-form.tsx:43,,huni-mall,회원·인증,MALL-SIGNUP,회원가입(/signup),고객,본인인증 서비스 연동,integrate,shopby,huni-mall→shopby,huni-mall,STD-SYS-012,진행,SB-043 absent(grep 무결과) · L2 D-17 endpoint='(호출 지점 없음)' || [t48 교정] S1-skin/api-wiring.csv B5 「가입 SMS 본인인증」 wired=Y·부분(signup-form.tsx:43) 실사
t48:272,t48,in,huni-skin-shopby/src/app/api/auth/social-join/route.ts:1-9,,huni-mall,회원·인증,MALL-SOCIALJOIN,소셜 추가정보(/social-join),고객,소셜 최초 로그인 가입완료(WAITING→ACTIVE) 추가정보 화면 실검증 — 약관 타입·필수항목이 몰 설정과 맞는지,integrate,shopby,huni-mall→shopby,huni-mall,STD-MEM-024,미착수,commit 4f33a67 · huni-skin-shopby/src/app/api/auth/social-join/route.ts:1-9 · https://shopby.huniprinting.co.kr/social-join 200 「추가정보 입력」 @ 2026-09-16 22:00
t50:77,t50,out,,,mes,DB 동기화,MES-DBSYNC-SchemaDataCompare,스키마·데이터 비교 개발도구 설정,시스템(무인),"SQL Server Data/Schema Compare 프로젝트 파일(개발자 수동 비교용, 런타임 동기화 코드 없음)",build,,,mes,NEW,완료,"[오픈분모밖] DBSync/SqlDataCompare1.dcmp · DBSync/SqlSchemaCompare1.scmp (실행 스크립트/서비스 코드 없음, 폴더 내 .cs 0건) . plan_row_id=NEW 이유: 개발자용 스키마 비교 도구(런타임 코드 없음), 원장에 해당 행 없음(분모밖)"
t50:59,t50,out,,,mes,WebApi(견적),MES-API-Estimation-CRUD,견적 CRUD API,운영자(CS·상품),견적서 생성/조회/수정/항목관리,build,,,mes,NEW,완료,"[오픈분모밖] BackOffice.WebApi/CRT.EasyMES.V2.Web.Api/EndPoints/EstimationEndpoints.cs . plan_row_id=NEW 이유: MES 내부 제작관리 API, 9/17 원장(735행)에 해당 행 없음(분모밖)"
t50:62,t50,out,,,mes,WebApi(견적),MES-API-Manufacture-Suite,생산관리 API 일체(작업지시·생산실적·BOM·설비·품목·재고·배송·통계·고객·우편번호·인증),생산(MES),작업지시 CRUD·생산실적 등록조회·BOM·설비·재고·배송·통계·고객·인증 등 18개 엔드포인트 파일,build,,,mes,NEW,완료,"[오픈분모밖] BackOffice.WebApi/CRT.EasyMES.V2.Web.Api/EndPoints/{WorkOrderEndPoints,ProductionRecordEndPoints,BomEndpoints,EquipmentEndPoints,ProductEndpoints,ProductCategoryEndpoints,ProductSpecificationEndpoints,InventoryEndpoints,DeliveryEndpoints,StatisticsEndpoints,CustomerEndPoints,ZipCodeEndPoints,ValidationEndPoints,Auth*EndPoints,CommonEndPoints,ManufactureEndPoints}.cs . plan_row_id=NEW 이유: MES 내부 제작관리 API 18종 묶음, 9/17 원장에 해당 행 없음(분모밖)"
t50:60,t50,out,BackOffice.WebApi/CRT.EasyMES.V2.Web.Api/EndPoints/OrderCoreEndPoints.cs:31,,mes,WebApi(견적),MES-API-Order-Core,주문 CRUD·상태변경 API(WCF IOrderService 이관),생산(MES),주문 목록/상세/생성/수정/삭제/상태변경,build,,,mes,NEW,완료,"[오픈분모밖] BackOffice.WebApi/CRT.EasyMES.V2.Web.Api/EndPoints/OrderCoreEndPoints.cs:31 (WcfMappingAttribute ServiceName=IOrderService MethodName=GetOrder) . plan_row_id=NEW 이유: MES 내부 제작관리 API, 9/17 원장에 해당 행 없음(분모밖)"
t50:61,t50,out,BackOffice.WebApi/CRT.EasyMES.V2.Web.Api/EndPoints/CrudOrderEndPoints.cs:13,,mes,WebApi(견적),MES-API-Order-Legacy-Deprecated,구 주문목록 API(폐기예정),생산(MES),"주문 목록 조회(레거시, OrderCoreEndPoints로 대체)",build,,,mes,NEW,완료,"[오픈분모밖] BackOffice.WebApi/CRT.EasyMES.V2.Web.Api/EndPoints/CrudOrderEndPoints.cs:13 [Obsolete]""Use OrderCoreEndpoints instead"" . plan_row_id=NEW 이유: MES 내부 제작관리 API(폐기예정), 9/17 원장에 해당 행 없음(분모밖)"
t50:63,t50,out,BackOffice.WebApi/CRT.EasyMES.V2.Web.Api/EndPoints/WcfMappingVerificationEndPoints.cs:1-40,,mes,WebApi(견적),MES-API-WcfMapping-DevTool,WCF↔WebAPI 매핑 검증 개발도구 API,시스템(무인),"WCF 레거시 서비스 목록/전체매핑/미구현/신규API 조회(마이그레이션 검증용, 검증 후 제거 예정)",build,,,mes,NEW,완료,"[오픈분모밖] BackOffice.WebApi/CRT.EasyMES.V2.Web.Api/EndPoints/WcfMappingVerificationEndPoints.cs:1-40 (""검증 후 주석 처리하거나 삭제할 수 있습니다"") . plan_row_id=NEW 이유: 마이그레이션 검증용 개발도구 API, 9/17 원장에 해당 행 없음(분모밖)"
t50:78,t50,out,api-simulator/README.md:5-24,,mes,개발도구,MES-DEV-ApiSimulator,MES WebAPI 시뮬레이터/테스트 도구,시스템(무인),"자체 WebAPI(87개 엔드포인트) 테스트·시뮬레이션(Next.js, IndexedDB 저장, JWT 자동관리)",build,,,mes,NEW,완료,"[오픈분모밖] api-simulator/README.md:5-24 (""87개 모든 엔드포인트"", ""508개 통과"") — ※PROJECT-STRUCTURE.md(2025-12-03)는 Estimation 서브솔루션만 서술, 실제 EndPoints 25개 파일·87개 엔드포인트와 문서-코드 드리프트 확인 . plan_row_id=NEW 이유: MES WebAPI 테스트/시뮬레이션 도구, 원장에 해당 행 없음(분모밖)"
t50:10,t50,out,/Users/innojini/Dev/TS.BackOffice.Huni/BackOffice.UI/CRT.EasyMES.V2.Module.Customer/FrmCustomer.cs:27,,mes,거래처,MES-CUS-FrmCustomer,고객(거래처) 관리,운영자(CS·상품),조회/등록/수정(거래처·연락처·세금계산서),build,,,,NEW,완료,[오픈분모밖] /Users/innojini/Dev/TS.BackOffice.Huni/BackOffice.UI/CRT.EasyMES.V2.Module.Customer/FrmCustomer.cs:27 (class FrmCustomer : BaseForm)
t50:11,t50,out,/Users/innojini/Dev/TS.BackOffice.Huni/BackOffice.UI/CRT.EasyMES.V2.Module.Customer/FrmPurchase.cs:29,,mes,거래처,MES-CUS-FrmPurchase,매입처 관리,운영자(CS·상품),조회/등록/수정(매입처·후공정 외주처),build,,,,NEW,완료,[오픈분모밖] /Users/innojini/Dev/TS.BackOffice.Huni/BackOffice.UI/CRT.EasyMES.V2.Module.Customer/FrmPurchase.cs:29 (class FrmPurchase : BaseForm; FrmPurchaseBakup.cs 는 백업 사본으로 제외)
t50:7,t50,out,/Users/innojini/Dev/TS.BackOffice.Huni/BackOffice.UI/CRT.EasyMES.V2.Module.Common/FrmCommonCode.cs:25,,mes,공통·기초,MES-COM-FrmCommonCode,기초코드 관리,관리자,조회/등록/수정(기초코드 그룹·코드값),build,,,,NEW,완료,[오픈분모밖] /Users/innojini/Dev/TS.BackOffice.Huni/BackOffice.UI/CRT.EasyMES.V2.Module.Common/FrmCommonCode.cs:25 (class FrmCommonCode : BaseForm)
t50:8,t50,out,/Users/innojini/Dev/TS.BackOffice.Huni/BackOffice.UI/CRT.EasyMES.V2.Module.Common/FrmCompanyBranch.cs:27,,mes,공통·기초,MES-COM-FrmCompanyBranch,사업장 관리,관리자,조회/등록/수정(사업장·사업자등록번호·세금계산서 정보),build,,,,NEW,완료,[오픈분모밖] /Users/innojini/Dev/TS.BackOffice.Huni/BackOffice.UI/CRT.EasyMES.V2.Module.Common/FrmCompanyBranch.cs:27 (class FrmCompanyBranch : BaseForm)
t50:9,t50,out,/Users/innojini/Dev/TS.BackOffice.Huni/BackOffice.UI/CRT.EasyMES.V2.Module.Common/FrmCompanyHoliday.cs:25,,mes,공통·기초,MES-COM-FrmCompanyHoliday,사업장 휴일 관리,관리자,조회/등록/수정(공휴일),build,,,,NEW,완료,[오픈분모밖] /Users/innojini/Dev/TS.BackOffice.Huni/BackOffice.UI/CRT.EasyMES.V2.Module.Common/FrmCompanyHoliday.cs:25 (class FrmCompanyHoliday : BaseForm)
t50:21,t50,in,/Users/innojini/Dev/TS.BackOffice.Huni/BackOffice.UI/CRT.EasyMES.V2.Module.Manufacture/FrmMnfCtp.cs:30,,mes,생산,MES-MFG-FrmMnfCtp,출력공정 현황(CTP),생산(MES),조회/시작·종료 처리(출력 공정 현황 상세),build,,,,STD-ADO-012,완료,/Users/innojini/Dev/TS.BackOffice.Huni/BackOffice.UI/CRT.EasyMES.V2.Module.Manufacture/FrmMnfCtp.cs:30 (class FrmMnfCtp : BaseForm; designer.cs 캡션: 출력 공정 현황 상세/전체 대수 시작/종료)
t50:23,t50,in,/Users/innojini/Dev/TS.BackOffice.Huni/BackOffice.UI/CRT.EasyMES.V2.Module.Manufacture/FrmMnfFinish.cs:33,,mes,생산,MES-MFG-FrmMnfFinish,공정 완료 처리,생산(MES),조회 공정 선택/완료 처리(외주업체 포함),build,,,,STD-MFG-088,완료,/Users/innojini/Dev/TS.BackOffice.Huni/BackOffice.UI/CRT.EasyMES.V2.Module.Manufacture/FrmMnfFinish.cs:33 (class FrmMnfFinish : BaseForm; designer.cs 캡션: 조회 공정/외주 업체)
t50:25,t50,in,/Users/innojini/Dev/TS.BackOffice.Huni/BackOffice.UI/CRT.EasyMES.V2.Module.Manufacture/FrmMnfOutsource.cs:37,,mes,생산,MES-MFG-FrmMnfOutsource,외주 관리,생산(MES),조회/등록(외주 일자·외주 업체·외주 목록),build,,,,STD-MFG-100,완료,/Users/innojini/Dev/TS.BackOffice.Huni/BackOffice.UI/CRT.EasyMES.V2.Module.Manufacture/FrmMnfOutsource.cs:37 (class FrmMnfOutsource : BaseForm; designer.cs 캡션: 외주 일자/외주 업체/외주 목록)
t50:22,t50,in,/Users/innojini/Dev/TS.BackOffice.Huni/BackOffice.UI/CRT.EasyMES.V2.Module.Manufacture/FrmMnfPrcsUpdate.cs:26,,mes,생산,MES-MFG-FrmMnfPrcsUpdate,처리공정 설정(공정 시작·종료),생산(MES),공정 선택/공정 시작/공정 종료 처리,build,,,,STD-MFG-088,완료,/Users/innojini/Dev/TS.BackOffice.Huni/BackOffice.UI/CRT.EasyMES.V2.Module.Manufacture/FrmMnfPrcsUpdate.cs:26 (class FrmMnfPrcsUpdate : BaseForm; designer.cs 캡션: 처리 공정 설정/공정 시작/종료)
t50:19,t50,in,/Users/innojini/Dev/TS.BackOffice.Huni/BackOffice.UI/CRT.EasyMES.V2.Module.Manufacture/FrmMnfPrint.cs:32,,mes,생산,MES-MFG-FrmMnfPrint,인쇄공정 현황,생산(MES),조회/시작·종료 처리(사업장·인쇄업체별 대수 시작/종료),build,,,,STD-ADO-012,완료,/Users/innojini/Dev/TS.BackOffice.Huni/BackOffice.UI/CRT.EasyMES.V2.Module.Manufacture/FrmMnfPrint.cs:32 (class FrmMnfPrint : BaseForm; designer.cs 캡션: 인쇄 공정 현황 상세/전체 대수 시작/종료)
t50:20,t50,in,/Users/innojini/Dev/TS.BackOffice.Huni/BackOffice.UI/CRT.EasyMES.V2.Module.Manufacture/FrmMnfPrintNew.cs:33,,mes,생산,MES-MFG-FrmMnfPrintNew,인쇄공정 현황(신),생산(MES),조회/처리(사업장·인쇄업체·공장별),build,,,,STD-ADO-012,완료,/Users/innojini/Dev/TS.BackOffice.Huni/BackOffice.UI/CRT.EasyMES.V2.Module.Manufacture/FrmMnfPrintNew.cs:33 (class FrmMnfPrintNew : BaseForm; designer.cs 캡션: 본사 1공장/본사 2공장/인쇄 업체)
t50:24,t50,in,/Users/innojini/Dev/TS.BackOffice.Huni/BackOffice.UI/CRT.EasyMES.V2.Module.Manufacture/FrmMnfSetFinish.cs:29,,mes,생산,MES-MFG-FrmMnfSetFinish,후공정 현황 처리,생산(MES),선택 공정 시작/종료 처리(후공정 현황 상세),build,,,,STD-MFG-089,완료,/Users/innojini/Dev/TS.BackOffice.Huni/BackOffice.UI/CRT.EasyMES.V2.Module.Manufacture/FrmMnfSetFinish.cs:29 (class FrmMnfSetFinish : BaseForm; designer.cs 캡션: 후공정 현황 상세/선택 공정 시작/종료)
t50:17,t50,in,/Users/innojini/Dev/TS.BackOffice.Huni/BackOffice.UI/CRT.EasyMES.V2.Module.Manufacture/FrmMnfStatus.cs:34,,mes,생산,MES-MFG-FrmMnfStatus,생산 현황,생산(MES),조회(주문일자·생산상태·사업장·출고요청일별 생산현황),build,,,,STD-ADO-012,완료,/Users/innojini/Dev/TS.BackOffice.Huni/BackOffice.UI/CRT.EasyMES.V2.Module.Manufacture/FrmMnfStatus.cs:34 (class FrmMnfStatus : BaseForm; designer.cs 캡션: 생산 현황 - 0건 조회/주문 상태)
t50:18,t50,in,/Users/innojini/Dev/TS.BackOffice.Huni/BackOffice.UI/CRT.EasyMES.V2.Module.Manufacture/FrmMnfStatus.cs:510,,mes,생산,MES-MFG-FrmMnfStatus,생산 현황,생산(MES),작업지시서 출력(RptJobOrderA4Huni),build,,,,STD-ADO-006,완료,"/Users/innojini/Dev/TS.BackOffice.Huni/BackOffice.UI/CRT.EasyMES.V2.Module.Manufacture/FrmMnfStatus.cs:510,515 (t = typeof(RptJobOrderA4Huni); rpt = new RptJobOrderA4Huni(dsTemp);)"
t50:58,t50,out,/Users/innojini/Dev/TS.BackOffice.Huni/BackOffice.UI/CRT.EasyMES.V2.ConnectionWizard/FrmMain.cs:20,,mes,설치·설정,MES-SYS-ConnectionWizard,서비스 접속 설정(Connection Wizard),관리자,등록/수정(자동 업데이트 URL·Application Service URL),build,,,,NEW,완료,"[오픈분모밖] /Users/innojini/Dev/TS.BackOffice.Huni/BackOffice.UI/CRT.EasyMES.V2.ConnectionWizard/FrmMain.cs:20 (class FrmMain : Form, 별도 실행파일; designer.cs:128,145 자동 업데이트 URL/Application Service URL)"
t50:26,t50,in,/Users/innojini/Dev/TS.BackOffice.Huni/BackOffice.UI/CRT.EasyMES.V2.Module.Order/FrmOrder.cs:30,,mes,수주·주문,MES-ORD-FrmOrder,주문 관리,생산(MES),조회(조회기간·거래처·사업장·주문상태별 주문 목록),build,,,,T4-4,완료,/Users/innojini/Dev/TS.BackOffice.Huni/BackOffice.UI/CRT.EasyMES.V2.Module.Order/FrmOrder.cs:30 (class FrmOrder : BaseForm; designer.cs 캡션: 조회 조건/조회 기간/거래처 명/주문 상태)
t50:27,t50,in,/Users/innojini/Dev/TS.BackOffice.Huni/BackOffice.UI/CRT.EasyMES.V2.Module.Order/FrmOrder.cs:525,,mes,수주·주문,MES-ORD-FrmOrder,주문 관리,생산(MES),작업지시서 출력(RptJobOrder),build,,,,STD-ADO-006,완료,/Users/innojini/Dev/TS.BackOffice.Huni/BackOffice.UI/CRT.EasyMES.V2.Module.Order/FrmOrder.cs:525 (RptJobOrder rpt = new RptJobOrder(dsRpt);)
t50:28,t50,in,/Users/innojini/Dev/TS.BackOffice.Huni/BackOffice.UI/CRT.EasyMES.V2.Module.Order/FrmOrder2.cs:37,,mes,수주·주문,MES-ORD-FrmOrder2,주문 관리(신),생산(MES),조회(최근3일/7일·조회기간·거래처·주문상태),build,,,,T4-4,완료,/Users/innojini/Dev/TS.BackOffice.Huni/BackOffice.UI/CRT.EasyMES.V2.Module.Order/FrmOrder2.cs:37 (class FrmOrder2 : BaseForm; designer.cs 캡션: 최근 7일/최근 3일/금일)
t50:29,t50,in,/Users/innojini/Dev/TS.BackOffice.Huni/BackOffice.UI/CRT.EasyMES.V2.Module.Order/FrmOrder2.cs:741,,mes,수주·주문,MES-ORD-FrmOrder2,주문 관리(신),생산(MES),작업지시서 출력(RptJobOrderA4Huni),build,,,,STD-ADO-006,완료,"/Users/innojini/Dev/TS.BackOffice.Huni/BackOffice.UI/CRT.EasyMES.V2.Module.Order/FrmOrder2.cs:741,748 (t = typeof(RptJobOrderA4Huni); rpt = new RptJobOrderA4Huni(dsTemp);)"
t50:31,t50,out,/Users/innojini/Dev/TS.BackOffice.Huni/BackOffice.UI/CRT.EasyMES.V2.Module.Order/FrmOrderExcelImportBizHows.cs:34,,mes,수주·주문,MES-ORD-FrmOrderExcelImportBizHows,주문 엑셀 임포트(비즈하우스),운영자(CS·상품),데이터 불러오기(엑셀→주문 등록),build,,,,STD-MFG-071,완료,"[오픈분모밖] /Users/innojini/Dev/TS.BackOffice.Huni/BackOffice.UI/CRT.EasyMES.V2.Module.Order/FrmOrderExcelImportBizHows.cs:34 (class FrmOrderExcelImportBizHows : BaseForm; designer.cs 캡션: 데이타 불러오기/주문 일자) [힌트대비 판정근거] plan_row_id=STD-MFG-071 매핑에도 분모밖 — 비즈하우스 OEM 파트너 전용 엑셀 주문수신 경로로, 샵바이 신규 파이프라인과 무관한 별도 B2B 채널."
t50:32,t50,out,/Users/innojini/Dev/TS.BackOffice.Huni/BackOffice.UI/CRT.EasyMES.V2.Module.Order/FrmOrderExcelImportContinue.cs:29,,mes,수주·주문,MES-ORD-FrmOrderExcelImportContinue,주문 엑셀 임포트(컨티뉴),운영자(CS·상품),데이터 불러오기(엑셀→주문 등록),build,,,,STD-MFG-071,완료,"[오픈분모밖] /Users/innojini/Dev/TS.BackOffice.Huni/BackOffice.UI/CRT.EasyMES.V2.Module.Order/FrmOrderExcelImportContinue.cs:29 (class FrmOrderExcelImportContinue : BaseForm) [힌트대비 판정근거] plan_row_id=STD-MFG-071 매핑에도 분모밖 — 컨티뉴 OEM 파트너 전용 엑셀 주문수신 경로로, 샵바이 신규 파이프라인과 무관한 별도 B2B 채널."
t50:33,t50,out,/Users/innojini/Dev/TS.BackOffice.Huni/BackOffice.UI/CRT.EasyMES.V2.Module.Order/FrmOrderExcelImportFuji.cs:31,,mes,수주·주문,MES-ORD-FrmOrderExcelImportFuji,주문 엑셀 임포트(후지필름),운영자(CS·상품),데이터 불러오기(엑셀→주문 등록),build,,,,STD-MFG-071,완료,"[오픈분모밖] /Users/innojini/Dev/TS.BackOffice.Huni/BackOffice.UI/CRT.EasyMES.V2.Module.Order/FrmOrderExcelImportFuji.cs:31 (class FrmOrderExcelImportFuji : BaseForm) [힌트대비 판정근거] plan_row_id=STD-MFG-071 매핑에도 분모밖 — 후지필름 OEM 파트너 전용 엑셀 주문수신 경로로, 샵바이 신규 파이프라인과 무관한 별도 B2B 채널."
t50:30,t50,out,/Users/innojini/Dev/TS.BackOffice.Huni/BackOffice.UI/CRT.EasyMES.V2.Module.Order/FrmOrderOffline.cs:38,,mes,수주·주문,MES-ORD-FrmOrderOffline,오프라인 주문 등록,운영자(CS·상품),등록(거래처·품목·급행여부·출고요청일 직접 입력),build,,,,STD-MFG-133,완료,"[오픈분모밖] /Users/innojini/Dev/TS.BackOffice.Huni/BackOffice.UI/CRT.EasyMES.V2.Module.Order/FrmOrderOffline.cs:38 (class FrmOrderOffline : BaseForm; designer.cs 캡션: 주문 기본 정보/견적 일자/급행 여부) [힌트대비 판정근거] plan_row_id=STD-MFG-133 매핑에도 분모밖 — 오프라인(전화·팩스 직접입력) 채널 전용 화면으로, 샵바이 신규 주문수신→원고승격→PitStop→접수→생산지시 파이프라인이 이 화면을 통과하지 않음."
t50:53,t50,out,/Users/innojini/Dev/TS.BackOffice.Huni/BackOffice.UI/CRT.EasyMES.V2.Module.Sales/FrmEstimate.cs:33,,mes,영업,MES-SAL-FrmEstimate,견적 관리,운영자(CS·상품),조회(견적일자·사업장·견적번호·영업담당자·거래처·견적상태),build,,,,NEW,완료,[오픈분모밖] /Users/innojini/Dev/TS.BackOffice.Huni/BackOffice.UI/CRT.EasyMES.V2.Module.Sales/FrmEstimate.cs:33 (class FrmEstimate : BaseForm; designer.cs 캡션: 견적 목록/견적서 품목 목록) (영업 담당자 업무화면 — designer.cs 캡션 필드: 영업 담당자)
t50:54,t50,out,/Users/innojini/Dev/TS.BackOffice.Huni/BackOffice.UI/CRT.EasyMES.V2.Module.Sales/FrmEstimate.cs:709,,mes,영업,MES-SAL-FrmEstimate,견적 관리,운영자(CS·상품),견적서 출력(RptEstimateA4Table),build,,,,NEW,완료,"[오픈분모밖] /Users/innojini/Dev/TS.BackOffice.Huni/BackOffice.UI/CRT.EasyMES.V2.Module.Sales/FrmEstimate.cs:709,733 (RptEstimateA4Table rpt = new RptEstimateA4Table(dsReport);) (영업 담당자 업무화면 — designer.cs 캡션 필드: 영업 담당자)"
t50:55,t50,out,/Users/innojini/Dev/TS.BackOffice.Huni/BackOffice.UI/CRT.EasyMES.V2.Module.Sales/FrmReceiveOrder.cs:37,,mes,영업,MES-SAL-FrmReceiveOrder,수주 관리,운영자(CS·상품),조회(견적조회기간·견적번호·영업담당자·거래처),build,,,,NEW,완료,[오픈분모밖] /Users/innojini/Dev/TS.BackOffice.Huni/BackOffice.UI/CRT.EasyMES.V2.Module.Sales/FrmReceiveOrder.cs:37 (class FrmReceiveOrder : BaseForm; designer.cs 캡션: 수주 목록/결제 정보/결제 메모) (영업 담당자 업무화면 — designer.cs 캡션 필드: 영업 담당자)
t50:56,t50,out,/Users/innojini/Dev/TS.BackOffice.Huni/BackOffice.UI/CRT.EasyMES.V2.Module.Sales/FrmReceiveOrder.cs:782,,mes,영업,MES-SAL-FrmReceiveOrder,수주 관리,운영자(CS·상품),수주 처리(결제정보·배송정보 등록·견적서 출력),build,,,,NEW,완료,"[오픈분모밖] /Users/innojini/Dev/TS.BackOffice.Huni/BackOffice.UI/CRT.EasyMES.V2.Module.Sales/FrmReceiveOrder.cs:782,806 (RptEstimateA4Table rpt = new RptEstimateA4Table(dsReport);) (영업 담당자 업무화면 — designer.cs 캡션 필드: 영업 담당자)"
t50:74,t50,out,BackOffice.Console/CRT.EasyMES.V2.DesignFileCopyToNas/Program.cs:19-54,,mes,원고·파일 인터페이스,MES-ITF-DesignFile-CopyToNas,접수파일 NAS 복사,시스템(무인),작업 스케줄러 무인 실행으로 접수파일을 사내 NAS로 복사(디버깅용 FrmMain 창은 미사용),integrate,외부(사내 NAS),mes→외부(NAS),mes,NEW,완료,"[오픈분모밖] BackOffice.Console/CRT.EasyMES.V2.DesignFileCopyToNas/Program.cs:19-54 (""스케줄러 무인자 실행: FrmMain(창) 없이 헤드리스로 SQS 1회 처리"") . plan_row_id=NEW 이유: MES 내부 NAS 백업 유틸리티, 원장에 해당 행 없음(분모밖)"
t50:73,t50,out,BackOffice.Console/CRT.EasyMES.V2.DesignFileThumbnailCreator/Program.cs:24-46,,mes,원고·파일 인터페이스,MES-ITF-DesignFile-ThumbnailCreate,접수파일 썸네일 자동 생성,시스템(무인),"작업 스케줄러(무인) 실행으로 접수파일 기준 썸네일 자동 생성(동시실행 3개 제한, 2026-07-22 장애 재발방지)",build,,,mes,STD-MFG-061,완료,"[오픈분모밖] BackOffice.Console/CRT.EasyMES.V2.DesignFileThumbnailCreator/Program.cs:24-46 (MAX_INSTANCES 제한 주석, 작업 스케줄러 최소화 표시) . plan_row_id=STD-MFG-061 매핑 근거: 주문프로세스PDF p.11 §09 server · 9/17 원장은 이 항목을 '미실측'/'MES 소스 없음'으로 기록했으나, 본 조사(코드 실독)로 DesignFileThumbnailCreator/Program.cs:24-46 에 스케줄러 무인 썸네일 생성 코드가 실재함을 확인 — status=완료로 정정"
t50:72,t50,out,BackOffice.Console/CRT.EasyMES.V2.Console.MotionOneInterface/Program.cs:40-46,,mes,원고·파일 인터페이스,MES-ITF-MotionOne-RenderWebhook,Edicus 렌더링(MotionOne) 완료 Webhook 수신,시스템(무인),렌더링 엔진(MotionOne) 완료 Webhook(SQS) 수신→렌더 결과 파일 S3 업로드→주문정보 저장,integrate,외부(MotionOne 렌더링 엔진/Edicus),외부→mes,mes,STD-MFG-060,완료,"[오픈분모밖] BackOffice.Console/CRT.EasyMES.V2.Console.MotionOneInterface/Program.cs:40-46 (""MontionOne Render 완료 WebHook 처리"") · Common/EdicusRenderInfo.cs:1-40 (render_as/status/partner_code/order_id/prodCode) . plan_row_id=STD-MFG-060 매핑 근거: 주문프로세스PDF p.11 §09 case1 · 9/17 원장은 이 항목을 '미실측'/'MES 소스 없음'으로 기록했으나, 본 조사(코드 실독)로 MotionOneInterface Program.cs:40-46 에 렌더완료 Webhook 처리 코드가 실재함을 확인 — status=완료로 정정"
t50:2,t50,out,/Users/innojini/Dev/TS.BackOffice.Huni/BackOffice.UI/CRT.EasyMES.V2.Module.Auth/FrmAuthGroup.cs:14,,mes,인증·권한,MES-AUTH-FrmAuthGroup,권한그룹 관리,관리자,조회/등록/수정(권한그룹),build,,,,NEW,완료,[오픈분모밖] /Users/innojini/Dev/TS.BackOffice.Huni/BackOffice.UI/CRT.EasyMES.V2.Module.Auth/FrmAuthGroup.cs:14 (class FrmAuthGroup : BaseForm)
t50:3,t50,out,/Users/innojini/Dev/TS.BackOffice.Huni/BackOffice.UI/CRT.EasyMES.V2.Module.Auth/FrmAuthUser.cs:14,,mes,인증·권한,MES-AUTH-FrmAuthUser,사용자 권한 관리,관리자,조회/등록/수정(사용자별 권한),build,,,,NEW,완료,[오픈분모밖] /Users/innojini/Dev/TS.BackOffice.Huni/BackOffice.UI/CRT.EasyMES.V2.Module.Auth/FrmAuthUser.cs:14 (class FrmAuthUser : BaseForm)
t50:4,t50,out,/Users/innojini/Dev/TS.BackOffice.Huni/BackOffice.UI/CRT.EasyMES.V2.Module.Auth/FrmUser.cs:25,,mes,인증·권한,MES-AUTH-FrmUser,사용자 관리,관리자,조회/등록/수정(사용자 계정·비밀번호),build,,,,NEW,완료,[오픈분모밖] /Users/innojini/Dev/TS.BackOffice.Huni/BackOffice.UI/CRT.EasyMES.V2.Module.Auth/FrmUser.cs:25 (class FrmUser : BaseForm; designer.cs 캡션: 사용자 명/비밀번호/마지막 로그인 일시)
t50:5,t50,out,/Users/innojini/Dev/TS.BackOffice.Huni/BackOffice.UI/CRT.EasyMES.V2.Module.Auth/FrmUserGroup.cs:26,,mes,인증·권한,MES-AUTH-FrmUserGroup,사용자그룹 관리,관리자,조회/등록/수정(그룹·소속 사용자),build,,,,NEW,완료,[오픈분모밖] /Users/innojini/Dev/TS.BackOffice.Huni/BackOffice.UI/CRT.EasyMES.V2.Module.Auth/FrmUserGroup.cs:26 (class FrmUserGroup : BaseForm)
t50:6,t50,out,/Users/innojini/Dev/TS.BackOffice.Huni/BackOffice.UI/CRT.EasyMES.V2.Module.Auth/FrmUserGroupMenuAuth.cs:29,,mes,인증·권한,MES-AUTH-FrmUserGroupMenuAuth,사용자그룹 메뉴권한 관리,관리자,등록/수정(사업장 데이터 권한·메뉴 권한),build,,,,NEW,완료,[오픈분모밖] /Users/innojini/Dev/TS.BackOffice.Huni/BackOffice.UI/CRT.EasyMES.V2.Module.Auth/FrmUserGroupMenuAuth.cs:29 (class FrmUserGroupMenuAuth : BaseForm; designer.cs 캡션: 사업장 데이터 권한/메뉴 권한)
t50:75,t50,out,BackOffice.Console/CRT.EasyMES.V2.Console.ItfLogConsumer/Program.cs:13-22,,mes,인터페이스 로그·모니터,MES-ITF-CentralLog-Consumer,중앙 집중 로깅 SQS 소비자,시스템(무인),각 연동 앱(ItfTrace)이 발행한 로그 SQS 메시지를 최대 10건씩 수신→1트랜잭션으로 T_LOG_ITF_TRACE 일괄 저장→성공분 큐 삭제(Topshelf 상주 서비스),build,,,mes,NEW,완료,"[오픈분모밖] BackOffice.Console/CRT.EasyMES.V2.Console.ItfLogConsumer/Program.cs:13-22 (설계: docs/CENTRAL-LOGGING-DESIGN.md §12) . plan_row_id=NEW 이유: MES 내부 로깅 인프라, 원장에 해당 행 없음(분모밖)"
t50:76,t50,out,BackOffice.Console/TS.BackOffice.WebHookHandler.Monitor/Program.cs:17-23,,mes,인터페이스 로그·모니터,MES-ITF-WebhookFailure-Monitor,Webhook 처리 실패 감지·Slack 알림,시스템(무인),Webhook Json 파일이 설정시간 내 Success/Error 폴더로 이동 안되거나 Error 폴더 존재 시 Slack 알림,build,,,mes,NEW,완료,"[오픈분모밖] BackOffice.Console/TS.BackOffice.WebHookHandler.Monitor/Program.cs:17-23 (""WebHook 으로 받은 Json 파일이 처리 안되었을 경우 Slack으로 알림"") . plan_row_id=NEW 이유: MES 내부 모니터링 유틸리티, 원장에 해당 행 없음(분모밖)"
t50:64,t50,out,BackOffice.Console/CRT.EasyMES.V2.Console.Cafe24Interface.Update/Program.cs:128,,mes,주문 인터페이스,MES-ITF-Cafe24-OrderIntake,카페24 주문 수신(SQS Webhook Consumer),시스템(무인),Cafe24 주문 Webhook(SQS 수신)→신규주문/결제갱신/주문취소 처리→MES DB 저장(CRT.EasyMES.V2.Data.Biz),integrate,cafe24,cafe24→mes,mes,NEW,완료,"[오픈분모밖] BackOffice.Console/CRT.EasyMES.V2.Console.Cafe24Interface.Update/Program.cs:128,180,216,500,512 (SqsClient.GetMessagesAsync<OrderWebhookPayload> · DoCreateOrder/DoUpdatePayment/DoOrderCancel) . plan_row_id=NEW 이유: 신규몰(샵바이) 파이프라인이 아닌 기존 Cafe24 채널 연동, 9/17 원장에 해당 행 없음(분모밖)"
t50:65,t50,out,BackOffice.Console/CRT.EasyMES.V2.Console.Cafe24Interface/Program.cs:1-60,,mes,주문 인터페이스,MES-ITF-Cafe24-StatusPush,카페24 배송정보 갱신 전송,시스템(무인),MES 발송처리(택배사코드·방문수령 포함) → Cafe24 REST API로 배송정보 갱신 전송,integrate,cafe24,mes→cafe24,mes,NEW,완료,"[오픈분모밖] BackOffice.Console/CRT.EasyMES.V2.Console.Cafe24Interface/Program.cs:1-60 (SHIPPING_COMPANY_CODE/SHIPPING_COMPANY_CODE_VISIT 설정, CAFE24_ACCESS_Token 사용) . plan_row_id=NEW 이유: 신규몰이 아닌 기존 Cafe24 채널 연동, 원장에 해당 행 없음(분모밖)"
t50:66,t50,out,BackOffice.Console/CRT.EasyMES.V2.Console.Cafe24Interface.Token/Program.cs:1-40,,mes,주문 인터페이스,MES-ITF-Cafe24-TokenRefresh,카페24 OAuth 토큰 갱신,시스템(무인),Cafe24 OAuth2 access/refresh token 발급·갱신(별도 상주 프로세스),integrate,cafe24,mes↔cafe24,mes,NEW,완료,"[오픈분모밖] BackOffice.Console/CRT.EasyMES.V2.Console.Cafe24Interface.Token/Program.cs:1-40 (CAFE24_CLIENT_ID/CAFE24_CLIENT_SECRET/CAFE24_REDIRECT_URI) . plan_row_id=NEW 이유: 신규몰이 아닌 기존 Cafe24 채널 연동, 원장에 해당 행 없음(분모밖)"
t50:71,t50,out,BackOffice.Console/TS.BackOffice.SendData.ECount/Program.cs:27-33,,mes,주문 인터페이스,MES-ITF-ECount-매출전송,이카운트(ERP) 매출주문 전송,생산(MES),접수완료·이카운트 미전송 주문 조회→이카운트 RestAPI 전송→이카운트 주문번호 DB 갱신→우커머스 상태(DSG-READY) SQS 발행→Slack 알림,integrate,외부(이카운트 ERP),mes→이카운트,mes,NEW,완료,"[오픈분모밖] BackOffice.Console/TS.BackOffice.SendData.ECount/Program.cs:27-33 (프로세스 Diagram 주석), :40-90 (GetOrderForECount·ECountHelper.SaveSaleOrder) . plan_row_id=NEW 이유: 별도 회계연동(매출주문 전송) — STD-FIN-021(적립금·증빙 데이터 연동)과는 데이터 흐름이 달라 강제 매핑하지 않음, 원장에 정확히 대응하는 행 없음(분모밖)"
t50:70,t50,out,BackOffice.Console/CRT.EasyMES.V2.Console.SWOrderInterface/Program.cs:393-560,,mes,주문 인터페이스,MES-ITF-SWOrder-발송상태전송,성원 발송완료·송장 상태 갱신,생산(MES),제작완료 건의 송장번호(setInvoiceNo)·발송처리(SendDelv)를 성원 사이트로 전송(순서 의존 버그 회피 로직 포함),integrate,외부(성원 adpiamall.com),mes→성원,mes,NEW,완료,"[오픈분모밖] BackOffice.Console/CRT.EasyMES.V2.Console.SWOrderInterface/Program.cs:393-560 (WorkProcess · setInvoiceNo/SendDelv 호출 순서 주석 2026-08-24) . plan_row_id=NEW 이유: 신규몰과 무관한 별도 외주(성원) 연동, 원장에 해당 행 없음(분모밖)"
t50:69,t50,out,BackOffice.Console/CRT.EasyMES.V2.Console.SWOrderInterface/Program.cs:96-100,,mes,주문 인터페이스,MES-ITF-SWOrder-외주수신,성원(외주 파트너) 주문 조회·수신,생산(MES),성원(partner.adpiamall.com) 주문 조회 후 원고 다운로드·S3 업로드·DB 저장(로그인세션 쿠키 인증),integrate,외부(성원 adpiamall.com),성원→mes,mes,NEW,완료,"[오픈분모밖] BackOffice.Console/CRT.EasyMES.V2.Console.SWOrderInterface/Program.cs:96-100 (ViewProcess/GetOrders) · :41 SW_AUTH_COOKIE . plan_row_id=NEW 이유: 신규몰과 무관한 별도 외주(성원) 연동, 원장에 해당 행 없음(분모밖)"
t50:79,t50,in,docs/api/shopby-integration-api.yaml:43-44,,mes,주문 인터페이스,MES-ITF-Shopby-01-ProductsSync,샵바이 상품 동기화(POST /products/sync),시스템(무인),syncProducts - 전체/증분 상품 동기화(syncMode=full|incremental),integrate,shopby,shopby->mes,미정,NEW,미착수,"docs/api/shopby-integration-api.yaml:43-44 (POST /products/sync, operationId=syncProducts) . 컨트롤러/구현 코드 0건(grep -rli 'shopby' --include=*.cs 전체 결과 0건, 이 spec 은 설계 문서일 뿐 구현 아님) . docs/design/README.md 는 '엔드포인트 수 11개'로 서술했고 실제 yaml 도 정확히 11개(직접 카운트: paths 11개, get/post/put 각 1개씩 총 11 메서드)로 문서-스펙 수치는 일치하나, 문서 서술이 구현 존재로 오독될 위험이 있어 명시함"
t50:80,t50,in,docs/api/shopby-integration-api.yaml:91-92,,mes,주문 인터페이스,MES-ITF-Shopby-02-ProductsList,연동 상품 목록 조회(GET /products),운영자(CS·상품),getProducts - 연동된 상품 매핑 목록 조회,integrate,shopby,mes 내부(로컬 매핑 조회),미정,NEW,미착수,"docs/api/shopby-integration-api.yaml:91-92 (GET /products, operationId=getProducts) . 컨트롤러/구현 코드 0건(grep -rli 'shopby' --include=*.cs 전체 결과 0건, 이 spec 은 설계 문서일 뿐 구현 아님) . docs/design/README.md 는 '엔드포인트 수 11개'로 서술했고 실제 yaml 도 정확히 11개(직접 카운트: paths 11개, get/post/put 각 1개씩 총 11 메서드)로 문서-스펙 수치는 일치하나, 문서 서술이 구현 존재로 오독될 위험이 있어 명시함"
t50:81,t50,in,docs/api/shopby-integration-api.yaml:130-131,,mes,주문 인터페이스,MES-ITF-Shopby-03-ProductDetail,연동 상품 상세 조회(GET /products/{shopbyId}),운영자(CS·상품),getProductById - 특정 Shopby 상품의 매핑 상세/동기화 이력 조회,integrate,shopby,mes 내부(로컬 매핑 조회),미정,NEW,미착수,"docs/api/shopby-integration-api.yaml:130-131 (GET /products/{shopbyId}, operationId=getProductById) . 컨트롤러/구현 코드 0건(grep -rli 'shopby' --include=*.cs 전체 결과 0건, 이 spec 은 설계 문서일 뿐 구현 아님) . docs/design/README.md 는 '엔드포인트 수 11개'로 서술했고 실제 yaml 도 정확히 11개(직접 카운트: paths 11개, get/post/put 각 1개씩 총 11 메서드)로 문서-스펙 수치는 일치하나, 문서 서술이 구현 존재로 오독될 위험이 있어 명시함"
t50:82,t50,in,docs/api/shopby-integration-api.yaml:160-161,,mes,주문 인터페이스,MES-ITF-Shopby-04-ProductMappingEdit,상품 매핑 수정(PUT /products/{shopbyId}/mapping),운영자(CS·상품),updateProductMapping - Shopby 상품<->로컬 상품 매핑 수정,integrate,shopby,mes 내부(로컬 매핑 수정),미정,NEW,미착수,"docs/api/shopby-integration-api.yaml:160-161 (PUT /products/{shopbyId}/mapping, operationId=updateProductMapping) . 컨트롤러/구현 코드 0건(grep -rli 'shopby' --include=*.cs 전체 결과 0건, 이 spec 은 설계 문서일 뿐 구현 아님) . docs/design/README.md 는 '엔드포인트 수 11개'로 서술했고 실제 yaml 도 정확히 11개(직접 카운트: paths 11개, get/post/put 각 1개씩 총 11 메서드)로 문서-스펙 수치는 일치하나, 문서 서술이 구현 존재로 오독될 위험이 있어 명시함"
t50:83,t50,in,docs/api/shopby-integration-api.yaml:200-201,,mes,주문 인터페이스,MES-ITF-Shopby-05-OrderReceive,"샵바이 주문 수신(POST /orders/receive, Webhook)",시스템(무인),receiveOrder - Shopby Webhook으로부터 주문 수신(X-Webhook-Signature 검증),integrate,shopby,shopby->mes,미정,T4-4,미착수,"docs/api/shopby-integration-api.yaml:200-201 (POST /orders/receive, operationId=receiveOrder, security=webhookSignature) . plan_row_id=T4-4 매핑 근거: T4-4 '접수 화면·주문 상태머신·MES 접수 전송'의 MES측 접수 수신 대응점(관련 원장: T7-2 종단 주문 테스트도 이 엔드포인트를 거침, 다만 plan_row_id 는 단일 id 규약상 T4-4 만 기재) . 컨트롤러/구현 코드 0건(grep -rli 'shopby' --include=*.cs 전체 결과 0건, 이 spec 은 설계 문서일 뿐 구현 아님) . docs/design/README.md 는 '엔드포인트 수 11개'로 서술했고 실제 yaml 도 정확히 11개(직접 카운트: paths 11개, get/post/put 각 1개씩 총 11 메서드)로 문서-스펙 수치는 일치하나, 문서 서술이 구현 존재로 오독될 위험이 있어 명시함"
t50:84,t50,in,docs/api/shopby-integration-api.yaml:235-236,,mes,주문 인터페이스,MES-ITF-Shopby-06-OrdersList,샵바이 주문 목록 조회(GET /orders),운영자(CS·상품),getOrders - 수신한 Shopby 주문 목록 조회,integrate,shopby,mes 내부(수신 주문 로컬 조회),미정,NEW,미착수,"docs/api/shopby-integration-api.yaml:235-236 (GET /orders, operationId=getOrders) . 컨트롤러/구현 코드 0건(grep -rli 'shopby' --include=*.cs 전체 결과 0건, 이 spec 은 설계 문서일 뿐 구현 아님) . docs/design/README.md 는 '엔드포인트 수 11개'로 서술했고 실제 yaml 도 정확히 11개(직접 카운트: paths 11개, get/post/put 각 1개씩 총 11 메서드)로 문서-스펙 수치는 일치하나, 문서 서술이 구현 존재로 오독될 위험이 있어 명시함"
t50:85,t50,in,docs/api/shopby-integration-api.yaml:286-287,,mes,주문 인터페이스,MES-ITF-Shopby-07-OrderDetail,샵바이 주문 상세 조회(GET /orders/{shopbyOrderNo}),운영자(CS·상품),getOrderByNo - 특정 Shopby 주문 상세 조회,integrate,shopby,mes 내부(수신 주문 로컬 조회),미정,NEW,미착수,"docs/api/shopby-integration-api.yaml:286-287 (GET /orders/{shopbyOrderNo}, operationId=getOrderByNo) . 컨트롤러/구현 코드 0건(grep -rli 'shopby' --include=*.cs 전체 결과 0건, 이 spec 은 설계 문서일 뿐 구현 아님) . docs/design/README.md 는 '엔드포인트 수 11개'로 서술했고 실제 yaml 도 정확히 11개(직접 카운트: paths 11개, get/post/put 각 1개씩 총 11 메서드)로 문서-스펙 수치는 일치하나, 문서 서술이 구현 존재로 오독될 위험이 있어 명시함"
t50:86,t50,in,docs/api/shopby-integration-api.yaml:316-317,,mes,주문 인터페이스,MES-ITF-Shopby-08-InventoryPush,재고 전송(POST /inventory/push),시스템(무인),pushInventory - 로컬 재고 정보를 Shopby로 전송,integrate,shopby,mes->shopby,미정,NEW,미착수,"docs/api/shopby-integration-api.yaml:316-317 (POST /inventory/push, operationId=pushInventory) . 컨트롤러/구현 코드 0건(grep -rli 'shopby' --include=*.cs 전체 결과 0건, 이 spec 은 설계 문서일 뿐 구현 아님) . docs/design/README.md 는 '엔드포인트 수 11개'로 서술했고 실제 yaml 도 정확히 11개(직접 카운트: paths 11개, get/post/put 각 1개씩 총 11 메서드)로 문서-스펙 수치는 일치하나, 문서 서술이 구현 존재로 오독될 위험이 있어 명시함"
t50:87,t50,in,docs/api/shopby-integration-api.yaml:347-348,,mes,주문 인터페이스,MES-ITF-Shopby-09-InventorySync,재고 동기화 양방향(POST /inventory/sync),시스템(무인),syncInventory - Shopby<->로컬 재고 양방향 동기화,integrate,shopby,mes<->shopby,미정,NEW,미착수,"docs/api/shopby-integration-api.yaml:347-348 (POST /inventory/sync, operationId=syncInventory) . 컨트롤러/구현 코드 0건(grep -rli 'shopby' --include=*.cs 전체 결과 0건, 이 spec 은 설계 문서일 뿐 구현 아님) . docs/design/README.md 는 '엔드포인트 수 11개'로 서술했고 실제 yaml 도 정확히 11개(직접 카운트: paths 11개, get/post/put 각 1개씩 총 11 메서드)로 문서-스펙 수치는 일치하나, 문서 서술이 구현 존재로 오독될 위험이 있어 명시함"
t50:88,t50,in,docs/api/shopby-integration-api.yaml:376-377,,mes,주문 인터페이스,MES-ITF-Shopby-10-WebhookReceive,샵바이 이벤트 웹훅 수신(POST /webhook),시스템(무인),receiveWebhook - ORDER_CREATED/ORDER_PAID/ORDER_CANCELLED/PRODUCT_UPDATED/STOCK_CHANGED 이벤트 수신,integrate,shopby,shopby->mes,미정,NEW,미착수,"docs/api/shopby-integration-api.yaml:376-377 (POST /webhook, operationId=receiveWebhook, security=webhookSignature) . 컨트롤러/구현 코드 0건(grep -rli 'shopby' --include=*.cs 전체 결과 0건, 이 spec 은 설계 문서일 뿐 구현 아님) . docs/design/README.md 는 '엔드포인트 수 11개'로 서술했고 실제 yaml 도 정확히 11개(직접 카운트: paths 11개, get/post/put 각 1개씩 총 11 메서드)로 문서-스펙 수치는 일치하나, 문서 서술이 구현 존재로 오독될 위험이 있어 명시함"
t50:89,t50,in,docs/api/shopby-integration-api.yaml:413-414,,mes,주문 인터페이스,MES-ITF-Shopby-11-WebhookEventsLog,웹훅 이벤트 로그 조회(GET /webhook/events),운영자(CS·상품),getWebhookEvents - 수신된 웹훅 이벤트 로그 조회,integrate,shopby,mes 내부(로컬 로그 조회),미정,NEW,미착수,"docs/api/shopby-integration-api.yaml:413-414 (GET /webhook/events, operationId=getWebhookEvents) . 컨트롤러/구현 코드 0건(grep -rli 'shopby' --include=*.cs 전체 결과 0건, 이 spec 은 설계 문서일 뿐 구현 아님) . docs/design/README.md 는 '엔드포인트 수 11개'로 서술했고 실제 yaml 도 정확히 11개(직접 카운트: paths 11개, get/post/put 각 1개씩 총 11 메서드)로 문서-스펙 수치는 일치하나, 문서 서술이 구현 존재로 오독될 위험이 있어 명시함"
t50:68,t50,out,,,mes,주문 인터페이스,MES-ITF-WooCommerce-CommandPush,우커머스 주문상태·송장 갱신 전송,시스템(무인),MES에서 발행한 상태변경 커맨드(UpdateStatusCmd/UpdateTrackingCmd)를 큐로 전달→CommandHandler가 WooCommerce REST API로 반영,integrate,woocommerce,mes→woocommerce,mes,NEW,완료,"[오픈분모밖] BackOffice.Console/TS.BackOffice.WooCommerce.Command/{UpdateStatusCmd,UpdateTrackingCmd}.cs · TS.BackOffice.WooCommerce.CommandHandler/CommandService.cs . plan_row_id=NEW 이유: 신규몰이 아닌 기존 WooCommerce 채널 연동, 원장에 해당 행 없음(분모밖)"
t50:67,t50,out,BackOffice.Console/TS.BackOffice.WebHookHandler.WooCommerce/WebHookService.cs:1-40,,mes,주문 인터페이스,MES-ITF-WooCommerce-Webhook,우커머스 주문 Webhook 수신,시스템(무인),WooCommerce 주문/결제/취소 Webhook 수신(SQS)→ProductItemFactory로 상품옵션 분해→MES DB 저장(Topshelf 상주 서비스),integrate,woocommerce,woocommerce→mes,mes,NEW,완료,"[오픈분모밖] BackOffice.Console/TS.BackOffice.WebHookHandler.WooCommerce/WebHookService.cs:1-40 · Program.cs:17 (""프로세스 Diagram"") · Database/Biz/OrderBiz.cs . plan_row_id=NEW 이유: 신규몰이 아닌 기존 WooCommerce 채널 연동, 원장에 해당 행 없음(분모밖)"
t50:12,t50,in,/Users/innojini/Dev/TS.BackOffice.Huni/BackOffice.UI/CRT.EasyMES.V2.Module.Delivery/FrmDelivery.cs:31,,mes,출하·배송,MES-DLV-FrmDelivery,출고 처리(패킹·송장),생산(MES),조회(패킹리스트·주문정보),build,,,,STD-MFG-111,완료,/Users/innojini/Dev/TS.BackOffice.Huni/BackOffice.UI/CRT.EasyMES.V2.Module.Delivery/FrmDelivery.cs:31 (class FrmDelivery : BaseForm; 바코드 리딩/패킹 리스트 캡션)
t50:13,t50,in,/Users/innojini/Dev/TS.BackOffice.Huni/BackOffice.UI/CRT.EasyMES.V2.Module.Delivery/FrmDelivery.cs:671,,mes,출하·배송,MES-DLV-FrmDelivery,출고 처리(패킹·송장),생산(MES),송장 출력(RptHJInvoiceFS),build,,,,STD-MFG-111,완료,/Users/innojini/Dev/TS.BackOffice.Huni/BackOffice.UI/CRT.EasyMES.V2.Module.Delivery/FrmDelivery.cs:671 (RptHJInvoiceFS rpt = new RptHJInvoiceFS(invoiceList);)
t50:14,t50,in,/Users/innojini/Dev/TS.BackOffice.Huni/BackOffice.UI/CRT.EasyMES.V2.Module.Delivery/FrmDelivery.cs:31,,mes,출하·배송,MES-DLV-FrmDelivery,출고 처리(패킹·송장),생산(MES),전체 강제 출고 진행,build,,,,STD-MFG-110,완료,/Users/innojini/Dev/TS.BackOffice.Huni/BackOffice.UI/CRT.EasyMES.V2.Module.Delivery/FrmDelivery.cs:31 (designer.cs 캡션: 전체 강제 출고 진행)
t50:15,t50,in,/Users/innojini/Dev/TS.BackOffice.Huni/BackOffice.UI/CRT.EasyMES.V2.Module.Delivery/FrmDeliveryEtc.cs:22,,mes,출하·배송,MES-DLV-FrmDeliveryEtc,출고 처리(기타·강제출고),생산(MES),출고 완료 처리/전체 강제 출고,build,,,,STD-MFG-110,완료,/Users/innojini/Dev/TS.BackOffice.Huni/BackOffice.UI/CRT.EasyMES.V2.Module.Delivery/FrmDeliveryEtc.cs:22 (class FrmDeliveryEtc : BaseForm; designer.cs 캡션: 출고 완료/전체 강제 출고 진행)
t50:16,t50,in,/Users/innojini/Dev/TS.BackOffice.Huni/BackOffice.UI/CRT.EasyMES.V2.Module.Delivery/FrmDeliveryReadyList.cs:27,,mes,출하·배송,MES-DLV-FrmDeliveryReadyList,출고대기 목록,생산(MES),조회(출고 일자·거래처·배송유형별 출고대기 목록),build,,,,STD-MFG-116,완료,/Users/innojini/Dev/TS.BackOffice.Huni/BackOffice.UI/CRT.EasyMES.V2.Module.Delivery/FrmDeliveryReadyList.cs:27 (class FrmDeliveryReadyList : BaseForm; designer.cs 캡션: 출고목록 - 0건 조회/배송 유형)
t50:57,t50,out,/Users/innojini/Dev/TS.BackOffice.Huni/BackOffice.UI/CRT.EasyMES.V2.Module.Statistics/FrmOrderList.cs:28,,mes,통계·리포트,MES-STA-FrmOrderList,주문·출고 통계 목록,운영자(CS·상품),"조회(주문일자·거래처·출고목록 통계, 이번달/지난달 필터)",build,,,,STD-FIN-007,완료,"[오픈분모밖] /Users/innojini/Dev/TS.BackOffice.Huni/BackOffice.UI/CRT.EasyMES.V2.Module.Statistics/FrmOrderList.cs:28 (class FrmOrderList : BaseForm; designer.cs 캡션: 출고목록 - 0건 조회/이번 달/지난 달) [힌트대비 판정근거] plan_row_id=STD-FIN-007 매핑에도 분모밖 — 기존에 이미 존재하던 통계 리포트 화면이며, 신규 주문 데이터가 이 화면에 '반영'되는 것과 신규 파이프라인이 이 화면을 '통과'하는 것은 다름(화면 자체는 오픈 이전부터 존재·오픈과 인과관계 없음)."
t50:49,t50,out,/Users/innojini/Dev/TS.BackOffice.Huni/BackOffice.UI/CRT.EasyMES.V2.Module.Product/FrmBookBundleCoefficient.cs:33,,mes,품목·제품,MES-PRD-FrmBookBundleCoefficient,재지 평량별 꼭지수 가중치 관리,운영자(CS·상품),조회/등록/수정(평량별 가중치),build,,,,NEW,완료,[오픈분모밖] /Users/innojini/Dev/TS.BackOffice.Huni/BackOffice.UI/CRT.EasyMES.V2.Module.Product/FrmBookBundleCoefficient.cs:33 (class FrmBookBundleCoefficient : BaseForm; designer.cs 캡션: 재지 평량별 꼭지수 가중치 관리)
t50:50,t50,out,/Users/innojini/Dev/TS.BackOffice.Huni/BackOffice.UI/CRT.EasyMES.V2.Module.Product/FrmBookCalcSettings.cs:32,,mes,품목·제품,MES-PRD-FrmBookCalcSettings,단가계산 환경변수 설정,운영자(CS·상품),"등록/수정(무선·중철 표지·날개 가중치, 별색인쇄비 할증율 등)",build,,,,NEW,완료,[오픈분모밖] /Users/innojini/Dev/TS.BackOffice.Huni/BackOffice.UI/CRT.EasyMES.V2.Module.Product/FrmBookCalcSettings.cs:32 (class FrmBookCalcSettings : BaseForm; designer.cs 캡션: 단가 계산 환경변수 설정)
t50:51,t50,out,/Users/innojini/Dev/TS.BackOffice.Huni/BackOffice.UI/CRT.EasyMES.V2.Module.Product/FrmBookCutDifficulty.cs:33,,mes,품목·제품,MES-PRD-FrmBookCutDifficulty,판걸이수별 재단공정 관리,운영자(CS·상품),조회/등록/수정(판걸이 수별 재단 공정),build,,,,NEW,완료,[오픈분모밖] /Users/innojini/Dev/TS.BackOffice.Huni/BackOffice.UI/CRT.EasyMES.V2.Module.Product/FrmBookCutDifficulty.cs:33 (class FrmBookCutDifficulty : BaseForm; designer.cs 캡션: 판걸이 수별 재단 공정 관리)
t50:52,t50,out,/Users/innojini/Dev/TS.BackOffice.Huni/BackOffice.UI/CRT.EasyMES.V2.Module.Product/FrmBookPaperOverplus.cs:32,,mes,품목·제품,MES-PRD-FrmBookPaperOverplus,종이여분 관리,운영자(CS·상품),조회/등록/수정(종이 여분),build,,,,NEW,완료,[오픈분모밖] /Users/innojini/Dev/TS.BackOffice.Huni/BackOffice.UI/CRT.EasyMES.V2.Module.Product/FrmBookPaperOverplus.cs:32 (class FrmBookPaperOverplus : BaseForm; designer.cs 캡션: 종이 여분 관리)
t50:44,t50,out,/Users/innojini/Dev/TS.BackOffice.Huni/BackOffice.UI/CRT.EasyMES.V2.Module.Product/FrmCGradePaperDCRate.cs:29,,mes,품목·제품,MES-PRD-FrmCGradePaperDCRate,고객등급별 제지 할인율 관리,운영자(CS·상품),조회/등록/수정(고객등급×제지 할인율),build,,,,NEW,완료,[오픈분모밖] /Users/innojini/Dev/TS.BackOffice.Huni/BackOffice.UI/CRT.EasyMES.V2.Module.Product/FrmCGradePaperDCRate.cs:29 (class FrmCGradePaperDCRate : BaseForm)
t50:45,t50,out,/Users/innojini/Dev/TS.BackOffice.Huni/BackOffice.UI/CRT.EasyMES.V2.Module.Product/FrmCGradePrcsMarginRate.cs:29,,mes,품목·제품,MES-PRD-FrmCGradePrcsMarginRate,고객등급별 그룹공정 마진율 관리,운영자(CS·상품),조회/등록/수정(고객등급×그룹공정 마진율),build,,,,NEW,완료,[오픈분모밖] /Users/innojini/Dev/TS.BackOffice.Huni/BackOffice.UI/CRT.EasyMES.V2.Module.Product/FrmCGradePrcsMarginRate.cs:29 (class FrmCGradePrcsMarginRate : BaseForm)
t50:46,t50,out,/Users/innojini/Dev/TS.BackOffice.Huni/BackOffice.UI/CRT.EasyMES.V2.Module.Product/FrmCustomerPaperDCRate.cs:30,,mes,품목·제품,MES-PRD-FrmCustomerPaperDCRate,고객별 제지 할인율 관리,운영자(CS·상품),조회/등록/수정(고객×제지 할인율),build,,,,NEW,완료,[오픈분모밖] /Users/innojini/Dev/TS.BackOffice.Huni/BackOffice.UI/CRT.EasyMES.V2.Module.Product/FrmCustomerPaperDCRate.cs:30 (class FrmCustomerPaperDCRate : BaseForm)
t50:47,t50,out,/Users/innojini/Dev/TS.BackOffice.Huni/BackOffice.UI/CRT.EasyMES.V2.Module.Product/FrmCustomerPrcsMarginRate.cs:29,,mes,품목·제품,MES-PRD-FrmCustomerPrcsMarginRate,고객별 그룹공정 마진율 관리,운영자(CS·상품),조회/등록/수정(고객×그룹공정 마진율),build,,,,NEW,완료,[오픈분모밖] /Users/innojini/Dev/TS.BackOffice.Huni/BackOffice.UI/CRT.EasyMES.V2.Module.Product/FrmCustomerPrcsMarginRate.cs:29 (class FrmCustomerPrcsMarginRate : BaseForm)
t50:34,t50,out,/Users/innojini/Dev/TS.BackOffice.Huni/BackOffice.UI/CRT.EasyMES.V2.Module.Product/FrmItem.cs:32,,mes,품목·제품,MES-PRD-FrmItem,품목 관리,운영자(CS·상품),조회/등록/수정(품목유형·품목그룹·단위),build,,,,NEW,완료,[오픈분모밖] /Users/innojini/Dev/TS.BackOffice.Huni/BackOffice.UI/CRT.EasyMES.V2.Module.Product/FrmItem.cs:32 (class FrmItem : BaseForm; 파일 106KB — 가장 규모가 큰 품목 마스터 화면)
t50:35,t50,out,/Users/innojini/Dev/TS.BackOffice.Huni/BackOffice.UI/CRT.EasyMES.V2.Module.Product/FrmItemGroup.cs:26,,mes,품목·제품,MES-PRD-FrmItemGroup,품목그룹 관리,운영자(CS·상품),조회/등록/수정(품목그룹),build,,,,NEW,완료,[오픈분모밖] /Users/innojini/Dev/TS.BackOffice.Huni/BackOffice.UI/CRT.EasyMES.V2.Module.Product/FrmItemGroup.cs:26 (class FrmItemGroup : BaseForm)
t50:36,t50,out,/Users/innojini/Dev/TS.BackOffice.Huni/BackOffice.UI/CRT.EasyMES.V2.Module.Product/FrmItemModel.cs:34,,mes,품목·제품,MES-PRD-FrmItemModel,품목모델 관리,운영자(CS·상품),조회/등록/수정(인쇄용지·재단/작업 사이즈·생산소요일),build,,,,NEW,완료,[오픈분모밖] /Users/innojini/Dev/TS.BackOffice.Huni/BackOffice.UI/CRT.EasyMES.V2.Module.Product/FrmItemModel.cs:34 (class FrmItemModel : BaseForm; designer.cs 캡션: 인쇄 용지/재단 사이즈/생산소요일)
t50:37,t50,out,/Users/innojini/Dev/TS.BackOffice.Huni/BackOffice.UI/CRT.EasyMES.V2.Module.Product/FrmItemOption.cs:30,,mes,품목·제품,MES-PRD-FrmItemOption,품목옵션 관리,운영자(CS·상품),조회/등록/수정(옵션그룹·옵션·표시명·정렬순서),build,,,,NEW,완료,[오픈분모밖] /Users/innojini/Dev/TS.BackOffice.Huni/BackOffice.UI/CRT.EasyMES.V2.Module.Product/FrmItemOption.cs:30 (class FrmItemOption : BaseForm; designer.cs 캡션: 옵션 그룹 목록/옵션 명/옵션 코드)
t50:38,t50,out,/Users/innojini/Dev/TS.BackOffice.Huni/BackOffice.UI/CRT.EasyMES.V2.Module.Product/FrmMaterial.cs:31,,mes,품목·제품,MES-PRD-FrmMaterial,자재 관리,운영자(CS·상품),조회/등록/수정(자재유형·재고관리여부·적정재고수량),build,,,,NEW,완료,[오픈분모밖] /Users/innojini/Dev/TS.BackOffice.Huni/BackOffice.UI/CRT.EasyMES.V2.Module.Product/FrmMaterial.cs:31 (class FrmMaterial : BaseForm; designer.cs 캡션: 재고 관리 여부/적정 재고 수량/제지 유형)
t50:42,t50,out,/Users/innojini/Dev/TS.BackOffice.Huni/BackOffice.UI/CRT.EasyMES.V2.Module.Product/FrmPaperPrice.cs:37,,mes,품목·제품,MES-PRD-FrmPaperPrice,재지 단가 관리,운영자(CS·상품),조회/등록/수정(재지별 연당 단가),build,,,,NEW,완료,[오픈분모밖] /Users/innojini/Dev/TS.BackOffice.Huni/BackOffice.UI/CRT.EasyMES.V2.Module.Product/FrmPaperPrice.cs:37 (class FrmPaperPrice : BaseForm; designer.cs 캡션: 재지별 연당 단가)
t50:48,t50,out,/Users/innojini/Dev/TS.BackOffice.Huni/BackOffice.UI/CRT.EasyMES.V2.Module.Product/FrmPrcsCGradeDCRate.cs:29,,mes,품목·제품,MES-PRD-FrmPrcsCGradeDCRate,그룹공정별 고객등급 할인율 관리,운영자(CS·상품),조회/등록/수정(그룹공정×고객등급 할인율),build,,,,NEW,완료,[오픈분모밖] /Users/innojini/Dev/TS.BackOffice.Huni/BackOffice.UI/CRT.EasyMES.V2.Module.Product/FrmPrcsCGradeDCRate.cs:29 (class FrmPrcsCGradeDCRate : BaseForm)
t50:43,t50,out,/Users/innojini/Dev/TS.BackOffice.Huni/BackOffice.UI/CRT.EasyMES.V2.Module.Product/FrmPrcsPrice.cs:38,,mes,품목·제품,MES-PRD-FrmPrcsPrice,공정별 단가 관리,운영자(CS·상품),조회/등록/수정(공정별 단가),build,,,,NEW,완료,[오픈분모밖] /Users/innojini/Dev/TS.BackOffice.Huni/BackOffice.UI/CRT.EasyMES.V2.Module.Product/FrmPrcsPrice.cs:38 (class FrmPrcsPrice : BaseForm; designer.cs 캡션: 공정 단가)
t50:39,t50,out,/Users/innojini/Dev/TS.BackOffice.Huni/BackOffice.UI/CRT.EasyMES.V2.Module.Product/FrmProcess.cs:33,,mes,품목·제품,MES-PRD-FrmProcess,공정 관리,생산(MES),조회/등록/수정(공정그룹·공정·주문상태 매핑·단가계산방식),build,,,,STD-MFG-084,완료,"[오픈분모밖] /Users/innojini/Dev/TS.BackOffice.Huni/BackOffice.UI/CRT.EasyMES.V2.Module.Product/FrmProcess.cs:33 (class FrmProcess : BaseForm; designer.cs 캡션: 주문 상태 매핑/단가 계산 방식) [힌트대비 판정근거] plan_row_id=STD-MFG-084 매핑에도 분모밖 — 공정 마스터는 사전 설정 그릇(사전에 이미 존재)이며, 신규 주문이 이 화면 자체를 통과하지 않음(주문은 이미 설정된 공정을 소비할 뿐)."
t50:40,t50,out,/Users/innojini/Dev/TS.BackOffice.Huni/BackOffice.UI/CRT.EasyMES.V2.Module.Product/FrmProcessRoute.cs:29,,mes,품목·제품,MES-PRD-FrmProcessRoute,공정라우트 관리,생산(MES),조회/등록/수정(공정라우트·상세공정 목록),build,,,,STD-MFG-084,완료,"[오픈분모밖] /Users/innojini/Dev/TS.BackOffice.Huni/BackOffice.UI/CRT.EasyMES.V2.Module.Product/FrmProcessRoute.cs:29 (class FrmProcessRoute : BaseForm; designer.cs 캡션: 공정라우트 추가/삭제/공정 라우트 목록) [힌트대비 판정근거] plan_row_id=STD-MFG-084 매핑에도 분모밖 — 공정라우트 마스터는 사전 설정 그릇이며, 신규 주문이 이 화면 자체를 통과하지 않음."
t50:41,t50,out,/Users/innojini/Dev/TS.BackOffice.Huni/BackOffice.UI/CRT.EasyMES.V2.Module.Product/FrmSize.cs:27,,mes,품목·제품,MES-PRD-FrmSize,사이즈(규격) 관리,운영자(CS·상품),조회/등록/수정(제지 규격 유형),build,,,,NEW,완료,[오픈분모밖] /Users/innojini/Dev/TS.BackOffice.Huni/BackOffice.UI/CRT.EasyMES.V2.Module.Product/FrmSize.cs:27 (class FrmSize : BaseForm; designer.cs 캡션: 제지 규격 유형)
t49:2,t49,in,raw/webadmin/webadmin/config/urls.py:281,,pagebuilder,가이드북,pc-guidebook-file-bind,가이드 파일의 페이지빌더 바인딩,시스템(무인),api/w/v1/guides 파일 목록을 동적 페이지 블록에 바인딩,integrate,webadmin,pagebuilder→webadmin,webadmin,STD-CAT-020,미확인,raw/webadmin/webadmin/config/urls.py:281 · _workspace/huni-page-compose/01_recon/pie-canvas-engine-capabilities.md:85-96 (data-proxy 허용 도메인 미공개라 연결 가부 판정 불가)
t49:3,t49,in,raw/webadmin/webadmin/config/urls.py:72-89,,pagebuilder,가이드북,pc-guidebook-file-source,작업가이드 파일 원천 경계,시스템(무인),가이드 파일 실체는 webadmin S3 업로드·관리 — 소비자는 자사몰 웹서버(pagebuilder 경유 아님),integrate,webadmin,webadmin→huni-mall,webadmin,STD-ADC-014,미확인,raw/webadmin/webadmin/config/urls.py:72-89 · raw/webadmin/webadmin/catalog/widget_api.py:6003-6012 (「소비자가 브라우저가 아니라 자사몰 웹서버」 — Pie Canvas 소비 근거 0건)
t49:4,t49,in,_workspace/huni-page-compose/99_proposal/report.html:554,,pagebuilder,가이드북,pc-guidebook-tab-content,디자인가이드 본문 콘텐츠,운영자(CS·상품),가이드 본문(뼈대·문구)을 Pie Canvas 페이지에서 편집,config,,,,STD-INF-007,미착수,_workspace/huni-page-compose/99_proposal/report.html:554 · 01_recon/pie-canvas-surface-recon.md:52 (사이트 페이지 「디자인가이드」)
t49:5,t49,in,_workspace/huni-page-compose/01_recon/pie-canvas-model.md:80,,pagebuilder,게시·운영,pc-publish,미리보기·게시,운영자(CS·상품),게시 스냅샷 공개(공개 페이지는 마지막 스냅샷만 노출),provided,,,,STD-SYS-021,미착수,_workspace/huni-page-compose/01_recon/pie-canvas-model.md:80 · 99_proposal/proposal.md:151
t49:6,t49,in,_workspace/huni-page-compose/01_recon/pie-canvas-engine-capabilities.md:383,,pagebuilder,게시·운영,pc-site-json-backup,사이트 전체 JSON 조회,시스템(무인),GET /api/sites/{host} — 백업·감사·마이그레이션 원천,integrate,webadmin,pagebuilder→webadmin,pagebuilder,NEW,미확인,_workspace/huni-page-compose/01_recon/pie-canvas-engine-capabilities.md:383 (NEW — 인증 영역이라 게이트 재실측 실패 06_gate/gate-verdict.md:16)
t49:7,t49,in,_workspace/huni-page-compose/01_recon/pie-canvas-engine-capabilities.md:326-334,,pagebuilder,게시·운영,pc-template-export,페이지·사이트를 템플릿으로 저장,운영자(CS·상품),.template.json 무손실 내보내기(id·userId·host 제거),provided,,,,STD-SYS-021,미착수,_workspace/huni-page-compose/01_recon/pie-canvas-engine-capabilities.md:326-334 · :360-372
t49:8,t49,in,_workspace/huni-page-compose/01_recon/pie-canvas-engine-capabilities.md:300-322,,pagebuilder,게시·운영,pc-template-gallery,템플릿 갤러리,운영자(CS·상품),파트너사가 서버에 심은 템플릿 선택 — 후니는 갤러리에 추가 불가,provided,,,,STD-SYS-021,미착수,_workspace/huni-page-compose/01_recon/pie-canvas-engine-capabilities.md:300-322
t49:9,t49,in,_workspace/huni-page-compose/01_recon/pie-canvas-engine-capabilities.md:335-346,,pagebuilder,게시·운영,pc-template-import,내 템플릿 가져오기,운영자(CS·상품),.template.json 가져오기 — 브라우저 localStorage 20개 상한(계정 동기화 아님),provided,,,,STD-SYS-021,미착수,_workspace/huni-page-compose/01_recon/pie-canvas-engine-capabilities.md:335-346 · :375-380
t49:10,t49,in,_workspace/huni-page-compose/01_recon/pie-canvas-engine-capabilities.md:255-277,,pagebuilder,동적 페이지·콘텐츠 모델,pc-content-field,콘텐츠 필드 편집(타입 22종),운영자(CS·상품),Label·Key·Type·Required·Help·Options 정의,config,,,,STD-SYS-021,미착수,_workspace/huni-page-compose/01_recon/pie-canvas-engine-capabilities.md:255-277
t49:11,t49,in,_workspace/huni-page-compose/01_recon/pie-canvas-engine-capabilities.md:198,,pagebuilder,동적 페이지·콘텐츠 모델,pc-content-model,콘텐츠 모델 만들기,운영자(CS·상품),모델+콘텐츠 뷰+page.dynamic 동시 생성,config,,,,STD-SYS-021,미착수,_workspace/huni-page-compose/01_recon/pie-canvas-engine-capabilities.md:198 · :210-221
t49:12,t49,in,_workspace/huni-page-compose/01_recon/pie-canvas-engine-capabilities.md:219,,pagebuilder,동적 페이지·콘텐츠 모델,pc-content-view,콘텐츠 뷰(표·보드·캘린더),운영자(CS·상품),저장 뷰 정의 + 여러 페이지에서 재사용,config,,,,STD-SYS-021,미착수,_workspace/huni-page-compose/01_recon/pie-canvas-engine-capabilities.md:219 · :388
t49:13,t49,in,_workspace/huni-page-compose/01_recon/pie-canvas-engine-capabilities.md:38-56,,pagebuilder,동적 페이지·콘텐츠 모델,pc-dynamic-page,동적 페이지 설정(routePattern),운영자(CS·상품),페이지 1개로 URL N개 생성 — 상품별 복제 제거,config,,,,STD-SYS-021,미착수,_workspace/huni-page-compose/01_recon/pie-canvas-engine-capabilities.md:38-56 · :199-201
t49:14,t49,in,_workspace/huni-page-compose/01_recon/pie-canvas-engine-capabilities.md:202-206,,pagebuilder,동적 페이지·콘텐츠 모델,pc-entry-add,콘텐츠 항목 추가,운영자(CS·상품),상품 1개 = 항목 1행 등록(slug·status),config,,,,STD-SYS-021,미착수,_workspace/huni-page-compose/01_recon/pie-canvas-engine-capabilities.md:202-206
t49:15,t49,in,_workspace/huni-page-compose/01_recon/pie-canvas-engine-capabilities.md:385,,pagebuilder,동적 페이지·콘텐츠 모델,pc-entry-export,콘텐츠 항목 JSON·CSV 내보내기,운영자(CS·상품),항목 양방향 반출,provided,,,,STD-SYS-021,미착수,_workspace/huni-page-compose/01_recon/pie-canvas-engine-capabilities.md:385
t49:16,t49,in,_workspace/huni-page-compose/01_recon/pie-canvas-engine-capabilities.md:225-244,,pagebuilder,동적 페이지·콘텐츠 모델,pc-entry-import,콘텐츠 항목 CSV·JSON 일괄 가져오기,운영자(CS·상품),상품마스터 CSV로 N건 일괄 등록(전부 draft 진입),config,,,,STD-SYS-021,미착수,_workspace/huni-page-compose/01_recon/pie-canvas-engine-capabilities.md:225-244
t49:17,t49,in,_workspace/huni-page-compose/01_recon/pie-canvas-engine-capabilities.md:205-207,,pagebuilder,동적 페이지·콘텐츠 모델,pc-entry-status,항목 상태 전환(초안·예약·공개·보관),운영자(CS·상품),검수 후 일괄 공개 전환,config,,,,STD-SYS-021,미착수,_workspace/huni-page-compose/01_recon/pie-canvas-engine-capabilities.md:205-207
t49:18,t49,in,_workspace/huni-page-compose/01_recon/pie-canvas-engine-capabilities.md:279-281,,pagebuilder,동적 페이지·콘텐츠 모델,pc-entry-version,항목 버전·직전 버전 복원,운영자(CS·상품),버전 N·이전 기록 M개 표시 + 1단계 롤백,provided,,,,STD-SYS-021,미착수,_workspace/huni-page-compose/01_recon/pie-canvas-engine-capabilities.md:279-281
t49:19,t49,in,_workspace/huni-page-compose/01_recon/pie-canvas-engine-capabilities.md:248-252,,pagebuilder,동적 페이지·콘텐츠 모델,pc-template-binding,템플릿 값 바인딩({{entry.필드}}),운영자(CS·상품),템플릿 텍스트를 공개 항목 값으로 치환,config,,,,STD-SYS-021,미착수,_workspace/huni-page-compose/01_recon/pie-canvas-engine-capabilities.md:248-252
t49:20,t49,in,_workspace/huni-page-compose/01_recon/pie-canvas-engine-capabilities.md:120,,pagebuilder,블록 편집,pc-block-backlink,백링크 패널,운영자(CS·상품),현재 대상을 참조하는 블록 위치 역추적,provided,,,,STD-SYS-021,미착수,_workspace/huni-page-compose/01_recon/pie-canvas-engine-capabilities.md:120
t49:21,t49,in,_workspace/huni-page-compose/01_recon/pie-canvas-model.md:74,,pagebuilder,블록 편집,pc-block-external,외부 콘텐츠(임베드) 블록,운영자(CS·상품),허용 HTTPS만 iframe 임베드 — 갤러리·리뷰 병합의 유일 경로,config,,,,STD-SYS-021,미확인,_workspace/huni-page-compose/01_recon/pie-canvas-model.md:74 · 허용 도메인 정책 미공개(_workspace/huni-page-compose/99_proposal/proposal.md:171 S1)
t49:22,t49,in,_workspace/huni-page-compose/01_recon/pie-canvas-engine-capabilities.md:14-15,,pagebuilder,블록 편집,pc-block-linked,연결된 페이지·섹션 블록,운영자(CS·상품),다른 페이지·섹션의 최신 내용을 원본 ID로 참조,config,,,,STD-SYS-021,미착수,_workspace/huni-page-compose/01_recon/pie-canvas-engine-capabilities.md:14-15
t49:23,t49,in,_workspace/huni-page-compose/01_recon/pie-canvas-engine-capabilities.md:12-31,,pagebuilder,블록 편집,pc-block-palette,블록 팔레트(30종),운영자(CS·상품),텍스트·미디어·데이터·임베드·레이아웃 블록 삽입,provided,,,,STD-SYS-021,미착수,_workspace/huni-page-compose/01_recon/pie-canvas-engine-capabilities.md:12-31
t49:24,t49,in,_workspace/huni-page-compose/01_recon/pie-canvas-engine-capabilities.md:104-118,,pagebuilder,블록 편집,pc-block-synced,동기화 블록,운영자(CS·상품),원본 1벌 편집 → 같은 사이트 전 인스턴스 동시 반영,config,,,,STD-SYS-021,미착수,_workspace/huni-page-compose/01_recon/pie-canvas-engine-capabilities.md:104-118
t49:25,t49,in,_workspace/huni-page-compose/01_recon/pie-canvas-engine-capabilities.md:106-116,,pagebuilder,블록 편집,pc-block-synced-detach,동기화 블록 연결 해제,운영자(CS·상품),특정 위치만 다르게 편집(detach) · 원본 삭제해도 모양 유지,config,,,,STD-SYS-021,미착수,_workspace/huni-page-compose/01_recon/pie-canvas-engine-capabilities.md:106-116
t49:26,t49,in,_workspace/huni-page-compose/01_recon/pie-canvas-engine-capabilities.md:126-146,,pagebuilder,블록 편집,pc-block-synced-scope,동기화 범위 경계(사이트 내부),시스템(무인),사이트 간 원본 참조 불가 — 묶음(사이트) 분할 경계를 결정,provided,,,,STD-SYS-021,미착수,_workspace/huni-page-compose/01_recon/pie-canvas-engine-capabilities.md:126-146
t49:27,t49,in,_workspace/huni-page-compose/01_recon/pie-canvas-model.md:75,,pagebuilder,블록 편집,pc-block-tabs,탭 레이아웃 블록,운영자(CS·상품),한 페이지 안에서 블록을 탭으로 배치,provided,,,,STD-CAT-034,미확인,_workspace/huni-page-compose/01_recon/pie-canvas-model.md:75 (도움말 근거만 · 편집기 실물 미확인)
t49:28,t49,out,_workspace/huni-page-compose/01_recon/pie-canvas-model.md:43,,pagebuilder,빌더 기존 자산(분모밖),pc-design-workspace,디자인(design) 작업공간,운영자(CS·상품),인쇄물 디자인(명함·엽서·포스터) 컴포넌트·Variant 편집·내보내기,provided,,,,NEW,미확인,[오픈분모밖] _workspace/huni-page-compose/01_recon/pie-canvas-model.md:43 (NEW — 오픈 분모 밖 · Pie Canvas 1급 개념 · 후니 상세페이지 surface 아님 · 역공학 문서로만 확인)
t49:29,t49,out,_workspace/huni-page-compose/01_recon/pie-canvas-model.md:44,,pagebuilder,빌더 기존 자산(분모밖),pc-project-kanban,프로젝트(project) 칸반 보드,운영자(CS·상품),고객·멤버·산출물을 칸반으로 관리,provided,,,,NEW,미확인,[오픈분모밖] _workspace/huni-page-compose/01_recon/pie-canvas-model.md:44 (NEW — 오픈 분모 밖 · Pie Canvas 1급 개념 · 후니 상세페이지 surface 아님 · 역공학 문서로만 확인)
t49:30,t49,in,_workspace/huni-page-compose/01_recon/pie-canvas-model.md:25-31,,pagebuilder,사이트·페이지 관리,pc-dashboard,Pie Canvas 대시보드,운영자(CS·상품),내 사이트·디자인·프로젝트 목록 조회,provided,,,,STD-SYS-021,미확인,_workspace/huni-page-compose/01_recon/pie-canvas-model.md:25-31 (테스트 계정 사이트 0개 · 대시보드 200 확인까지)
t49:31,t49,in,_workspace/huni-page-compose/99_proposal/proposal.md:170,,pagebuilder,사이트·페이지 관리,pc-editor-hardnav,편집기 하드 내비 진입,운영자(CS·상품),주소 직접입력·새로고침으로 편집기 열기 — 현재 HTTP 500(P0 버그 B1),integrate,pagebuilder,pagebuilder→pagebuilder,pagebuilder,NEW,미착수,_workspace/huni-page-compose/99_proposal/proposal.md:170 (NEW — 파트너사 코드 수정이라 후니 계획행에 대응 없음 · 우리가 고칠 수 없음)
t49:32,t49,in,_workspace/huni-page-compose/01_recon/pie-canvas-model.md:56-61,,pagebuilder,사이트·페이지 관리,pc-site-duplicate,사이트·페이지 복제,운영자(CS·상품),사이트 전체 또는 페이지 복제(복제본은 별도 주소·저장기록 — 현행 fan-out 원인),config,,,,STD-SYS-021,진행,_workspace/huni-page-compose/01_recon/pie-canvas-model.md:56-61 · 실측 사이트 3개(_workspace/huni-page-compose/99_proposal/proposal.md:22-26)
t49:33,t49,in,_workspace/huni-page-compose/01_recon/pie-canvas-model.md:81,,pagebuilder,사이트·페이지 관리,pc-site-headerfooter,사이트 공통영역(Header/Footer),운영자(CS·상품),여러 페이지 공통 머리말·꼬리말 1벌 편집,config,,,,STD-SYS-021,미착수,_workspace/huni-page-compose/01_recon/pie-canvas-model.md:81
t49:34,t49,in,_workspace/huni-page-compose/01_recon/pie-canvas-model.md:29,,pagebuilder,사이트·페이지 관리,pc-site-list,사이트 목록(/sites),운영자(CS·상품),사이트 생성·열기 진입점,provided,,,,STD-SYS-021,미확인,_workspace/huni-page-compose/01_recon/pie-canvas-model.md:29 (테스트 계정에서 HTTP 500 재현 — 파트너사 확인 요청 C4)
t49:35,t49,in,_workspace/huni-page-compose/01_recon/pie-canvas-engine-capabilities.md:38-47,,pagebuilder,사이트·페이지 관리,pc-site-pages,사이트 페이지 구성,운영자(CS·상품),페이지 추가·slug 지정·정렬·네비 숨김(page 스키마),config,,,,STD-SYS-021,미착수,_workspace/huni-page-compose/01_recon/pie-canvas-engine-capabilities.md:38-47
t49:36,t49,in,_workspace/huni-page-compose/01_recon/pie-canvas-model.md:39,,pagebuilder,사이트·페이지 관리,pc-site-theme,사이트 테마,운영자(CS·상품),사이트 단위 테마 적용,config,,,,STD-SYS-021,미착수,_workspace/huni-page-compose/01_recon/pie-canvas-model.md:39
t49:37,t49,in,_workspace/huni-page-compose/99_proposal/proposal.md:203,,pagebuilder,상세페이지 탭,pc-tab-assembly,스토어프론트 탭 조립(D4),시스템(무인),Pie Canvas 게시 스냅샷(slug=prodCode) + 갤러리·리뷰 임베드를 탭 6종으로 배치,integrate,huni-mall,pagebuilder→huni-mall,huni-mall,STD-CAT-034,미착수,_workspace/huni-page-compose/99_proposal/proposal.md:203
t49:38,t49,in,_workspace/huni-page-compose/99_proposal/report.html:553,,pagebuilder,상세페이지 탭,pc-tab-checklist,탭② 체크리스트(/checklist),운영자(CS·상품),표 서식은 1곳 + 값은 상품 API 바인딩,config,,,,STD-CAT-012,미착수,_workspace/huni-page-compose/99_proposal/report.html:553
t49:39,t49,in,_workspace/huni-page-compose/99_proposal/proposal.md:201,,pagebuilder,상세페이지 탭,pc-tab-design,탭④ 디자인보기(/design),운영자(CS·상품),갤러리 임베드 URL(?prd_cd=) + iframe 허용 헤더(D2),integrate,webadmin,pagebuilder→webadmin,webadmin,STD-CAT-034,미착수,_workspace/huni-page-compose/99_proposal/proposal.md:201 · raw/webadmin/webadmin/config/urls.py:288-290 (api/w/v1/designs·design-image)
t49:40,t49,in,_workspace/huni-page-compose/99_proposal/report.html:552,,pagebuilder,상세페이지 탭,pc-tab-detail,탭① 상품설명,운영자(CS·상품),동적 페이지 템플릿 1벌 + {{entry.name}} 바인딩,config,,,,STD-CAT-007,미착수,_workspace/huni-page-compose/99_proposal/report.html:552
t49:41,t49,in,_workspace/huni-page-compose/99_proposal/report.html:554,,pagebuilder,상세페이지 탭,pc-tab-guide,탭③ 디자인가이드(/guide),운영자(CS·상품),뼈대 1벌 + sizes[] 반복 블록으로 규격별 전개,config,,,,STD-CAT-019,미착수,_workspace/huni-page-compose/99_proposal/report.html:554
t49:42,t49,in,_workspace/huni-page-compose/99_proposal/proposal.md:202,,pagebuilder,상세페이지 탭,pc-tab-review,탭⑥ 상품리뷰,운영자(CS·상품),ShopBy 소유 리뷰 위젯을 embed 블록으로 임베드(D3),integrate,shopby,pagebuilder→shopby,shopby,STD-CAT-014,미착수,_workspace/huni-page-compose/99_proposal/proposal.md:202 · report.html:557
t49:43,t49,in,_workspace/huni-page-compose/99_proposal/report.html:556,,pagebuilder,상세페이지 탭,pc-tab-shipping,탭⑤ 포장/배송,운영자(CS·상품),동기화 블록으로 사이트 전체 공통 반영,config,,,,NEW,미착수,_workspace/huni-page-compose/99_proposal/report.html:556 (NEW — 계획행에 포장/배송 탭 단독 행 없음)
t49:44,t49,in,_workspace/huni-page-compose/08_ux/ux-spec.md:20,,pagebuilder,운영진 관리 화면,pc-admin-backref,⑥ 역참조,운영자(CS·상품),묶음별 참조 위치·삭제 영향 표시(삭제 기능 없음),build,,,,NEW,미착수,_workspace/huni-page-compose/08_ux/ux-spec.md:20
t49:45,t49,in,_workspace/huni-page-compose/08_ux/ux-spec.md:18,,pagebuilder,운영진 관리 화면,pc-admin-bulk-confirm,④ 일괄 반영 확인,운영자(CS·상품),「N개 상품에 반영됩니다」 선표시 + 확인 체크 없으면 저장 비활성,build,,,,NEW,미착수,_workspace/huni-page-compose/08_ux/ux-spec.md:18 (부분 실패 경로 스펙 부재 99_proposal/proposal.md:196)
t49:46,t49,in,_workspace/huni-page-compose/08_ux/ux-spec.md:15,,pagebuilder,운영진 관리 화면,pc-admin-common-list,① 공통 컨텐츠 목록,운영자(CS·상품),무엇이 공통인지 목록화(재사용 현황·거버넌스 진입점),build,,,,NEW,미착수,_workspace/huni-page-compose/08_ux/ux-spec.md:15 (프로토타입만 · 결함 4건 선해소 조건 99_proposal/proposal.md:204)
t49:47,t49,in,_workspace/huni-page-compose/08_ux/ux-spec.md:17,,pagebuilder,운영진 관리 화면,pc-admin-override,③ 예외(override) 지정,운영자(CS·상품),상품 선택 후 칸 채움=예외·비움=공통 복귀,build,,,,NEW,미착수,_workspace/huni-page-compose/08_ux/ux-spec.md:17 · 06_gate/gate-verdict.md:39 (PASS 조건부 — 의도적 빈 값 표현 불가·확인 게이트 부재)
t49:48,t49,in,_workspace/huni-page-compose/08_ux/ux-spec.md:19,,pagebuilder,운영진 관리 화면,pc-admin-rollback,⑤ 롤백·버전 비교,운영자(CS·상품),버전 선택 → 복원(새 버전으로 기록),build,,,,NEW,미착수,_workspace/huni-page-compose/08_ux/ux-spec.md:19 (되돌리기 버튼 5개 전부 대상 미전달 — 06_gate/gate-verdict.md:20 E6)
t49:49,t49,in,_workspace/huni-page-compose/08_ux/ux-spec.md:16,,pagebuilder,운영진 관리 화면,pc-admin-scope-preview,② 반영 범위 미리보기,운영자(CS·상품),저장 전에 도달 N/미도달 M/예외 K를 묶음별로 표시,build,,,,NEW,미착수,_workspace/huni-page-compose/08_ux/ux-spec.md:16
t49:50,t49,in,_workspace/huni-page-compose/99_proposal/proposal.md:183,,pagebuilder,파트너사 개발 요청,pc-req-f1-display-cond,템플릿 표시 조건(F1),시스템(무인),전체·카테고리·태그·개별로 템플릿 적용 범위 지정,integrate,pagebuilder,pagebuilder→pagebuilder,pagebuilder,NEW,미착수,_workspace/huni-page-compose/99_proposal/proposal.md:183 (NEW — 파트너사 코드 · 후니 불가)
t49:51,t49,in,_workspace/huni-page-compose/99_proposal/proposal.md:184,,pagebuilder,파트너사 개발 요청,pc-req-f2-partial-override,동기화 블록 부분 override(F2),시스템(무인),뼈대는 공유하고 일부 문구만 인스턴스별로 덮어쓰기,integrate,pagebuilder,pagebuilder→pagebuilder,pagebuilder,NEW,미착수,_workspace/huni-page-compose/99_proposal/proposal.md:184 (NEW — 파트너사 코드 · 후니 불가)
t49:52,t49,in,_workspace/huni-page-compose/99_proposal/proposal.md:185,,pagebuilder,파트너사 개발 요청,pc-req-f3-link-1n,사이트↔상품 1:N 연결(F3),시스템(무인),link-product를 복수 productId로 확장 — C7 구조 충돌 해소,integrate,webadmin,pagebuilder→webadmin,pagebuilder,NEW,미착수,_workspace/huni-page-compose/99_proposal/proposal.md:185 · :173 (NEW — 파트너사 코드 · 후니 불가)
t49:53,t49,in,_workspace/huni-page-compose/99_proposal/proposal.md:171,,pagebuilder,파트너사 개발 요청,pc-req-s1-domain-allow,외부 콘텐츠 허용 도메인 등록(S1),시스템(무인),후니 갤러리·리뷰 도메인을 임베드 허용 목록에 등록,integrate,pagebuilder,pagebuilder→pagebuilder,pagebuilder,NEW,미착수,_workspace/huni-page-compose/99_proposal/proposal.md:171 (NEW — 파트너사 설정 · 후니 불가)
t49:54,t49,in,_workspace/huni-page-compose/99_proposal/proposal.md:200,,pagebuilder,후니 상품 연동,pc-api-extend-d1,상품 상세 데이터 API 확장(D1),시스템(무인),/api/printly/products에 제본·제작기간·유의사항 필드 추가 — 체크리스트·디자인가이드의 데이터 공급원,integrate,webadmin,webadmin→pagebuilder,webadmin,STD-CAT-011,미착수,_workspace/huni-page-compose/99_proposal/proposal.md:200
t49:55,t49,in,_workspace/huni-page-compose/01_recon/pie-canvas-engine-capabilities.md:70-84,,pagebuilder,후니 상품 연동,pc-data-binding,섹션 데이터 바인딩 설정,운영자(CS·상품),블록에 API 소스 연결 + 바인딩 배지 표시,config,,,,STD-SYS-021,미확인,_workspace/huni-page-compose/01_recon/pie-canvas-engine-capabilities.md:70-84 (번들 코드 근거 · 편집기 실화면 미확인)
t49:56,t49,in,_workspace/huni-page-compose/01_recon/pie-canvas-model.md:76,,pagebuilder,후니 상품 연동,pc-data-connections,데이터 연결 관리,운영자(CS·상품),연결 식별자만 블록에 저장(비밀값은 서버 암호화),config,,,,STD-SYS-021,미확인,_workspace/huni-page-compose/01_recon/pie-canvas-model.md:76 · pie-canvas-engine-capabilities.md:387
t49:57,t49,in,_workspace/huni-page-compose/01_recon/pie-canvas-engine-capabilities.md:85-96,,pagebuilder,후니 상품 연동,pc-data-proxy,서버 데이터 프록시(/api/data-proxy),시스템(무인),블록 데이터바인딩용 서버측 외부 API 호출(CORS 우회·cacheSeconds),integrate,webadmin,pagebuilder→webadmin,pagebuilder,NEW,미확인,_workspace/huni-page-compose/01_recon/pie-canvas-engine-capabilities.md:85-96 (405 확인까지 · 허용 도메인·인증 정책 미공개 S2)
t49:58,t49,in,_workspace/huni-page-compose/01_recon/pie-canvas-model.md:79,,pagebuilder,후니 상품 연동,pc-edicus-link,에디쿠스 연동,운영자(CS·상품),제작·편집 연동 기능,provided,,,,NEW,미확인,_workspace/huni-page-compose/01_recon/pie-canvas-model.md:79 · :92 (NEW — 도움말 1행 외 근거 없음 · 연결 범위 미조사 G2)
t49:59,t49,in,_workspace/huni-page-compose/01_recon/pie-canvas-engine-capabilities.md:414-421,,pagebuilder,후니 상품 연동,pc-link-product,상품 연결(사이트↔상품),운영자(CS·상품),GET/POST/DELETE link-product — productId 단수로 1:1 고정,integrate,webadmin,pagebuilder→webadmin,pagebuilder,NEW,미확인,_workspace/huni-page-compose/01_recon/pie-canvas-engine-capabilities.md:414-421 (NEW — 파트너사 엔드포인트 · 실측 사이트 2곳 모두 linked:false · C7 구조 충돌)
t49:60,t49,in,_workspace/huni-page-compose/01_recon/pie-canvas-engine-capabilities.md:400-406,,pagebuilder,후니 상품 연동,pc-new-product,상품 상세 만들기(/sites/new-product),운영자(CS·상품),후니 전용 상품 상세 생성 진입점 — 현재 「서비스 준비중」 미구현,integrate,webadmin,pagebuilder→webadmin,pagebuilder,NEW,미착수,_workspace/huni-page-compose/01_recon/pie-canvas-engine-capabilities.md:400-406 (NEW — 파트너사 미구현 · 우리가 만들 수 없음)
t49:61,t49,in,_workspace/huni-page-compose/01_recon/pie-canvas-engine-capabilities.md:17,,pagebuilder,후니 상품 연동,pc-product-collection,상품 컬렉션 블록,운영자(CS·상품),상품 카탈로그를 카드 격자로 표시,provided,,,,STD-SYS-021,미확인,_workspace/huni-page-compose/01_recon/pie-canvas-engine-capabilities.md:17 · :171 (데이터 출처가 후니 연동인지 수동 입력인지 불명)
t49:62,t49,in,_workspace/huni-page-compose/06_gate/gate-verdict.md:16,,pagebuilder,후니 상품 연동,pc-products-api,후니 상품 API 소비(/api/printly/products),시스템(무인),상품 257건 반환 — 콘텐츠 항목 CSV의 원천,integrate,webadmin,pagebuilder→webadmin,pagebuilder,NEW,미확인,_workspace/huni-page-compose/06_gate/gate-verdict.md:16 (E3 — HTTP 401로 재현 불가 · 257은 미재실측)
t49:63,t49,in,_workspace/huni-page-compose/01_recon/pie-canvas-model.md:80,,pagebuilder,후니 상품 연동,pc-shop-publish,쇼핑몰 발행,운영자(CS·상품),연동 활성 계정에만 노출되는 발행 흐름,provided,,,,STD-SYS-021,미확인,_workspace/huni-page-compose/01_recon/pie-canvas-model.md:80 (도움말 근거만 · 후니 계정 미확인)
t50:129,t50,in,,,pitstop,반려·재요청,PS-22,치명 오류 자동 재업로드 요청(A분기),시스템(무인),"자동목록 판정 시 즉시 알림톡+재업로드 링크 발급, 상태 FILE_HOLD",integrate,pitstop,pitstop→webadmin,webadmin,STD-MFG-054,미착수,raw/webadmin/docs/order-to-mes-process.md §5.3·§8.4 FR-4 · planrows-pitstop.csv STD-MFG-054([상위:STD-ART-018] 서명 1회성 링크 발급 설계만)
t50:130,t50,in,,,pitstop,반려·재요청,PS-23,재업로드 화면,고객,위젯 업로드 컴포넌트를 재사용해 지정 파일을 재업로드,build,-,-,-,STD-MFG-055,미착수,raw/webadmin/docs/order-to-mes-process.md §5.3 '재업로드 화면' · planrows-pitstop.csv STD-MFG-055([상위:STD-ART-007] 설계만)
t50:131,t50,in,,,pitstop,반려·재요청,PS-24,재업로드 시 회차 증가+자동 재검사,시스템(무인),"업로드되면 회차(r2,r3…)가 올라가고 검사·프리플라이트가 자동 재실행",integrate,pitstop,webadmin→pitstop,webadmin,STD-MFG-056,미착수,raw/webadmin/docs/order-to-mes-process.md §5.3 '회차가 올라가고 검사·프리플라이트가 자동 재실행' · planrows-pitstop.csv STD-MFG-056
t50:132,t50,in,,,pitstop,반려·재요청,PS-25,원고 보완 대기 중 결제완료 상태 유지,시스템(무인),파일 보완 대기 동안 주문상태를 PAY_DONE으로 유지(고객 취소권 보존),build,-,-,-,STD-MFG-057,미착수,raw/webadmin/docs/order-to-mes-process.md §5.3 마지막 문단 '결제완료(PAY_DONE)로 유지' · planrows-pitstop.csv STD-MFG-057
t50:135,t50,in,,,pitstop,반려·재요청,PS-30,담당자 발 재업로드 요청(C분기) 판단·발송,운영자(CS·상품),"애매하거나 담당자가 직접 판단해 재업로드가 필요하다고 결정한 경우, 담당자가 버튼을 눌러 알림톡을 발송한다",manual,-,-,-,STD-MFG-049,미착수,raw/webadmin/docs/order-to-mes-process.md §5.2 C분기 '담당자 판단 -> 담당자가 버튼을 눌러 알림톡' · planrows-pitstop.csv STD-MFG-049(3갈래 표) - 동일 요건의 인적 판단 슬라이스(PS-19는 로직/build)
t50:133,t50,in,,,pitstop,사람 육안 검수,PS-27,파일 확인 처리(검판 판정) 화면,운영자(CS·상품),합격·반려·사유를 기록하는 검판 판정 화면(Plan B: MES화면/수기),build,-,-,-,STD-ADO-008,미착수,print-kb/wiki/policy/order-mgmt.md#OMG-02 · planrows-pitstop.csv STD-ADO-008 — 원고 파일 승격(WA-052)은 있으나 판정 화면 없음 · 파일 검수 기준 자체(X-DEC-FILECHECK) 미확정
t50:134,t50,in,,,pitstop,사람 육안 검수,PS-29,PitStop 경고(B분기) 결과 육안 검수,운영자(CS·상품),PitStop 경고 판정 항목을 담당자가 눈으로 확인해 직접 수정하거나 C분기(재업로드 요청)로 넘긴다,manual,-,-,-,STD-ADO-008,미착수,raw/webadmin/docs/order-to-mes-process.md §5.2 B분기 '담당자 검수'·'담당자가 고치면 아무것도 안 감' · planrows-pitstop.csv STD-ADO-008(Plan B: 파일확인을 담당자 눈으로)
t50:113,t50,in,,,pitstop,서버·프로파일 설정,PS-01,PitStop Server 환경 확보,관리자,Windows·RAM16GB·AWS 별도 인스턴스 프로비저닝,config,-,-,pitstop,STD-SYS-031,미착수,"후니정기미팅 정리260915.html §PDF 프리플라이트 미결2 · planrows-pitstop.csv STD-SYS-031; grep 결과(아래 참조)로 코드/구성 0건 확인 · 재판정(보충2): 우리 코드 0 · AWS 콘솔에서 인스턴스 생성+PitStop 설치프로그램/라이선스 등록만 하는 성격이라 '관리화면에서 설정·등록만'에 해당 -> config 유지(관리화면=AWS 콘솔+PitStop 설치 마법사, 별도 커스텀 로직 없음)"
t50:114,t50,in,,,pitstop,서버·프로파일 설정,PS-07,PitStop 프로파일(자동목록 A) 확정,운영자(CS·상품),자동 재업로드 대상 오류 목록(A목록)을 PitStop 프로파일 확정 시 접수담당자와 함께 고정,config,-,-,pitstop,NEW,미착수,raw/webadmin/docs/order-to-mes-process.md §5.2·§12-6(★12-6) · 원장에 '프로파일 확정' 자체를 다루는 행 없음(A목록 초안만 STD-ART 시리즈에 존재)
t50:115,t50,in,,,pitstop,원고 수집,PS-08,승격본→PitStop 인입(S3↔서버 파일 이동),시스템(무인),order 버킷 승격 완료본을 PitStop 서버(핫폴더/CLI)로 전달,integrate,pitstop,webadmin→pitstop,webadmin,STD-ART-035,미착수,_workspace/huni-launch-runway/07_rebaseline/L0/M3/preflight-architecture.md §4 '오케스트레이션 n8n ❌ 미구축' · §4 '트리거 S3 이벤트/폴링→SQS ❌ 미구성'
t50:126,t50,in,,,pitstop,판정·리포트,PS-19,판정 3갈래 분기(A/B/C),운영자(CS·상품),치명(자동재업로드)·경고(담당자검수)·담당자발 재업로드 3분기 로직,build,-,-,-,STD-MFG-049,미착수,order-to-mes-process.md §5.2 표(3갈래 분기) · planrows-pitstop.csv STD-MFG-049([상위:STD-ART-017] 설계만·코드 0건)
t50:127,t50,in,,,pitstop,판정·리포트,PS-20,검사 감사기록 보관,시스템(무인),검사시각·엔진/시그니처버전·판정·탐지명·파일해시·PitStop 리포트를 감사기록으로 저장,integrate,pitstop,pitstop→webadmin,webadmin,STD-MFG-052,미착수,raw/webadmin/docs/artwork-scan-integration.md '감사 기록으로 남길 것' · planrows-pitstop.csv STD-MFG-052(설계만·그릇 없음)
t50:128,t50,in,,,pitstop,판정·리포트,PS-21,FR-6 프리플라이트 재실행 요청 수신,생산(MES),담당자가 MES에서 재검사를 원할 때 검사 큐 재투입,integrate,mes,mes→webadmin,webadmin,STD-MFG-051,미착수,raw/webadmin/docs/order-to-mes-process.md §8.4 FR-6 표 · planrows-pitstop.csv STD-MFG-051(§8.4 FR-6·코드 0건)
t50:116,t50,in,,,pitstop,프리플라이트 실행,PS-09,검사 없이 PitStop 투입 경로 차단,시스템(무인),바이러스 검사 통과분만 PitStop 핫폴더로 넘기도록 코드상 강제,integrate,pitstop,webadmin→pitstop,webadmin,STD-MFG-053,미착수,raw/webadmin/docs/artwork-scan-integration.md '작업 폴더 정책' 섹션(설계만) · grep 0건(아래)
t50:117,t50,in,,,pitstop,프리플라이트 실행,PS-10,파일 포맷 유효성 검사,시스템(무인),PDF가 PitStop 프로파일을 통과/경고/실패로 판정,provided,-,-,-,STD-ART-008,미착수,X-DEC-FILECHECK-01 OQ-G11 파일검수기준 미확정(1차) · planrows-pitstop.csv STD-ART-008; grep pitstop 0건(webadmin 앱코드)
t50:118,t50,in,,,pitstop,프리플라이트 실행,PS-11,재단선/블리드 3mm 확보 검사,시스템(무인),재단 여백(도련) 유무·정도를 PitStop이 판정,provided,-,-,-,STD-ART-009,미착수,order-to-mes-process.md §5.2 A목록 '재단 여백이 아예 없음' / B목록 '여백 소폭 부족' · planrows-pitstop.csv STD-ART-009
t50:119,t50,in,,,pitstop,프리플라이트 실행,PS-12,색공간(CMYK) 검사 및 RGB 경고,시스템(무인),RGB→CMYK 변환·별색 채널 정리 필요 여부 판정,provided,-,-,-,STD-ART-010,미착수,order-to-mes-process.md §5.2 B목록 'RGB→CMYK 변환' · planrows-pitstop.csv STD-ART-010
t50:120,t50,in,,,pitstop,프리플라이트 실행,PS-13,해상도(dpi) 검사,시스템(무인),150~300dpi 구간 저해상도 여부 판정,provided,-,-,-,STD-ART-011,미착수,order-to-mes-process.md §5.2 B목록 '약간의 저해상도(150~300dpi)' · planrows-pitstop.csv STD-ART-011
t50:121,t50,in,,,pitstop,프리플라이트 실행,PS-14,폰트 아웃라인 여부 검사,시스템(무인),폰트 미포함으로 열리지 않는지 판정,provided,-,-,-,STD-ART-012,미착수,order-to-mes-process.md §5.2 A목록 '폰트 미포함으로 열리지 않음' · planrows-pitstop.csv STD-ART-012·STD-MFG-044([구분:STD-ART-012] 동일 항목 중복 카드)
t50:122,t50,in,,,pitstop,프리플라이트 실행,PS-15,주문 사양-파일 실측 사이즈 대조,시스템(무인),페이지수·인쇄크기가 주문 사양과 일치하는지 대조,provided,-,-,-,STD-ART-013,미착수,order-to-mes-process.md §5.2 A목록 '페이지 수가 주문 사양과 다름'·'실제 인쇄 크기가 주문 규격과 명백히 다름' · planrows-pitstop.csv STD-ART-013·STD-MFG-046(중복 카드)
t50:123,t50,in,,,pitstop,프리플라이트 실행,PS-16,별색 채널·오버프린트 검사,시스템(무인),별색 채널 정리·오버프린트 설정 필요 여부 판정,provided,-,-,-,STD-ART-014,미착수,order-to-mes-process.md §5.2 B목록 '오버프린트 설정'·'별색 채널 정리' · planrows-pitstop.csv STD-ART-014
t50:124,t50,in,,,pitstop,프리플라이트 실행,PS-17,파일 열림·손상·암호 검사,시스템(무인),파일이 열리지 않음/손상됨/암호 걸림 여부 판정,provided,-,-,-,STD-MFG-048,미착수,order-to-mes-process.md §5.2 A목록 '파일이 열리지 않음/손상됨'·'암호가 걸려 있음' · planrows-pitstop.csv STD-MFG-048([상위:STD-ART-008] 동일 항목)
t50:125,t50,in,,,pitstop,프리플라이트 실행,PS-18,자동검판 도구 연동(PitStop 등),시스템(무인),PitStop Server 구매·인스턴스 준비 완료 후 검판 결과를 웹어드민에 연동,integrate,pitstop,pitstop→webadmin,webadmin,STD-ART-016,미착수,print-kb/wiki/policy/order-mgmt.md#OMG-02 PitStop 연동 후보 · planrows-pitstop.csv STD-ART-016 — 인스턴스 준비 자체가 미완료
t48:2,t48,in,,,shopby,셀러어드민 게시판,SB-BOARD,공지·FAQ·Q&A·1:1·후기 관리,운영자(CS·상품),[구IA#46] 매장게시판,config,,,,STD-B2B-014,미확인,IA No.46 매장게시판 · webadmin 해당 없음 @ 2026-09-16 21:28
t48:3,t48,in,,,shopby,셀러어드민 게시판,SB-BOARD,공지·FAQ·Q&A·1:1·후기 관리,운영자(CS·상품),[구IA#67] 기업인쇄상담 (확인/답변),config,,,,STD-CLM-022,미확인,IA No.67 기업인쇄상담 · webadmin 해당 없음 @ 2026-09-16 21:28
t48:4,t48,in,,,shopby,셀러어드민 게시판,SB-BOARD,공지·FAQ·Q&A·1:1·후기 관리,운영자(CS·상품),[구IA#68] 디자인상담 (확인/답변),config,,,,STD-CLM-023,미확인,IA No.68 디자인상담 · webadmin 해당 없음 @ 2026-09-16 21:28
t48:5,t48,in,,,shopby,셀러어드민 게시판,SB-BOARD,공지·FAQ·Q&A·1:1·후기 관리,운영자(CS·상품),[구IA#69] 상품Q&A (확인/답변),config,,,,STD-CLM-024,미확인,IA No.69 상품Q&A · 샵바이 기본 기능(R1d 미확인)
t48:6,t48,in,,,shopby,셀러어드민 게시판,SB-BOARD,공지·FAQ·Q&A·1:1·후기 관리,운영자(CS·상품),[구IA#70] 1:1문의 (확인/답변),config,,,,STD-CLM-025,미확인,IA No.70 1:1문의 · 샵바이 기본 기능(R1d 미확인)
t48:7,t48,in,,,shopby,셀러어드민 게시판,SB-BOARD,공지·FAQ·Q&A·1:1·후기 관리,운영자(CS·상품),[구IA#64] 공지사항 관리 (등록/수정/html생성),config,,,,STD-INF-009,미확인,IA No.64 공지사항 · webadmin 해당 없음 @ 2026-09-16 21:28 · 샵바이 게시판(R1d 미확인)
t48:8,t48,in,,,shopby,셀러어드민 게시판,SB-BOARD,공지·FAQ·Q&A·1:1·후기 관리,운영자(CS·상품),[구IA#65] 자주묻는질문 관리,config,,,,STD-INF-010,미확인,IA No.65 FAQ · webadmin 해당 없음 @ 2026-09-16 21:28
t48:9,t48,in,,,shopby,셀러어드민 게시판,SB-BOARD,공지·FAQ·Q&A·1:1·후기 관리,운영자(CS·상품),[구IA#72] 이용후기관리 (관리자등록/수정),config,,,,STD-INF-011,미확인,IA No.72 이용후기 · 샵바이 상품후기(R1d 미확인)
t48:10,t48,in,_workspace/huni-shopby/17_prepaid-money/prepaid-money-design-260915.md:294,,shopby,셀러어드민 결제,SB-PAY,결제수단 설정·PG 신청,운영자(CS·상품),프린트머니 구현 M6 — PG 계약 후 카드 충전 활성(코드 변경 없이 availablePayTypes 로 자동),config,,,,STD-MYP-048,미착수,_workspace/huni-shopby/17_prepaid-money/prepaid-money-design-260915.md:294
t48:11,t48,in,,,shopby,셀러어드민 결제,SB-PAY,결제수단 설정·PG 신청,운영자(CS·상품),네이버페이 결제,config,,,,STD-PAY-004,미착수,X-DEC-NAVERPAY-01 NaverPay 별도 mini-OrderSheet 1차 범위 포함 여부 미결
t48:12,t48,in,,,shopby,셀러어드민 결제,SB-PAY,결제수단 설정·PG 신청,운영자(CS·상품),카카오페이 결제,config,,,,STD-PAY-005,미착수,print-kb/wiki/policy/order-payment.md#PAY-03
t48:13,t48,in,,,shopby,셀러어드민 결제,SB-PAY,결제수단 설정·PG 신청,운영자(CS·상품),토스페이 결제,config,,,,STD-PAY-006,미착수,print-kb/wiki/policy/order-payment.md#PAY-03
t48:14,t48,in,,,shopby,셀러어드민 결제,SB-PAY,결제수단 설정·PG 신청,운영자(CS·상품),할부·무이자 옵션,config,,,,STD-PAY-009,미착수,print-kb/wiki/policy/order-payment.md#PAY-04
t48:15,t48,in,_workspace/huni-launch-scope/02_gap/fit-gap-matrix.csv:75,,shopby,셀러어드민 결제,SB-PAY,결제수단 설정·PG 신청,운영자(CS·상품),수동카드결제(키인·가상단말 · PC+모바일),manual,,,,STD-PAY-019,미착수,"L3/legacy-normalized.json#F-074,IA-074,SCOPE-074 · _workspace/huni-launch-scope/02_gap/fit-gap-matrix.csv:75 · docs/huni/후니프린팅_통합IA_일정_역할분담_260616.xlsx#02_IA마스터!A75:K75 || P1판정(260902): huni-skin-shopby 전수 grep '키인|manualCard|가상단말' 0건(260902)"
t48:16,t48,in,,,shopby,셀러어드민 결제,SB-PAY,결제수단 설정·PG 신청,운영자(CS·상품),결제수단 노출설정 10항목 켜기(PG 승인 후),config,,,,STD-PAY-027,미착수,https://service.shopby.co.kr/mall/modification/81683 @ 2026-09-16 21:31 — 결제수단 노출설정 10항목(신용카드·계좌이체·가상계좌·휴대폰·에스크로 계좌이체/가상계좌·PAYCO·네이버페이 결제형/주문형·토스페이) 전부 「사용 안 함」(비활성) (R/R1d/evidence/24a-payment-exposure.png)
t48:17,t48,in,,,shopby,셀러어드민 결제,SB-PAY,결제수단 설정·PG 신청,운영자(CS·상품),무통장 입금 계좌 등록,config,,,,STD-PAY-028,완료,https://service.shopby.co.kr/mall/modification/81683@2026-09-16 21:31
t48:18,t48,in,huni-skin-shopby/src/lib/payments/ncp-pay.ts:47-70,,shopby,셀러어드민 결제,SB-PAY,결제수단 설정·PG 신청,관리자,PG 연동 설정,config,,,,STD-SYS-004,진행,SB-033 done — huni-skin-shopby/src/lib/payments/ncp-pay.ts:47-70 · src/app/api/pay-config/route.ts:8 / SB-032 absent — src/components/checkout/checkout-form.tsx:8-9 ('PG 연동은 후속 — 현재는 무통장만 동작')
t48:19,t48,in,,,shopby,셀러어드민 기초,SB-BASIC,기초정보 설정(사업자·대표연락처·메일),운영자(CS·상품),기초정보 사업자 정보 입력(회사명·사업자등록번호·통신판매업신고번호·주소·개인정보책임자),config,,,,STD-SYS-037,미착수,"https://service.shopby.co.kr/service @ 2026-09-16 21:33 — 회사명·사업자등록번호·통신판매업 신고번호·주소·업종/업태·개인정보보호책임자 빈칸 · 대표자명 「대표 운영자」 · API serviceBasicInfo companyName="""" (R/R1d/evidence/72-service-basic.txt)"
t48:20,t48,in,,,shopby,셀러어드민 기초,SB-BASIC,기초정보 설정(사업자·대표연락처·메일),운영자(CS·상품),발송전용 e-mail 도메인(gmail) 정리·자동 메일 도메인 인증,config,,,,STD-SYS-040,미착수,https://service.shopby.co.kr/mall/modification/81683 @ 2026-09-16 21:31 — 고객센터/발송전용 e메일 [연락처 마스킹] · 화면 안내 「개인/회사 소유 도메인은 SPF/DKIM/DMARC 인증 필요」 · /mail/dispatch 발송 메일 동일 (R/R1d/evidence/24-mall-modification.txt·32-mail-dispatch.txt)
t48:21,t48,in,huni-skin-shopby/src/lib/api/hooks/use-order-sheet.ts:177,,shopby,셀러어드민 배송,SB-SHIP,배송비 정책·배송수단 설정,운영자(CS·상품),기본 배송비 부과,config,,,,STD-SHP-001,진행,"huni-skin-shopby/src/lib/api/hooks/use-order-sheet.ts:177,252 (금액계산에 배송비 포함) · X-DEC-SHIPPING-01 배송비 정책 미확정"
t48:22,t48,in,huni-skin-shopby/src/lib/api/hooks/use-order-sheet.ts:177,,shopby,셀러어드민 배송,SB-SHIP,배송비 정책·배송수단 설정,운영자(CS·상품),무료배송 기준금액 적용,config,,,,STD-SHP-002,진행,"huni-skin-shopby/src/lib/api/hooks/use-order-sheet.ts:177,252"
t48:23,t48,in,,,shopby,셀러어드민 배송,SB-SHIP,배송비 정책·배송수단 설정,운영자(CS·상품),제주 추가 배송비,config,,,,STD-SHP-003,미착수,F-150/SCOPE-150 도서산간 추가배송비 데이터화 PARTIAL·미착수
t48:24,t48,in,,,shopby,셀러어드민 배송,SB-SHIP,배송비 정책·배송수단 설정,운영자(CS·상품),도서산간 권역별 추가 배송비,config,,,,STD-SHP-004,미착수,F-150/SCOPE-150 도서산간 추가배송비 데이터화
t48:25,t48,in,,,shopby,셀러어드민 배송,SB-SHIP,배송비 정책·배송수단 설정,운영자(CS·상품),특정 상품군 무료배송 제외(실사·대형),config,,,,STD-SHP-005,미착수,SCOPE-151 배송비 템플릿/조건부 무료배송 PARTIAL
t48:26,t48,in,,,shopby,셀러어드민 배송,SB-SHIP,배송비 정책·배송수단 설정,운영자(CS·상품),혼합주문 배송비 산정(최고값 1건),config,,,,STD-SHP-006,완료,https://service.shopby.co.kr/delivery/condition/group/list@2026-09-16 21:30
t48:27,t48,in,,,shopby,셀러어드민 배송,SB-SHIP,배송비 정책·배송수단 설정,운영자(CS·상품),배송 권역·템플릿 관리,config,,,,STD-SHP-007,미확인,SCOPE-151 배송비 템플릿 || [t48 교정] 근거가 SCOPE ID 뿐 — 셀러어드민 배송 템플릿 화면 미관측
t48:28,t48,in,,,shopby,셀러어드민 배송,SB-SHIP,배송비 정책·배송수단 설정,운영자(CS·상품),택배 배송,config,,,,STD-SHP-008,완료,https://shopby.huniprinting.co.kr/checkout/202609160243938684@2026-09-16 21:33
t48:29,t48,in,,,shopby,셀러어드민 배송,SB-SHIP,배송비 정책·배송수단 설정,운영자(CS·상품),퀵/화물 배송(대형 인쇄물),config,,,,STD-SHP-009,미착수,print-kb/wiki/policy/shipping.md#SHIP-03 실사 대형 파생
t48:30,t48,in,,,shopby,셀러어드민 배송,SB-SHIP,배송비 정책·배송수단 설정,운영자(CS·상품),매장 방문수령,config,,,,STD-SHP-010,미착수,print-kb/wiki/policy/order-mgmt.md#OMG-07 오프라인 경로 파생
t48:31,t48,in,,,shopby,셀러어드민 배송,SB-SHIP,배송비 정책·배송수단 설정,운영자(CS·상품),금지 설정 4종 확인(A-14/U-1): 수량비례·중량 배송비 / 최대구매수량 / 즉시할인,config,,,,STD-SHP-017,진행,https://service.shopby.co.kr/delivery/condition/group/list 배송비유형 「무료」(수량·중량 기준 아님) · API ONSALE 226건 immediateDiscountValue 0 · 샘플 maxBuyPersonCnt/maxBuyTimeCnt 0 · /promotion/discount 추가할인 0건 @ 2026-09-16 21:30~21:33 (R/R1d/evidence/21-delivery-condition.png·api-server-products-search.json·70-promotion-discount.txt)
t48:32,t48,in,,,shopby,셀러어드민 배송,SB-SHIP,배송비 정책·배송수단 설정,관리자,배송비 정책 설정,config,,,,STD-SYS-005,진행,print-kb/wiki/policy/shipping.md#SHIP-02 · L4 사유: 도서산간 권역 정책 미확정(1차 W7-9).
t48:33,t48,in,,,shopby,셀러어드민 상품,SB-PRODUCT,상품·전시 카테고리 관리,운영자(CS·상품),상품 0개 중분류(스티커 팩 0 등) 노출 정리,config,,,,STD-CAT-030,미착수,https://shopby.huniprinting.co.kr/shop/1142983 @ 2026-09-16 21:26
t48:34,t48,in,_workspace/huni-shopby/17_prepaid-money/prepaid-money-design-260915.md:288,,shopby,셀러어드민 상품,SB-PRODUCT,상품·전시 카테고리 관리,운영자(CS·상품),프린트머니 구현 M0 — 어드민 설정 + 충전권 상품 6종 + 실측 V1~V8,config,,,,STD-MYP-042,미착수,_workspace/huni-shopby/17_prepaid-money/prepaid-money-design-260915.md:288
t48:35,t48,in,raw/webadmin/webadmin/catalog/shopby_sync.py:118,,shopby,셀러어드민 상품,SB-PRODUCT,상품·전시 카테고리 관리,시스템(무인),인쇄 도메인 DB ↔ 커머스 상품 동기화,integrate,shopby,webadmin→shopby,webadmin,STD-SYS-008,진행,raw/webadmin/webadmin/catalog/shopby_sync.py:118·315 (sync_main_images·sync_front_display) · HTTP 계층 raw/webadmin/webadmin/catalog/shopby_client.py:137 — t48 직접 확인 260919 || WA-045 done — raw/webadmin/webadmin/catalog/shopby_sync.py:1-30 · WA-046 done — catalog/shopby_client.py:1-50 · SB-015 partial — huni-skin-shopby/src/lib/printly/product-code-map.ts:41-49 (수동 7건만 등록)
t48:36,t48,in,,,shopby,셀러어드민 알림,SB-NOTIFY,SMS·알림톡·메일 설정·발송,운영자(CS·상품),[구IA#94] 고객 SMS 발송,config,,,,STD-ADO-027,미확인,IA No.94 고객 SMS 발송 · docs/huni/후니정기미팅 정리260915.html SMS 발신번호 인증 완료·충전 확인 필요
t48:37,t48,in,,,shopby,셀러어드민 알림,SB-NOTIFY,SMS·알림톡·메일 설정·발송,시스템(무인),가입완료 안내 메일 발송,provided,,,,STD-MEM-021,미착수,https://shopby.huniprinting.co.kr/signup 2단계(정보입력) @ 2026-09-16 21:33
t48:38,t48,in,,,shopby,셀러어드민 알림,SB-NOTIFY,SMS·알림톡·메일 설정·발송,시스템(무인),주문완료 메일/알림 발송,provided,,,,STD-ORD-031,미착수,https://shopby.huniprinting.co.kr/order-complete @ 2026-09-16 21:27
t48:39,t48,in,,,shopby,셀러어드민 알림,SB-NOTIFY,SMS·알림톡·메일 설정·발송,운영자(CS·상품),알림톡/SMS 마케팅 발송,config,,,,STD-PRM-012,미착수,print-kb/wiki/policy/membership-auth.md#MEM-02 알림톡 계약 필요 · L4 사유: 알림톡/SMS 계약 미체결 — 1차 영향·조기 필요.
t48:40,t48,in,,,shopby,셀러어드민 알림,SB-NOTIFY,SMS·알림톡·메일 설정·발송,운영자(CS·상품),이메일 뉴스레터 발송,config,,,,STD-PRM-013,미착수,print-quote/04_design/ia.md §2.1 고객센터 파생 · L4 사유: new(★ia.md 오염) — 근거출처가 print-quote/04_design/ia.md 파생이라 §4-1 상 「독립 발견」으로 신뢰하면 과대평가. 후니 IA 계보 안에서 파생된 항목.
t48:41,t48,in,,,shopby,셀러어드민 알림,SB-NOTIFY,SMS·알림톡·메일 설정·발송,시스템(무인),배송 상태 변경 알림 발송,provided,,,,STD-SHP-016,미착수,X-SMS-CONTRACT-01 OQ-G8 알림톡/SMS 서비스 계약 미체결(1차 영향)
t48:42,t48,in,,,shopby,셀러어드민 알림,SB-NOTIFY,SMS·알림톡·메일 설정·발송,운영자(CS·상품),알림(SMS/알림톡/이메일) 템플릿 설정,config,,,,STD-SYS-006,미착수,print-kb/wiki/policy/order-mgmt.md#OMG-03 · L4 사유: 알림 템플릿 관리 L2 무근거. 계약 선행.
t48:43,t48,in,,,shopby,셀러어드민 알림,SB-NOTIFY,SMS·알림톡·메일 설정·발송,운영자(CS·상품),SMS 발신번호 인증 완료,config,,,,STD-SYS-029,미확인,후니정기미팅 정리260915.html §회원·로그인·인증 · 확정 3 || [t48 교정] 근거가 회의 확정 뿐 — 셀러어드민 발신번호 화면 미관측
t48:44,t48,in,,,shopby,셀러어드민 알림,SB-NOTIFY,SMS·알림톡·메일 설정·발송,운영자(CS·상품),테스트용 SMS 충전 완료 여부 확인,config,,,,STD-SYS-030,미착수,후니정기미팅 정리260915.html §회원·로그인·인증 · 미결 2
t48:45,t48,in,,,shopby,셀러어드민 알림,SB-NOTIFY,SMS·알림톡·메일 설정·발송,운영자(CS·상품),"SMS 사용설정 「사용」 전환 + 포인트 충전(현재 1,000P·사용 안 함)",config,,,,STD-SYS-034,미착수,"https://service.shopby.co.kr/pro/premium/sms/main/config @ 2026-09-16 21:31 — SMS 사용설정 「사용 안 함」·잔여 1,000P(SMS 1,000건/알림톡 1,666건)·발신번호 02-3409-8853 등록·부족알림 사용(100P) (R/R1d/evidence/30-sms-config.png)"
t48:46,t48,in,,,shopby,셀러어드민 알림,SB-NOTIFY,SMS·알림톡·메일 설정·발송,운영자(CS·상품),알림톡 사용여부 「사용함」 + 주문배송 항목 선택 + 템플릿 검수,config,,,,STD-SYS-035,미착수,https://service.shopby.co.kr/pro/premium/kakao/notification/config @ 2026-09-16 21:31~21:34 — 채널 @huniprinting·발신프로필키 등록·알림톡 사용여부 「사용 안 함」·주문배송 항목 전부 「사용 안 함」·템플릿 관리 0건 (R/R1d/evidence/31-kakao-alimtalk.png·33-alimtalk-order-delivery.png·35-alimtalk-template-list.txt)
t48:47,t48,in,,,shopby,셀러어드민 운영,SB-OPER,운영자 계정·권한그룹,관리자,실무진 운영자 계정 생성 + 권한그룹(현재 마스터 1·권한그룹 0),config,,,,STD-SYS-038,미착수,https://service.shopby.co.kr/admin/list·/authorityGroup/list @ 2026-09-16 21:33 (R/R1d/evidence/52-admin-list.txt·53-authority-group.txt)
t48:48,t48,in,huni-skin-shopby/src/components/auth/sns-buttons.tsx:66-67,,shopby,셀러어드민 운영,SB-SOCIALAPP,간편로그인 앱 등록,관리자,소셜 로그인 전제 설정 — 셀러어드민 간편로그인 앱(네이버·카카오·구글) 등록 + 각 개발자센터 Redirect URI `{origin}/oauth/callback` 등록,config,,,,STD-MEM-023,미착수,commit 13ed106 본문 「⚠ 동작 전제(코드 외)」 · huni-skin-shopby/src/components/auth/sns-buttons.tsx:66-67
t48:49,t48,in,raw/webadmin/webadmin/catalog/shopby_client.py:137,,shopby,셀러어드민 주문,SB-ORDER,주문 관리·출고·송장,시스템(무인),송장 등록·일괄 업로드,integrate,shopby,webadmin→shopby,webadmin,STD-ADO-020,완료,"raw/webadmin/webadmin/catalog/shopby_client.py:137 (request 범용 호출만 존재 — 주문·송장·회원·적립금 전용 호출 함수 0건, t48 직접 확인 260919) || https://service.shopby.co.kr/order/list/delivery-prepare@2026-09-16 21:33"
t48:50,t48,in,raw/webadmin/webadmin/catalog/shopby_client.py:137,,shopby,셀러어드민 주문,SB-ORDER,주문 관리·출고·송장,시스템(무인),출고 처리·배송중 전이,integrate,shopby,webadmin→shopby,webadmin,STD-ADO-021,완료,"raw/webadmin/webadmin/catalog/shopby_client.py:137 (request 범용 호출만 존재 — 주문·송장·회원·적립금 전용 호출 함수 0건, t48 직접 확인 260919) || https://service.shopby.co.kr/order/list/delivery-prepare@2026-09-16"
t48:51,t48,in,,,shopby,셀러어드민 주문,SB-ORDER,주문 관리·출고·송장,운영자(CS·상품),증빙서류 발급 관리,config,,,,STD-ADO-024,미착수,print-quote/04_design/ia.md §2.3 SM-A-66 · L4 사유: 고객측 증빙 화면은 정적 표 UI만(SB-053 stub)이고 발급 정책·팝빌 연동이 미결(X-TAXDOC)
t48:52,t48,in,raw/webadmin/webadmin/catalog/shopby_client.py:137,,shopby,셀러어드민 주문,SB-ORDER,주문 관리·출고·송장,시스템(무인),TO-2 샵바이 상품준비중 전환(취소 창구 닫기),integrate,shopby,webadmin→shopby,webadmin,STD-MFG-027,미착수,"raw/webadmin/webadmin/catalog/shopby_client.py:137 (request 범용 호출만 존재 — 주문·송장·회원·적립금 전용 호출 함수 0건, t48 직접 확인 260919) || order-to-mes-process.md §8.2 TO-2 PUT /orders/prepare-product || P1판정(260902): §8.2 TO-2 · §11 3단계 미체크 · 코드 0건"
t48:53,t48,in,raw/webadmin/webadmin/catalog/shopby_client.py:137,,shopby,셀러어드민 주문,SB-ORDER,주문 관리·출고·송장,시스템(무인),TO-3 샵바이 배송처리(송장 등록·정정),integrate,shopby,webadmin→shopby,webadmin,STD-MFG-029,미착수,"raw/webadmin/webadmin/catalog/shopby_client.py:137 (request 범용 호출만 존재 — 주문·송장·회원·적립금 전용 호출 함수 0건, t48 직접 확인 260919) || order-to-mes-process.md §8.2 TO-3 || P1판정(260902): §8.2 TO-3 · §11 3단계 미체크 · 코드 0건"
t48:54,t48,in,raw/webadmin/webadmin/catalog/shopby_client.py:137,,shopby,셀러어드민 주문,SB-ORDER,주문 관리·출고·송장,시스템(무인),FR-7 주문 메모 기록→샵바이 업무 메시지 동기화(TO-6),integrate,shopby,webadmin→shopby,webadmin,STD-MFG-034,미착수,"raw/webadmin/webadmin/catalog/shopby_client.py:137 (request 범용 호출만 존재 — 주문·송장·회원·적립금 전용 호출 함수 0건, t48 직접 확인 260919) || order-to-mes-process.md §8.4 FR-7 · §8.2 TO-6 || P1판정(260902): §8.4 FR-7 · §8.2 TO-6 · §11 5단계 미체크 · 코드 0건"
t48:55,t48,in,raw/webadmin/webadmin/catalog/shopby_client.py:137,,shopby,셀러어드민 주문,SB-ORDER,주문 관리·출고·송장,시스템(무인),한 주문에 다중 송장 부여,integrate,shopby,webadmin→shopby,webadmin,STD-MFG-114,미착수,"raw/webadmin/webadmin/catalog/shopby_client.py:137 (request 범용 호출만 존재 — 주문·송장·회원·적립금 전용 호출 함수 0건, t48 직접 확인 260919) || 후니프린팅_주문프로세스_20251001.pdf p.5 §05 출고 Pain point || P1판정(260902): auto-vs-human §4 G-9 「한 주문 1송장 → 여러 송장」 자동화 격차 — 미구현"
t48:56,t48,in,raw/webadmin/webadmin/catalog/shopby_client.py:137,,shopby,셀러어드민 주문,SB-ORDER,주문 관리·출고·송장,시스템(무인),재출고 신규송장 부여(상품누락 추가발송·교환 재발송),integrate,shopby,webadmin→shopby,webadmin,STD-MFG-123,미착수,"raw/webadmin/webadmin/catalog/shopby_client.py:137 (request 범용 호출만 존재 — 주문·송장·회원·적립금 전용 호출 함수 0건, t48 직접 확인 260919) || [상위:STD-SHP-012] 후니프린팅_주문프로세스_20251001.pdf p.7 §07 재출고 || P1판정(260902): PDF p.7 §07 재출고 — 현행 수기 신규송장"
t48:57,t48,in,,,shopby,셀러어드민 주문,SB-ORDER,주문 관리·출고·송장,운영자(CS·상품),거래명세서 어드민 출력항목·수량 표기 확인(A-4),config,,,,STD-PAY-030,미착수,https://service.shopby.co.kr/configuration/payment/order-extra-config @ 2026-09-16 21:30 — 어드민 출력 항목 「설정」(상품번호 체크·즉시할인가 회색체크) · 쇼핑몰 노출 「미노출」 (R/R1d/evidence/14-order-extra-config.png)
t48:58,t48,in,,,shopby,셀러어드민 주문,SB-ORDER,주문 관리·출고·송장,운영자(CS·상품),분할배송(건별 부분 출고),config,,,,STD-SHP-011,미착수,huni-shopby/01_research/order-to-delivery-contract.md §2.1 주문상품옵션 단위 송장
t48:59,t48,in,raw/webadmin/webadmin/catalog/shopby_client.py:137,,shopby,셀러어드민 주문,SB-ORDER,주문 관리·출고·송장,시스템(무인),송장번호 등록(판매자),integrate,shopby,webadmin→shopby,webadmin,STD-SHP-012,미확인,"raw/webadmin/webadmin/catalog/shopby_client.py:137 (request 범용 호출만 존재 — 주문·송장·회원·적립금 전용 호출 함수 0건, t48 직접 확인 260919) || F-140/SCOPE-140/IA-140 주문상태변경 처리(+문자) PARTIAL·미착수 || [t48 교정] 근거가 IA/SCOPE 판정 뿐 — webadmin·셀러어드민 송장 화면 미관측"
t48:60,t48,in,raw/webadmin/webadmin/catalog/shopby_client.py:137,,shopby,셀러어드민 주문,SB-ORDER,주문 관리·출고·송장,시스템(무인),송장 기반 배송상태 일괄변경,integrate,shopby,webadmin→shopby,webadmin,STD-SHP-013,미확인,"raw/webadmin/webadmin/catalog/shopby_client.py:137 (request 범용 호출만 존재 — 주문·송장·회원·적립금 전용 호출 함수 0건, t48 직접 확인 260919) || F-143/SCOPE-143/IA-143 주문상태변경(일괄) PARTIAL·미착수 || [t48 교정] 근거가 IA/SCOPE 판정 뿐 — 일괄변경 화면 미관측"
t48:61,t48,in,,,shopby,셀러어드민 클레임,SB-CLAIM,취소·반품·교환·환불 처리,운영자(CS·상품),클레임 접수 목록·처리,config,,,,STD-ADO-022,완료,https://service.shopby.co.kr/claim/list/cancel@2026-09-16 21:33
t48:62,t48,in,,,shopby,셀러어드민 클레임,SB-CLAIM,취소·반품·교환·환불 처리,운영자(CS·상품),환불 실행·정산 반영,config,,,,STD-ADO-023,진행,huni-shopby/01_research/order-to-delivery-contract.md §4.3 estimate·account · L4 사유: PG 계약 미체결로 결제수단이 ACCOUNT/NONE 뿐(SB-032 absent) — 환불 실행 경로가 성립하지 않음
t48:63,t48,in,,,shopby,셀러어드민 클레임,SB-CLAIM,취소·반품·교환·환불 처리,운영자(CS·상품),귀책 구분(구매자/판매자/단순변심),config,,,,STD-CLM-011,미착수,huni-shopby/01_research/order-to-delivery-contract.md §4.2 responsibleObjectType
t48:64,t48,in,,,shopby,셀러어드민 클레임,SB-CLAIM,취소·반품·교환·환불 처리,운영자(CS·상품),판매자 클레임 승인·거부 처리,config,,,,STD-CLM-013,미착수,X-SHOPBY-CLAIM-FSM-01 클레임 상태머신 미폐합
t48:65,t48,in,,,shopby,셀러어드민 클레임,SB-CLAIM,취소·반품·교환·환불 처리,운영자(CS·상품),가상계좌 입금분 환불 시 고객 환불계좌 수령 절차,manual,,,,STD-CLM-026,미착수,후니정기미팅 정리260915.html §프린팅머니 · 미결 7
t48:66,t48,in,raw/webadmin/webadmin/catalog/shopby_client.py:137,,shopby,셀러어드민 클레임,SB-CLAIM,취소·반품·교환·환불 처리,시스템(무인),FR-3 MES 발 주문 취소 요청 수신→샵바이 취소·환불(TO-4),integrate,shopby,webadmin→shopby,webadmin,STD-MFG-031,미착수,"raw/webadmin/webadmin/catalog/shopby_client.py:137 (request 범용 호출만 존재 — 주문·송장·회원·적립금 전용 호출 함수 0건, t48 직접 확인 260919) || order-to-mes-process.md §8.4 FR-3 · §7.2 게이트③ || P1판정(260902): §8.4 FR-3 · §8.2 TO-4 · 코드 0건"
t48:67,t48,in,raw/webadmin/webadmin/catalog/shopby_client.py:137,,shopby,셀러어드민 클레임,SB-CLAIM,취소·반품·교환·환불 처리,시스템(무인),FR-5 취소요청 승인·거부 수신→샵바이 클레임 처리(TO-5),integrate,shopby,webadmin→shopby,webadmin,STD-MFG-032,미착수,"raw/webadmin/webadmin/catalog/shopby_client.py:137 (request 범용 호출만 존재 — 주문·송장·회원·적립금 전용 호출 함수 0건, t48 직접 확인 260919) || [상위:STD-CLM-013] order-to-mes-process.md §8.4 FR-5 · §8.2 TO-5 || P1판정(260902): §8.4 FR-5 · §8.2 TO-5 · §11 5단계 미체크 · 코드 0건"
t48:68,t48,in,,,shopby,셀러어드민 통계,SB-STAT,상품·매출 통계,운영자(CS·상품),[구IA#79] 인쇄/제본 상품통계 (상세보기),config,,,,STD-FIN-015,미확인,IA No.79 인쇄/제본 상품통계 · webadmin 통계 화면 없음 @ 2026-09-16 21:28 · 샵바이 통계(R1d)
t48:69,t48,in,,,shopby,셀러어드민 통계,SB-STAT,상품·매출 통계,운영자(CS·상품),[구IA#80] 굿즈 상품통계 (상세보기),config,,,,STD-FIN-016,미확인,IA No.80 굿즈 상품통계 · 동 79
t48:70,t48,in,,,shopby,셀러어드민 통계,SB-STAT,상품·매출 통계,운영자(CS·상품),[구IA#81] 패키지 상품통계 (상세보기),config,,,,STD-FIN-017,미확인,IA No.81 패키지 상품통계 · 동 79
t48:71,t48,in,,,shopby,셀러어드민 통계,SB-STAT,상품·매출 통계,운영자(CS·상품),[구IA#82] 수작 상품통계 (상세보기),config,,,,STD-FIN-018,미확인,IA No.82 수작 상품통계 · 동 79
t48:72,t48,in,,,shopby,셀러어드민 프로모션,SB-COUPON,쿠폰·리뷰 보상 관리,운영자(CS·상품),쿠폰 등록·사용 내역 조회,config,,,,STD-ADC-006,완료,https://service.shopby.co.kr/promotion/coupon/list@2026-09-16
t48:73,t48,in,,,shopby,셀러어드민 프로모션,SB-COUPON,쿠폰·리뷰 보상 관리,운영자(CS·상품),가입완료 혜택 자동지급(쿠폰+적립금),config,,,,STD-MEM-006,미착수,print-kb/wiki/policy/membership-auth.md#MEM-07 · L4 사유: L2 인벤토리에 가입완료 혜택 지급 행 없음. X-SHOPBY-NATIVE-01 가입완료 메일 native 범위 미확인.
t48:74,t48,in,,,shopby,셀러어드민 프로모션,SB-COUPON,쿠폰·리뷰 보상 관리,운영자(CS·상품),신규회원 쿠폰 자동발행,config,,,,STD-PRM-001,미착수,print-kb/wiki/policy/coupon.md#CPN-01 · L4 사유: 돈 걸림(F-156). 자동발행 트리거 L2 무근거.
t48:75,t48,in,,,shopby,셀러어드민 프로모션,SB-COUPON,쿠폰·리뷰 보상 관리,운영자(CS·상품),리뷰 작성 보상 쿠폰 발행,config,,,,STD-PRM-002,미착수,print-kb/wiki/policy/coupon.md#CPN-02 · L4 사유: new — 리뷰 보상 쿠폰은 legacy 3원 어디에도 없음. 근거 print-kb/coupon.md#CPN-02(ia.md 오염 아님).
t48:76,t48,in,,,shopby,셀러어드민 프로모션,SB-COUPON,쿠폰·리뷰 보상 관리,운영자(CS·상품),재구매 쿠폰 발행,config,,,,STD-PRM-003,미착수,print-kb/wiki/policy/coupon.md#CPN-03 · L4 사유: new — 재구매 쿠폰 미수록. 근거 print-kb/coupon.md#CPN-03(오염 아님).
t48:77,t48,in,,,shopby,셀러어드민 프로모션,SB-COUPON,쿠폰·리뷰 보상 관리,운영자(CS·상품),회원등급(VIP) 쿠폰 발행,config,,,,STD-PRM-004,미착수,print-kb/wiki/policy/coupon.md#CPN-04 · L4 사유: 회원등급(STD-MEM-018) 종속. 돈 걸림.
t48:78,t48,in,huni-skin-shopby/src/lib/api/hooks/use-order-coupons.ts:34,,shopby,셀러어드민 프로모션,SB-COUPON,쿠폰·리뷰 보상 관리,운영자(CS·상품),쿠폰 동시사용 개수 제한,config,,,,STD-PRM-005,진행,SB-029 done — huni-skin-shopby/src/lib/api/hooks/use-order-coupons.ts:34 (최대할인 계산)
t48:79,t48,in,,,shopby,셀러어드민 프로모션,SB-COUPON,쿠폰·리뷰 보상 관리,운영자(CS·상품),쿠폰 유효기간 관리,config,,,,STD-PRM-006,미착수,print-kb/wiki/policy/coupon.md#CPN-06 · L4 사유: 쿠폰 발행·유효기간 관리 화면 L2 무근거(F-126 돈·L).
t48:80,t48,in,,,shopby,셀러어드민 프로모션,SB-COUPON,쿠폰·리뷰 보상 관리,운영자(CS·상품),리뷰 삭제 시 보상 회수,config,,,,STD-PRM-008,미착수,print-kb/wiki/policy/review.md#RVW-03 · L4 사유: new — 리뷰 삭제 시 보상 회수 규칙 미수록. 근거 print-kb/review.md#RVW-03(오염 아님).
t48:81,t48,in,,,shopby,셀러어드민 프로모션,SB-COUPON,쿠폰·리뷰 보상 관리,운영자(CS·상품),사진 리뷰 추가 보상,config,,,,STD-PRM-009,완료,https://service.shopby.co.kr/accumulation/setting@2026-09-16 21:33
t48:82,t48,in,,,shopby,셀러어드민 프로모션,SB-COUPON,쿠폰·리뷰 보상 관리,운영자(CS·상품),[구IA#76] 쿠폰관리 (발행/매칭/사용내역),config,,,,STD-PRM-018,미확인,IA No.76 쿠폰관리 · 샵바이 쿠폰(R1d)
t48:83,t48,in,,,shopby,셀러어드민 프로모션,SB-COUPON,쿠폰·리뷰 보상 관리,운영자(CS·상품),[구IA#77] 쿠폰등록내역,config,,,,STD-PRM-019,미확인,IA No.77 쿠폰등록내역 · 샵바이(R1d)
t48:84,t48,in,,,shopby,셀러어드민 프로모션,SB-COUPON,쿠폰·리뷰 보상 관리,운영자(CS·상품),[구IA#78] 쿠폰사용내역,config,,,,STD-PRM-020,미확인,IA No.78 쿠폰사용내역 · 샵바이(R1d)
t48:85,t48,in,,,shopby,셀러어드민 회원,SB-MEMBER,회원 관리·등급·이관,운영자(CS·상품),[구IA#73] 회원관리 (주문내역/정보확인),config,,,,STD-ADC-017,미확인,IA No.73 회원관리 · 샵바이 회원관리(R1d)
t48:86,t48,in,,,shopby,셀러어드민 회원,SB-MEMBER,회원 관리·등급·이관,운영자(CS·상품),[구IA#45] 거래처관리 (등록/수정/처리),config,,,,STD-B2B-013,미확인,docs/huni/후니프린팅_IA.xlsx 「IA 확인」 No.45 · webadmin 사이드바 33화면에 거래처 없음 @ 2026-09-16 21:28 · 셀러어드민 미확인(R1d)
t48:87,t48,in,raw/webadmin/webadmin/catalog/shopby_client.py:137,,shopby,셀러어드민 회원,SB-MEMBER,회원 관리·등급·이관,시스템(무인),회원등급 산정·자동 승급,integrate,shopby,webadmin→shopby,webadmin,STD-MEM-018,미착수,"raw/webadmin/webadmin/catalog/shopby_client.py:137 (request 범용 호출만 존재 — 주문·송장·회원·적립금 전용 호출 함수 0건, t48 직접 확인 260919) || [L4b보강] huni-skin-shopby/src/lib/api/hooks/use-profile.ts:39 (memberGradeName 표시 필드만)"
t48:88,t48,in,huni-skin-shopby/src/lib/auth/shopby-auth.ts:28,,shopby,셀러어드민 회원,SB-MEMBER,회원 관리·등급·이관,운영자(CS·상품),휴면계정 전환·복구,config,,,,STD-MEM-019,미착수,[L4b보강] huni-skin-shopby/src/lib/auth/shopby-auth.ts:28 (휴면 응답 주석만·전환/복구 화면 0건)
t48:89,t48,in,raw/webadmin/webadmin/catalog/shopby_client.py:137,,shopby,셀러어드민 회원,SB-MEMBER,회원 관리·등급·이관,시스템(무인),기존 회원 데이터 이관(구 사이트),integrate,shopby,webadmin→shopby,webadmin,STD-MEM-020,미착수,"raw/webadmin/webadmin/catalog/shopby_client.py:137 (request 범용 호출만 존재 — 주문·송장·회원·적립금 전용 호출 함수 0건, t48 직접 확인 260919) || print-kb/wiki/policy/membership-auth.md#MEM-01 마이그레이션 이슈 명시 · L4 사유: 돈 걸림. 구 DB 미접근(X-OLDDB-ACCESS-01)이 20개 질문의 공통 선행 블로커. 이관 리허설 미실행."
t48:90,t48,in,,,shopby,연동,SB-NCPPAY,NCPPay 결제·입금 처리,시스템(무인),무통장입금(가상계좌)·입금대기 상태,provided,,,,STD-PAY-003,완료,https://service.shopby.co.kr/mall/modification/81683@2026-09-16 21:31
t48:91,t48,in,raw/webadmin/webadmin/catalog/shopby_client.py:137,,shopby,연동,SB-POINT,적립금 원장·외부포인트 연동,시스템(무인),프린팅머니 수동 지급·차감,integrate,shopby,webadmin→shopby,webadmin,STD-ADC-004,미착수,"raw/webadmin/webadmin/catalog/shopby_client.py:137 (request 범용 호출만 존재 — 주문·송장·회원·적립금 전용 호출 함수 0건, t48 직접 확인 260919) || print-quote/04_design/ia.md §2.3 SM-A-42 · L4 사유: 프린팅머니가 샵바이 적립금 재해석인지 별도 원장인지 미결(X-DEC-PRINTMONEY). 고객측 충전도 no-op(SB-051 stub)"
t48:92,t48,in,huni-skin-shopby/src/components/checkout/checkout-form.tsx:52,,shopby,연동,SB-POINT,적립금 원장·외부포인트 연동,시스템(무인),구매확정 적립금 자동 지급,provided,,,,STD-MYP-008,미착수,SB-030 partial — huni-skin-shopby/src/components/checkout/checkout-form.tsx:52 (조회는 실API·적립/충전은 mock)
t48:93,t48,in,raw/webadmin/webadmin/catalog/shopby_client.py:137,,shopby,연동,SB-POINT,적립금 원장·외부포인트 연동,시스템(무인),기존 프린트머니 잔액 이관,integrate,shopby,webadmin→shopby,webadmin,STD-MYP-009,미착수,"raw/webadmin/webadmin/catalog/shopby_client.py:137 (request 범용 호출만 존재 — 주문·송장·회원·적립금 전용 호출 함수 0건, t48 직접 확인 260919) || print-kb/wiki/policy/mypage.md#MYP-02 · print-kb/wiki/policy/custom-dev.md#CST-04 · L4 사유: 돈 걸림. 컷오버 대사 불일치 시 즉시 NO-GO 게이트."
t48:94,t48,in,raw/webadmin/webadmin/catalog/shopby_hook.py:82,,shopby,연동,SB-WEBHOOK,웹훅 등록·발신,시스템(무인),우리가 올린 상태변경 웹훅 메아리 필터(무한루프 방지),integrate,webadmin,shopby→webadmin,webadmin,STD-MFG-030,미착수,raw/webadmin/webadmin/catalog/shopby_hook.py:82 (shopby_webhook 수신 핸들러 실재) · 메아리 필터 코드 0건 — :121 은 TOrdWebhooks 저장만 한다(t48 직접 확인 260919) || order-to-mes-process.md §8.1 SB-2 분기표 || P1판정(260902): §8.1 SB-2 분기표 설계만 · 코드 0건
t48:95,t48,in,raw/webadmin/webadmin/catalog/shopby_hook.py:112-121,,shopby,연동,SB-WEBHOOK,웹훅 등록·발신,시스템(무인),반품·교환 웹훅 기록만 하고 MES 작업 자동생성 안 함,integrate,webadmin,shopby→webadmin,webadmin,STD-MFG-124,미착수,raw/webadmin/webadmin/catalog/shopby_hook.py:112-121 (shop_clm_sts 포함 클레임 웹훅 저장까지 실재) · MES 작업 자동생성 방지 로직은 이 파일에 없다(t48 직접 확인 260919) || [상위:STD-ADO-022] order-to-mes-process.md §7.4 || P1판정(260902): §7.4 「반품·교환 웹훅은 기록만」 — 웹훅 수신함은 실재하나 클레임 분기 코드 0건
t49:64,t49,in,raw/webadmin/webadmin/config/urls.py:179,,webadmin,가격 관리,discount_grid_page,할인 구간 그리드 편집 (팝업),운영자(CS·상품),수량 구간 그리드 편집기 팝업 열기,build,,,,STD-ADP-027,완료,raw/webadmin/webadmin/config/urls.py:179
t49:65,t49,in,raw/webadmin/webadmin/config/urls.py:181,,webadmin,가격 관리,discount_grid_page,할인 구간 그리드 편집 (팝업),운영자(CS·상품),수량 구간 행 조회,build,,,,STD-ADP-027,완료,raw/webadmin/webadmin/config/urls.py:181
t49:66,t49,in,raw/webadmin/webadmin/config/urls.py:183,,webadmin,가격 관리,discount_grid_page,할인 구간 그리드 편집 (팝업),운영자(CS·상품),수량 구간별 할인(정률 %/정액 원) 변경분 저장,build,,,,STD-ADP-027,완료,raw/webadmin/webadmin/config/urls.py:183
t49:67,t49,in,raw/webadmin/webadmin/config/urls.py:139,,webadmin,가격 관리,discount_table_md,할인테이블 (수량구간) MD,운영자(CS·상품),할인테이블 목록 검색·선택 / + 새 할인테이블 추가,build,,,,STD-ADP-027,완료,raw/webadmin/webadmin/config/urls.py:139
t49:68,t49,in,raw/webadmin/webadmin/config/urls.py:142,,webadmin,가격 관리,discount_table_md,할인테이블 (수량구간) MD,운영자(CS·상품),이 할인테이블을 쓰는 상품 조회(가격뷰어 링크),build,,,,STD-ADP-027,완료,raw/webadmin/webadmin/config/urls.py:142
t49:69,t49,in,raw/webadmin/webadmin/config/urls.py:40,,webadmin,가격 관리,price_component_md,가격구성요소 (MD),운영자(CS·상품),구성요소 목록 선택(배지=단가표 행 수),build,,,,STD-ADP-024,완료,raw/webadmin/webadmin/config/urls.py:40
t49:70,t49,in,raw/webadmin/tools/manual_content.py:557,,webadmin,가격 관리,price_component_md,가격구성요소 (MD),운영자(CS·상품),구성요소 속성 편집 — 단가유형(단가형/합가형/고정금액)·사용차원(use_dims) 순서 지정,build,,,,STD-ADP-026,완료,raw/webadmin/tools/manual_content.py:557
t49:71,t49,in,raw/webadmin/webadmin/config/urls.py:136,,webadmin,가격 관리,price_component_md,가격구성요소 (MD),운영자(CS·상품),이 구성요소를 쓰는 가격공식 조회(가격공식MD 링크),build,,,,STD-ADP-024,완료,raw/webadmin/webadmin/config/urls.py:136
t49:72,t49,in,raw/webadmin/webadmin/config/urls.py:159,,webadmin,가격 관리,price_diagram,가격 구조 다이어그램,운영자(CS·상품),공식→구성요소→단가표 구조 라이브 다이어그램 새 탭 조회·노드 펼침,build,,,,STD-ADP-032,완료,raw/webadmin/webadmin/config/urls.py:159
t49:73,t49,in,raw/webadmin/webadmin/config/urls.py:37,,webadmin,가격 관리,price_formula_md,가격공식 (MD),운영자(CS·상품),가격공식 목록 검색·선택(구성요소 수·사용 상품 수 배지),build,,,,STD-ADP-023,완료,raw/webadmin/webadmin/config/urls.py:37
t49:74,t49,in,raw/webadmin/tools/manual_content.py:544,,webadmin,가격 관리,price_formula_md,가격공식 (MD),운영자(CS·상품),+ 새 공식 추가 / 공식 폼·구성요소 구성 저장,build,,,,STD-ADP-023,완료,raw/webadmin/tools/manual_content.py:544
t49:75,t49,in,raw/webadmin/tools/manual_content.py:535,,webadmin,가격 관리,price_formula_md,가격공식 (MD),운영자(CS·상품),공식 삭제 — 살아있는 상품 사용 시 차단 · 삭제된 상품이 남긴 잠든 연결은 고지 후 동반 정리,build,,,,STD-ADP-023,완료,raw/webadmin/tools/manual_content.py:535
t49:76,t49,in,raw/webadmin/webadmin/config/urls.py:133,,webadmin,가격 관리,price_formula_md,가격공식 (MD),운영자(CS·상품),이 공식을 사용하는 상품 조회(가격뷰어 링크),build,,,,STD-ADP-023,완료,raw/webadmin/webadmin/config/urls.py:133
t49:77,t49,in,raw/webadmin/webadmin/config/urls.py:146,,webadmin,가격 관리,price_grid_page,단가표 그리드 편집 (팝업),운영자(CS·상품),구성요소 단가표 그리드 편집기 팝업 열기,build,,,,STD-ADP-025,완료,raw/webadmin/webadmin/config/urls.py:146
t49:78,t49,in,raw/webadmin/webadmin/config/urls.py:148,,webadmin,가격 관리,price_grid_page,단가표 그리드 편집 (팝업),운영자(CS·상품),차원 조합별 단가 행 조회(엑셀식 정렬·필터),build,,,,STD-ADP-025,완료,raw/webadmin/webadmin/config/urls.py:148
t49:79,t49,in,raw/webadmin/webadmin/config/urls.py:150,,webadmin,가격 관리,price_grid_page,단가표 그리드 편집 (팝업),운영자(CS·상품),변경분 저장 — 엑셀 복사·붙여넣기 입력분 일괄 반영,build,,,,STD-ADP-025,완료,raw/webadmin/webadmin/config/urls.py:150
t49:80,t49,in,raw/webadmin/tools/manual_content.py:594,,webadmin,가격 관리,price_grid_page,단가표 그리드 편집 (팝업),운영자(CS·상품),선택영역 새 적용일로 개정(시계열 복제),build,,,,STD-ADP-030,완료,raw/webadmin/tools/manual_content.py:594
t49:81,t49,in,raw/webadmin/webadmin/config/urls.py:154,,webadmin,가격 관리,price_grid_page,단가표 그리드 편집 (팝업),운영자(CS·상품),중복 검사 — 같은 차원 조합에 중복 단가 행 점검,build,,,,STD-ADP-025,완료,raw/webadmin/webadmin/config/urls.py:154
t49:82,t49,in,raw/webadmin/webadmin/config/urls.py:152,,webadmin,가격 관리,price_grid_page,단가표 그리드 편집 (팝업),운영자(CS·상품),구성요소 사용처(어느 공식·상품에 쓰이는지) 조회,build,,,,STD-ADP-024,완료,raw/webadmin/webadmin/config/urls.py:152
t49:83,t49,in,raw/webadmin/webadmin/config/urls.py:176,,webadmin,가격 관리,price_sim_products,가격 시뮬레이터 › 상품 목록 API,시스템(무인),시뮬레이터 상품 목록 JSON(위젯빌더 팔레트 소스와 공용) — 매뉴얼 미기술,build,,,,STD-ADP-031,미확인,raw/webadmin/webadmin/config/urls.py:176
t49:84,t49,in,raw/webadmin/webadmin/config/urls.py:176,,webadmin,가격 관리,price_simulator,가격 시뮬레이터,운영자(CS·상품),시뮬레이션 대상 상품 목록 검색,build,,,,STD-ADP-031,완료,raw/webadmin/webadmin/config/urls.py:176
t49:85,t49,in,raw/webadmin/webadmin/config/urls.py:164,,webadmin,가격 관리,price_simulator,가격 시뮬레이터,운영자(CS·상품),상품별 입력 조건 메타 생성(차원·옵션·공정·수량 폼),build,,,,STD-ADP-031,완료,raw/webadmin/webadmin/config/urls.py:164
t49:86,t49,in,raw/webadmin/webadmin/config/urls.py:166,,webadmin,가격 관리,price_simulator,가격 시뮬레이터,운영자(CS·상품),가격 계산 실행 — 구성요소별 단가·할인·총합계 리포트(끼워팔기 합산 포함),build,,,,STD-ADP-031,완료,raw/webadmin/webadmin/config/urls.py:166
t49:87,t49,in,raw/webadmin/webadmin/config/urls.py:171,,webadmin,가격 관리,price_simulator,가격 시뮬레이터,운영자(CS·상품),셋트상품 가격 계산 — 구성원별 사이즈 출처 표기 포함,build,,,,STD-OPT-051,완료,raw/webadmin/webadmin/config/urls.py:171
t49:88,t49,in,raw/webadmin/webadmin/config/urls.py:169,,webadmin,가격 관리,price_simulator,가격 시뮬레이터,운영자(CS·상품),제약 cascade — 현재 선택 기준 각 차원 불가값 비활성 표시,build,,,,STD-ADP-022,완료,raw/webadmin/webadmin/config/urls.py:169
t49:89,t49,in,raw/webadmin/webadmin/config/urls.py:174,,webadmin,가격 관리,price_simulator,가격 시뮬레이터,운영자(CS·상품),사이드바 전용 시뮬레이터 페이지 진입,build,,,,STD-ADP-031,완료,raw/webadmin/webadmin/config/urls.py:174
t49:90,t49,in,raw/webadmin/webadmin/catalog/admin.py:2830,,webadmin,가격 관리,price_std_admin,가격공식·구성요소·할인테이블 (표준 목록),운영자(CS·상품),3종 표준 목록 화면 — 목록 행에서 단가표/수량구간 할인 편집 팝업 직행 버튼,build,,,,STD-ADP-023,완료,raw/webadmin/webadmin/catalog/admin.py:2830
t49:91,t49,in,raw/webadmin/webadmin/config/urls.py:34,,webadmin,가격 관리,price_viewer,가격 뷰어,운영자(CS·상품),좌측 상품 트리 검색·선택(주카테고리 기준 그룹),build,,,,STD-ADP-032,완료,raw/webadmin/webadmin/config/urls.py:34
t49:92,t49,in,raw/webadmin/webadmin/config/urls.py:156,,webadmin,가격 관리,price_viewer,가격 뷰어,운영자(CS·상품),상품별 가격 원천 상세 조회 — 직접단가/가격공식/할인테이블 × 적용일자,build,,,,STD-ADP-032,완료,raw/webadmin/webadmin/config/urls.py:156
t49:93,t49,in,raw/webadmin/webadmin/config/urls.py:161,,webadmin,가격 관리,price_viewer,가격 뷰어,운영자(CS·상품),가격 원천 연결 저장 — 적용일자별 다건 등록(최신 적용분이 현재가),build,,,,STD-ADP-030,완료,raw/webadmin/webadmin/config/urls.py:161
t49:94,t49,in,raw/webadmin/tools/manual_content.py:498,,webadmin,가격 관리,price_viewer,가격 뷰어,운영자(CS·상품),할인 적용 대상 지정 — 전체 금액 할인 / 구성요소별 할인 나란히 연결,build,,,,STD-ADP-027,완료,raw/webadmin/tools/manual_content.py:498
t49:95,t49,in,raw/webadmin/webadmin/config/urls.py:144,,webadmin,가격 관리,price_viewer,가격 뷰어,운영자(CS·상품),선택 옵션 메타(연결 후보 공식·할인테이블 목록) 조회,build,,,,STD-ADP-023,완료,raw/webadmin/webadmin/config/urls.py:144
t49:96,t49,in,raw/webadmin/tools/manual_content.py:823,,webadmin,고객관리,tcuscustomers_admin,고객,운영자(CS·상품),고객 마스터 목록·검색·등록·편집·논리삭제,build,,,,NEW,완료,raw/webadmin/tools/manual_content.py:823 || plan_row_id=NEW 사유: _planrows-A.csv·_planrows-misc.csv 에 고객 마스터 관리 화면을 다루는 행 없음
t49:97,t49,in,raw/webadmin/webadmin/config/urls.py:353,,webadmin,기준정보,basecode_master,기초코드정보 (자기참조 MD),운영자(CS·상품),기초코드 그룹/코드 2단 분할 조회 + 팝업 CRUD,build,,,,STD-ADP-009,완료,raw/webadmin/webadmin/config/urls.py:353
t49:98,t49,in,raw/webadmin/webadmin/config/urls.py:355,,webadmin,기준정보,basecode_master,기초코드정보 (자기참조 MD),운영자(CS·상품),기초코드 논리삭제(삭제금지 정책상 use_yn 전환 운영),build,,,,STD-ADP-009,완료,raw/webadmin/webadmin/config/urls.py:355
t49:100,t49,in,raw/webadmin/tools/manual_content.py:419,,webadmin,기준정보,category_master,카테고리 (밀러 칼럼),운영자(CS·상품),단계별 카테고리 추가(상위 자동 지정)·편집 팝업,build,,,,STD-ADP-036,완료,raw/webadmin/tools/manual_content.py:419
t49:99,t49,in,raw/webadmin/webadmin/config/urls.py:363,,webadmin,기준정보,category_master,카테고리 (밀러 칼럼),운영자(CS·상품),대>중>소 3단계 밀러 칼럼 탐색,build,,,,STD-ADP-036,완료,raw/webadmin/webadmin/config/urls.py:363
t49:101,t49,in,raw/webadmin/webadmin/config/urls.py:337,,webadmin,기준정보,cover_rule,표지 규칙 (책등 설정과 독립),운영자(CS·상품),표지 규칙 저장 — 권당 조각 수·판 확장(좌상우하)·싸바리 여유(좌상우하),build,,,,STD-ADP-008,완료,raw/webadmin/webadmin/config/urls.py:337
t49:102,t49,in,raw/webadmin/webadmin/config/urls.py:339,,webadmin,기준정보,cover_rule,표지 규칙 (책등 설정과 독립),운영자(CS·상품),표지 규칙 삭제,build,,,,STD-ADP-008,완료,raw/webadmin/webadmin/config/urls.py:339
t49:103,t49,in,raw/webadmin/webadmin/config/urls.py:358,,webadmin,기준정보,master_delete,마스터 제네릭 논리삭제,운영자(CS·상품),기초코드/공정/자재/카테고리 공용 하위 항목 논리삭제,build,,,,STD-ADP-009,완료,raw/webadmin/webadmin/config/urls.py:358
t49:104,t49,in,raw/webadmin/webadmin/config/urls.py:360,,webadmin,기준정보,master_detail,자재·공정 마스터-디테일,운영자(CS·상품),자재 2단 마스터-디테일 — 상위 검색·하위 표 조회·추가·편집,build,,,,STD-ADP-002,완료,raw/webadmin/webadmin/config/urls.py:360
t49:105,t49,in,raw/webadmin/tools/manual_content.py:443,,webadmin,기준정보,master_detail,자재·공정 마스터-디테일,운영자(CS·상품),공정 2단 마스터-디테일 — 상위/하위 공정 관리 + 「사용 상품」 배지(3갈래 중복 제거·상위공정 하위 전개),build,,,,STD-ADP-005,완료,raw/webadmin/tools/manual_content.py:443
t49:106,t49,in,raw/webadmin/webadmin/config/urls.py:306,,webadmin,기준정보,paper_management,용지 관리,운영자(CS·상품),좌측 용지 목록 조회·선택(종이 MAT_TYPE.01 한정),build,,,,STD-ADP-003,완료,raw/webadmin/webadmin/config/urls.py:306
t49:107,t49,in,raw/webadmin/webadmin/config/urls.py:309,,webadmin,기준정보,paper_management,용지 관리,운영자(CS·상품),+ 용지 등록 — 신규 용지 자동채번·종이 유형 고정 생성,build,,,,STD-ADP-003,완료,raw/webadmin/webadmin/config/urls.py:309
t49:108,t49,in,raw/webadmin/webadmin/config/urls.py:312,,webadmin,기준정보,paper_management,용지 관리,운영자(CS·상품),기본정보 탭 저장 — 용지명·평량·두께(책등계산용 mm)·상위용지,build,,,,STD-ADP-003,완료,raw/webadmin/webadmin/config/urls.py:312
t49:109,t49,in,raw/webadmin/webadmin/config/urls.py:315,,webadmin,기준정보,paper_management,용지 관리,운영자(CS·상품),단가 탭 — 용지비(COMP_PAPER) mat_cd 스코프 부분 upsert 저장,build,,,,STD-ADP-024,완료,raw/webadmin/webadmin/config/urls.py:315
t49:110,t49,in,raw/webadmin/tools/manual_content.py:816,,webadmin,기준정보,printopt_admin,인쇄옵션 (표준 목록),운영자(CS·상품),인쇄 방식·앞뒷면 도수 기준정보 등록·편집,build,,,,STD-ADP-004,완료,raw/webadmin/tools/manual_content.py:816
t49:111,t49,in,raw/webadmin/webadmin/config/urls.py:344,,webadmin,기준정보,proc_usage_page,공정 › 사용 상품 팝업,운영자(CS·상품),공정을 쓰는 상품 목록 팝업(상품명·코드·연결 부분 배지 · 읽기 전용),build,,,,STD-ADP-005,완료,raw/webadmin/webadmin/config/urls.py:344
t49:112,t49,in,raw/webadmin/webadmin/config/urls.py:324,,webadmin,기준정보,spine_page,책등 계산 설정 (공정별 팝업),운영자(CS·상품),공정 목록 책등계산 열 아이콘 → 책등 계산 설정 팝업 페이지 열기,build,,,,STD-ADP-008,완료,raw/webadmin/webadmin/config/urls.py:324
t49:113,t49,in,raw/webadmin/webadmin/config/urls.py:326,,webadmin,기준정보,spine_page,책등 계산 설정 (공정별 팝업),운영자(CS·상품),공정별 책등 설정 메타 조회,build,,,,STD-ADP-008,완료,raw/webadmin/webadmin/config/urls.py:326
t49:114,t49,in,raw/webadmin/webadmin/config/urls.py:328,,webadmin,기준정보,spine_page,책등 계산 설정 (공정별 팝업),운영자(CS·상품),책등 설정 저장 — 여유분(mm)·올림 방식(정수/짝수/규격표)·표지 두께 포함 여부,build,,,,STD-ADP-008,완료,raw/webadmin/webadmin/config/urls.py:328
t49:115,t49,in,raw/webadmin/webadmin/config/urls.py:330,,webadmin,기준정보,spine_page,책등 계산 설정 (공정별 팝업),운영자(CS·상품),규격표 저장 — 색상·직경·길이·자재 행(트윈링 등 부속 규격),build,,,,STD-ADP-008,완료,raw/webadmin/webadmin/config/urls.py:330
t49:116,t49,in,raw/webadmin/webadmin/config/urls.py:322,,webadmin,기준정보,spine_page,책등 계산 설정 (공정별 팝업),운영자(CS·상품),규격표 자재 검색(정적 경로 materials),build,,,,STD-ADP-008,완료,raw/webadmin/webadmin/config/urls.py:322
t49:117,t49,in,raw/webadmin/webadmin/config/urls.py:332,,webadmin,기준정보,spine_page,책등 계산 설정 (공정별 팝업),운영자(CS·상품),책등 계산 설정 삭제,build,,,,STD-ADP-008,완료,raw/webadmin/webadmin/config/urls.py:332
t49:118,t49,in,raw/webadmin/webadmin/config/urls.py:318,,webadmin,기준정보,swatch_stage,스와치 이미지 업로드 (공용),운영자(CS·상품),자재·공정·용지 공용 스와치 이미지 multipart 업로드 스테이징(대상 실재·권한 검사 후 S3 적재),integrate,s3,webadmin→s3,webadmin,STD-ADP-002,완료,raw/webadmin/webadmin/config/urls.py:318
t49:119,t49,in,raw/webadmin/tools/manual_content.py:815,,webadmin,기준정보,tclrcolorcounts_admin,도수정보 (표준 목록),운영자(CS·상품),인쇄 도수(색 수) 마스터 등록·편집,build,,,,STD-ADP-004,완료,raw/webadmin/tools/manual_content.py:815
t49:120,t49,in,raw/webadmin/tools/manual_content.py:821,,webadmin,기준정보,tmatmaterials_admin,자재정보 (표준 목록),운영자(CS·상품),자재 마스터 등록·편집(스와치 이미지·태그 지원),build,,,,STD-ADP-002,완료,raw/webadmin/tools/manual_content.py:821
t49:121,t49,in,raw/webadmin/tools/manual_content.py:817,,webadmin,기준정보,tprocprocesses_admin,공정정보 (표준 목록),운영자(CS·상품),공정 마스터 등록 + 면별선택여부·고객노출설명·스와치이미지·작업여백 설정,build,,,,STD-ADP-005,완료,raw/webadmin/tools/manual_content.py:817
t49:122,t49,in,raw/webadmin/tools/manual_content.py:814,,webadmin,기준정보,tsizsizes_admin,사이즈정보 (표준 목록),운영자(CS·상품),완제품 사이즈(가로×세로)·재단/작업/여백·조판 여부 등록·태그 분류·검색,build,,,,STD-ADP-001,완료,raw/webadmin/tools/manual_content.py:814
t49:123,t49,in,raw/webadmin/webadmin/config/urls.py:292,,webadmin,도구,assistant_chat,관리자 비서 에이전트,운영자(CS·상품),관리자 화면 질의응답 채팅(SSE 스트리밍 · staff 게이트),build,,,,NEW,완료,raw/webadmin/webadmin/config/urls.py:292 || plan_row_id=NEW 사유: 계획행에 관리자 비서 에이전트 항목 없음
t49:124,t49,in,raw/webadmin/webadmin/config/urls.py:293,,webadmin,도구,assistant_meta,관리자 비서 에이전트,운영자(CS·상품),비서 메타(가용 컨텍스트) 조회,build,,,,NEW,완료,raw/webadmin/webadmin/config/urls.py:293 || plan_row_id=NEW 사유: 계획행에 관리자 비서 에이전트 항목 없음
t49:125,t49,in,raw/webadmin/webadmin/config/urls.py:296,,webadmin,도구,assistant_report,이슈 보고 (A-09),운영자(CS·상품),이슈 스크린샷 업로드,build,,,,NEW,완료,raw/webadmin/webadmin/config/urls.py:296 || plan_row_id=NEW 사유: 계획행에 이슈 보고 기능 항목 없음
t49:126,t49,in,raw/webadmin/webadmin/config/urls.py:298,,webadmin,도구,assistant_report,이슈 보고 (A-09),운영자(CS·상품),업로드된 이슈 스크린샷 조회(admin/ 하위 인증 서빙),build,,,,NEW,완료,raw/webadmin/webadmin/config/urls.py:298 || plan_row_id=NEW 사유: 계획행에 이슈 보고 기능 항목 없음
t49:127,t49,in,raw/webadmin/webadmin/config/urls.py:300,,webadmin,도구,assistant_report,이슈 보고 (A-09),운영자(CS·상품),이슈 보고 제출,build,,,,NEW,완료,raw/webadmin/webadmin/config/urls.py:300 || plan_row_id=NEW 사유: 계획행에 이슈 보고 기능 항목 없음
t49:128,t49,in,raw/webadmin/webadmin/config/urls.py:302,,webadmin,도구,assistant_report,이슈 보고 (A-09),운영자(CS·상품),이슈 보고 취소,build,,,,NEW,완료,raw/webadmin/webadmin/config/urls.py:302 || plan_row_id=NEW 사유: 계획행에 이슈 보고 기능 항목 없음
t49:129,t49,in,raw/webadmin/webadmin/config/urls.py:389,,webadmin,도구,impact_detail,사용처 상세 (영향도),운영자(CS·상품),마스터 값이 어디에 쓰이는지 standalone 사용처 목록 조회(수정 전 영향 확인),build,,,,STD-ADP-009,완료,raw/webadmin/webadmin/config/urls.py:389
t49:130,t49,in,raw/webadmin/webadmin/config/urls.py:397,,webadmin,문서,manual,관리자 사용 메뉴얼,운영자(CS·상품),docs/admin-manual.html 을 admin 인증 하에 서빙(새 탭),build,,,,NEW,완료,raw/webadmin/webadmin/config/urls.py:397 || plan_row_id=NEW 사유: 계획행에 webadmin 내장 문서 화면 항목 없음
t49:131,t49,in,raw/webadmin/webadmin/config/urls.py:395,,webadmin,문서,quickstart,퀵스타트 가이드,운영자(CS·상품),docs/admin-quickstart.html 서빙 — 예시 상품 1건 종단 따라하기,build,,,,NEW,완료,raw/webadmin/webadmin/config/urls.py:395 || plan_row_id=NEW 사유: 계획행에 webadmin 내장 문서 화면 항목 없음
t49:132,t49,in,raw/webadmin/webadmin/config/urls.py:400,,webadmin,문서,table_spec,테이블 명세서,관리자,docs/table-spec.html 서빙 — t_* 테이블 명세 조회,build,,,,NEW,완료,raw/webadmin/webadmin/config/urls.py:400 || plan_row_id=NEW 사유: 계획행에 webadmin 내장 문서 화면 항목 없음
t49:133,t49,in,raw/webadmin/webadmin/config/urls.py:399,,webadmin,문서,widget_manual,위젯빌더 메뉴얼,운영자(CS·상품),docs/widget-manual.html 서빙(위젯빌더 사용법 전용 문서·새 탭),build,,,,NEW,완료,raw/webadmin/webadmin/config/urls.py:399 || plan_row_id=NEW 사유: 계획행에 webadmin 내장 문서 화면 항목 없음
t49:134,t49,in,raw/webadmin/webadmin/config/urls.py:385,,webadmin,상품,constraints,상품 뷰어 › 제약 폼빌더,운영자(CS·상품),제약규칙 조건그룹 추가·AND/OR 논리연산 지정·JSONLogic 직접 편집 저장,build,,,,STD-ADP-021,완료,raw/webadmin/webadmin/config/urls.py:385
t49:135,t49,in,raw/webadmin/webadmin/config/urls.py:122,,webadmin,상품,design_md,상품별 디자인,운영자(CS·상품),좌측 상품 목록(등록 디자인 수 배지) 검색·선택,build,,,,STD-ADP-035,완료,raw/webadmin/webadmin/config/urls.py:122
t49:136,t49,in,raw/webadmin/webadmin/config/urls.py:124,,webadmin,상품,design_md,상품별 디자인,운영자(CS·상품),상품별 디자인 목록(썸네일·태그·고정사양·표시여부) 조회,build,,,,STD-ADP-035,완료,raw/webadmin/webadmin/config/urls.py:124
t49:137,t49,in,raw/webadmin/webadmin/config/urls.py:128,,webadmin,상품,design_md,상품별 디자인,운영자(CS·상품),디자인 저장 — PSCode·URI·태그·고정 사양(대상+항목+값)·표시여부 등록/수정,build,,,,STD-CAT-033,완료,raw/webadmin/webadmin/config/urls.py:128
t49:138,t49,in,raw/webadmin/tools/manual_content.py:780,,webadmin,상품,design_md,상품별 디자인,운영자(CS·상품),[저장 후 계속 추가] 연속 등록 / 행 [복제]로 유사 디자인 추가,build,,,,STD-ADP-035,완료,raw/webadmin/tools/manual_content.py:780
t49:139,t49,in,raw/webadmin/webadmin/config/urls.py:130,,webadmin,상품,design_md,상품별 디자인,운영자(CS·상품),디자인 논리삭제(복구 가능),build,,,,STD-ADP-035,완료,raw/webadmin/webadmin/config/urls.py:130
t49:140,t49,in,raw/webadmin/webadmin/config/urls.py:126,,webadmin,상품,design_md,상품별 디자인,운영자(CS·상품),썸네일 S3 직결 업로드 presign 발급,integrate,s3,webadmin→s3,webadmin,STD-ADP-035,완료,raw/webadmin/webadmin/config/urls.py:126
t49:141,t49,in,raw/webadmin/webadmin/config/urls.py:382,,webadmin,상품,dim_choices,상품 뷰어 › 차원 후보 Ajax,시스템(무인),상품 한정 차원 후보값(dim_choices) 조회 API,build,,,,STD-ADP-018,완료,raw/webadmin/webadmin/config/urls.py:382
t49:142,t49,in,raw/webadmin/webadmin/config/urls.py:43,,webadmin,상품,edicus_template_md,상품별 Edicus 템플릿 연결,운영자(CS·상품),판매 완제품 목록 + 등록 행 수(파랑)·편집기 미연결 조합 수(빨강) 배지 검사 표시,build,,,,STD-CAT-035,완료,raw/webadmin/webadmin/config/urls.py:43
t49:143,t49,in,raw/webadmin/webadmin/config/urls.py:45,,webadmin,상품,edicus_template_md,상품별 Edicus 템플릿 연결,운영자(CS·상품),상품별 사용차원·기존 템플릿 시트 메타 조회,build,,,,STD-CAT-035,완료,raw/webadmin/webadmin/config/urls.py:45
t49:144,t49,in,raw/webadmin/webadmin/config/urls.py:47,,webadmin,상품,edicus_template_md,상품별 Edicus 템플릿 연결,운영자(CS·상품),사용차원 칩 선택·열 순서 저장,build,,,,STD-CAT-035,완료,raw/webadmin/webadmin/config/urls.py:47
t49:145,t49,in,raw/webadmin/webadmin/config/urls.py:49,,webadmin,상품,edicus_template_md,상품별 Edicus 템플릿 연결,운영자(CS·상품),조합별 PSCode·템플릿 URI 시트 저장(엑셀 복붙 지원·미사용 행 자동 논리삭제),build,,,,STD-CAT-035,완료,raw/webadmin/webadmin/config/urls.py:49
t49:146,t49,in,raw/webadmin/webadmin/config/urls.py:51,,webadmin,상품,edicus_template_md,상품별 Edicus 템플릿 연결,운영자(CS·상품),상품의 템플릿 연결 전체 해제,build,,,,STD-CAT-035,완료,raw/webadmin/webadmin/config/urls.py:51
t49:147,t49,in,raw/webadmin/webadmin/config/urls.py:74,,webadmin,상품,guide_file_md,상품별 작업가이드 파일,운영자(CS·상품),좌 완제품 목록 + 우 가이드 파일 행 목록 조회,build,,,,STD-ADC-014,완료,raw/webadmin/webadmin/config/urls.py:74
t49:148,t49,in,raw/webadmin/webadmin/config/urls.py:77,,webadmin,상품,guide_file_md,상품별 작업가이드 파일,운영자(CS·상품),활성 가이드 파일 목록(del_yn=N) 조회,build,,,,STD-ADC-014,완료,raw/webadmin/webadmin/config/urls.py:77
t49:149,t49,in,raw/webadmin/webadmin/config/urls.py:83,,webadmin,상품,guide_file_md,상품별 작업가이드 파일,운영자(CS·상품),표시명·태그·순서·비고 prd_cd 스코프 부분 upsert 저장(원본파일명·키 불변),build,,,,STD-ADC-014,완료,raw/webadmin/webadmin/config/urls.py:83
t49:150,t49,in,raw/webadmin/webadmin/config/urls.py:86,,webadmin,상품,guide_file_md,상품별 작업가이드 파일,운영자(CS·상품),가이드 파일 논리삭제(S3 객체는 보존),build,,,,STD-ADC-014,완료,raw/webadmin/webadmin/config/urls.py:86
t49:151,t49,in,raw/webadmin/webadmin/config/urls.py:80,,webadmin,상품,guide_file_md,상품별 작업가이드 파일,운영자(CS·상품),업로드 presign 발급 — 확장자·크기 fail-closed 검증 후 S3 직결 PUT,integrate,s3,webadmin→s3,webadmin,STD-CAT-020,완료,raw/webadmin/webadmin/config/urls.py:80
t49:152,t49,in,raw/webadmin/webadmin/config/urls.py:89,,webadmin,상품,guide_file_md,상품별 작업가이드 파일,운영자(CS·상품),저장 안 한 업로드 S3 객체 즉시 정리(discard),integrate,s3,webadmin→s3,webadmin,STD-ADC-014,완료,raw/webadmin/webadmin/config/urls.py:89
t49:153,t49,in,raw/webadmin/webadmin/config/urls.py:93,,webadmin,상품,main_img_md,상품별 메인이미지,운영자(CS·상품),좌 완제품 목록(이미지 수·대표 썸네일·샵바이 동기화 배지) 조회,build,,,,STD-ADP-014,완료,raw/webadmin/webadmin/config/urls.py:93
t49:154,t49,in,raw/webadmin/webadmin/config/urls.py:96,,webadmin,상품,main_img_md,상품별 메인이미지,운영자(CS·상품),활성 메인이미지 목록(del_yn=N) 조회,build,,,,STD-ADP-014,완료,raw/webadmin/webadmin/config/urls.py:96
t49:155,t49,in,raw/webadmin/webadmin/config/urls.py:102,,webadmin,상품,main_img_md,상품별 메인이미지,운영자(CS·상품),메인이미지 부분 upsert 저장 + 대표/목록용 서버 권위 결정,build,,,,STD-ADP-014,완료,raw/webadmin/webadmin/config/urls.py:102
t49:156,t49,in,raw/webadmin/webadmin/config/urls.py:105,,webadmin,상품,main_img_md,상품별 메인이미지,운영자(CS·상품),메인이미지 논리삭제(S3 객체는 보존),build,,,,STD-ADP-014,완료,raw/webadmin/webadmin/config/urls.py:105
t49:157,t49,in,raw/webadmin/webadmin/config/urls.py:99,,webadmin,상품,main_img_md,상품별 메인이미지,운영자(CS·상품),업로드 presign 발급(확장자·크기 fail-closed · S3 직결 PUT),integrate,s3,webadmin→s3,webadmin,STD-ADP-014,완료,raw/webadmin/webadmin/config/urls.py:99
t49:158,t49,in,raw/webadmin/webadmin/config/urls.py:108,,webadmin,상품,main_img_md,상품별 메인이미지,운영자(CS·상품),저장 안 한 업로드 S3 객체 즉시 정리(discard),integrate,s3,webadmin→s3,webadmin,STD-ADP-014,완료,raw/webadmin/webadmin/config/urls.py:108
t49:159,t49,in,raw/webadmin/webadmin/catalog/shopby_sync.py:118,,webadmin,상품,main_img_md,상품별 메인이미지,시스템(무인),저장 직후 샵바이 상품 이미지 통째 교체 동기화(sync_main_images — 외부 URL 방식·실패해도 관리자 저장 비차단),integrate,shopby,webadmin→shopby,webadmin,T2-3,완료,raw/webadmin/webadmin/catalog/shopby_sync.py:118
t49:160,t49,in,raw/webadmin/webadmin/config/urls.py:111,,webadmin,상품,main_img_md,상품별 메인이미지,운영자(CS·상품),[샵바이 재시도] — 실패/대기 상태 상품의 이미지 동기화 재호출,integrate,shopby,webadmin→shopby,webadmin,T2-3,완료,raw/webadmin/webadmin/config/urls.py:111
t49:161,t49,in,raw/webadmin/webadmin/config/urls.py:370,,webadmin,상품,option_groups,상품 뷰어 › 옵션그룹,운영자(CS·상품),옵션그룹 목록 조회·추가·인라인 편집·논리삭제,build,,,,STD-ADP-017,완료,raw/webadmin/webadmin/config/urls.py:370
t49:162,t49,in,raw/webadmin/webadmin/config/urls.py:374,,webadmin,상품,option_items,상품 뷰어 › 옵션항목,운영자(CS·상품),옵션항목 CRUD(차원 참조값 지정 포함),build,,,,STD-ADP-018,완료,raw/webadmin/webadmin/config/urls.py:374
t49:163,t49,in,raw/webadmin/webadmin/config/urls.py:372,,webadmin,상품,options,상품 뷰어 › 옵션,운영자(CS·상품),옵션 목록 CRUD + ▲▼ 표시순서 재배치 후 저장,build,,,,STD-ADP-017,완료,raw/webadmin/webadmin/config/urls.py:372
t49:164,t49,in,raw/webadmin/webadmin/config/urls.py:347,,webadmin,상품,product_viewer,상품 뷰어,운영자(CS·상품),좌측 상품 트리 카테고리별 그룹 렌더·상품명/코드 검색 좁히기,build,,,,STD-ADP-010,완료,raw/webadmin/webadmin/config/urls.py:347
t49:165,t49,in,raw/webadmin/webadmin/config/urls.py:365,,webadmin,상품,product_viewer,상품 뷰어,운영자(CS·상품),선택 상품의 우측 상세(옵션·추가상품 템플릿·제약 전체 구성) 조회,build,,,,STD-ADP-010,완료,raw/webadmin/webadmin/config/urls.py:365
t49:166,t49,in,raw/webadmin/tools/manual_content.py:262,,webadmin,상품,product_viewer,상품 뷰어,운영자(CS·상품),사이즈 섹션 편집 — 규격목록·기본여부·표시순서·사이즈별 최소/최대 수량·증분·셋트 구성원 적용완제품사이즈 짝 저장,build,,,,STD-ADP-001,완료,raw/webadmin/tools/manual_content.py:262
t49:167,t49,in,raw/webadmin/tools/manual_content.py:275,,webadmin,상품,product_viewer,상품 뷰어,운영자(CS·상품),도수/인쇄옵션 섹션 편집 — 사용 인쇄옵션 선택·고객 표시명 지정,build,,,,STD-ADP-004,완료,raw/webadmin/tools/manual_content.py:275
t49:168,t49,in,raw/webadmin/tools/manual_content.py:278,,webadmin,상품,product_viewer,상품 뷰어,운영자(CS·상품),판형 섹션 편집 — 완제품 사이즈별 인쇄판·출력파일/용지유형·기본판형 지정,build,,,,STD-ADP-007,완료,raw/webadmin/tools/manual_content.py:278
t49:169,t49,in,raw/webadmin/tools/manual_content.py:281,,webadmin,상품,product_viewer,상품 뷰어,운영자(CS·상품),자재 섹션 편집 — 자재·용도·기본여부·고객선택여부 지정,build,,,,STD-ADP-002,완료,raw/webadmin/tools/manual_content.py:281
t49:170,t49,in,raw/webadmin/tools/manual_content.py:284,,webadmin,상품,product_viewer,상품 뷰어,운영자(CS·상품),공정 섹션 편집 — 상품별 공정 연결·필수여부·공정별 상세입력 최소/최대 범위,build,,,,STD-ADP-005,완료,raw/webadmin/tools/manual_content.py:284
t49:171,t49,in,raw/webadmin/tools/manual_content.py:289,,webadmin,상품,product_viewer,상품 뷰어,운영자(CS·상품),묶음수 섹션 편집 — 낱장·10매·100매 등 판매 묶음 단위 등록,build,,,,STD-OPT-041,완료,raw/webadmin/tools/manual_content.py:289
t49:172,t49,in,raw/webadmin/tools/manual_content.py:290,,webadmin,상품,product_viewer,상품 뷰어,운영자(CS·상품),추가상품 섹션 편집 — 이 상품에 끼워 팔 추가상품 템플릿 지정,build,,,,STD-ADP-020,완료,raw/webadmin/tools/manual_content.py:290
t49:173,t49,in,raw/webadmin/tools/manual_content.py:291,,webadmin,상품,product_viewer,상품 뷰어,운영자(CS·상품),페이지룰 섹션 편집 — 책자류 인쇄옵션별 페이지 최소·최대·증분,build,,,,STD-OPT-041,완료,raw/webadmin/tools/manual_content.py:291
t49:174,t49,in,raw/webadmin/webadmin/config/urls.py:367,,webadmin,상품,product_viewer,상품 뷰어,운영자(CS·상품),섹션 편집 팝업 공통 저장 처리(저장 후 상세 자동 새로고침),build,,,,STD-ADP-010,완료,raw/webadmin/webadmin/config/urls.py:367
t49:175,t49,in,raw/webadmin/webadmin/config/urls.py:350,,webadmin,상품,set_products,셋트상품 관리,운영자(CS·상품),셋트 구성 보유 상품 목록 검색·조회,build,,,,STD-ADP-016,완료,raw/webadmin/webadmin/config/urls.py:350
t49:176,t49,in,raw/webadmin/tools/manual_content.py:355,,webadmin,상품,set_products,셋트상품 관리,운영자(CS·상품),+ 새 셋트 생성 — 상품 선택 드롭다운으로 셋트 대상 지정,build,,,,STD-ADP-016,완료,raw/webadmin/tools/manual_content.py:355
t49:177,t49,in,raw/webadmin/tools/manual_content.py:358,,webadmin,상품,set_products,셋트상품 관리,운영자(CS·상품),셋트 구성원·구성원 수량·묶음 규칙 편집 폼(iframe) 저장,build,,,,STD-ADP-016,완료,raw/webadmin/tools/manual_content.py:358
t49:178,t49,in,raw/webadmin/webadmin/config/urls.py:391,,webadmin,상품,sku_catalog,추가상품 템플릿 카탈로그,운영자(CS·상품),전체 추가상품 템플릿 카탈로그 조회 + 상품별 편집 진입,build,,,,STD-ADP-012,완료,raw/webadmin/webadmin/config/urls.py:391
t49:179,t49,in,raw/webadmin/webadmin/config/urls.py:377,,webadmin,상품,sku_list,상품 뷰어 › 추가상품 템플릿(상품별),운영자(CS·상품),상품별 추가상품 템플릿 목록 조회·추가·템플릿명/기준상품/표시순서 인라인 편집,build,,,,STD-ADP-020,완료,raw/webadmin/webadmin/config/urls.py:377
t49:180,t49,in,raw/webadmin/webadmin/config/urls.py:379,,webadmin,상품,sku_selections,상품 뷰어 › 템플릿 선택값,운영자(CS·상품),템플릿에 고정된 옵션 선택값 드릴다운 조회·편집,build,,,,STD-ADP-020,완료,raw/webadmin/webadmin/config/urls.py:379
t49:181,t49,in,raw/webadmin/webadmin/config/urls.py:115,,webadmin,상품,start_price_md,상품별 기본사양가,운영자(CS·상품),상태 필터(전체/자동/수기/없음)·상품명 검색 목록 조회,build,,,,STD-ADP-033,완료,raw/webadmin/webadmin/config/urls.py:115
t49:182,t49,in,raw/webadmin/tools/manual_content.py:716,,webadmin,상품,start_price_md,상품별 기본사양가,운영자(CS·상품),자동 계산 실패 사유 표시(기본값 미지정·가격소스 없음/0원·판수 환산 불가),build,,,,STD-ADP-033,완료,raw/webadmin/tools/manual_content.py:716
t49:183,t49,in,raw/webadmin/webadmin/config/urls.py:117,,webadmin,상품,start_price_md,상품별 기본사양가,운영자(CS·상품),수기 금액·기준수량 저장 / 금액 비우고 저장해 수기 해제,build,,,,STD-CAT-039,완료,raw/webadmin/webadmin/config/urls.py:117
t49:184,t49,in,raw/webadmin/webadmin/config/urls.py:119,,webadmin,상품,start_price_md,상품별 기본사양가,운영자(CS·상품),행별 [지금 다시 계산] — 그 상품만 기본사양가 즉시 재계산,build,,,,STD-ADP-033,완료,raw/webadmin/webadmin/config/urls.py:119
t49:185,t49,in,raw/webadmin/webadmin/config/urls.py:54,,webadmin,상품,tmpl_combo_md,구성템플릿 조합 (내부 대조표),운영자(CS·상품),좌측 상품 목록 검색·선택,build,,,,STD-ADP-018,완료,raw/webadmin/webadmin/config/urls.py:54
t49:186,t49,in,raw/webadmin/webadmin/config/urls.py:56,,webadmin,상품,tmpl_combo_md,구성템플릿 조합 (내부 대조표),운영자(CS·상품),상품별 조합 메타(차원·기존 시트) 조회,build,,,,STD-ADP-018,완료,raw/webadmin/webadmin/config/urls.py:56
t49:187,t49,in,raw/webadmin/webadmin/config/urls.py:58,,webadmin,상품,tmpl_combo_md,구성템플릿 조합 (내부 대조표),운영자(CS·상품),조합 차원 선택(칩) 저장,build,,,,STD-ADP-018,완료,raw/webadmin/webadmin/config/urls.py:58
t49:188,t49,in,raw/webadmin/tools/manual_content.py:389,,webadmin,상품,tmpl_combo_md,구성템플릿 조합 (내부 대조표),운영자(CS·상품),조합 생성/갱신 — 선택 차원의 가능 조합 전개(기존 입력 유지),build,,,,STD-ADP-018,완료,raw/webadmin/tools/manual_content.py:389
t49:189,t49,in,raw/webadmin/webadmin/config/urls.py:60,,webadmin,상품,tmpl_combo_md,구성템플릿 조합 (내부 대조표),운영자(CS·상품),조합별 자재 지정 시트 전체 저장(빠진 행은 삭제 처리),build,,,,STD-ADP-018,완료,raw/webadmin/webadmin/config/urls.py:60
t49:190,t49,in,raw/webadmin/webadmin/config/urls.py:65,,webadmin,상품,tmpl_combo_regs,구성템플릿 조합 › 등록(차원 설정 벌),운영자(CS·상품),등록 벌 목록 조회·추가(seq 단위로 자재별 결정 차원 분리),build,,,,STD-ADP-018,완료,raw/webadmin/webadmin/config/urls.py:65
t49:191,t49,in,raw/webadmin/webadmin/config/urls.py:69,,webadmin,상품,tmpl_combo_regs,구성템플릿 조합 › 등록(차원 설정 벌),운영자(CS·상품),등록 벌 이름변경·삭제,build,,,,STD-ADP-018,완료,raw/webadmin/webadmin/config/urls.py:69
t49:192,t49,in,raw/webadmin/tools/manual_content.py:811,,webadmin,상품,tprdproducts_admin,상품정보 (표준 목록·편집),운영자(CS·상품),상품 마스터 표준 목록·검색·정렬·필터·추가·편집·논리삭제,build,,,,STD-ADP-010,완료,raw/webadmin/tools/manual_content.py:811
t49:193,t49,in,raw/webadmin/tools/manual_content.py:829,,webadmin,상품,tprdproducts_admin,상품정보 (표준 목록·편집),운영자(CS·상품),상품 스위치 설정 — 비규격여부·파일업로드여부·편집기여부·게시여부,build,,,,STD-ADP-014,완료,raw/webadmin/tools/manual_content.py:829
t49:194,t49,in,raw/webadmin/tools/manual_content.py:97,,webadmin,상품,tprdproducts_admin,상품정보 (표준 목록·편집),운영자(CS·상품),상품-카테고리 귀속 편집(다중분류·주카테고리여부),build,,,,STD-ADP-013,완료,raw/webadmin/tools/manual_content.py:97
t49:195,t49,in,raw/webadmin/webadmin/catalog/admin.py:2301,,webadmin,상품,tprdproducts_admin,상품정보 (표준 목록·편집),시스템(무인),저장 커밋 후 샵바이 전시(front display) 동기화 — on_commit 으로 롤백 저장은 미전송,integrate,shopby,webadmin→shopby,webadmin,T2-3,완료,raw/webadmin/webadmin/catalog/admin.py:2301
t49:196,t49,in,raw/webadmin/webadmin/catalog/admin.py:690,,webadmin,상품,tprdproducts_admin,상품정보 (표준 목록·편집),운영자(CS·상품),목록 「자사몰」 전시 동기화 배지 표시 + 동기화 상태 필터,build,,,,T2-3,완료,raw/webadmin/webadmin/catalog/admin.py:690
t49:197,t49,in,raw/webadmin/tools/manual_content.py:813,,webadmin,상품,tprdtemplates_admin,추가상품 템플릿 (표준 목록),운영자(CS·상품),끼워팔기용 추가상품 템플릿 표준 목록·편집(선택값 인라인·논리삭제),build,,,,STD-ADP-020,완료,raw/webadmin/tools/manual_content.py:813
t49:198,t49,in,raw/webadmin/webadmin/config/urls.py:387,,webadmin,상품,validate_preview,상품 뷰어 › 검증 미리보기,운영자(CS·상품),입력 조합 즉시 검증 미리보기(이 조합 검사),build,,,,STD-ADP-022,완료,raw/webadmin/webadmin/config/urls.py:387
t49:199,t49,in,raw/webadmin/webadmin/config/urls.py:273,,webadmin,연동,shopby_webhook,샵바이 웹훅 수신,시스템(무인),결제완료·취소·배송지변경 웹훅 수신 — 경로 마지막 조각이 비밀키(불일치 404) · 원문 저장 후 즉시 200,integrate,shopby,shopby→webadmin,webadmin,STD-PAY-031,완료,raw/webadmin/webadmin/config/urls.py:273
t49:200,t49,in,raw/webadmin/webadmin/config/urls.py:262,,webadmin,연동,wapi_cart_add,장바구니 항목 보관소,시스템(무인),장바구니 항목 등록 — 금액·사양·원고 파일 키 payload 보관(X-Huni-Server-Key 필수·CORS 미개방),integrate,huni-mall,huni-mall→webadmin,webadmin,STD-SYS-045,완료,raw/webadmin/webadmin/config/urls.py:262
t49:201,t49,in,raw/webadmin/webadmin/config/urls.py:263,,webadmin,연동,wapi_cart_fetch,장바구니 항목 보관소,시스템(무인),보관된 장바구니 항목 일괄 조회(서버-투-서버),integrate,huni-mall,huni-mall→webadmin,webadmin,STD-SYS-045,완료,raw/webadmin/webadmin/config/urls.py:263
t49:202,t49,in,raw/webadmin/webadmin/config/urls.py:265,,webadmin,연동,wapi_cart_item,장바구니 항목 보관소,시스템(무인),항목 단건 PUT(갱신)·DELETE(정리),integrate,huni-mall,huni-mall→webadmin,webadmin,STD-SYS-045,완료,raw/webadmin/webadmin/config/urls.py:265
t49:203,t49,in,raw/webadmin/webadmin/config/urls.py:290,,webadmin,연동,wapi_design_image,디자인 썸네일 공개 서빙,시스템(무인),디자인 썸네일 이미지 공개 서빙,integrate,huni-mall,webadmin→huni-mall,webadmin,STD-CAT-036,완료,raw/webadmin/webadmin/config/urls.py:290
t49:204,t49,in,raw/webadmin/webadmin/config/urls.py:288,,webadmin,연동,wapi_designs,디자인 목록 API,시스템(무인),상품별 디자인 목록 제공(자사몰 디자인 고르기 페이지 데이터원),integrate,huni-mall,webadmin→huni-mall,webadmin,STD-CAT-036,완료,raw/webadmin/webadmin/config/urls.py:288
t49:205,t49,in,raw/webadmin/webadmin/config/urls.py:281,,webadmin,연동,wapi_guides,가이드 파일 조회 API,시스템(무인),상품별 작업가이드 파일 목록 제공(자사몰 웹서버 전용 · site_key + gd: rate 버킷),integrate,huni-mall,webadmin→huni-mall,webadmin,STD-CAT-020,완료,raw/webadmin/webadmin/config/urls.py:281
t49:206,t49,in,raw/webadmin/webadmin/config/urls.py:284,,webadmin,연동,wapi_main_image,메인이미지 공개 서빙,시스템(무인),활성 행 file_key 정확 일치만 이미지 서빙(키 추측 스캔 차단 · site_key 게이트 없음),integrate,huni-mall,webadmin→huni-mall,webadmin,STD-ADP-014,완료,raw/webadmin/webadmin/config/urls.py:284
t49:207,t49,in,raw/webadmin/webadmin/config/urls.py:286,,webadmin,연동,wapi_main_images,메인이미지 조회 API,시스템(무인),상품별 메인이미지 목록 제공(자사몰 웹서버 전용 · site_key + mi: rate 버킷),integrate,huni-mall,webadmin→huni-mall,webadmin,STD-ADP-014,완료,raw/webadmin/webadmin/config/urls.py:286
t49:208,t49,in,raw/webadmin/webadmin/config/urls.py:268,,webadmin,연동,wapi_order_register,주문 등록 수신 API,시스템(무인),쇼핑몰이 주문 생성 직후 호출 — 사양·원고를 주문번호에 묶어 저장(서버-투-서버 · site_key),integrate,huni-mall,huni-mall→webadmin,webadmin,STD-PAY-031,완료,raw/webadmin/webadmin/config/urls.py:268
t49:209,t49,in,raw/webadmin/webadmin/config/urls.py:278,,webadmin,연동,wapi_swatch_image,스와치 이미지 공개 서빙,시스템(무인),공정/자재 마스터 스와치 이미지 공개 서빙(site_key 게이트 없음),integrate,huni-mall,webadmin→huni-mall,webadmin,STD-ADP-002,완료,raw/webadmin/webadmin/config/urls.py:278
t49:210,t49,in,raw/webadmin/webadmin/catalog/admin.py:2929,,webadmin,인증 및 권한,auth_user_admin,사용자,관리자,관리자 계정 등록·비밀번호·권한(그룹·개별 permission) 관리,build,,,,NEW,완료,raw/webadmin/webadmin/catalog/admin.py:2929 || plan_row_id=NEW 사유: 계획행에 webadmin 계정·권한 관리 항목 없음
t49:211,t49,in,raw/webadmin/webadmin/catalog/static/catalog/widget.js:1036,,widget,SDK·임베드,sdk_api,위젯 SDK API,시스템(무인),mount·destroy·getState·getSummary·setSelection·price·validate·submit·canOrder·getStatus·setNotice·on·off 제공,build,,,,STD-OPT-001,완료,raw/webadmin/webadmin/catalog/static/catalog/widget.js:1036 HuniWidgetSDK.prototype.mount ~ raw/webadmin/webadmin/catalog/static/catalog/widget.js:1112
t49:212,t49,in,raw/webadmin/webadmin/config/urls.py:246,,widget,SDK·임베드,sdk_cart_guide,장바구니 연동 가이드(/sdk/cart-guide/),관리자,쇼핑몰 개발 담당자용 장바구니 연동 공개 가이드 서빙,build,,,,STD-SYS-045,완료,raw/webadmin/webadmin/config/urls.py:246 cart_guide
t49:213,t49,in,raw/webadmin/webadmin/config/urls.py:243,,widget,SDK·임베드,sdk_demo,SDK 데모(/sdk/demo/),관리자,게시 위젯 실임베드 데모 서빙(site_key 게이트 포함·우회 없음),build,,,,NEW,완료,raw/webadmin/webadmin/config/urls.py:243 sdk_demo · 대응 런웨이 행 없음
t49:214,t49,in,raw/webadmin/tools/widget_manual_content.py:968,,widget,SDK·임베드,sdk_embed,임베드 운영 요건,관리자,허용 사이트(도메인 + 사이트 키)로 등록된 도메인에서만 위젯 API 응답,build,,,,NEW,완료,raw/webadmin/tools/widget_manual_content.py:968 EMBED_NOTES 「사이트 키」 · 대응 런웨이 행 없음
t49:215,t49,in,raw/webadmin/tools/widget_manual_content.py:968,,widget,SDK·임베드,sdk_embed,임베드 운영 요건,관리자,오픈 전 과업 — 신규몰 도메인을 허용 사이트(도메인 + 사이트 키)에 등록,config,,,,NEW,미확인,raw/webadmin/tools/widget_manual_content.py:968 EMBED_NOTES 「새 도메인에 붙이려면 허용 사이트에 도메인을 먼저 등록해야 합니다」 — ⓑ 오픈 전 필수 세팅 근거 · 등록 여부 미실측
t49:216,t49,in,raw/webadmin/webadmin/config/urls.py:242,,widget,SDK·임베드,sdk_guide,SDK 개발자 가이드(/sdk/guide/),관리자,외부 파트너 개발자용 공개 임베드 가이드 서빙(docs/widget-sdk-guide.html),build,,,,NEW,완료,raw/webadmin/webadmin/config/urls.py:242 sdk_guide · 대응 런웨이 행 없음
t49:217,t49,in,raw/webadmin/webadmin/config/urls.py:248,,widget,위젯 API,wapi_catalog,GET /api/w/v1/catalog,시스템(무인),게시 위젯 카탈로그 + 상품별 시작가 조회,integrate,huni-mall,huni-mall→webadmin,webadmin,STD-CAT-043,완료,raw/webadmin/webadmin/config/urls.py:248 · raw/webadmin/webadmin/catalog/widget_api.py:5841
t49:218,t49,in,raw/webadmin/webadmin/config/urls.py:275,,widget,위젯 API,wapi_editor_resolve,POST /api/w/v1/editor/resolve,시스템(무인),옵션조합 → Edicus PSCode·템플릿 URI 해석,integrate,widget,widget→webadmin,webadmin,STD-ART-030,완료,raw/webadmin/webadmin/config/urls.py:275 · raw/webadmin/webadmin/catalog/static/catalog/widget.js:392
t49:219,t49,in,raw/webadmin/webadmin/config/urls.py:276,,widget,위젯 API,wapi_editor_token,POST /api/w/v1/editor/token,시스템(무인),Edicus 사용자 토큰 대리 발급,integrate,widget,widget→webadmin,webadmin,STD-ART-021,완료,raw/webadmin/webadmin/config/urls.py:276 · raw/webadmin/webadmin/catalog/static/catalog/widget.js:584
t49:220,t49,in,raw/webadmin/webadmin/config/urls.py:255,,widget,위젯 API,wapi_handoff,POST /api/w/v1/handoff,시스템(무인),재계산 + HMAC 서명 토큰 발급(주문 인계),integrate,widget,widget→webadmin,webadmin,STD-PAY-031,완료,raw/webadmin/webadmin/config/urls.py:255 · raw/webadmin/webadmin/catalog/widget_api.py:3416
t49:221,t49,in,raw/webadmin/webadmin/config/urls.py:257,,widget,위젯 API,wapi_handoff_requote,POST /api/w/v1/handoff/requote,시스템(무인),장바구니 재견적(결제 직전 갱신·수량 변경),integrate,huni-mall,huni-mall→webadmin,webadmin,STD-SYS-045,완료,raw/webadmin/webadmin/config/urls.py:257 · raw/webadmin/webadmin/catalog/widget_api.py:5011
t49:222,t49,in,raw/webadmin/webadmin/config/urls.py:256,,widget,위젯 API,wapi_handoff_verify,POST /api/w/v1/handoff/verify,시스템(무인),쇼핑몰 서버가 서명 토큰·금액 검증(서버-투-서버),integrate,huni-mall,huni-mall→webadmin,webadmin,STD-PAY-031,완료,raw/webadmin/webadmin/config/urls.py:256 · raw/webadmin/webadmin/catalog/widget_api.py:183
t49:223,t49,in,raw/webadmin/webadmin/config/urls.py:253,,widget,위젯 API,wapi_multipart,POST /api/w/v1/upload/multipart/<action>,시스템(무인),멀티파트 업로드 create|sign|complete|abort,integrate,widget,widget→webadmin,webadmin,STD-ART-002,완료,raw/webadmin/webadmin/config/urls.py:253 · raw/webadmin/webadmin/catalog/static/catalog/widget.js:819
t49:224,t49,in,raw/webadmin/webadmin/config/urls.py:251,,widget,위젯 API,wapi_presign,POST /api/w/v1/upload/presign,시스템(무인),원고 단일 업로드 presign 발급,integrate,widget,widget→webadmin,webadmin,STD-ART-001,완료,raw/webadmin/webadmin/config/urls.py:251 · raw/webadmin/webadmin/catalog/static/catalog/widget.js:799
t49:225,t49,in,raw/webadmin/webadmin/config/urls.py:249,,widget,위젯 API,wapi_price,POST /api/w/v1/price,시스템(무인),서버 권위 가격 계산(구성요소·셋트 구성원·할인 단계 반환),integrate,widget,widget→webadmin,webadmin,STD-OPT-044,완료,raw/webadmin/webadmin/config/urls.py:249 · raw/webadmin/webadmin/catalog/static/catalog/widget.js:682
t49:226,t49,in,raw/webadmin/webadmin/config/urls.py:250,,widget,위젯 API,wapi_validate,POST /api/w/v1/validate,시스템(무인),주문 전 사양 검증,integrate,widget,widget→webadmin,webadmin,T2-4,완료,raw/webadmin/webadmin/config/urls.py:250 · raw/webadmin/webadmin/catalog/static/catalog/widget.js:924
t49:227,t49,in,raw/webadmin/webadmin/config/urls.py:247,,widget,위젯 API,wapi_widget,GET /api/w/v1/widgets/<wgt_cd>,시스템(무인),게시 위젯 설정·메타 조회(site_key 게이트),integrate,widget,widget→webadmin,webadmin,STD-OPT-002,완료,raw/webadmin/webadmin/config/urls.py:247 · raw/webadmin/webadmin/catalog/static/catalog/widget.js:145 클라이언트 호출 확인
t49:228,t49,in,raw/webadmin/webadmin/catalog/static/catalog/widget_renderer.js:2186,,widget,위젯 런타임(고객),rt_constraint,제약 평가,고객,옵션 제약 규칙 평가로 선택지 비활성/숨김 및 충돌 선택 자동 해제 안내,build,,,,STD-OPT-037,완료,raw/webadmin/webadmin/catalog/static/catalog/widget_renderer.js:2186 · raw/webadmin/tools/widget_manual_content.py:873
t49:229,t49,in,raw/webadmin/webadmin/catalog/static/catalog/widget_renderer.js:5936,,widget,위젯 런타임(고객),rt_cta,담기 CTA,고객,장바구니 담기 버튼 렌더 및 미충족 사유 표시,build,,,,STD-OPT-007,완료,raw/webadmin/webadmin/catalog/static/catalog/widget_renderer.js:5936 pv-cta-btn · raw/webadmin/webadmin/catalog/static/catalog/widget_renderer.js:5944 renderCanOrder
t49:230,t49,in,raw/webadmin/webadmin/catalog/static/catalog/widget.js:171,,widget,위젯 런타임(고객),rt_design,디자인 상품 진입,고객,디자인 코드로 고정 사양 잠금 + 디자인 배너 표시,build,,,,STD-CAT-033,완료,raw/webadmin/webadmin/catalog/static/catalog/widget.js:171 fetch /api/w/v1/designs · raw/webadmin/webadmin/catalog/static/catalog/widget.js:195 _applyDesignLock · raw/webadmin/webadmin/catalog/static/catalog/widget.js:225 _designBanner
t49:231,t49,in,raw/webadmin/webadmin/catalog/static/catalog/widget.js:392,,widget,위젯 런타임(고객),rt_editor,편집기 진입,고객,편집기 버튼 클릭 시 선택 옵션조합 → PSCode·템플릿 URI 해석 요청,integrate,webadmin,widget→webadmin,widget,STD-ART-030,완료,raw/webadmin/webadmin/catalog/static/catalog/widget.js:392 post /api/w/v1/editor/resolve
t49:232,t49,in,raw/webadmin/webadmin/catalog/static/catalog/widget.js:414,,widget,위젯 런타임(고객),rt_editor,편집기 오버레이,고객,Edicus 편집기 SDK 로드 후 오버레이 기동 및 save/close/error 수신,integrate,edicus,widget→edicus,widget,STD-ART-021,완료,raw/webadmin/webadmin/catalog/static/catalog/widget.js:414 _ensureEditorSdk(huni_editor_sdk.js) · raw/webadmin/webadmin/catalog/static/catalog/widget.js:593 · raw/webadmin/webadmin/catalog/static/catalog/widget.js:613 sdk.on(save) — 브리지 코드가 widget.js 안에 있어 owner_side=widget
t49:233,t49,in,raw/webadmin/webadmin/catalog/static/catalog/widget.js:584,,widget,위젯 런타임(고객),rt_editor,편집기 토큰,고객,편집기 사용자 토큰 대리 발급 요청(비회원은 게스트 토큰),integrate,webadmin,widget→webadmin,widget,STD-ART-021,완료,raw/webadmin/webadmin/catalog/static/catalog/widget.js:584 post /api/w/v1/editor/token · raw/webadmin/webadmin/catalog/static/catalog/widget.js:449 _guestToken
t49:234,t49,in,raw/webadmin/webadmin/catalog/static/catalog/widget.js:331,,widget,위젯 런타임(고객),rt_editor,편집기 결과 수용,고객,setEditorResult 로 편집 산출물(docInfo)을 해당 항목에 반영,build,,,,STD-ART-024,완료,raw/webadmin/webadmin/catalog/static/catalog/widget.js:331 setEditorResult · raw/webadmin/webadmin/catalog/static/catalog/widget.js:349 summarizeDocInfo
t49:235,t49,in,raw/webadmin/webadmin/catalog/static/catalog/widget.js:125,,widget,위젯 런타임(고객),rt_events,이벤트 방출,고객,ready·change·priced·state·submit 커스텀 이벤트로 임베드 페이지에 상태 전달,build,,,,NEW,완료,raw/webadmin/webadmin/catalog/static/catalog/widget.js:125 _emit · raw/webadmin/webadmin/catalog/static/catalog/widget.js:871 _emitState · 대응 런웨이 행 없음
t49:236,t49,in,raw/webadmin/webadmin/catalog/static/catalog/widget.js:100,,widget,위젯 런타임(고객),rt_guard,이탈 방지,고객,편집 중 페이지 이탈 경고 가드,build,,,,NEW,완료,raw/webadmin/webadmin/catalog/static/catalog/widget.js:100 _attachUnloadGuard · 대응 런웨이 행 없음
t49:237,t49,in,raw/webadmin/webadmin/catalog/static/catalog/widget.js:446,,widget,위젯 런타임(고객),rt_guest,비회원 토큰,고객,게스트 토큰 발급·로컬 보관(레거시 guest id 승계),build,,,,NEW,완료,raw/webadmin/webadmin/catalog/static/catalog/widget.js:446 _guestTokenKey · raw/webadmin/webadmin/catalog/static/catalog/widget.js:465 _legacyGuestId · 대응 런웨이 행 없음
t49:238,t49,in,raw/webadmin/webadmin/catalog/static/catalog/widget.js:48,,widget,위젯 런타임(고객),rt_mount,위젯 런타임 마운트,고객,커스텀 엘리먼트 마운트 + 의존 스크립트 지연 로드(json-logic·constraint_engine·spine_calc·cover_rule·renderer),build,,,,STD-OPT-001,완료,raw/webadmin/webadmin/catalog/static/catalog/widget.js:48 ensureDeps
t49:239,t49,in,raw/webadmin/webadmin/catalog/static/catalog/widget.js:145,,widget,위젯 런타임(고객),rt_mount,위젯 런타임 마운트,고객,site_key 로 게시 위젯 설정 조회 후 렌더,integrate,webadmin,widget→webadmin,widget,STD-OPT-002,완료,raw/webadmin/webadmin/catalog/static/catalog/widget.js:145 fetch /api/w/v1/widgets/<wgt_cd> · 런타임 코드는 webadmin static 에 배포되나 호출 주체는 위젯이라 owner_side=widget
t49:240,t49,in,raw/webadmin/webadmin/catalog/static/catalog/widget.js:682,,widget,위젯 런타임(고객),rt_price,실시간 견적,고객,선택 변경 시 서버 가격 재계산 요청,integrate,webadmin,widget→webadmin,widget,STD-OPT-043,완료,raw/webadmin/webadmin/catalog/static/catalog/widget.js:682 post /api/w/v1/price
t49:241,t49,in,raw/webadmin/webadmin/catalog/static/catalog/widget_renderer.js:6411,,widget,위젯 런타임(고객),rt_price,가격 표시,고객,구성요소별 금액 박스 렌더(셋트는 구성원별 분해),build,,,,STD-OPT-046,완료,raw/webadmin/webadmin/catalog/static/catalog/widget_renderer.js:6411 renderPriceBoxes
t49:242,t49,in,raw/webadmin/webadmin/catalog/static/catalog/widget_renderer.js:6513,,widget,위젯 런타임(고객),rt_price,가격 표시,고객,수량 구간 할인 박스 렌더,build,,,,STD-OPT-047,완료,raw/webadmin/webadmin/catalog/static/catalog/widget_renderer.js:6513 renderTierBoxes
t49:243,t49,in,raw/webadmin/webadmin/catalog/static/catalog/widget_renderer.js:28,,widget,위젯 런타임(고객),rt_render,옵션 렌더,고객,20종 소스유형(차원·옵션그룹·수량·추가상품·패널·가격·파일·편집기·비규격·피커·후가공·건수·제목·머리말·부속색상·책등표시 등) 다형 렌더,build,,,,STD-OPT-003,완료,raw/webadmin/webadmin/catalog/static/catalog/widget_renderer.js:28 SRC 맵 · raw/webadmin/webadmin/catalog/static/catalog/widget_renderer.js:6642 render()
t49:244,t49,in,raw/webadmin/webadmin/catalog/static/catalog/widget_renderer.js:986,,widget,위젯 런타임(고객),rt_render,옵션 렌더,고객,판매 불가 후보 사전 제거 — 화면에는 보이는데 담기에서 422 나는 비대칭 차단,build,,,,STD-OPT-004,완료,raw/webadmin/webadmin/catalog/static/catalog/widget_renderer.js:986 · raw/webadmin/webadmin/catalog/static/catalog/widget_renderer.js:3017
t49:245,t49,in,raw/webadmin/webadmin/catalog/static/catalog/widget.js:953,,widget,위젯 런타임(고객),rt_submit,장바구니 담기,고객,canOrder → validate → handoff 서명 토큰 발급 → huni:submit 이벤트 방출,integrate,huni-mall,widget→huni-mall,widget,STD-PAY-031,완료,raw/webadmin/webadmin/catalog/static/catalog/widget.js:953 submit · raw/webadmin/webadmin/catalog/static/catalog/widget.js:1015 post /api/w/v1/handoff
t49:246,t49,in,raw/webadmin/tools/widget_manual_content.py:972,,widget,위젯 런타임(고객),rt_theme,테마 적용,고객,CSS 변수(--hw-*)로 임베드 사이트 색·글꼴·간격 반영,build,,,,NEW,완료,raw/webadmin/tools/widget_manual_content.py:972 EMBED_NOTES · 대응 런웨이 행 없음
t49:247,t49,in,raw/webadmin/webadmin/catalog/static/catalog/widget.js:799,,widget,위젯 런타임(고객),rt_upload,원고 업로드,고객,단일 파일 presign 발급 후 직접 PUT 업로드 및 진행률 보고,integrate,webadmin,widget→webadmin,widget,STD-ART-001,완료,raw/webadmin/webadmin/catalog/static/catalog/widget.js:799 _uploadSingle → /api/w/v1/upload/presign
t49:248,t49,in,raw/webadmin/webadmin/catalog/static/catalog/widget.js:819,,widget,위젯 런타임(고객),rt_upload,원고 업로드,고객,100MB 이상 멀티파트 업로드(create→sign→complete·실패 시 abort),integrate,webadmin,widget→webadmin,widget,STD-ART-002,완료,raw/webadmin/webadmin/catalog/static/catalog/widget.js:819 _uploadMultipart
t49:249,t49,in,raw/webadmin/webadmin/catalog/static/catalog/widget.js:773,,widget,위젯 런타임(고객),rt_upload,원고 업로드,고객,건수(디자인 N종)별 파일 순차 업로드·실패 항목 표시,build,,,,STD-ART-004,완료,raw/webadmin/webadmin/catalog/static/catalog/widget.js:773 _upload — descs.reduce 순차 체인
t49:250,t49,in,raw/webadmin/webadmin/catalog/static/catalog/widget.js:924,,widget,위젯 런타임(고객),rt_validate,주문 전 검증,고객,담기 전 서버 validate 호출(옵션·셋트 본문·디자인을 handoff 와 같은 자리로 전송),integrate,webadmin,widget→webadmin,widget,T2-4,완료,raw/webadmin/webadmin/catalog/static/catalog/widget.js:924 validate → /api/w/v1/validate
t49:251,t49,in,raw/webadmin/webadmin/config/urls.py:192,,widget,위젯빌더(운영자),builder_io,위젯 작업본 로드·저장,운영자(CS·상품),위젯 항목 전체 로드 및 편집 0.6초 뒤 자동저장,build,,,,NEW,완료,raw/webadmin/webadmin/config/urls.py:192 widget_load · raw/webadmin/webadmin/config/urls.py:194 widget_save · raw/webadmin/tools/widget_manual_content.py:882 PUBLISH_NOTES
t49:252,t49,in,raw/webadmin/tools/widget_manual_content.py:957,,widget,위젯빌더(운영자),builder_io,위젯 작업본 로드·저장,운영자(CS·상품),동시 편집 충돌 감지 시 자동저장 중단·서버 최신본 재로드 / 브라우저 크래시 복구본 이어쓰기,build,,,,NEW,완료,raw/webadmin/tools/widget_manual_content.py:957 PUBLISH_NOTES 「동시 편집 · 크래시 복구」
t49:253,t49,in,raw/webadmin/webadmin/config/urls.py:236,,widget,위젯빌더(운영자),builder_templates,템플릿에서 시작,운영자(CS·상품),새 위젯 생성 시 템플릿 목록에서 골라 항목 전체(배치·속성·기본값) 복제,build,,,,NEW,완료,raw/webadmin/webadmin/config/urls.py:236 widget_templates · raw/webadmin/tools/widget_manual_content.py:918 PUBLISH_NOTES 「템플릿」
t49:254,t49,in,raw/webadmin/webadmin/config/urls.py:200,,widget,위젯빌더(운영자),builder_usage,위젯 사용 현황,운영자(CS·상품),삭제 전 사용 현황 조회(게시 여부·게시 버전 수·허용 사이트·최근 사용),build,,,,NEW,완료,raw/webadmin/webadmin/config/urls.py:200 widget_usage · raw/webadmin/tools/widget_manual_content.py:953 PUBLISH_NOTES 「위젯 삭제」
t49:255,t49,in,raw/webadmin/tools/widget_manual_content.py:561,,widget,위젯빌더(운영자),comp_addon,속성 — 추가상품(체크박스),운영자(CS·상품),추가상품 체크박스 배치,build,,,,STD-OPT-034,완료,raw/webadmin/tools/widget_manual_content.py:561
t49:256,t49,in,raw/webadmin/tools/widget_manual_content.py:705,,widget,위젯빌더(운영자),comp_casecnt,속성 — 건수,운영자(CS·상품),사양·수량은 같고 원고만 다른 반복 건수 입력 배치,build,,,,STD-OPT-018,완료,raw/webadmin/tools/widget_manual_content.py:705 · raw/webadmin/tools/widget_manual_content.py:429
t49:257,t49,in,raw/webadmin/tools/widget_manual_content.py:783,,widget,위젯빌더(운영자),comp_common,공통 속성,운영자(CS·상품),라벨 텍스트·라벨 표시·컨트롤 유형·컨트롤 숨김·제약 위반 시(비활성/숨김)·너비·여백·버튼 열 수·props JSON 지정,build,,,,STD-OPT-003,완료,raw/webadmin/tools/widget_manual_content.py:783 COMMON_PROPS
t49:258,t49,in,raw/webadmin/tools/widget_manual_content.py:793,,widget,위젯빌더(운영자),comp_common,공통 속성,운영자(CS·상품),항목 기본값 지정(비우면 상품설정 기본여부를 따름),build,,,,T2-2,완료,raw/webadmin/tools/widget_manual_content.py:793 COMMON_PROPS 「기본값」
t49:259,t49,in,raw/webadmin/tools/widget_manual_content.py:793,,widget,위젯빌더(운영자),comp_common,공통 속성,운영자(CS·상품),오픈 전 과업 — 게시 위젯 전수 기본값 미지정 점검·지정 후 재게시,config,,,,T2-2,진행,raw/webadmin/tools/widget_manual_content.py:793 COMMON_PROPS 「기본값」 · _workspace/huni-launch-runway/08_system-screen/t49/_planrows-A.csv:3 T2-2 「위젯 기본값 미지정 교정·재게시」(부분) — ⓐ 원장 대응
t49:260,t49,in,raw/webadmin/tools/widget_manual_content.py:814,,widget,위젯빌더(운영자),comp_common,컨트롤 유형,운영자(CS·상품),버튼그룹·셀렉트박스·라디오그룹·토글·텍스트필드·수량스텝퍼·이미지 스와치·체크박스그룹·버튼그룹(다중)·라벨 중 선택,build,,,,STD-OPT-003,완료,raw/webadmin/tools/widget_manual_content.py:814 CTRL_TYPES
t49:261,t49,in,raw/webadmin/tools/widget_manual_content.py:514,,widget,위젯빌더(운영자),comp_dim,속성 — 차원,운영자(CS·상품),사이즈·자재·인쇄옵션 차원의 컨트롤·치수 표시·비규격 직접입력·스와치 모양 지정,build,,,,STD-OPT-014,완료,raw/webadmin/tools/widget_manual_content.py:514 COMPONENTS 차원 · raw/webadmin/tools/widget_manual_content.py:411
t49:262,t49,in,raw/webadmin/tools/widget_manual_content.py:662,,widget,위젯빌더(운영자),comp_divider,속성 — 가로선,운영자(CS·상품),구분선 배치,build,,,,NEW,완료,raw/webadmin/tools/widget_manual_content.py:662 · 구조 요소 단위 런웨이 행 없음
t49:263,t49,in,raw/webadmin/tools/widget_manual_content.py:616,,widget,위젯빌더(운영자),comp_divider,속성 — 빈 공백,운영자(CS·상품),여백 배치(삭제만 가능),build,,,,NEW,완료,raw/webadmin/tools/widget_manual_content.py:616 · 구조 요소 단위 런웨이 행 없음
t49:264,t49,in,raw/webadmin/tools/widget_manual_content.py:604,,widget,위젯빌더(운영자),comp_editor,속성 — 편집기 버튼,운영자(CS·상품),Edicus 편집기 진입 버튼 속성 지정(상품 편집기여부=Y 필요),build,,,,STD-ART-021,완료,raw/webadmin/tools/widget_manual_content.py:604 · raw/webadmin/tools/widget_manual_content.py:462
t49:265,t49,in,raw/webadmin/tools/widget_manual_content.py:591,,widget,위젯빌더(운영자),comp_file,속성 — 파일 업로드,운영자(CS·상품),원고 접수 규칙(형식·개수·용량·필수 여부) 지정,build,,,,STD-ART-001,완료,raw/webadmin/tools/widget_manual_content.py:591 · raw/webadmin/tools/widget_manual_content.py:426
t49:266,t49,in,raw/webadmin/tools/widget_manual_content.py:681,,widget,위젯빌더(운영자),comp_head,속성 — 머리말,운영자(CS·상품),구역 섹션 헤더 라벨·아이콘 지정(셋트는 비우면 역할명 표기),build,,,,NEW,완료,raw/webadmin/tools/widget_manual_content.py:681 · 대응 런웨이 행 없음
t49:267,t49,in,raw/webadmin/tools/widget_manual_content.py:465,,widget,위젯빌더(운영자),comp_member,속성 — 구성원 스코프,운영자(CS·상품),셋트상품 입력의 본품(공통)/구성원(표지·내지) 귀속 지정,build,,,,STD-OPT-020,완료,raw/webadmin/tools/widget_manual_content.py:465 · raw/webadmin/tools/widget_manual_content.py:804 COMMON_PROPS 구성원 스코프
t49:268,t49,in,raw/webadmin/tools/widget_manual_content.py:621,,widget,위젯빌더(운영자),comp_nonspec,속성 — 비규격 치수,운영자(CS·상품),가로·세로 직접입력 범위 지정(상품 비규격여부=Y 필요),build,,,,STD-OPT-015,완료,raw/webadmin/tools/widget_manual_content.py:621 · raw/webadmin/tools/widget_manual_content.py:453
t49:269,t49,in,raw/webadmin/tools/widget_manual_content.py:630,,widget,위젯빌더(운영자),comp_nonspec,속성 — 추가상품 피커,운영자(CS·상품),끼워팔기 목록·개당 단가 표시 지정,build,,,,STD-OPT-036,완료,raw/webadmin/tools/widget_manual_content.py:630 · raw/webadmin/tools/widget_manual_content.py:455
t49:270,t49,in,raw/webadmin/tools/widget_manual_content.py:525,,widget,위젯빌더(운영자),comp_optgrp,속성 — 옵션그룹,운영자(CS·상품),상품 옵션그룹을 선택지로 배치(단일/다중은 옵션그룹 마스터가 결정),build,,,,STD-ADP-017,완료,raw/webadmin/tools/widget_manual_content.py:525 · raw/webadmin/tools/widget_manual_content.py:414
t49:271,t49,in,raw/webadmin/tools/widget_manual_content.py:567,,widget,위젯빌더(운영자),comp_panel,속성 — 패널,운영자(CS·상품),접기 그룹 생성·제목 지정,build,,,,STD-OPT-006,완료,raw/webadmin/tools/widget_manual_content.py:567 · raw/webadmin/tools/widget_manual_content.py:432
t49:272,t49,in,raw/webadmin/tools/widget_manual_content.py:573,,widget,위젯빌더(운영자),comp_panel,속성 — 라벨,운영자(CS·상품),고정 라벨 텍스트 배치,build,,,,NEW,완료,raw/webadmin/tools/widget_manual_content.py:573 · 구조 요소 단위 런웨이 행 없음
t49:273,t49,in,raw/webadmin/tools/widget_manual_content.py:579,,widget,위젯빌더(운영자),comp_panel,속성 — 안내문,운영자(CS·상품),안내 문구 블록 배치,build,,,,NEW,완료,raw/webadmin/tools/widget_manual_content.py:579 · 구조 요소 단위 런웨이 행 없음
t49:274,t49,in,raw/webadmin/tools/widget_manual_content.py:584,,widget,위젯빌더(운영자),comp_price,속성 — 가격 요약,운영자(CS·상품),합계만 표시할지 구성요소별로 펼칠지 지정,build,,,,STD-OPT-046,완료,raw/webadmin/tools/widget_manual_content.py:584 · raw/webadmin/tools/widget_manual_content.py:423
t49:275,t49,in,raw/webadmin/tools/widget_manual_content.py:639,,widget,위젯빌더(운영자),comp_procsel,속성 — 후가공(공정선택),운영자(CS·상품),표시 방식·표시 공정·기본 선택·적용면(공통/앞면/뒷면) 지정,build,,,,NEW,완료,raw/webadmin/tools/widget_manual_content.py:639 · raw/webadmin/tools/widget_manual_content.py:420 · 개별 공정 행(STD-OPT-024~033)에 분산돼 빌더 속성 단위 행 없음
t49:276,t49,in,raw/webadmin/tools/widget_manual_content.py:537,,widget,위젯빌더(운영자),comp_qty,속성 — 수량,운영자(CS·상품),주문 수량 입력 방식·수량 구간할인 표시 여부 지정,build,,,,STD-OPT-017,완료,raw/webadmin/tools/widget_manual_content.py:537 · raw/webadmin/tools/widget_manual_content.py:417
t49:277,t49,in,raw/webadmin/tools/widget_manual_content.py:718,,widget,위젯빌더(운영자),comp_spineclr,속성 — 부속 색상,운영자(CS·상품),링 등 부속 색상 선택 배치,build,,,,STD-OPT-025,완료,raw/webadmin/tools/widget_manual_content.py:718
t49:278,t49,in,raw/webadmin/tools/widget_manual_content.py:735,,widget,위젯빌더(운영자),comp_spinedisp,속성 — 책등/표지 사이즈,운영자(CS·상품),작업 사이즈(여백·책등 포함) 한 줄 표시 배치,build,,,,STD-OPT-016,완료,raw/webadmin/tools/widget_manual_content.py:735
t49:279,t49,in,raw/webadmin/tools/widget_manual_content.py:672,,widget,위젯빌더(운영자),comp_title,속성 — 제작물 제목,운영자(CS·상품),주문서에 실릴 제목을 고객이 적는 칸 배치,build,,,,NEW,완료,raw/webadmin/tools/widget_manual_content.py:672 · 대응 런웨이 행 없음
t49:280,t49,in,raw/webadmin/tools/widget_manual_content.py:861,,widget,위젯빌더(운영자),ui_canvas,캔버스 편집,운영자(CS·상품),행과 행 사이에 드롭 = 새 줄 배치,build,,,,NEW,완료,raw/webadmin/tools/widget_manual_content.py:861 CANVAS_OPS
t49:281,t49,in,raw/webadmin/tools/widget_manual_content.py:864,,widget,위젯빌더(운영자),ui_canvas,캔버스 편집,운영자(CS·상품),항목 오른쪽에 드롭 = 같은 줄 2열 배치(한 행 최대 2열),build,,,,NEW,완료,raw/webadmin/tools/widget_manual_content.py:864
t49:282,t49,in,raw/webadmin/tools/widget_manual_content.py:866,,widget,위젯빌더(운영자),ui_canvas,캔버스 편집,운영자(CS·상품),패널 안에 드롭 = 접기 그룹 자식으로 편입(패널 중첩 불가),build,,,,NEW,완료,raw/webadmin/tools/widget_manual_content.py:866
t49:283,t49,in,raw/webadmin/tools/widget_manual_content.py:865,,widget,위젯빌더(운영자),ui_canvas,캔버스 편집,운영자(CS·상품),옆칸에 빈 공백을 놓아 왼쪽 입력을 반 폭으로 만들기,build,,,,NEW,완료,raw/webadmin/tools/widget_manual_content.py:865
t49:284,t49,in,raw/webadmin/tools/widget_manual_content.py:245,,widget,위젯빌더(운영자),ui_canvas,캔버스 편집,운영자(CS·상품),카드 ↑ ↓ 버튼으로 순서 한 칸씩 이동,build,,,,NEW,완료,raw/webadmin/tools/widget_manual_content.py:245 · raw/webadmin/tools/widget_manual_content.py:863
t49:285,t49,in,raw/webadmin/tools/widget_manual_content.py:863,,widget,위젯빌더(운영자),ui_canvas,캔버스 편집,운영자(CS·상품),카드 드래그로 순서 이동,build,,,,NEW,완료,raw/webadmin/tools/widget_manual_content.py:863
t49:286,t49,in,raw/webadmin/tools/widget_manual_content.py:246,,widget,위젯빌더(운영자),ui_canvas,캔버스 편집,운영자(CS·상품),카드 × 또는 속성창 [항목 삭제]로 항목 제거(확인 1회),build,,,,NEW,완료,raw/webadmin/tools/widget_manual_content.py:246 · raw/webadmin/tools/widget_manual_content.py:867
t49:287,t49,in,raw/webadmin/tools/widget_manual_content.py:243,,widget,위젯빌더(운영자),ui_canvas,캔버스 편집,운영자(CS·상품),카드 클릭 = 선택(속성창 열림) + 나란히 모드에서 미리보기 해당 항목 강조,build,,,,NEW,완료,raw/webadmin/tools/widget_manual_content.py:243 · raw/webadmin/tools/widget_manual_content.py:869
t49:288,t49,in,raw/webadmin/tools/widget_manual_content.py:873,,widget,위젯빌더(운영자),ui_canvas,캔버스 편집,운영자(CS·상품),배치 순서를 제약 우선순위로 해석(위·왼쪽 항목이 이기고 아래쪽 충돌 선택이 자동 해제),build,,,,STD-OPT-037,완료,raw/webadmin/tools/widget_manual_content.py:873 CANVAS_OPS 「배치 순서 = 제약 우선순위」
t49:289,t49,in,raw/webadmin/tools/widget_manual_content.py:831,,widget,위젯빌더(운영자),ui_canvas,캔버스 편집,운영자(CS·상품),항목 카드 상태 배지 표시(삭제됨·본품스코프페이지수·기본값삭제됨·기본값무효·유형바뀜·공정겹침·적용면어긋남·사용안함N·숨김),build,,,,NEW,완료,raw/webadmin/tools/widget_manual_content.py:831 BADGES
t49:290,t49,in,raw/webadmin/tools/widget_manual_content.py:190,,widget,위젯빌더(운영자),ui_layout,화면 구성,운영자(CS·상품),상품 콤보에서 위젯 만들 상품 검색·선택(위젯 개수·최근 작업일 표시),build,,,,NEW,완료,raw/webadmin/tools/widget_manual_content.py:190 · 빌더 운영 도구 자체를 가리키는 런웨이 행 없음
t49:291,t49,in,raw/webadmin/tools/widget_manual_content.py:191,,widget,위젯빌더(운영자),ui_layout,화면 구성,운영자(CS·상품),위젯 콤보에서 그 상품에 만들어 둔 위젯 선택,build,,,,NEW,완료,raw/webadmin/tools/widget_manual_content.py:191 · 빌더 운영 도구 행 없음
t49:292,t49,in,raw/webadmin/webadmin/catalog/static/catalog/widget_pick.js:41,,widget,위젯빌더(운영자),ui_layout,화면 구성,운영자(CS·상품),상품 선택 시 기본 위젯 자동 판정(게시본 우선 → 최근수정 → 직전 선택 복원),build,,,,NEW,완료,raw/webadmin/webadmin/catalog/static/catalog/widget_pick.js:41 defaultWidget · 빌더 운영 도구 행 없음
t49:293,t49,in,raw/webadmin/tools/widget_manual_content.py:184,,widget,위젯빌더(운영자),ui_layout,화면 구성,운영자(CS·상품),3분할 본문(팔레트 → 캔버스 → 속성창) + 상·하단 띠 배치,build,,,,NEW,완료,raw/webadmin/tools/widget_manual_content.py:184 · 빌더 운영 도구 행 없음
t49:294,t49,in,raw/webadmin/tools/widget_manual_content.py:475,,widget,위젯빌더(운영자),ui_manager,상품별 위젯 관리,운영자(CS·상품),상품명·코드 검색,build,,,,NEW,완료,raw/webadmin/tools/widget_manual_content.py:475 · raw/webadmin/webadmin/config/urls.py:218 widget_manager_tree
t49:295,t49,in,raw/webadmin/tools/widget_manual_content.py:476,,widget,위젯빌더(운영자),ui_manager,상품별 위젯 관리,운영자(CS·상품),상태 필터(게시됨 / 작성중 있음 / 게시중단 / 위젯 없음),build,,,,NEW,완료,raw/webadmin/tools/widget_manual_content.py:476
t49:296,t49,in,raw/webadmin/tools/widget_manual_content.py:477,,widget,위젯빌더(운영자),ui_manager,상품별 위젯 관리,운영자(CS·상품),상품 트리 배지 표시(게시 N · 중단 N · 작성 N · 위젯 없음),build,,,,NEW,완료,raw/webadmin/tools/widget_manual_content.py:477
t49:297,t49,in,raw/webadmin/webadmin/config/urls.py:220,,widget,위젯빌더(운영자),ui_manager,상품별 위젯 관리,운영자(CS·상품),상품별 위젯 목록(상태·항목수·버전수·최종수정·최근사용),build,,,,NEW,완료,raw/webadmin/webadmin/config/urls.py:220 widget_manager_list · raw/webadmin/tools/widget_manual_content.py:489
t49:298,t49,in,raw/webadmin/tools/widget_manual_content.py:484,,widget,위젯빌더(운영자),ui_manager,상품별 위젯 관리,운영자(CS·상품),상품 설정 요약 표시(파일업로드·편집기·비규격 플래그),build,,,,NEW,완료,raw/webadmin/tools/widget_manual_content.py:484
t49:299,t49,in,raw/webadmin/tools/widget_manual_content.py:486,,widget,위젯빌더(운영자),ui_manager,상품별 위젯 관리,운영자(CS·상품),[빌더에서 열기 ↗] — 해당 위젯 선택된 채 빌더 진입,build,,,,NEW,완료,raw/webadmin/tools/widget_manual_content.py:486
t49:300,t49,in,raw/webadmin/webadmin/config/urls.py:222,,widget,위젯빌더(운영자),ui_manager,상품별 위젯 관리,운영자(CS·상품),게시 중단·다시 게시 상태 변경,build,,,,T2-2,완료,raw/webadmin/webadmin/config/urls.py:222 widget_set_status · raw/webadmin/tools/widget_manual_content.py:487
t49:301,t49,in,raw/webadmin/tools/widget_manual_content.py:488,,widget,위젯빌더(운영자),ui_manager,상품별 위젯 관리,운영자(CS·상품),위젯 삭제(사용 현황 표시 후 2단계 확인),build,,,,NEW,완료,raw/webadmin/tools/widget_manual_content.py:488
t49:302,t49,in,raw/webadmin/webadmin/config/urls.py:234,,widget,위젯빌더(운영자),ui_manager,상품별 위젯 관리,운영자(CS·상품),위젯 이름 변경(전용 엔드포인트 — widget_save 로 대체 금지),build,,,,NEW,완료,raw/webadmin/webadmin/config/urls.py:234 widget_rename
t49:303,t49,in,raw/webadmin/tools/widget_manual_content.py:230,,widget,위젯빌더(운영자),ui_palette,팔레트(부품 목록),운영자(CS·상품),컴포넌트 이름·코드 검색으로 목록 좁히기,build,,,,NEW,완료,raw/webadmin/tools/widget_manual_content.py:230
t49:304,t49,in,raw/webadmin/tools/widget_manual_content.py:231,,widget,위젯빌더(운영자),ui_palette,팔레트(부품 목록),운영자(CS·상품),분류 머리글 접기(소스—차원 / 옵션그룹 / 수량·추가상품 / 구조 요소 / 파일·에디터),build,,,,NEW,완료,raw/webadmin/tools/widget_manual_content.py:231
t49:305,t49,in,raw/webadmin/tools/widget_manual_content.py:232,,widget,위젯빌더(운영자),ui_palette,팔레트(부품 목록),운영자(CS·상품),손잡이(⠿) 드래그로 부품을 캔버스에 투입,build,,,,NEW,완료,raw/webadmin/tools/widget_manual_content.py:232
t49:306,t49,in,raw/webadmin/tools/widget_manual_content.py:983,,widget,위젯빌더(운영자),ui_palette,팔레트(부품 목록),운영자(CS·상품),상품 설정 미충족 부품 잠금(파일업로드여부·편집기여부·비규격여부 N이면 회색),build,,,,NEW,완료,raw/webadmin/tools/widget_manual_content.py:983 FAQ · raw/webadmin/tools/widget_manual_content.py:484 wm-flags
t49:307,t49,in,raw/webadmin/tools/widget_manual_content.py:987,,widget,위젯빌더(운영자),ui_palette,팔레트(부품 목록),운영자(CS·상품),위젯당 1개 제한 컴포넌트에 「사용 중」 배지 표시,build,,,,NEW,완료,raw/webadmin/tools/widget_manual_content.py:987 FAQ
t49:308,t49,in,raw/webadmin/tools/widget_manual_content.py:304,,widget,위젯빌더(운영자),ui_panes,좁은 화면 · 패널 접기,운영자(CS·상품),좌우 패널 핀으로 고정 / 접힘 / 겹쳐열림 3상태 전환,build,,,,NEW,완료,raw/webadmin/tools/widget_manual_content.py:304
t49:309,t49,in,raw/webadmin/tools/widget_manual_content.py:316,,widget,위젯빌더(운영자),ui_panes,좁은 화면 · 패널 접기,운영자(CS·상품),접힌 띠 클릭·호버 0.15초로 겹쳐 열기(캔버스가 밀리지 않음),build,,,,NEW,완료,raw/webadmin/tools/widget_manual_content.py:316
t49:310,t49,in,raw/webadmin/tools/widget_manual_content.py:340,,widget,위젯빌더(운영자),ui_panes,좁은 화면 · 패널 접기,운영자(CS·상품),화면 폭 구간(s/m/l)별 패널 폭·접힘 상태 기억,build,,,,NEW,완료,raw/webadmin/tools/widget_manual_content.py:340 · raw/webadmin/tools/widget_manual_content.py:36 _panes()
t49:311,t49,in,raw/webadmin/tools/widget_manual_content.py:406,,widget,위젯빌더(운영자),ui_panes,좁은 화면 · 패널 접기,운영자(CS·상품),캔버스 자리 600px 미만이면 [나란히] 잠금 + [구성] 자동 전환,build,,,,NEW,완료,raw/webadmin/tools/widget_manual_content.py:406
t49:312,t49,in,raw/webadmin/tools/widget_manual_content.py:405,,widget,위젯빌더(운영자),ui_panes,좁은 화면 · 패널 접기,운영자(CS·상품),좁은 화면에서 상단바 2줄 접기(버튼 잘림 방지),build,,,,NEW,완료,raw/webadmin/tools/widget_manual_content.py:405
t49:313,t49,in,raw/webadmin/tools/widget_manual_content.py:250,,widget,위젯빌더(운영자),ui_preview,미리보기 · 나란히 보기,운영자(CS·상품),고객 화면을 실제 런타임 렌더러로 그대로 렌더,build,,,,STD-OPT-001,완료,raw/webadmin/tools/widget_manual_content.py:250 · raw/webadmin/webadmin/catalog/static/catalog/widget_renderer.js:6642 render()
t49:314,t49,in,raw/webadmin/tools/widget_manual_content.py:256,,widget,위젯빌더(운영자),ui_preview,미리보기 · 나란히 보기,운영자(CS·상품),미리보기 폭 320~800px 지정 및 남는 자리 자동 축소(지정값이 상한),build,,,,NEW,완료,raw/webadmin/tools/widget_manual_content.py:256
t49:315,t49,in,raw/webadmin/tools/widget_manual_content.py:257,,widget,위젯빌더(운영자),ui_preview,미리보기 · 나란히 보기,운영자(CS·상품),가격 진단 — 가격 소스·구성요소별 매칭/제외 사유·할인 단계·필수공정 누락·구성원 사이즈 유래 표시,build,,,,STD-ADP-033,완료,raw/webadmin/tools/widget_manual_content.py:257
t49:316,t49,in,_workspace/huni-launch-runway/08_system-screen/t49/_planrows-A.csv:116,,widget,위젯빌더(운영자),ui_preview,미리보기 · 나란히 보기,운영자(CS·상품),게시 위젯 가격 전수 대조·3단계 승인(1차 최숙진 → 2차 김용기 → 3차 채훈희),manual,,,,STD-ADP-037,진행,"_workspace/huni-launch-runway/08_system-screen/t49/_planrows-A.csv:116 STD-ADP-037 「게시 위젯 가격 전수 대조(1차 최숙진 → 2차 김용기 → 3차 채훈희 승인)」(부분·최숙진) — ⓐ 원장 대응 · 대조가 수행되는 화면 = raw/webadmin/tools/widget_manual_content.py:257 가격 진단(가격 소스·구성요소별 매칭/제외 사유·할인 단계, 작업자 전용) · 승인 절차 자체는 시스템 밖"
t49:317,t49,in,raw/webadmin/webadmin/config/urls.py:202,,widget,위젯빌더(운영자),ui_preview,미리보기 · 나란히 보기,운영자(CS·상품),주문 미리보기 — 담기 시 넘어가는 본문을 저장 없이 확인,build,,,,NEW,완료,raw/webadmin/webadmin/config/urls.py:202 widget_order_preview · raw/webadmin/tools/widget_manual_content.py:975 EMBED_NOTES
t49:318,t49,in,raw/webadmin/webadmin/config/urls.py:196,,widget,위젯빌더(운영자),ui_preview,미리보기 · 나란히 보기,운영자(CS·상품),미리보기 원고 업로드 presign 발급,integrate,s3,webadmin→s3,webadmin,STD-ART-001,미확인,raw/webadmin/webadmin/config/urls.py:196 widget_preview_presign · 라우트만 확인(구현 미독)
t49:319,t49,in,raw/webadmin/webadmin/config/urls.py:198,,widget,위젯빌더(운영자),ui_preview,미리보기 · 나란히 보기,운영자(CS·상품),미리보기 대용량 멀티파트 업로드(create|sign|complete|abort),integrate,s3,webadmin→s3,webadmin,STD-ART-002,미확인,raw/webadmin/webadmin/config/urls.py:198 widget_preview_multipart · 라우트만 확인(구현 미독)
t49:320,t49,in,raw/webadmin/tools/widget_manual_content.py:287,,widget,위젯빌더(운영자),ui_statusbar,상태바 — 필수공정 자동 청구,운영자(CS·상품),본품·구성원 스코프별 필수공정 상시 표시(항목 없이도 가격·주문에 자동 탑재),build,,,,STD-OPT-035,완료,raw/webadmin/tools/widget_manual_content.py:287 · raw/webadmin/tools/widget_manual_content.py:293
t49:321,t49,in,raw/webadmin/webadmin/config/urls.py:227,,widget,위젯빌더(운영자),ui_templates,위젯 템플릿 관리,운영자(CS·상품),템플릿 목록 조회(상품 구분 없는 전역 단일 목록),build,,,,NEW,완료,raw/webadmin/webadmin/config/urls.py:227 widget_template_rows · raw/webadmin/tools/widget_manual_content.py:501
t49:322,t49,in,raw/webadmin/webadmin/config/urls.py:229,,widget,위젯빌더(운영자),ui_templates,위젯 템플릿 관리,운영자(CS·상품),[＋ 템플릿 지정] — 후보 위젯 검색 후 템플릿으로 지정,build,,,,NEW,완료,raw/webadmin/webadmin/config/urls.py:229 widget_template_candidates · raw/webadmin/tools/widget_manual_content.py:500
t49:323,t49,in,raw/webadmin/webadmin/config/urls.py:231,,widget,위젯빌더(운영자),ui_templates,위젯 템플릿 관리,운영자(CS·상품),템플릿 상세 — 구성 항목과 상품 종속 항목(옵션그룹·추가상품·셋트 구성원) 개수 경고,build,,,,NEW,완료,raw/webadmin/webadmin/config/urls.py:231 widget_template_detail · raw/webadmin/tools/widget_manual_content.py:502
t49:324,t49,in,raw/webadmin/tools/widget_manual_content.py:503,,widget,위젯빌더(운영자),ui_templates,위젯 템플릿 관리,운영자(CS·상품),[템플릿 목록에서 빼기] — 위젯은 남기고 템플릿 지정만 해제,build,,,,NEW,완료,raw/webadmin/tools/widget_manual_content.py:503
t49:325,t49,in,raw/webadmin/tools/widget_manual_content.py:504,,widget,위젯빌더(운영자),ui_templates,위젯 템플릿 관리,운영자(CS·상품),템플릿 이름 변경(구성은 유지),build,,,,NEW,완료,raw/webadmin/tools/widget_manual_content.py:504 · raw/webadmin/webadmin/config/urls.py:234 widget_rename
t49:326,t49,in,raw/webadmin/tools/widget_manual_content.py:205,,widget,위젯빌더(운영자),ui_toolbar,상단바 버튼,운영자(CS·상품),＋ 새 위젯 생성(이름 입력 후 빈 위젯 또는 템플릿에서 시작),build,,,,NEW,완료,raw/webadmin/tools/widget_manual_content.py:205 · raw/webadmin/webadmin/config/urls.py:190 widget_create · 빌더 운영 도구 행 없음
t49:327,t49,in,raw/webadmin/tools/widget_manual_content.py:206,,widget,위젯빌더(운영자),ui_toolbar,상단바 버튼,운영자(CS·상품),[구성] 탭 — 캔버스 단독 보기로 전환,build,,,,NEW,완료,raw/webadmin/tools/widget_manual_content.py:206
t49:328,t49,in,raw/webadmin/tools/widget_manual_content.py:207,,widget,위젯빌더(운영자),ui_toolbar,상단바 버튼,운영자(CS·상품),[나란히] 탭 — 캔버스+미리보기 동시 보기로 전환(위젯 열 때 기본),build,,,,NEW,완료,raw/webadmin/tools/widget_manual_content.py:207
t49:329,t49,in,raw/webadmin/tools/widget_manual_content.py:208,,widget,위젯빌더(운영자),ui_toolbar,상단바 버튼,운영자(CS·상품),[미리보기] 탭 — 고객 화면만 실제 렌더러로 크게 보기,build,,,,NEW,완료,raw/webadmin/tools/widget_manual_content.py:208
t49:330,t49,in,raw/webadmin/tools/widget_manual_content.py:209,,widget,위젯빌더(운영자),ui_toolbar,상단바 버튼,운영자(CS·상품),실행취소 Ctrl+Z (최근 100단계),build,,,,NEW,완료,raw/webadmin/tools/widget_manual_content.py:209
t49:331,t49,in,raw/webadmin/tools/widget_manual_content.py:210,,widget,위젯빌더(운영자),ui_toolbar,상단바 버튼,운영자(CS·상품),다시실행 Ctrl+Shift+Z,build,,,,NEW,완료,raw/webadmin/tools/widget_manual_content.py:210
t49:332,t49,in,raw/webadmin/tools/widget_manual_content.py:211,,widget,위젯빌더(운영자),ui_toolbar,상단바 버튼,운영자(CS·상품),[게시] — 작업본을 버전으로 굳혀 고객 화면에 내보냄,build,,,,T2-2,완료,raw/webadmin/tools/widget_manual_content.py:211 · raw/webadmin/webadmin/config/urls.py:207 widget_publish
t49:333,t49,in,raw/webadmin/tools/widget_manual_content.py:212,,widget,위젯빌더(운영자),ui_toolbar,상단바 버튼,운영자(CS·상품),[버전…] 패널 열기(게시 이력·롤백),build,,,,NEW,완료,raw/webadmin/tools/widget_manual_content.py:212 · raw/webadmin/webadmin/config/urls.py:209 widget_versions
t49:334,t49,in,raw/webadmin/tools/widget_manual_content.py:213,,widget,위젯빌더(운영자),ui_toolbar,상단바 버튼,운영자(CS·상품),[템플릿 지정]/[템플릿 해제] 토글,build,,,,NEW,완료,raw/webadmin/tools/widget_manual_content.py:213 · raw/webadmin/webadmin/config/urls.py:213 widget_template_toggle
t49:335,t49,in,raw/webadmin/tools/widget_manual_content.py:214,,widget,위젯빌더(운영자),ui_toolbar,상단바 버튼,운영자(CS·상품),[삭제] — 사용 현황 표시 후 2단계 확인 논리삭제,build,,,,NEW,완료,raw/webadmin/tools/widget_manual_content.py:214 · raw/webadmin/webadmin/config/urls.py:204 widget_delete
t49:336,t49,in,raw/webadmin/tools/widget_manual_content.py:215,,widget,위젯빌더(운영자),ui_toolbar,상단바 버튼,운영자(CS·상품),자동저장 상태 표시(변경됨 → 저장 중… → 마지막 저장 N초 전),build,,,,NEW,완료,raw/webadmin/tools/widget_manual_content.py:215 · raw/webadmin/webadmin/config/urls.py:194 widget_save
t49:337,t49,in,raw/webadmin/tools/widget_manual_content.py:216,,widget,위젯빌더(운영자),ui_toolbar,상단바 버튼,운영자(CS·상품),「이 상품 다른 화면에서 열기」 드롭다운 — 상품정보·상품뷰어·가격뷰어·Edicus 템플릿 연결·작업가이드·메인이미지·디자인 새 탭 진입,build,,,,NEW,완료,raw/webadmin/tools/widget_manual_content.py:216
t49:338,t49,in,raw/webadmin/tools/widget_manual_content.py:886,,widget,위젯빌더(운영자),ui_versions,게시 · 버전 · 롤백,운영자(CS·상품),게시 직전 경고 목록 + 버전 메모를 한 창에 모아 확인,build,,,,T2-2,완료,raw/webadmin/tools/widget_manual_content.py:886 PUBLISH_NOTES 「게시 전 확인 절차」
t49:339,t49,in,raw/webadmin/tools/widget_manual_content.py:276,,widget,위젯빌더(운영자),ui_versions,게시 · 버전 · 롤백,운영자(CS·상품),게시 버전 목록 조회 및 활성 버전 표시,build,,,,NEW,완료,raw/webadmin/tools/widget_manual_content.py:276 · raw/webadmin/webadmin/config/urls.py:209 widget_versions
t49:340,t49,in,raw/webadmin/webadmin/config/urls.py:211,,widget,위젯빌더(운영자),ui_versions,게시 · 버전 · 롤백,운영자(CS·상품),[이 버전으로 롤백] — 활성 버전 교체 + 작업본도 그 내용으로 되돌림,build,,,,NEW,완료,raw/webadmin/webadmin/config/urls.py:211 widget_rollback · raw/webadmin/tools/widget_manual_content.py:899 PUBLISH_NOTES 「버전 · 롤백」
t49:341,t49,in,raw/webadmin/tools/widget_manual_content.py:277,,widget,위젯빌더(운영자),ui_versions,게시 · 버전 · 롤백,운영자(CS·상품),[게시 중단] — 고객 화면에서만 내림(버전 보존),build,,,,T2-2,완료,raw/webadmin/tools/widget_manual_content.py:277 · raw/webadmin/tools/widget_manual_content.py:903
t49:342,t49,in,raw/webadmin/tools/widget_manual_content.py:903,,widget,위젯빌더(운영자),ui_versions,게시 · 버전 · 롤백,운영자(CS·상품),[다시 게시] — 내리기 전 활성 버전 그대로 재노출(최초 게시는 [게시]로만 가능),build,,,,T2-2,완료,raw/webadmin/tools/widget_manual_content.py:903 PUBLISH_NOTES 「게시 취소(내리기)와 다시 올리기」
t49:343,t49,in,raw/webadmin/tools/widget_manual_content.py:273,,widget,위젯빌더(운영자),ui_versions,게시 · 버전 · 롤백,운영자(CS·상품),상태 배지 표시(작성중 / 게시됨 / 게시중단 + 템플릿),build,,,,NEW,완료,raw/webadmin/tools/widget_manual_content.py:273
