std_id,대분류,중분류,기능,상태,오픈차단여부,매핑legacy_id,매핑asis_id,돈여부,주문여부,근거,비고,담당,sub_track,배정근거,done_criteria
STD-CAT-001,상품·카탈로그,카테고리,대분류/중분류/소분류 다단 카테고리 트리 노출,new,작업 항목,,SB-004;SB-003,N,N,huni-skin-shopby/src/lib/api/server/catalog.ts:1-20 (MULTI_LEVEL 트리 조회 done),R1 · L4 판정 승계,쇼핑개발,web,규칙:260616 01_역할정의 「쇼핑몰 사용자 전반」 · 카탈로그 노출은 샵바이 스토어프론트,"「대분류/중분류/소분류 다단 카테고리 트리 노출」을 담을 그릇(테이블·모듈·화면)이 생기고, 라이브 스토어프론트 화면 에서 그 동작이 1회 관측된다"
STD-CAT-002,상품·카탈로그,카테고리,카테고리별 상품 리스팅(정렬·페이징),new,작업 항목,,SB-005;SB-006,N,N,huni-skin-shopby/src/lib/api/server/catalog.ts:5 · src/components/shop/shop-list.tsx:18-24,R1 · L4 판정 승계,쇼핑개발,web,규칙:260616 01_역할정의 「쇼핑몰 사용자 전반」 · 카탈로그 노출은 샵바이 스토어프론트,"「카테고리별 상품 리스팅(정렬·페이징)」을 담을 그릇(테이블·모듈·화면)이 생기고, 라이브 스토어프론트 화면 에서 그 동작이 1회 관측된다"
STD-CAT-003,상품·카탈로그,카테고리,상품군 전용 랜딩(출력/책자/실사/패키지/굿즈),todo,작업 항목,F-088;IA-088;SCOPE-088,,N,N,F-088/SCOPE-088/IA-088 랜딩페이지 5종(종이·제본·캘린더·파우치·스티커) 미착수,R1 · L4 판정 승계,쇼핑개발,web,규칙:260616 01_역할정의 「쇼핑몰 사용자 전반」 · 카탈로그 노출은 샵바이 스토어프론트,라이브 스토어프론트 화면 에서 「상품군 전용 랜딩(출력/책자/실사/패키지/굿즈)」가 1회 관측된다
STD-CAT-004,상품·카탈로그,검색,상품명 통합검색,partial,작업 항목,F-154;SCOPE-154,SB-008;SB-005,N,N,huni-skin-shopby/src/app/(main)/search/page.tsx:1 (검색 페이지 존재) · 인기검색어 src/lib/api/hooks/use-search.ts:13,R1 · L4 판정 승계 · 안 되는 부분: 미확인 — 근거·비고 어디에도 결손 표기가 없다 · 라이브 스토어프론트 화면 1회 점검으로 닫는다,쇼핑개발,web,규칙:260616 01_역할정의 「쇼핑몰 사용자 전반」 · 카탈로그 노출은 샵바이 스토어프론트,"이미 되는 부분은 확인되고, 남은 부분(미확인 — 결손 표기 없음)이 「상품명 통합검색」이 1회 관측된다"
STD-CAT-005,상품·카탈로그,검색,종이/소재명 기준 검색(아트지·스노우지 등),todo,작업 항목,F-154;SCOPE-154,,N,N,SCOPE-154 상품 검색·필터 엔진 PARTIAL,R1 · L4 판정 승계,쇼핑개발,web,규칙:260616 01_역할정의 「쇼핑몰 사용자 전반」 · 카탈로그 노출은 샵바이 스토어프론트,라이브 스토어프론트 화면 에서 「종이/소재명 기준 검색(아트지·스노우지 등)」이 1회 관측된다
STD-CAT-006,상품·카탈로그,검색,검색어 자동완성·인기검색어,partial,작업 항목,F-154;SCOPE-154,SB-008,N,N,huni-skin-shopby/src/app/(main)/search/page.tsx:1 · 인기검색어 src/lib/api/hooks/use-search.ts:13,R1 · L4 판정 승계 · 안 되는 부분: 미확인 — 근거·비고 어디에도 결손 표기가 없다 · 라이브 스토어프론트 화면 1회 점검으로 닫는다,쇼핑개발,web,규칙:260616 01_역할정의 「쇼핑몰 사용자 전반」 · 카탈로그 노출은 샵바이 스토어프론트,"이미 되는 부분은 확인되고, 남은 부분(미확인 — 결손 표기 없음)이 「검색어 자동완성·인기검색어」가 1회 관측된다"
STD-CAT-007,상품·카탈로그,상품상세,상품 상세페이지 본문(이미지·설명 블록),done,작업 항목,IA-066;SCOPE-066,SB-007;SB-016;SB-017,N,N,huni-skin-shopby/src/app/(main)/product/[slug]/page.tsx:42-47 · :51-56 · src/components/product/product-sections.tsx:1,R1 · L4 판정 승계,쇼핑개발,builder,규칙:260616 01_역할정의 「상세페이지 빌더」 · Phase1 G1 상세빌더,"/page.tsx:42-47 에 구현이 있고, 라이브 스토어프론트 화면 에서 「상품 상세페이지 본문(이미지·설명 블록)」이 1회 관측된다"
STD-CAT-008,상품·카탈로그,상품상세,동일 계열 상품 분기 안내(일반명함/고급지명함/부분UV명함 등),new,작업 항목,,,N,N,print-story/02_capture/order-flow-steps.md §A-0 레드프린팅 상품 분할 전략,R1 · L4 판정 승계,쇼핑개발,builder,규칙:260616 01_역할정의 「상세페이지 빌더」 · Phase1 G1 상세빌더,"「동일 계열 상품 분기 안내(일반명함/고급지명함/부분UV명함 등…」을 담을 그릇(테이블·모듈·화면)이 생기고, 라이브 스토어프론트 화면 에서 그 동작이 1회 관측된다"
STD-CAT-009,상품·카탈로그,상품상세,후가공 용어 설명 툴팁(도무송·오시·형압·귀돌이),new,작업 항목,,,N,N,print-story/02_capture/order-flow-steps.md §E-4 3사 용어 불일치,R1 · L4 판정 승계,쇼핑개발,builder,규칙:260616 01_역할정의 「상세페이지 빌더」 · Phase1 G1 상세빌더,"「후가공 용어 설명 툴팁(도무송·오시·형압·귀돌이)」를 담을 그릇(테이블·모듈·화면)이 생기고, 라이브 스토어프론트 화면 에서 그 동작이 1회 관측된다"
STD-CAT-010,상품·카탈로그,상품상세,재단사이즈 vs 작업사이즈 설명 가이드,todo,작업 항목,IA-060;SCOPE-060,,N,N,SCOPE-060/IA-060 E4 작업/재단/블리드 사이즈 안내 PARTIAL·미착수,R1 · L4 판정 승계,쇼핑개발,builder,규칙:260616 01_역할정의 「상세페이지 빌더」 · Phase1 G1 상세빌더,라이브 스토어프론트 화면 에서 「재단사이즈 vs 작업사이즈 설명 가이드」가 1회 관측된다
STD-CAT-011,상품·카탈로그,상품상세,상품별 제작 소요일/출고 기준 안내,new,작업 항목,,,N,N,print-story/02_capture/order-flow-steps.md §C-6 출고 옵션,R1 · L4 판정 승계,쇼핑개발,builder,규칙:260616 01_역할정의 「상세페이지 빌더」 · Phase1 G1 상세빌더,"「상품별 제작 소요일/출고 기준 안내」를 담을 그릇(테이블·모듈·화면)이 생기고, 라이브 스토어프론트 화면 에서 그 동작이 1회 관측된다"
STD-CAT-012,상품·카탈로그,상품상세,재작업 불가 사항 고지(폰트 아웃라인 등),partial,작업 항목,F-087;IA-087;SCOPE-087,SB-055,N,N,"huni-skin-shopby/src/lib/guide-data.ts:41-50,158-202 (대부분 '준비중' 스텁)","R1 · L4 판정 승계 · 안 되는 부분: huni-skin-shopby/src/lib/guide-data.ts:41-50,158-202 (대부분 '준비중' 스텁) (출처 근거)",쇼핑개발,builder,규칙:260616 01_역할정의 「상세페이지 빌더」 · Phase1 G1 상세빌더,"이미 되는 부분은 확인되고, 남은 부분(huni-skin-shopby/src/lib/guide-data.ts:41-50,158-202 (대부분 '준비중' 스텁))이 「재작업 불가 사항 고지(폰트 아웃라인 등)」이 1회 관측된다"
STD-CAT-013,상품·카탈로그,상품상세,상품 Q&A 게시,todo,작업 항목,IA-069;SCOPE-069,SB-056,N,N,huni-skin-shopby/src/app/(main) 하위 inquiry/qna 라우트 부재 (SB-056 absent),R1 · L4 판정 승계,쇼핑개발,web,예외:샵바이 표준 상품문의 기능 — 빌더 산출물이 아니라 스토어프론트 기능,라이브 스토어프론트 화면 에서 「상품 Q&A 게시」가 1회 관측된다
STD-CAT-014,상품·카탈로그,상품상세,상품 리뷰 목록·평점 노출,done,작업 항목,F-089;IA-089;SCOPE-089,SB-018,N,N,huni-skin-shopby/src/lib/api/hooks/use-product-reviews.ts:41,R1 · L4 판정 승계,쇼핑개발,web,예외:같은 근거(샵바이 표준 리뷰),"huni-skin-shopby/src/lib/api/hooks/use-product-reviews.ts:41 에 구현이 있고, 라이브 스토어프론트 화면 에서 「상품 리뷰 목록·평점 노출」이 1회 관측된다"
STD-CAT-015,상품·카탈로그,상품상세,사진 리뷰 갤러리,partial,작업 항목,F-018;F-089;IA-018;IA-089;SCOPE-018;SCOPE-089,SB-018,Y,N,huni-skin-shopby/src/lib/api/hooks/use-product-reviews.ts:41 (목록만),R1 · L4 판정 승계 · 안 되는 부분: huni-skin-shopby/src/lib/api/hooks/use-product-reviews.ts:41 (목록만) (출처 근거),쇼핑개발,web,예외:같은 근거,"이미 되는 부분은 확인되고, 남은 부분(huni-skin-shopby/src/lib/api/hooks/use-product-reviews.ts:41 (목록만))이 「사진 리뷰 갤러리」 결과에 표시된 금액이 권위값과 원 단위까지 같은 것이 1건 확인된다"
STD-CAT-016,상품·카탈로그,상품상세,관련상품/함께 주문한 상품 추천,new,작업 항목,,,N,N,print-quote/04_design/ia.md §2.1 리스팅 파생,R1 · L4 판정 승계,쇼핑개발,web,예외:전시 로직 — 상세 콘텐츠 블록이 아님,"「관련상품/함께 주문한 상품 추천」을 담을 그릇(테이블·모듈·화면)이 생기고, 라이브 스토어프론트 화면 에서 그 동작이 1회 관측된다"
STD-CAT-017,상품·카탈로그,상품상세,최근 본 상품,new,작업 항목,,,N,N,print-quote/04_design/ia.md §2.1 GNB 파생,R1 · L4 판정 승계,쇼핑개발,web,예외:같은 근거,"「최근 본 상품」을 담을 그릇(테이블·모듈·화면)이 생기고, 라이브 스토어프론트 화면 에서 그 동작이 1회 관측된다"
STD-CAT-018,상품·카탈로그,상품상세,찜/관심상품,new,작업 항목,,,N,N,print-kb/wiki/policy/mypage.md 파생,R1 · L4 판정 승계,쇼핑개발,web,예외:같은 근거,"「찜/관심상품」을 담을 그릇(테이블·모듈·화면)이 생기고, 라이브 스토어프론트 화면 에서 그 동작이 1회 관측된다"
STD-CAT-019,정보·콘텐츠,콘텐츠,인쇄 가이드 콘텐츠(11종),partial,작업 항목,F-087;IA-087;SCOPE-087,SB-055,N,N,"huni-skin-shopby/src/lib/guide-data.ts:41-50,158-202",R1 · L4 판정 승계 · lead 결정 4 · 대분류 이관(상품·카탈로그 → 정보·콘텐츠) · 안 되는 부분: 미확인 — 근거·비고 어디에도 결손 표기가 없다 · 라이브 페이지 URL 1회 점검으로 닫는다,PM,-,규칙:260616 01_역할정의 PM 「약관·가이드 콘텐츠」 · 게시 지점은 빌더(예외표),"이미 되는 부분은 확인되고, 남은 부분(미확인 — 결손 표기 없음)이 「인쇄 가이드 콘텐츠(11종)」이 1회 관측된다"
STD-CAT-020,정보·콘텐츠,콘텐츠,템플릿/샘플 다운로드 제공,partial,작업 항목,IA-056;SCOPE-056,WA-042;WA-049,N,N,"raw/webadmin/webadmin/config/urls.py:280,283,285,287,288 (가이드파일 조회) · :72-87 (업로드/관리)",R1 · L4 판정 승계 · lead 결정 4 · 대분류 이관(상품·카탈로그 → 정보·콘텐츠) · 안 되는 부분: 미확인 — 근거·비고 어디에도 결손 표기가 없다 · 라이브 페이지 URL 1회 점검으로 닫는다,PM,-,규칙:260616 01_역할정의 PM 「약관·가이드 콘텐츠」 · 게시 지점은 빌더(예외표),"이미 되는 부분은 확인되고, 남은 부분(미확인 — 결손 표기 없음)이 「템플릿/샘플 다운로드 제공」이 1회 관측된다"
STD-CAT-021,상품·카탈로그,콘텐츠,메인 기획전/배너 영역,partial,작업 항목,SCOPE-155,SB-001;SB-002,N,N,huni-skin-shopby/src/app/(main)/page.tsx:1 · BEST 큐레이션 stub src/lib/legacy-data/hooks.ts:60,R1 · L4 판정 승계 · 안 되는 부분: BEST 큐레이션 stub src/lib/legacy-data/hooks.ts:60 (출처 근거),쇼핑개발,builder,규칙:상세페이지 콘텐츠 블록 = 빌더 산출물(같은 근거),"이미 되는 부분은 확인되고, 남은 부분(BEST 큐레이션 stub src/lib/legacy-data/hooks.ts:60)이 「메인 기획전/배너 영역」이 1회 관측된다"
STD-CAT-022,상품·카탈로그,전시,품절/판매중지 상품 표시 및 대체 안내,new,작업 항목,,,N,N,huni-shopby/01_research/order-to-delivery-contract.md §4.2 OUT_OF_STOCK,R1 · L4 판정 승계,쇼핑개발,web,규칙:260616 01_역할정의 「쇼핑몰 사용자 전반」 · 카탈로그 노출은 샵바이 스토어프론트,"「품절/판매중지 상품 표시 및 대체 안내」를 담을 그릇(테이블·모듈·화면)이 생기고, 라이브 스토어프론트 화면 에서 그 동작이 1회 관측된다"
STD-OPT-001,옵션·견적,옵션위젯,상품 상세 내 주문옵션 위젯 마운트(격리 렌더),done,작업 항목,F-033;IA-033;SCOPE-033,SB-010;WA-026,N,N,"huni-skin-shopby/src/components/product/huni-widget.tsx:312-313 · raw/webadmin/webadmin/config/urls.py:184,190,192",R1 · L4 판정 승계,인쇄개발,-,규칙:260616 01_역할정의 「고객 인쇄상품 옵션위젯·실시간가격(3엔진)·가이드·견적」,"huni-skin-shopby/src/components/product/huni-widget.tsx:312-313 에 구현이 있고, 위젯 실화면 + 가격 시뮬레이터 에서 「상품 상세 내 주문옵션 위젯 마운트(격리 렌더)」가 1회 관측된다"
STD-OPT-002,옵션·견적,옵션위젯,정규화 옵션 데이터 계약 기반 위젯 구동,done,작업 항목,F-033;IA-033;SCOPE-033,WA-033;WA-034,N,N,raw/webadmin/webadmin/config/urls.py:246 (위젯 정의 조회) · :247 (카탈로그 조회),R1 · L4 판정 승계,인쇄개발,-,규칙:260616 01_역할정의 「고객 인쇄상품 옵션위젯·실시간가격(3엔진)·가이드·견적」,"raw/webadmin/webadmin/config/urls.py:246 에 구현이 있고, 위젯 실화면 + 가격 시뮬레이터 에서 「정규화 옵션 데이터 계약 기반 위젯 구동」이 1회 관측된다"
STD-OPT-003,옵션·견적,옵션위젯,옵션 컴포넌트 타입 다형 렌더(셀렉트·라디오·체크·수치입력·이미지선택),done,작업 항목,F-033;IA-033;SCOPE-033,WA-026;SB-010,N,N,"raw/webadmin/webadmin/config/urls.py:184,190,192 · src/lib/printly/widget.ts:60-90",R1 · L4 판정 승계,인쇄개발,-,규칙:260616 01_역할정의 「고객 인쇄상품 옵션위젯·실시간가격(3엔진)·가이드·견적」,"raw/webadmin/webadmin/config/urls.py:184,190,192 에 구현이 있고, 위젯 실화면 + 가격 시뮬레이터 에서 「옵션 컴포넌트 타입 다형 렌더(셀렉트·라디오·체크·수치입력·이…」가 1회 관측된다"
STD-OPT-004,옵션·견적,옵션위젯,옵션 선택 캐스케이드(상위 선택이 하위 목록 갱신),partial,작업 항목,F-048;IA-048;SCOPE-048,WA-036;WA-005,N,N,raw/webadmin/webadmin/config/urls.py:249 (validate) · :368 (dim-choices),R1 · L4 판정 승계 · 안 되는 부분: 미확인 — 근거·비고 어디에도 결손 표기가 없다 · 위젯 실화면 + 가격 시뮬레이터 1회 점검으로 닫는다,인쇄개발,-,규칙:260616 01_역할정의 「고객 인쇄상품 옵션위젯·실시간가격(3엔진)·가이드·견적」,"이미 되는 부분은 확인되고, 남은 부분(미확인 — 결손 표기 없음)이 「옵션 선택 캐스케이드(상위 선택이 하위 목록 갱신)」이 1회 관측된다"
STD-OPT-005,옵션·견적,옵션위젯,토글형 후가공 섹션(켜야 하위 선택지 노출),new,작업 항목,,,N,N,print-story/02_capture/order-flow-steps.md §A-7 토글형 후가공,R1 · L4 판정 승계,인쇄개발,-,규칙:260616 01_역할정의 「고객 인쇄상품 옵션위젯·실시간가격(3엔진)·가이드·견적」,"「토글형 후가공 섹션(켜야 하위 선택지 노출)」을 담을 그릇(테이블·모듈·화면)이 생기고, 위젯 실화면 + 가격 시뮬레이터 에서 그 동작이 1회 관측된다"
STD-OPT-006,옵션·견적,옵션위젯,옵션 그룹 접기/펼치기·진행 스텝 표시,new,작업 항목,,,N,N,print-story/02_capture/order-flow-steps.md §C 옵션 테이블 복잡도,R1 · L4 판정 승계,인쇄개발,-,규칙:260616 01_역할정의 「고객 인쇄상품 옵션위젯·실시간가격(3엔진)·가이드·견적」,"「옵션 그룹 접기/펼치기·진행 스텝 표시」를 담을 그릇(테이블·모듈·화면)이 생기고, 위젯 실화면 + 가격 시뮬레이터 에서 그 동작이 1회 관측된다"
STD-OPT-007,옵션·견적,옵션위젯,선택 요약 패널(현재 사양 한눈에),partial,작업 항목,F-063;IA-063;SCOPE-063,SB-011;SB-010,Y,Y,huni-skin-shopby/src/components/product/huni-widget.tsx:162-176 (huni:priced 수신),R1 · L4 판정 승계 · 안 되는 부분: 미확인 — 근거·비고 어디에도 결손 표기가 없다 · 위젯 실화면 + 가격 시뮬레이터 1회 점검으로 닫는다,인쇄개발,-,규칙:260616 01_역할정의 「고객 인쇄상품 옵션위젯·실시간가격(3엔진)·가이드·견적」,"이미 되는 부분은 확인되고, 남은 부분(미확인 — 결손 표기 없음)이 「선택 요약 패널(현재 사양 한눈에)」 결과에 표시된 금액이 권위값과 원 단위까지 같은 것이 1건 확인된다"
STD-OPT-008,옵션·견적,옵션축,용지(자재) 선택,done,작업 항목,F-037;IA-037;P-MAT-PRICEGAP-01;P-MATPOLLUTE-26-01;SCOPE-037,WA-014;WA-034,Y,N,"raw/webadmin/webadmin/config/urls.py:304,307,310,313 (용지 관리+단가) · :247 (카탈로그 조회)",R1 · L4 판정 승계,인쇄개발,-,규칙:260616 01_역할정의 「고객 인쇄상품 옵션위젯·실시간가격(3엔진)·가이드·견적」,"raw/webadmin/webadmin/config/urls.py:304,307,310,313 에 구현이 있고, 위젯 실화면 + 가격 시뮬레이터 에서 「용지(자재) 선택」 결과에 표시된 금액이 권위값과 원 단위까지 같은 것이 1건 확인된다"
STD-OPT-009,옵션·견적,옵션축,평량(g/㎡) 선택,done,작업 항목,F-037;IA-037;SCOPE-037,WA-014,N,N,"raw/webadmin/webadmin/config/urls.py:304,307,310,313 · catalog/paper_views.py:1",R1 · L4 판정 승계,인쇄개발,-,규칙:260616 01_역할정의 「고객 인쇄상품 옵션위젯·실시간가격(3엔진)·가이드·견적」,"raw/webadmin/webadmin/config/urls.py:304,307,310,313 에 구현이 있고, 위젯 실화면 + 가격 시뮬레이터 에서 「평량(g/㎡) 선택」이 1회 관측된다"
STD-OPT-010,옵션·견적,옵션축,비종이 소재 선택(아크릴·PVC·패브릭 등),done,작업 항목,F-037;IA-037;P-GOODS-AXIS-NORM-01;SCOPE-037,WA-013;WA-034,Y,N,"raw/webadmin/webadmin/config/urls.py:344,346 (엔티티 공통 마스터) · :247",R1 · L4 판정 승계,인쇄개발,-,규칙:260616 01_역할정의 「고객 인쇄상품 옵션위젯·실시간가격(3엔진)·가이드·견적」,"raw/webadmin/webadmin/config/urls.py:344,346 에 구현이 있고, 위젯 실화면 + 가격 시뮬레이터 에서 「비종이 소재 선택(아크릴·PVC·패브릭 등)」 결과에 표시된 금액이 권위값과 원 단위까지 같은 것이 1건 확인된다"
STD-OPT-011,옵션·견적,옵션축,인쇄도수 선택(단면/양면·4도/8도·1도),done,작업 항목,F-038;IA-038;P-DIGITAL-BW-01;SCOPE-038,WA-005;WA-034,Y,Y,raw/webadmin/webadmin/config/urls.py:368 (dim-choices) · :247,R1 · L4 판정 승계,인쇄개발,-,규칙:260616 01_역할정의 「고객 인쇄상품 옵션위젯·실시간가격(3엔진)·가이드·견적」,"raw/webadmin/webadmin/config/urls.py:368 에 구현이 있고, 위젯 실화면 + 가격 시뮬레이터 에서 「인쇄도수 선택(단면/양면·4도/8도·1도)」 결과에 표시된 금액이 권위값과 원 단위까지 같은 것이 1건 확인된다"
STD-OPT-012,옵션·견적,옵션축,별색(spot color) 선택,done,작업 항목,F-038;IA-038;SCOPE-038,WA-005;WA-015,N,N,raw/webadmin/webadmin/config/urls.py:368 · :316 (색상칩 스테이징),R1 · L4 판정 승계,인쇄개발,-,규칙:260616 01_역할정의 「고객 인쇄상품 옵션위젯·실시간가격(3엔진)·가이드·견적」,"raw/webadmin/webadmin/config/urls.py:368 에 구현이 있고, 위젯 실화면 + 가격 시뮬레이터 에서 「별색(spot color) 선택」이 1회 관측된다"
STD-OPT-013,옵션·견적,옵션축,화이트/UV white 언더베이스 선택,done,작업 항목,F-038;IA-038;SCOPE-038,WA-005,N,N,raw/webadmin/webadmin/config/urls.py:368,R1 · L4 판정 승계,인쇄개발,-,규칙:260616 01_역할정의 「고객 인쇄상품 옵션위젯·실시간가격(3엔진)·가이드·견적」,"raw/webadmin/webadmin/config/urls.py:368 에 구현이 있고, 위젯 실화면 + 가격 시뮬레이터 에서 「화이트/UV white 언더베이스 선택」이 1회 관측된다"
STD-OPT-014,옵션·견적,옵션축,규격 사이즈 선택(프리셋),done,작업 항목,F-034;IA-034;P-DELYN-SIZE-01;P-SIZEMAP-214-01;SCOPE-034,WA-005;WA-034,Y,Y,raw/webadmin/webadmin/config/urls.py:368 · :247,R1 · L4 판정 승계,인쇄개발,-,규칙:260616 01_역할정의 「고객 인쇄상품 옵션위젯·실시간가격(3엔진)·가이드·견적」,"raw/webadmin/webadmin/config/urls.py:368 에 구현이 있고, 위젯 실화면 + 가격 시뮬레이터 에서 「규격 사이즈 선택(프리셋)」 결과에 표시된 금액이 권위값과 원 단위까지 같은 것이 1건 확인된다"
STD-OPT-015,옵션·견적,옵션축,비규격 사이즈 직접입력(재단 가로·세로),partial,작업 항목,F-035;IA-035;P-AREA-CUSTOM-01;SCOPE-035,WA-005,Y,Y,raw/webadmin/webadmin/config/urls.py:368 (dim-choices),R1 · L4 판정 승계 · 안 되는 부분: 미확인 — 근거·비고 어디에도 결손 표기가 없다 · 위젯 실화면 + 가격 시뮬레이터 1회 점검으로 닫는다,인쇄개발,-,규칙:260616 01_역할정의 「고객 인쇄상품 옵션위젯·실시간가격(3엔진)·가이드·견적」,"이미 되는 부분은 확인되고, 남은 부분(미확인 — 결손 표기 없음)이 「비규격 사이즈 직접입력(재단 가로·세로)」 결과에 표시된 금액이 권위값과 원 단위까지 같은 것이 1건 확인된다"
STD-OPT-016,옵션·견적,옵션축,작업 사이즈 입력·자동 도출(도련 포함),partial,작업 항목,IA-060;P-BLEED-32-01;SCOPE-060,,Y,N,P-BLEED-32-01 HOLD_BASIS 32건 — 라이브 완제품 사이즈에 블리드 미적용(자동제외 중),R1 · L4 판정 승계 · 안 되는 부분: P-BLEED-32-01 HOLD_BASIS 32건 — 라이브 완제품 사이즈에 블리드 미적용(자동제외 중) (출처 근거),인쇄개발,-,규칙:260616 01_역할정의 「고객 인쇄상품 옵션위젯·실시간가격(3엔진)·가이드·견적」,"이미 되는 부분은 확인되고, 남은 부분(P-BLEED-32-01 HOLD_BASIS 32건 — 라이브 완제품 사이즈에 블리드 미적용(자동제외 중))이 「작업 사이즈 입력·자동 도출(도련 포함)」 결과에 표시된 금액이 권위값과 원 단위까지 같은 것이 1건 확인된다"
STD-OPT-017,옵션·견적,옵션축,수량 선택(구간 프리셋 + 직접입력),done,작업 항목,F-036;IA-036;SCOPE-036,WA-035;WA-023,Y,N,"raw/webadmin/webadmin/config/urls.py:248 (price) · :137,177-181 (수량구간 할인표)",R1 · L4 판정 승계,인쇄개발,-,규칙:260616 01_역할정의 「고객 인쇄상품 옵션위젯·실시간가격(3엔진)·가이드·견적」,"raw/webadmin/webadmin/config/urls.py:248 에 구현이 있고, 위젯 실화면 + 가격 시뮬레이터 에서 「수량 선택(구간 프리셋 + 직접입력)」 결과에 표시된 금액이 권위값과 원 단위까지 같은 것이 1건 확인된다"
STD-OPT-018,옵션·견적,옵션축,건수(디자인 종류 수) 입력 및 총량 = 건수×수량 규칙 표시,new,작업 항목,,,N,N,print-story/02_capture/order-flow-steps.md §A-4 A-5 건수×수량,R1 · L4 판정 승계,인쇄개발,-,규칙:260616 01_역할정의 「고객 인쇄상품 옵션위젯·실시간가격(3엔진)·가이드·견적」,"「건수(디자인 종류 수) 입력 및 총량 = 건수×수량 규칙 표시」를 담을 그릇(테이블·모듈·화면)이 생기고, 위젯 실화면 + 가격 시뮬레이터 에서 그 동작이 1회 관측된다"
STD-OPT-019,옵션·견적,옵션축,페이지 수 입력(책자류 필수 축),partial,작업 항목,P-PHOTOBOOK-PAGEFEE-01;X-ENGINE-PAGE-01,WA-035,Y,N,X-ENGINE-PAGE-01 094 30P 보류(page 전송 코드트랙) · P-PHOTOBOOK-PAGEFEE-01 페이지비 전액 미청구,R1 · L4 판정 승계 · 안 되는 부분: X-ENGINE-PAGE-01 094 30P 보류(page 전송 코드트랙) (출처 근거),인쇄개발,-,규칙:260616 01_역할정의 「고객 인쇄상품 옵션위젯·실시간가격(3엔진)·가이드·견적」,"이미 되는 부분은 확인되고, 남은 부분(X-ENGINE-PAGE-01 094 30P 보류(page 전송 코드트랙))이 「페이지 수 입력(책자류 필수 축)」 결과에 표시된 금액이 권위값과 원 단위까지 같은 것이 1건 확인된다"
STD-OPT-020,옵션·견적,옵션축,표지/내지/간지 용지 개별 선택,done,작업 항목,F-043;IA-043;SCOPE-043,WA-003;WA-005,N,N,raw/webadmin/webadmin/config/urls.py:356-360 (옵션그룹/옵션/항목 CRUD) · :368,R1 · L4 판정 승계,인쇄개발,-,규칙:260616 01_역할정의 「고객 인쇄상품 옵션위젯·실시간가격(3엔진)·가이드·견적」,"raw/webadmin/webadmin/config/urls.py:356-360 에 구현이 있고, 위젯 실화면 + 가격 시뮬레이터 에서 「표지/내지/간지 용지 개별 선택」이 1회 관측된다"
STD-OPT-021,옵션·견적,옵션축,표지/내지 인쇄도수 개별 선택,done,작업 항목,F-043;IA-043;SCOPE-043,WA-003;WA-005,N,N,raw/webadmin/webadmin/config/urls.py:356-360 · :368,R1 · L4 판정 승계,인쇄개발,-,규칙:260616 01_역할정의 「고객 인쇄상품 옵션위젯·실시간가격(3엔진)·가이드·견적」,"raw/webadmin/webadmin/config/urls.py:356-360 에 구현이 있고, 위젯 실화면 + 가격 시뮬레이터 에서 「표지/내지 인쇄도수 개별 선택」이 1회 관측된다"
STD-OPT-022,옵션·견적,옵션축,제본 방식 선택(중철·무선·PUR·트윈링·하드커버),done,작업 항목,F-042;IA-042;P-PED-BOOK-W12-01;SCOPE-042,WA-003;WA-016,Y,N,raw/webadmin/webadmin/config/urls.py:356-360 · :320-330 (책등 계산),R1 · L4 판정 승계,인쇄개발,-,규칙:260616 01_역할정의 「고객 인쇄상품 옵션위젯·실시간가격(3엔진)·가이드·견적」,"raw/webadmin/webadmin/config/urls.py:356-360 에 구현이 있고, 위젯 실화면 + 가격 시뮬레이터 에서 「제본 방식 선택(중철·무선·PUR·트윈링·하드커버)」 결과에 표시된 금액이 권위값과 원 단위까지 같은 것이 1건 확인된다"
STD-OPT-023,옵션·견적,옵션축,제본 방향 선택(좌철/상철 × 세로/가로),done,작업 항목,F-042;IA-042;SCOPE-042,WA-003,N,N,raw/webadmin/webadmin/config/urls.py:356-360,R1 · L4 판정 승계,인쇄개발,-,규칙:260616 01_역할정의 「고객 인쇄상품 옵션위젯·실시간가격(3엔진)·가이드·견적」,"raw/webadmin/webadmin/config/urls.py:356-360 에 구현이 있고, 위젯 실화면 + 가격 시뮬레이터 에서 「제본 방향 선택(좌철/상철 × 세로/가로)」가 1회 관측된다"
STD-OPT-024,옵션·견적,후가공,코팅 선택(무광/유광 × 단면/양면),partial,작업 항목,F-039;IA-039;SCOPE-039;X-ENGINE-SETCOAT-01,WA-003;WA-025,Y,N,X-ENGINE-SETCOAT-01 price_simulate_set이 coat_side_cnt 드롭 → 셋트 경로 표지 코팅비 누락(C트랙),R1 · L4 판정 승계 · 안 되는 부분: X-ENGINE-SETCOAT-01 price_simulate_set이 coat_side_cnt 드롭 → 셋트 경로 표지 코팅비 누락(C트랙) (출처 근거),인쇄개발,-,규칙:260616 01_역할정의 「고객 인쇄상품 옵션위젯·실시간가격(3엔진)·가이드·견적」,"이미 되는 부분은 확인되고, 남은 부분(X-ENGINE-SETCOAT-01 price_simulate_set이 coat_side_cnt 드롭 → 셋트 경로 표지 코팅비 누락(C트랙))이 「코팅 선택(무광/유광 × 단면/양면)」 결과에 표시된 금액이 권위값과 원 단위까지 같은 것이 1건 확인된다"
STD-OPT-025,옵션·견적,후가공,박 선택(색상 다종 × 면 × 크기 × 내용같음/틀림),partial,작업 항목,F-044;IA-044;P-FOIL-DTLOPT-01;SCOPE-044;X-ENGINE-FOIL-01,WA-003,Y,N,X-ENGINE-FOIL-01 박 엔진 미지원 — 027/028/029 박 가산 전부 0(데이터로 못 고침·C트랙),R1 · L4 판정 승계 · 안 되는 부분: X-ENGINE-FOIL-01 박 엔진 미지원 — 027/028/029 박 가산 전부 0(데이터로 못 고침) (출처 근거),인쇄개발,-,규칙:260616 01_역할정의 「고객 인쇄상품 옵션위젯·실시간가격(3엔진)·가이드·견적」,"이미 되는 부분은 확인되고, 남은 부분(X-ENGINE-FOIL-01 박 엔진 미지원 — 027/028/029 박 가산 전부 0(데이터로 못 고침))이 「박 선택(색상 다종 × 면 × 크기 × 내용같음/틀림)」 결과에 표시된 금액이 권위값과 원 단위까지 같은 것이 1건 확인된다"
STD-OPT-026,옵션·견적,후가공,형압(양각/음각) 선택,partial,작업 항목,F-044;IA-044;SCOPE-044,WA-003,N,N,raw/webadmin/webadmin/config/urls.py:356-360 (옵션 축) · X-ENGINE-FOIL-01 동일 엔진 경로,R1 · L4 판정 승계 · 안 되는 부분: X-ENGINE-FOIL-01 동일 엔진 경로 (출처 근거),인쇄개발,-,규칙:260616 01_역할정의 「고객 인쇄상품 옵션위젯·실시간가격(3엔진)·가이드·견적」,"이미 되는 부분은 확인되고, 남은 부분(X-ENGINE-FOIL-01 동일 엔진 경로)이 「형압(양각/음각) 선택」이 1회 관측된다"
STD-OPT-027,옵션·견적,후가공,오시 선택(줄 수 × 방향),partial,작업 항목,F-041;IA-041;SCOPE-041,WA-003,N,N,raw/webadmin/webadmin/config/urls.py:356-360 · 오배선 실증 huni-product-lifecycle §7.4,R1 · L4 판정 승계 · 안 되는 부분: 오배선 실증 huni-product-lifecycle §7.4 (출처 근거),인쇄개발,-,규칙:260616 01_역할정의 「고객 인쇄상품 옵션위젯·실시간가격(3엔진)·가이드·견적」,"이미 되는 부분은 확인되고, 남은 부분(오배선 실증 huni-product-lifecycle §7.4)이 「오시 선택(줄 수 × 방향)」이 1회 관측된다"
STD-OPT-028,옵션·견적,후가공,미싱 선택,partial,작업 항목,F-041;IA-041;P-DEDUP-PROC-3-01;SCOPE-041,WA-003,Y,N,P-DEDUP-PROC-3-01 공정 중복정리 BLOCKED 3건(미싱086 포함) — 부모↔자식 가격사슬 단절,R1 · L4 판정 승계 · 안 되는 부분: P-DEDUP-PROC-3-01 공정 중복정리 BLOCKED 3건(미싱086 포함) — 부모↔자식 가격사슬 단절 (출처 근거),인쇄개발,-,규칙:260616 01_역할정의 「고객 인쇄상품 옵션위젯·실시간가격(3엔진)·가이드·견적」,"이미 되는 부분은 확인되고, 남은 부분(P-DEDUP-PROC-3-01 공정 중복정리 BLOCKED 3건(미싱086 포함) — 부모↔자식 가격사슬 단절)이 「미싱 선택」 결과에 표시된 금액이 권위값과 원 단위까지 같은 것이 1건 확인된다"
STD-OPT-029,옵션·견적,후가공,타공 선택(직경 × 개수 × 위치),partial,작업 항목,F-040;IA-040;P-PED-PUNCH-01;SCOPE-040;X-WGT-PUNCH-01,WA-003,Y,Y,X-WGT-PUNCH-01 시뮬레이터/위젯이 procs detail{타공수}를 전송해야 타공수별 가산 작동(코드트랙),R1 · L4 판정 승계 · 안 되는 부분: X-WGT-PUNCH-01 시뮬레이터/위젯이 procs detail{타공수}를 전송해야 타공수별 가산 작동(코드트랙) (출처 근거),인쇄개발,-,규칙:260616 01_역할정의 「고객 인쇄상품 옵션위젯·실시간가격(3엔진)·가이드·견적」,"이미 되는 부분은 확인되고, 남은 부분(X-WGT-PUNCH-01 시뮬레이터/위젯이 procs detail{타공수}를 전송해야 타공수별 가산 작동(코드트랙))이 「타공 선택(직경 × 개수 × 위치)」 결과에 표시된 금액이 권위값과 원 단위까지 같은 것이 1건 확인된다"
STD-OPT-030,옵션·견적,후가공,귀돌이/라운딩 선택(반경 × 모서리 위치),partial,작업 항목,F-040;IA-040;SCOPE-040;X-WGT-ATTB-01,WA-003,N,N,X-WGT-ATTB-01 합성 ATTB / size-linked 반경 잠복 — 컨버전 시 보정 필요,R1 · L4 판정 승계 · 안 되는 부분: X-WGT-ATTB-01 합성 ATTB / size-linked 반경 잠복 — 컨버전 시 보정 필요 (출처 근거),인쇄개발,-,규칙:260616 01_역할정의 「고객 인쇄상품 옵션위젯·실시간가격(3엔진)·가이드·견적」,"이미 되는 부분은 확인되고, 남은 부분(X-WGT-ATTB-01 합성 ATTB / size-linked 반경 잠복 — 컨버전 시 보정 필요)이 「귀돌이/라운딩 선택(반경 × 모서리 위치)」가 1회 관측된다"
STD-OPT-031,옵션·견적,후가공,도무송(전체/부분·모양·개수) 선택,done,작업 항목,F-040;IA-040;P-DIECUT-2-01;SCOPE-040,WA-003,Y,N,raw/webadmin/webadmin/config/urls.py:356-360 (옵션 항목 CRUD),R1 · L4 판정 승계,인쇄개발,-,규칙:260616 01_역할정의 「고객 인쇄상품 옵션위젯·실시간가격(3엔진)·가이드·견적」,"raw/webadmin/webadmin/config/urls.py:356-360 에 구현이 있고, 위젯 실화면 + 가격 시뮬레이터 에서 「도무송(전체/부분·모양·개수) 선택」 결과에 표시된 금액이 권위값과 원 단위까지 같은 것이 1건 확인된다"
STD-OPT-032,옵션·견적,후가공,넘버링(일반/난수 × 자릿수 × 개수) 선택,new,작업 항목,,,N,N,print-story/02_capture/order-flow-steps.md §C-7-5 넘버링,R1 · L4 판정 승계,인쇄개발,-,규칙:260616 01_역할정의 「고객 인쇄상품 옵션위젯·실시간가격(3엔진)·가이드·견적」,"「넘버링(일반/난수 × 자릿수 × 개수) 선택」을 담을 그릇(테이블·모듈·화면)이 생기고, 위젯 실화면 + 가격 시뮬레이터 에서 그 동작이 1회 관측된다"
STD-OPT-033,옵션·견적,후가공,부분UV/에폭시 선택,partial,작업 항목,P-UNDER-5-01;X-GAP-UVFORM-01,,Y,N,X-GAP-UVFORM-01 webadmin UV 변형 입력 폼 적재경로 '미상' 정직 표기 잔존,R1 · L4 판정 승계 · 안 되는 부분: X-GAP-UVFORM-01 webadmin UV 변형 입력 폼 적재경로 '미상' 정직 표기 잔존 (출처 근거),인쇄개발,-,규칙:260616 01_역할정의 「고객 인쇄상품 옵션위젯·실시간가격(3엔진)·가이드·견적」,"이미 되는 부분은 확인되고, 남은 부분(X-GAP-UVFORM-01 webadmin UV 변형 입력 폼 적재경로 '미상' 정직 표기 잔존)이 「부분UV/에폭시 선택」 결과에 표시된 금액이 권위값과 원 단위까지 같은 것이 1건 확인된다"
STD-OPT-034,옵션·견적,부자재,부자재 선택(케이스·폴리백·포장),done,작업 항목,F-046;F-047;IA-046;IA-047;SCOPE-046;SCOPE-047,WA-004;WA-009,N,N,raw/webadmin/webadmin/config/urls.py:363-365 (상품 템플릿/추가상품) · :378 (SKU 카탈로그),R1 · L4 판정 승계,인쇄개발,-,규칙:260616 01_역할정의 「고객 인쇄상품 옵션위젯·실시간가격(3엔진)·가이드·견적」,"raw/webadmin/webadmin/config/urls.py:363-365 에 구현이 있고, 위젯 실화면 + 가격 시뮬레이터 에서 「부자재 선택(케이스·폴리백·포장)」이 1회 관측된다"
STD-OPT-035,옵션·견적,부자재,상품별 기본제공 부자재 규칙 표시,todo,작업 항목,F-046;IA-046;SCOPE-046,,N,N,F-046/SCOPE-046/IA-046 B13 추가상품 PARTIAL·미착수,R1 · L4 판정 승계,인쇄개발,-,규칙:260616 01_역할정의 「고객 인쇄상품 옵션위젯·실시간가격(3엔진)·가이드·견적」,위젯 실화면 + 가격 시뮬레이터 에서 「상품별 기본제공 부자재 규칙 표시」가 1회 관측된다
STD-OPT-036,옵션·견적,부자재,추가상품(악세사리) 템플릿 묶음 선택,done,작업 항목,F-046;IA-046;SCOPE-046,WA-004;WA-009,N,N,raw/webadmin/webadmin/config/urls.py:363-365 · :378,R1 · L4 판정 승계,인쇄개발,-,규칙:260616 01_역할정의 「고객 인쇄상품 옵션위젯·실시간가격(3엔진)·가이드·견적」,"raw/webadmin/webadmin/config/urls.py:363-365 에 구현이 있고, 위젯 실화면 + 가격 시뮬레이터 에서 「추가상품(악세사리) 템플릿 묶음 선택」이 1회 관측된다"
STD-OPT-037,옵션·견적,제약,옵션 조합 제약 규칙 평가(불가 조합 차단·사유 표시),partial,작업 항목,F-048;IA-048;SCOPE-048;X-CR-ENFORCE-CLIENT-01;X-CR-ENFORCE-ENGINE-01;X-CR-HANDOFF-01,WA-006;WA-036,Y,Y,raw/webadmin/webadmin/config/urls.py:371 (제약규칙 관리) · :249 (validate) — 그러나 X-CR-ENFORCE-CLIENT-01: 위젯/장바구니/주문 어디에도 validate 호출 없음,R1 · L4 판정 승계 · 안 되는 부분: :249 (validate) — 그러나 X-CR-ENFORCE-CLIENT-01: 위젯/장바구니/주문 어디에도 validate 호출 없음 (출처 근거),인쇄개발,-,규칙:260616 01_역할정의 「고객 인쇄상품 옵션위젯·실시간가격(3엔진)·가이드·견적」,"이미 되는 부분은 확인되고, 남은 부분(:249 (validate) — 그러나 X-CR-ENFORCE-CLIENT-01: 위젯/장바구니/주문 어디에도 validate 호출 없음)이 「옵션 조합 제약 규칙 평가(불가 조합 차단·사유 표시)」 결과에 표시된 금액이 권위값과 원 단위까지 같은 것이 1건 확인된다"
STD-OPT-038,옵션·견적,제약,자재→가능 인쇄방식 게이팅,partial,작업 항목,F-048;IA-048;SCOPE-048;X-CR-ENFORCE-ENGINE-01,WA-006,Y,Y,raw/webadmin/webadmin/config/urls.py:371 · X-CR-ENFORCE-ENGINE-01 가격엔진이 제약을 전혀 참조하지 않음,R1 · L4 판정 승계 · 안 되는 부분: X-CR-ENFORCE-ENGINE-01 가격엔진이 제약을 전혀 참조하지 않음 (출처 근거),인쇄개발,-,규칙:260616 01_역할정의 「고객 인쇄상품 옵션위젯·실시간가격(3엔진)·가이드·견적」,"이미 되는 부분은 확인되고, 남은 부분(X-CR-ENFORCE-ENGINE-01 가격엔진이 제약을 전혀 참조하지 않음)이 「자재→가능 인쇄방식 게이팅」 결과에 표시된 금액이 권위값과 원 단위까지 같은 것이 1건 확인된다"
STD-OPT-039,옵션·견적,제약,공정 택일 그룹(상호배타) 처리,partial,작업 항목,F-048;IA-048;P-CPQ-CLASSA-01;SCOPE-048,WA-006;WA-003,N,Y,raw/webadmin/webadmin/config/urls.py:371 · P-CPQ-CLASSA-01 PRD_000146 고리 그룹 sel_typ/min/max NULL,R1 · L4 판정 승계 · 안 되는 부분: P-CPQ-CLASSA-01 PRD_000146 고리 그룹 sel_typ/min/max NULL (출처 근거),인쇄개발,-,규칙:260616 01_역할정의 「고객 인쇄상품 옵션위젯·실시간가격(3엔진)·가이드·견적」,"이미 되는 부분은 확인되고, 남은 부분(P-CPQ-CLASSA-01 PRD_000146 고리 그룹 sel_typ/min/max NULL)이 「공정 택일 그룹(상호배타) 처리」 결과에 표시된 금액이 권위값과 원 단위까지 같은 것이 1건 확인된다"
STD-OPT-040,옵션·견적,제약,필수 동반 옵션 강제(예 인쇄없음 시 후가공 필수),partial,작업 항목,F-048;IA-048;SCOPE-048;X-CR-C9-01,WA-006,Y,N,X-CR-C9-01 폼빌더에 수치 범위 조건 타입 부재 — 자유치수 19건+raw-only 7건 UI 관리 불가,R1 · L4 판정 승계 · 안 되는 부분: X-CR-C9-01 폼빌더에 수치 범위 조건 타입 부재 — 자유치수 19건+raw-only 7건 UI 관리 불가 (출처 근거),인쇄개발,-,규칙:260616 01_역할정의 「고객 인쇄상품 옵션위젯·실시간가격(3엔진)·가이드·견적」,"이미 되는 부분은 확인되고, 남은 부분(X-CR-C9-01 폼빌더에 수치 범위 조건 타입 부재 — 자유치수 19건+raw-only 7건 UI 관리 불가)이 「필수 동반 옵션 강제(예 인쇄없음 시 후가공 필수)」 결과에 표시된 금액이 권위값과 원 단위까지 같은 것이 1건 확인된다"
STD-OPT-041,옵션·견적,제약,수량 최소/최대/증분 검증,partial,작업 항목,F-036;IA-036;P-MINIBOARD-QTY-01;SCOPE-036,WA-003;WA-007,Y,Y,raw/webadmin/webadmin/config/urls.py:373 (validate) · P-MINIBOARD-QTY-01 min1 < 완제품가 시작4 저청구,R1 · L4 판정 승계 · 안 되는 부분: P-MINIBOARD-QTY-01 min1 < 완제품가 시작4 저청구 (출처 근거),인쇄개발,-,규칙:260616 01_역할정의 「고객 인쇄상품 옵션위젯·실시간가격(3엔진)·가이드·견적」,"이미 되는 부분은 확인되고, 남은 부분(P-MINIBOARD-QTY-01 min1 < 완제품가 시작4 저청구)이 「수량 최소/최대/증분 검증」 결과에 표시된 금액이 권위값과 원 단위까지 같은 것이 1건 확인된다"
STD-OPT-042,옵션·견적,제약,사이즈 범위·비율 검증(매트릭스 밖 사이즈 차단),partial,작업 항목,F-035;IA-035;SCOPE-035;X-CR-C9-01,WA-007,Y,N,X-CR-C9-01 수치 범위 조건 타입 부재,R1 · L4 판정 승계 · 안 되는 부분: X-CR-C9-01 수치 범위 조건 타입 부재 (출처 근거),인쇄개발,-,규칙:260616 01_역할정의 「고객 인쇄상품 옵션위젯·실시간가격(3엔진)·가이드·견적」,"이미 되는 부분은 확인되고, 남은 부분(X-CR-C9-01 수치 범위 조건 타입 부재)이 「사이즈 범위·비율 검증(매트릭스 밖 사이즈 차단)」 결과에 표시된 금액이 권위값과 원 단위까지 같은 것이 1건 확인된다"
STD-OPT-043,옵션·견적,가격,옵션 변경 시 실시간 재견적,done,작업 항목,F-049;IA-049;SCOPE-049,WA-035;SB-011;SB-025,Y,N,raw/webadmin/webadmin/config/urls.py:248 (api/w/v1/price) · huni-widget.tsx:162-176 · src/app/api/printly/requote/route.ts:16-50,R1 · L4 판정 승계,인쇄개발,-,규칙:260616 01_역할정의 「고객 인쇄상품 옵션위젯·실시간가격(3엔진)·가이드·견적」,"raw/webadmin/webadmin/config/urls.py:248 에 구현이 있고, 위젯 실화면 + 가격 시뮬레이터 에서 「옵션 변경 시 실시간 재견적」 결과에 표시된 금액이 권위값과 원 단위까지 같은 것이 1건 확인된다"
STD-OPT-044,옵션·견적,가격,서버 권위 가격 계산(클라이언트 계산 금지),done,작업 항목,F-049;IA-049;SCOPE-049,WA-025;WA-035,Y,N,raw/webadmin/webadmin/catalog/pricing.py:1 (evaluate_price 1561줄) · config/urls.py:248,R1 · L4 판정 승계,인쇄개발,-,규칙:260616 01_역할정의 「고객 인쇄상품 옵션위젯·실시간가격(3엔진)·가이드·견적」,"raw/webadmin/webadmin/catalog/pricing.py:1 에 구현이 있고, 위젯 실화면 + 가격 시뮬레이터 에서 「서버 권위 가격 계산(클라이언트 계산 금지)」 결과에 표시된 금액이 권위값과 원 단위까지 같은 것이 1건 확인된다"
STD-OPT-045,옵션·견적,가격,가격 0원/계산불가 상태 처리 및 사용자 안내,todo,작업 항목,P-ANCHOR-149-01;P-PRICED0-6-01;P-QUOTE0-100-01;P-ZEROQUOTE-119-01,,Y,Y,P-ZEROQUOTE-119-01 0원 견적 조합 119건/32상품 — 손님이 0원에 주문 가능(4주째 OPEN),R1 · L4 판정 승계 · [conflict 보존 · P-PRICED0-6-01] §29 03_schedule/blocked-before-widget.md:51-53 = BLOCKED-미바인딩 vs §23 HANDOFF.md:84 = 라이브 COMMIT 완료. 시점은 §29(06-30) < §23(07-01/02)이라 §29가 stale일 가능성이 높으나 라이브 재실측 전에는 단정 불가 (gaps-t1-data.md:47-50 기록).,인쇄개발,-,규칙:260616 01_역할정의 「고객 인쇄상품 옵션위젯·실시간가격(3엔진)·가이드·견적」,위젯 실화면 + 가격 시뮬레이터 에서 「가격 0원/계산불가 상태 처리 및 사용자 안내」 결과에 표시된 금액이 권위값과 원 단위까지 같은 것이 1건 확인된다
STD-OPT-046,옵션·견적,가격,가격 내역 분해 표시(인쇄비·후가공비·부가세),partial,작업 항목,F-063;IA-063;SCOPE-063,WA-022;SB-011,Y,Y,"raw/webadmin/webadmin/config/urls.py:157,159 (가격 다이어그램/소스 추적 — 운영자용) · huni-widget.tsx:162-176",R1 · L4 판정 승계 · 안 되는 부분: 미확인 — 근거·비고 어디에도 결손 표기가 없다 · 위젯 실화면 + 가격 시뮬레이터 1회 점검으로 닫는다,인쇄개발,-,규칙:260616 01_역할정의 「고객 인쇄상품 옵션위젯·실시간가격(3엔진)·가이드·견적」,"이미 되는 부분은 확인되고, 남은 부분(미확인 — 결손 표기 없음)이 「가격 내역 분해 표시(인쇄비·후가공비·부가세)」 결과에 표시된 금액이 권위값과 원 단위까지 같은 것이 1건 확인된다"
STD-OPT-047,옵션·견적,가격,수량구간 할인 적용,partial,작업 항목,F-050;IA-050;SCOPE-050,WA-023,Y,N,"raw/webadmin/webadmin/config/urls.py:137,177-181 (수량구간 할인표 관리)",R1 · L4 판정 승계 · 안 되는 부분: 미확인 — 근거·비고 어디에도 결손 표기가 없다 · 위젯 실화면 + 가격 시뮬레이터 1회 점검으로 닫는다,인쇄개발,-,규칙:260616 01_역할정의 「고객 인쇄상품 옵션위젯·실시간가격(3엔진)·가이드·견적」,"이미 되는 부분은 확인되고, 남은 부분(미확인 — 결손 표기 없음)이 「수량구간 할인 적용」 결과에 표시된 금액이 권위값과 원 단위까지 같은 것이 1건 확인된다"
STD-OPT-048,옵션·견적,가격,면적 기반 가격 계산(실사·현수막·아크릴),partial,작업 항목,P-ACRYL-INTEGRITY-156-01;P-AREA-CUSTOM-01;P-POSTER-FORMULA-SPLIT-01;P-POSTER-TRANSPOSE-01,WA-025,Y,Y,raw/webadmin/webadmin/catalog/pricing.py:1 · P-ACRYL-INTEGRITY-156-01 면적 미적재 156셀 + 12/13 상품 공식 0바인딩,R1 · L4 판정 승계 · 안 되는 부분: P-ACRYL-INTEGRITY-156-01 면적 미적재 156셀 + 12/13 상품 공식 0바인딩 (출처 근거),인쇄개발,-,규칙:260616 01_역할정의 「고객 인쇄상품 옵션위젯·실시간가격(3엔진)·가이드·견적」,"이미 되는 부분은 확인되고, 남은 부분(P-ACRYL-INTEGRITY-156-01 면적 미적재 156셀 + 12/13 상품 공식 0바인딩)이 「면적 기반 가격 계산(실사·현수막·아크릴)」 결과에 표시된 금액이 권위값과 원 단위까지 같은 것이 1건 확인된다"
STD-OPT-049,옵션·견적,가격,원자합산형 가격 계산(디지털인쇄),partial,작업 항목,P-L1-109-01;P-ORPHAN-211-01;P-OVERCHARGE-8-01,WA-025;WA-018,Y,Y,raw/webadmin/webadmin/catalog/pricing.py:1 · config/urls.py:144-148 (단가 그리드 편집) · P-L1-109-01 109상품 가격공식 미바인딩,R1 · L4 판정 승계 · 안 되는 부분: P-L1-109-01 109상품 가격공식 미바인딩 (출처 근거),인쇄개발,-,규칙:260616 01_역할정의 「고객 인쇄상품 옵션위젯·실시간가격(3엔진)·가이드·견적」,"이미 되는 부분은 확인되고, 남은 부분(P-L1-109-01 109상품 가격공식 미바인딩)이 「원자합산형 가격 계산(디지털인쇄)」 결과에 표시된 금액이 권위값과 원 단위까지 같은 것이 1건 확인된다"
STD-OPT-050,옵션·견적,가격,고정가형 가격 계산(수량×옵션),partial,작업 항목,P-ACC-20-01;P-GOODS-DIRECTPRICE-01;P-GOODS57-LOAD-01,WA-025;WA-024,Y,Y,raw/webadmin/webadmin/catalog/pricing.py:1 · config/urls.py:113-117 (시작가) · P-GOODS-DIRECTPRICE-01 굿즈파우치 직접단가 110건 미적재,R1 · L4 판정 승계 · 안 되는 부분: P-GOODS-DIRECTPRICE-01 굿즈파우치 직접단가 110건 미적재 (출처 근거),인쇄개발,-,규칙:260616 01_역할정의 「고객 인쇄상품 옵션위젯·실시간가격(3엔진)·가이드·견적」,"이미 되는 부분은 확인되고, 남은 부분(P-GOODS-DIRECTPRICE-01 굿즈파우치 직접단가 110건 미적재)이 「고정가형 가격 계산(수량×옵션)」 결과에 표시된 금액이 권위값과 원 단위까지 같은 것이 1건 확인된다"
STD-OPT-051,옵션·견적,가격,셋트/부품조립 상품 합산 가격 계산,partial,작업 항목,P-SET-072-01;P-SET-088-01;P-VERIFY-SET7-01;X-SET-SIZCD-01,WA-008;WA-021,Y,Y,raw/webadmin/webadmin/config/urls.py:336 (셋트상품 관리) · :169 (셋트 가격 시뮬레이션) · X-SET-SIZCD-01 고정가형 셋트 화면 0원,R1 · L4 판정 승계 · 안 되는 부분: X-SET-SIZCD-01 고정가형 셋트 화면 0원 (출처 근거),인쇄개발,-,규칙:260616 01_역할정의 「고객 인쇄상품 옵션위젯·실시간가격(3엔진)·가이드·견적」,"이미 되는 부분은 확인되고, 남은 부분(X-SET-SIZCD-01 고정가형 셋트 화면 0원)이 「셋트/부품조립 상품 합산 가격 계산」 결과에 표시된 금액이 권위값과 원 단위까지 같은 것이 1건 확인된다"
STD-OPT-052,옵션·견적,가격,판걸이수 기반 판형 원가 반영,partial,작업 항목,P-AXIS-265-01;X-ENGINE-PANSU-01,WA-025,Y,Y,X-ENGINE-PANSU-01 fn_calc_pansu에 prd_cd 인자 추가 + pricing.py 수정 필요(C트랙),R1 · L4 판정 승계 · 안 되는 부분: X-ENGINE-PANSU-01 fn_calc_pansu에 prd_cd 인자 추가 + pricing.py 수정 필요(C트랙) (출처 근거),인쇄개발,-,규칙:260616 01_역할정의 「고객 인쇄상품 옵션위젯·실시간가격(3엔진)·가이드·견적」,"이미 되는 부분은 확인되고, 남은 부분(X-ENGINE-PANSU-01 fn_calc_pansu에 prd_cd 인자 추가 + pricing.py 수정 필요(C트랙))이 「판걸이수 기반 판형 원가 반영」 결과에 표시된 금액이 권위값과 원 단위까지 같은 것이 1건 확인된다"
STD-OPT-053,옵션·견적,견적,견적 결과 저장(옵션보관함),todo,작업 항목,F-011;F-065;IA-011;IA-065;SCOPE-011;SCOPE-065,,N,N,F-065/SCOPE-065/IA-065 F5 옵션 보관함 저장·불러오기 CUSTOM·미착수,R1 · L4 판정 승계,인쇄개발,-,규칙:260616 01_역할정의 「고객 인쇄상품 옵션위젯·실시간가격(3엔진)·가이드·견적」,위젯 실화면 + 가격 시뮬레이터 에서 「견적 결과 저장(옵션보관함)」이 1회 관측된다
STD-OPT-054,옵션·견적,견적,견적서 PDF/출력물 발급,todo,작업 항목,F-051;IA-051;SCOPE-051,,Y,N,F-051/SCOPE-051/IA-051 C3 견적서 생성·다운로드 CUSTOM·미착수,R1 · L4 판정 승계,인쇄개발,-,규칙:260616 01_역할정의 「고객 인쇄상품 옵션위젯·실시간가격(3엔진)·가이드·견적」,위젯 실화면 + 가격 시뮬레이터 에서 「견적서 PDF/출력물 발급」 결과에 표시된 금액이 권위값과 원 단위까지 같은 것이 1건 확인된다
STD-OPT-055,옵션·견적,견적,대량주문 견적 문의 접수,todo,작업 항목,F-070;F-116;IA-070;IA-116;SCOPE-070;SCOPE-116,SB-056,Y,Y,huni-skin-shopby src/app/(main) 하위 inquiry/qna 라우트 부재 (SB-056 absent),R1 · L4 판정 승계,인쇄개발,-,규칙:260616 01_역할정의 「고객 인쇄상품 옵션위젯·실시간가격(3엔진)·가이드·견적」,위젯 실화면 + 가격 시뮬레이터 에서 「대량주문 견적 문의 접수」 결과에 표시된 금액이 권위값과 원 단위까지 같은 것이 1건 확인된다
STD-ART-001,원고·파일,업로드,인쇄원고 파일 업로드(PDF/AI/EPS),partial,작업 항목,F-052;IA-052;SCOPE-052,WA-037;SB-019,N,Y,"raw/webadmin/webadmin/config/urls.py:250,252 · catalog/s3_artwork.py:208-280 (presign done) — 그러나 SB-019 stub: configurator-actions.tsx:74-86 버튼 라벨만 업로드·실동작은 장바구니 담기",R1 · L4 판정 승계 · 안 되는 부분: catalog/s3_artwork.py:208-280 (presign done) — 그러나 SB-019 stub: configurator-actions.tsx:7… (출처 근거),인쇄개발,-,규칙:ARCHITECTURE-v2 §10.1 A-1·A-2 철회 — 파일업로드·에디터 호출이 위젯(webadmin,"이미 되는 부분은 확인되고, 남은 부분(catalog/s3_artwork.py:208-280 (presign done) — 그러나 SB-019 stub: configurator-actions.tsx:7…)이 「인쇄원고 파일 업로드(PDF/AI/EPS)」 로 저장한 값이 라이브 DB 1행으로 조회되고, 그 값이 가격 계산 결과에 원 단위까지 반영된 것이 1건 확인된다"
STD-ART-002,원고·파일,업로드,대용량 파일 분할/재개 업로드,partial,작업 항목,F-052;IA-052;SCOPE-052,WA-037,N,Y,raw/webadmin/webadmin/catalog/s3_artwork.py:208-280 (멀티파트),R1 · L4 판정 승계 · 안 되는 부분: 미확인 — 근거·비고 어디에도 결손 표기가 없다 · 위젯 드롭존 + t_ord_artworks 1회 점검으로 닫는다,인쇄개발,-,규칙:ARCHITECTURE-v2 §10.1 A-1·A-2 철회 — 파일업로드·에디터 호출이 위젯(webadmin,"이미 되는 부분은 확인되고, 남은 부분(미확인 — 결손 표기 없음)이 「대용량 파일 분할/재개 업로드」 로 저장한 값이 라이브 DB 1행으로 조회되고, 그 값이 가격 계산 결과에 원 단위까지 반영된 것이 1건 확인된다"
STD-ART-003,원고·파일,업로드,업로드 진행률·실패 재시도,todo,작업 항목,F-052;IA-052;SCOPE-052,,N,Y,F-052/SCOPE-052/IA-052 D1 파일 업로드 CUSTOM·미착수,R1 · L4 판정 승계,인쇄개발,-,규칙:ARCHITECTURE-v2 §10.1 A-1·A-2 철회 — 파일업로드·에디터 호출이 위젯(webadmin,"위젯 드롭존 + t_ord_artworks 에서 「업로드 진행률·실패 재시도」 로 저장한 값이 라이브 DB 1행으로 조회되고, 그 값이 가격 계산 결과에 원 단위까지 반영된 것이 1건 확인된다"
STD-ART-004,원고·파일,업로드,건수별 개별 파일 업로드(디자인 N종),partial,작업 항목,F-052;IA-052;SCOPE-052,,N,Y,print-story/02_capture/order-flow-steps.md §A-4 건수 · §C-8 앞/뒷면 각각,R1 · L4 판정 승계 (lead 결정 2 로 뒤집음) · lead 결정 2 · new → partial (legacy 052 하위 변형) · 안 되는 부분: 미확인 — 근거·비고 어디에도 결손 표기가 없다 · 위젯 드롭존 + t_ord_artworks 1회 점검으로 닫는다,인쇄개발,-,규칙:ARCHITECTURE-v2 §10.1 A-1·A-2 철회 — 파일업로드·에디터 호출이 위젯(webadmin,"이미 되는 부분은 확인되고, 남은 부분(미확인 — 결손 표기 없음)이 「건수별 개별 파일 업로드(디자인 N종)」 로 저장한 값이 라이브 DB 1행으로 조회되고, 그 값이 가격 계산 결과에 원 단위까지 반영된 것이 1건 확인된다"
STD-ART-005,원고·파일,업로드,앞면/뒷면 파일 분리 업로드,partial,작업 항목,F-052;IA-052;SCOPE-052,,N,Y,print-story/02_capture/order-flow-steps.md §C-8,R1 · L4 판정 승계 (lead 결정 2 로 뒤집음) · lead 결정 2 · new → partial (legacy 052 하위 변형) · 안 되는 부분: 미확인 — 근거·비고 어디에도 결손 표기가 없다 · 위젯 드롭존 + t_ord_artworks 1회 점검으로 닫는다,인쇄개발,-,규칙:ARCHITECTURE-v2 §10.1 A-1·A-2 철회 — 파일업로드·에디터 호출이 위젯(webadmin,"이미 되는 부분은 확인되고, 남은 부분(미확인 — 결손 표기 없음)이 「앞면/뒷면 파일 분리 업로드」 로 저장한 값이 라이브 DB 1행으로 조회되고, 그 값이 가격 계산 결과에 원 단위까지 반영된 것이 1건 확인된다"
STD-ART-006,원고·파일,업로드,주문 이후 파일 업로드 경로(결제 후 입고),partial,작업 항목,F-075;IA-075;SCOPE-075,WA-052,N,Y,raw/webadmin/webadmin/catalog/artwork_promote.py:1 (tmp→order 버킷 승격) · models.py:1081,R1 · L4 판정 승계 · 안 되는 부분: 미확인 — 근거·비고 어디에도 결손 표기가 없다 · 위젯 드롭존 + t_ord_artworks 1회 점검으로 닫는다,인쇄개발,-,규칙:ARCHITECTURE-v2 §10.1 A-1·A-2 철회 — 파일업로드·에디터 호출이 위젯(webadmin,"이미 되는 부분은 확인되고, 남은 부분(미확인 — 결손 표기 없음)이 「주문 이후 파일 업로드 경로(결제 후 입고)」 로 저장한 값이 라이브 DB 1행으로 조회되고, 그 값이 가격 계산 결과에 원 단위까지 반영된 것이 1건 확인된다"
STD-ART-007,원고·파일,업로드,파일 재업로드·버전 이력 보관,partial,작업 항목,F-137;IA-137;SCOPE-137,WA-052,N,Y,raw/webadmin/webadmin/catalog/artwork_promote.py:1,R1 · L4 판정 승계 · 안 되는 부분: 미확인 — 근거·비고 어디에도 결손 표기가 없다 · 위젯 드롭존 + t_ord_artworks 1회 점검으로 닫는다,인쇄개발,-,규칙:ARCHITECTURE-v2 §10.1 A-1·A-2 철회 — 파일업로드·에디터 호출이 위젯(webadmin,"이미 되는 부분은 확인되고, 남은 부분(미확인 — 결손 표기 없음)이 「파일 재업로드·버전 이력 보관」 로 저장한 값이 라이브 DB 1행으로 조회되고, 그 값이 가격 계산 결과에 원 단위까지 반영된 것이 1건 확인된다"
STD-ART-008,원고·파일,검판,파일 포맷 유효성 검사,todo,작업 항목,F-137;IA-137;SCOPE-137;X-DEC-FILECHECK-01,,N,Y,X-DEC-FILECHECK-01 OQ-G11 파일 검수 기준 미확정(1차),R1 · L4 판정 승계,인쇄개발,-,규칙:ARCHITECTURE-v2 §10.1 A-1·A-2 철회 — 파일업로드·에디터 호출이 위젯(webadmin,"위젯 드롭존 + t_ord_artworks 에서 「파일 포맷 유효성 검사」 로 저장한 값이 라이브 DB 1행으로 조회되고, 그 값이 가격 계산 결과에 원 단위까지 반영된 것이 1건 확인된다"
STD-ART-009,원고·파일,검판,재단선/블리드 3mm 확보 검사,todo,작업 항목,F-137;IA-137;SCOPE-137;X-DEC-FILECHECK-01,,N,Y,X-DEC-FILECHECK-01 OQ-G11 파일 검수 기준 미확정(1차),R1 · L4 판정 승계,인쇄개발,-,규칙:ARCHITECTURE-v2 §10.1 A-1·A-2 철회 — 파일업로드·에디터 호출이 위젯(webadmin,"위젯 드롭존 + t_ord_artworks 에서 「재단선/블리드 3mm 확보 검사」 로 저장한 값이 라이브 DB 1행으로 조회되고, 그 값이 가격 계산 결과에 원 단위까지 반영된 것이 1건 확인된다"
STD-ART-010,원고·파일,검판,색공간(CMYK) 검사 및 RGB 경고,todo,작업 항목,F-137;IA-137;SCOPE-137;X-DEC-FILECHECK-01,,N,Y,X-DEC-FILECHECK-01 OQ-G11 파일 검수 기준 미확정(1차),R1 · L4 판정 승계,인쇄개발,-,규칙:ARCHITECTURE-v2 §10.1 A-1·A-2 철회 — 파일업로드·에디터 호출이 위젯(webadmin,"위젯 드롭존 + t_ord_artworks 에서 「색공간(CMYK) 검사 및 RGB 경고」 로 저장한 값이 라이브 DB 1행으로 조회되고, 그 값이 가격 계산 결과에 원 단위까지 반영된 것이 1건 확인된다"
STD-ART-011,원고·파일,검판,해상도(dpi) 검사,todo,작업 항목,F-137;IA-137;SCOPE-137;X-DEC-FILECHECK-01,,N,Y,X-DEC-FILECHECK-01 OQ-G11 파일 검수 기준 미확정(1차),R1 · L4 판정 승계,인쇄개발,-,규칙:ARCHITECTURE-v2 §10.1 A-1·A-2 철회 — 파일업로드·에디터 호출이 위젯(webadmin,"위젯 드롭존 + t_ord_artworks 에서 「해상도(dpi) 검사」 로 저장한 값이 라이브 DB 1행으로 조회되고, 그 값이 가격 계산 결과에 원 단위까지 반영된 것이 1건 확인된다"
STD-ART-012,원고·파일,검판,폰트 아웃라인 여부 검사,todo,작업 항목,F-137;IA-137;SCOPE-137;X-DEC-FILECHECK-01,,N,Y,X-DEC-FILECHECK-01 OQ-G11 파일 검수 기준 미확정(1차),R1 · L4 판정 승계,인쇄개발,-,규칙:ARCHITECTURE-v2 §10.1 A-1·A-2 철회 — 파일업로드·에디터 호출이 위젯(webadmin,"위젯 드롭존 + t_ord_artworks 에서 「폰트 아웃라인 여부 검사」 로 저장한 값이 라이브 DB 1행으로 조회되고, 그 값이 가격 계산 결과에 원 단위까지 반영된 것이 1건 확인된다"
STD-ART-013,원고·파일,검판,주문 사양과 파일 실측 사이즈 대조,todo,작업 항목,F-137;IA-137;SCOPE-137;X-DEC-FILECHECK-01,,N,Y,X-DEC-FILECHECK-01 OQ-G11 파일 검수 기준 미확정(1차),R1 · L4 판정 승계,인쇄개발,-,규칙:ARCHITECTURE-v2 §10.1 A-1·A-2 철회 — 파일업로드·에디터 호출이 위젯(webadmin,"위젯 드롭존 + t_ord_artworks 에서 「주문 사양과 파일 실측 사이즈 대조」 로 저장한 값이 라이브 DB 1행으로 조회되고, 그 값이 가격 계산 결과에 원 단위까지 반영된 것이 1건 확인된다"
STD-ART-014,원고·파일,검판,별색 채널·오버프린트 검사,todo,작업 항목,F-137;IA-137;SCOPE-137;X-DEC-FILECHECK-01,,N,Y,X-DEC-FILECHECK-01 OQ-G11 파일 검수 기준 미확정(1차),R1 · L4 판정 승계,인쇄개발,-,규칙:ARCHITECTURE-v2 §10.1 A-1·A-2 철회 — 파일업로드·에디터 호출이 위젯(webadmin,"위젯 드롭존 + t_ord_artworks 에서 「별색 채널·오버프린트 검사」 로 저장한 값이 라이브 DB 1행으로 조회되고, 그 값이 가격 계산 결과에 원 단위까지 반영된 것이 1건 확인된다"
STD-ART-015,원고·파일,검판,검판 결과 리포트 고객 노출,todo,작업 항목,F-137;IA-137;SCOPE-137,,N,Y,F-137/SCOPE-137/IA-137 파일확인처리 CUSTOM·미착수,R1 · L4 판정 승계,인쇄개발,-,규칙:ARCHITECTURE-v2 §10.1 A-1·A-2 철회 — 파일업로드·에디터 호출이 위젯(webadmin,"위젯 드롭존 + t_ord_artworks 에서 「검판 결과 리포트 고객 노출」 로 저장한 값이 라이브 DB 1행으로 조회되고, 그 값이 가격 계산 결과에 원 단위까지 반영된 것이 1건 확인된다"
STD-ART-016,원고·파일,검판,자동검판 도구 연동(PitStop 등),new,작업 항목,,,N,N,print-kb/wiki/policy/order-mgmt.md#OMG-02 PitStop 연동 후보,R1 · L4 판정 승계,인쇄개발,-,규칙:ARCHITECTURE-v2 §10.1 A-1·A-2 철회 — 파일업로드·에디터 호출이 위젯(webadmin,"「자동검판 도구 연동(PitStop 등)」을 담을 그릇(테이블·모듈·화면)이 생기고, 위젯 드롭존 + t_ord_artworks 에서 그 동작이 1회 관측된다"
STD-ART-017,원고·파일,검판,검판 게이트 통과/보류 상태 관리,todo,작업 항목,F-137;IA-137;SCOPE-137,,N,Y,F-137/SCOPE-137/IA-137 파일확인처리,R1 · L4 판정 승계,인쇄개발,-,규칙:ARCHITECTURE-v2 §10.1 A-1·A-2 철회 — 파일업로드·에디터 호출이 위젯(webadmin,"위젯 드롭존 + t_ord_artworks 에서 「검판 게이트 통과/보류 상태 관리」 로 저장한 값이 라이브 DB 1행으로 조회되고, 그 값이 가격 계산 결과에 원 단위까지 반영된 것이 1건 확인된다"
STD-ART-018,원고·파일,검판,재업로드 요청 발송(문자/알림),todo,작업 항목,F-138;IA-138;SCOPE-138,,N,Y,F-138/SCOPE-138/IA-138 재업로드요청 문자 발송 PARTIAL·대기 · X-SMS-CONTRACT-01 알림톡/SMS 계약 미체결,R1 · L4 판정 승계,인쇄개발,-,규칙:ARCHITECTURE-v2 §10.1 A-1·A-2 철회 — 파일업로드·에디터 호출이 위젯(webadmin,"위젯 드롭존 + t_ord_artworks 에서 「재업로드 요청 발송(문자/알림)」 로 저장한 값이 라이브 DB 1행으로 조회되고, 그 값이 가격 계산 결과에 원 단위까지 반영된 것이 1건 확인된다"
STD-ART-019,원고·파일,미리보기,업로드 파일 썸네일·PDF 미리보기,todo,작업 항목,F-053;F-160;IA-053;SCOPE-053;SCOPE-160,,N,Y,F-053/SCOPE-053/IA-053 D2 편집상품 미리보기·썸네일 CUSTOM·미착수,R1 · L4 판정 승계,쇼핑개발,web,규칙:260616 D2 미리보기 · 위젯 밖 상세화면 표시 지점,"위젯 드롭존 + t_ord_artworks 에서 「업로드 파일 썸네일·PDF 미리보기」 로 저장한 값이 라이브 DB 1행으로 조회되고, 그 값이 가격 계산 결과에 원 단위까지 반영된 것이 1건 확인된다"
STD-ART-020,원고·파일,미리보기,재단선 오버레이 미리보기,todo,작업 항목,IA-058;SCOPE-058,,N,N,SCOPE-058/IA-058 E2 인쇄영역·도련 가이드 PARTIAL·미착수,R1 · L4 판정 승계,쇼핑개발,web,규칙:260616 D2 미리보기 · 위젯 밖 상세화면 표시 지점,위젯 드롭존 + t_ord_artworks 에서 「재단선 오버레이 미리보기」가 1회 관측된다
STD-ART-021,원고·파일,에디터,온라인 디자인 에디터 진입,partial,작업 항목,F-054;IA-054;SCOPE-054,WA-041;SB-020,N,Y,"raw/webadmin/webadmin/config/urls.py:274,275 · catalog/edicus_lookup.py:214-260 (resolve/token done) — 그러나 SB-020 stub: configurator-actions.tsx:170-176 onClick 없음(데드 버튼)",R1 · L4 판정 승계 · 안 되는 부분: catalog/edicus_lookup.py:214-260 (resolve/token done) — 그러나 SB-020 stub: configurator-acti… (출처 근거),인쇄개발,-,규칙:ARCHITECTURE-v2 §10.1 A-1·A-2 철회 — 파일업로드·에디터 호출이 위젯(webadmin,"이미 되는 부분은 확인되고, 남은 부분(catalog/edicus_lookup.py:214-260 (resolve/token done) — 그러나 SB-020 stub: configurator-acti…)이 「온라인 디자인 에디터 진입」 로 저장한 값이 라이브 DB 1행으로 조회되고, 그 값이 가격 계산 결과에 원 단위까지 반영된 것이 1건 확인된다"
STD-ART-022,원고·파일,에디터,에디터 템플릿 선택·불러오기,partial,작업 항목,F-054;IA-054;SCOPE-054;X-EDX-D3-01,WA-047;WA-048,N,Y,raw/webadmin/webadmin/config/urls.py:41-49 · catalog/edicus_views.py:278-674 (템플릿 메타/차원/그리드) · :52-69 (tmpl-combo),R1 · L4 판정 승계 · 안 되는 부분: 미확인 — 근거·비고 어디에도 결손 표기가 없다 · 위젯 드롭존 + t_ord_artworks 1회 점검으로 닫는다,인쇄개발,-,규칙:ARCHITECTURE-v2 §10.1 A-1·A-2 철회 — 파일업로드·에디터 호출이 위젯(webadmin,"이미 되는 부분은 확인되고, 남은 부분(미확인 — 결손 표기 없음)이 「에디터 템플릿 선택·불러오기」 로 저장한 값이 라이브 DB 1행으로 조회되고, 그 값이 가격 계산 결과에 원 단위까지 반영된 것이 1건 확인된다"
STD-ART-023,원고·파일,에디터,에디터 작업물 저장·재편집,todo,작업 항목,F-054;IA-054;SCOPE-054;X-WGTF-EDICUS-01,,N,Y,X-WGTF-EDICUS-01 에디터 연동 계약 미상(U-6/U-7),R1 · L4 판정 승계,인쇄개발,-,규칙:ARCHITECTURE-v2 §10.1 A-1·A-2 철회 — 파일업로드·에디터 호출이 위젯(webadmin,"위젯 드롭존 + t_ord_artworks 에서 「에디터 작업물 저장·재편집」 로 저장한 값이 라이브 DB 1행으로 조회되고, 그 값이 가격 계산 결과에 원 단위까지 반영된 것이 1건 확인된다"
STD-ART-024,원고·파일,에디터,에디터 산출물 인쇄용 파일 변환·주문 연결,todo,작업 항목,F-054;IA-054;SCOPE-054;X-EDX-D8-01;X-WGTF-EDICUS-01,,N,Y,X-WGTF-EDICUS-01 · X-EDX-D8-01 EDICUS Link Manager POD 채널 이중 등록,R1 · L4 판정 승계,인쇄개발,-,규칙:ARCHITECTURE-v2 §10.1 A-1·A-2 철회 — 파일업로드·에디터 호출이 위젯(webadmin,"위젯 드롭존 + t_ord_artworks 에서 「에디터 산출물 인쇄용 파일 변환·주문 연결」 로 저장한 값이 라이브 DB 1행으로 조회되고, 그 값이 가격 계산 결과에 원 단위까지 반영된 것이 1건 확인된다"
STD-ART-025,원고·파일,에디터,선택 옵션(사이즈·페이지)과 에디터 캔버스 동기화,todo,작업 항목,F-054;IA-054;P-EDICUS-MISSING-01;SCOPE-054,,N,Y,P-EDICUS-MISSING-01 EDICUS 미등록/결손 — 셋트문구 5종·레더하드커버·벽걸이캘린더 2사이즈,R1 · L4 판정 승계,인쇄개발,-,규칙:ARCHITECTURE-v2 §10.1 A-1·A-2 철회 — 파일업로드·에디터 호출이 위젯(webadmin,"위젯 드롭존 + t_ord_artworks 에서 「선택 옵션(사이즈·페이지)과 에디터 캔버스 동기화」 로 저장한 값이 라이브 DB 1행으로 조회되고, 그 값이 가격 계산 결과에 원 단위까지 반영된 것이 1건 확인된다"
STD-ART-026,원고·파일,보관,고객 파일 보관기간 정책 적용·만료 삭제,new,작업 항목,,,N,N,print-kb/wiki/policy/operations.md#OPS-02 현행 무정책 To-Be,R1 · L4 판정 승계,PM(정책)+인쇄개발(구현),,예외:N3 §5 U-23 원고 tmp 30일 ↔ 샵바이 장바구니 보존기간 맞물림 — 보존기간은 정책 결정,"「고객 파일 보관기간 정책 적용·만료 삭제」를 담을 그릇(테이블·모듈·화면)이 생기고, 위젯 드롭존 + t_ord_artworks 에서 그 동작이 1회 관측된다"
STD-ART-027,원고·파일,보관,과거 주문 파일 재사용 재주문,todo,작업 항목,F-010;IA-010;SCOPE-010,,N,Y,F-010/SCOPE-010/IA-010 주문상세조회(편집상품 미리보기) CUSTOM·미착수,R1 · L4 판정 승계,인쇄개발,-,규칙:ARCHITECTURE-v2 §10.1 A-1·A-2 철회 — 파일업로드·에디터 호출이 위젯(webadmin,"위젯 드롭존 + t_ord_artworks 에서 「과거 주문 파일 재사용 재주문」 로 저장한 값이 라이브 DB 1행으로 조회되고, 그 값이 가격 계산 결과에 원 단위까지 반영된 것이 1건 확인된다"
STD-ART-028,원고·파일,생산연계,생산용 원고 자동 다운로드/전달,partial,작업 항목,F-157;F-159;SCOPE-157;SCOPE-159,WA-052,Y,Y,raw/webadmin/webadmin/catalog/artwork_promote.py:1 (order 버킷 승격),R1 · L4 판정 승계 · 안 되는 부분: 미확인 — 근거·비고 어디에도 결손 표기가 없다 · 위젯 드롭존 + t_ord_artworks 1회 점검으로 닫는다,인쇄개발,-,규칙:ARCHITECTURE-v2 §10.1 A-1·A-2 철회 — 파일업로드·에디터 호출이 위젯(webadmin,"이미 되는 부분은 확인되고, 남은 부분(미확인 — 결손 표기 없음)이 「생산용 원고 자동 다운로드/전달」 로 저장한 값이 라이브 DB 1행으로 조회되고, 그 값이 가격 계산 결과에 원 단위까지 반영된 것이 1건 확인된다"
STD-ORD-001,장바구니·주문,장바구니,장바구니 담기(인쇄옵션+파일 동반),done,작업 항목,F-064;F-076;IA-064;IA-076;SCOPE-064;SCOPE-076,SB-022;SB-012,Y,Y,huni-skin-shopby/src/lib/api/hooks/use-cart.ts:201 · src/lib/api/widget-order.ts:26-35 (위젯 견적가 적재),"R1 · L4 판정 승계 · 구현 완료·미검증·계약 드리프트(huni_item 계약 vs huni_token 코드 — widget-order.ts:110-111 `?? """"` · cart-page.tsx:119 `if (!token) return;` · 근거 L5/Q0/huni-token-label-check.md)",쇼핑개발,web,규칙:260616 01_역할정의 「주문전환·플로팅·장바구니」 F1~F4,"huni-skin-shopby/src/lib/api/hooks/use-cart.ts:201 에 구현이 있고, 라이브 장바구니 화면 + 샵바이 주문 API 응답 에서 「장바구니 담기(인쇄옵션+파일 동반)」 결과에 표시된 금액이 권위값과 원 단위까지 같은 것이 1건 확인된다"
STD-ORD-002,장바구니·주문,장바구니,장바구니 조회,done,작업 항목,F-076;IA-076;SCOPE-076,SB-021,N,Y,huni-skin-shopby/src/lib/api/hooks/use-cart.ts:130-230,R1 · L4 판정 승계,쇼핑개발,web,규칙:260616 01_역할정의 「주문전환·플로팅·장바구니」 F1~F4,"huni-skin-shopby/src/lib/api/hooks/use-cart.ts:130-230 에 구현이 있고, 라이브 장바구니 화면 + 샵바이 주문 API 응답 에서 「장바구니 조회」 결과에 표시된 금액이 권위값과 원 단위까지 같은 것이 1건 확인된다"
STD-ORD-003,장바구니·주문,장바구니,장바구니 수량/옵션 수정,done,작업 항목,F-076;IA-076;SCOPE-076,SB-021;SB-025,N,Y,huni-skin-shopby/src/lib/api/hooks/use-cart.ts:130-230 · src/app/api/printly/requote/route.ts:16-50,"R1 · L4 판정 승계 · 구현 완료·미검증·계약 드리프트(huni_item 계약 vs huni_token 코드 — widget-order.ts:110-111 `?? """"` · cart-page.tsx:119 `if (!token) return;` · 근거 L5/Q0/huni-token-label-check.md)",쇼핑개발,web,규칙:260616 01_역할정의 「주문전환·플로팅·장바구니」 F1~F4,"huni-skin-shopby/src/lib/api/hooks/use-cart.ts:130-230 에 구현이 있고, 라이브 장바구니 화면 + 샵바이 주문 API 응답 에서 「장바구니 수량/옵션 수정」 결과에 표시된 금액이 권위값과 원 단위까지 같은 것이 1건 확인된다"
STD-ORD-004,장바구니·주문,장바구니,장바구니 항목 삭제,done,작업 항목,F-076;IA-076;SCOPE-076,SB-021,N,Y,huni-skin-shopby/src/lib/api/hooks/use-cart.ts:130-230,R1 · L4 판정 승계,쇼핑개발,web,규칙:260616 01_역할정의 「주문전환·플로팅·장바구니」 F1~F4,"huni-skin-shopby/src/lib/api/hooks/use-cart.ts:130-230 에 구현이 있고, 라이브 장바구니 화면 + 샵바이 주문 API 응답 에서 「장바구니 항목 삭제」 결과에 표시된 금액이 권위값과 원 단위까지 같은 것이 1건 확인된다"
STD-ORD-005,장바구니·주문,장바구니,선택 상품 금액 계산,done,작업 항목,F-076;IA-076;SCOPE-076,SB-027,N,Y,"huni-skin-shopby/src/lib/api/hooks/use-order-sheet.ts:177,252",R1 · L4 판정 승계,쇼핑개발,web,규칙:260616 01_역할정의 「주문전환·플로팅·장바구니」 F1~F4,"huni-skin-shopby/src/lib/api/hooks/use-order-sheet.ts:177,252 에 구현이 있고, 라이브 장바구니 화면 + 샵바이 주문 API 응답 에서 「선택 상품 금액 계산」 결과에 표시된 금액이 권위값과 원 단위까지 같은 것이 1건 확인된다"
STD-ORD-006,장바구니·주문,장바구니,구매가능 검증(결제 전 sanity),partial,작업 항목,F-061;IA-061;SCOPE-061;X-CR-ENFORCE-CLIENT-01,WA-036,N,Y,raw/webadmin/webadmin/config/urls.py:249 (validate) — X-CR-ENFORCE-CLIENT-01 호출 지점 0건,R1 · L4 판정 승계 · 안 되는 부분: raw/webadmin/webadmin/config/urls.py:249 (validate) — X-CR-ENFORCE-CLIENT-01 호출 지점 0건 (출처 근거),쇼핑개발,web,규칙:260616 01_역할정의 「주문전환·플로팅·장바구니」 F1~F4,"이미 되는 부분은 확인되고, 남은 부분(raw/webadmin/webadmin/config/urls.py:249 (validate) — X-CR-ENFORCE-CLIENT-01 호출 지점 0건)이 「구매가능 검증(결제 전 sanity)」 결과에 표시된 금액이 권위값과 원 단위까지 같은 것이 1건 확인된다"
STD-ORD-007,장바구니·주문,장바구니,비회원 장바구니 계산(비영속),new,작업 항목,,SB-023,N,N,huni-skin-shopby/src/lib/guest-cart.ts:1-31 (localStorage 게스트 장바구니 done),R1 · L4 판정 승계 · 라이브 실측(09-02 A-13): 판매중 226건 전건 게스트 구매 가능 — 비회원 장바구니가 실제로 타는 경로다. 다만 게스트는 서버 장바구니가 없어 소유권 검증원이 없다(open-questions.md D-6 · contract-c2-shopby.md:463),쇼핑개발,web,규칙:260616 01_역할정의 「주문전환·플로팅·장바구니」 F1~F4,"「비회원 장바구니 계산(비영속)」을 담을 그릇(테이블·모듈·화면)이 생기고, 라이브 장바구니 화면 + 샵바이 주문 API 응답 에서 그 동작이 1회 관측된다"
STD-ORD-008,장바구니·주문,장바구니,장바구니 인쇄사양 요약 표시,partial,작업 항목,F-076;IA-076;SCOPE-076,SB-012,N,Y,huni-skin-shopby/src/lib/api/widget-order.ts:26-35 · huni-widget.tsx:257-265,R1 · L4 판정 승계 · 안 되는 부분: 미확인 — 근거·비고 어디에도 결손 표기가 없다 · 라이브 장바구니 화면 + 샵바이 주문 API 응답 1회 점검으로 닫는다,쇼핑개발,web,규칙:260616 01_역할정의 「주문전환·플로팅·장바구니」 F1~F4,"이미 되는 부분은 확인되고, 남은 부분(미확인 — 결손 표기 없음)이 「장바구니 인쇄사양 요약 표시」 결과에 표시된 금액이 권위값과 원 단위까지 같은 것이 1건 확인된다"
STD-ORD-009,장바구니·주문,주문서,주문서 작성,done,작업 항목,F-077;IA-077;SCOPE-077,SB-026,N,Y,huni-skin-shopby/src/lib/api/hooks/use-order-sheet.ts:40,R1 · L4 판정 승계,쇼핑개발,web,규칙:260616 01_역할정의 「주문전환·플로팅·장바구니」 F1~F4,"huni-skin-shopby/src/lib/api/hooks/use-order-sheet.ts:40 에 구현이 있고, 라이브 장바구니 화면 + 샵바이 주문 API 응답 에서 「주문서 작성」 결과에 표시된 금액이 권위값과 원 단위까지 같은 것이 1건 확인된다"
STD-ORD-010,장바구니·주문,주문서,주문서 조회,done,작업 항목,F-077;IA-077;SCOPE-077,SB-027,N,Y,"huni-skin-shopby/src/lib/api/hooks/use-order-sheet.ts:177,252",R1 · L4 판정 승계,쇼핑개발,web,규칙:260616 01_역할정의 「주문전환·플로팅·장바구니」 F1~F4,"huni-skin-shopby/src/lib/api/hooks/use-order-sheet.ts:177,252 에 구현이 있고, 라이브 장바구니 화면 + 샵바이 주문 API 응답 에서 「주문서 조회」 결과에 표시된 금액이 권위값과 원 단위까지 같은 것이 1건 확인된다"
STD-ORD-011,장바구니·주문,주문서,쿠폰·배송지 반영 최종 금액 계산,done,작업 항목,F-077;IA-077;SCOPE-077,SB-027;SB-029,N,Y,"huni-skin-shopby/src/lib/api/hooks/use-order-sheet.ts:177,252 · use-order-coupons.ts:34,69,102",R1 · L4 판정 승계,쇼핑개발,web,규칙:260616 01_역할정의 「주문전환·플로팅·장바구니」 F1~F4,"huni-skin-shopby/src/lib/api/hooks/use-order-sheet.ts:177,252 에 구현이 있고, 라이브 장바구니 화면 + 샵바이 주문 API 응답 에서 「쿠폰·배송지 반영 최종 금액 계산」 결과에 표시된 금액이 권위값과 원 단위까지 같은 것이 1건 확인된다"
STD-ORD-012,장바구니·주문,주문서,주문자/수령자 정보 입력,done,작업 항목,F-077;IA-077;SCOPE-077,SB-026,N,Y,huni-skin-shopby/src/lib/api/hooks/use-order-sheet.ts:40,R1 · L4 판정 승계,쇼핑개발,web,규칙:260616 01_역할정의 「주문전환·플로팅·장바구니」 F1~F4,"huni-skin-shopby/src/lib/api/hooks/use-order-sheet.ts:40 에 구현이 있고, 라이브 장바구니 화면 + 샵바이 주문 API 응답 에서 「주문자/수령자 정보 입력」 결과에 표시된 금액이 권위값과 원 단위까지 같은 것이 1건 확인된다"
STD-ORD-013,장바구니·주문,주문서,배송지 주소 검색(우편번호),done,작업 항목,IA-079;SCOPE-079,SB-028,N,N,huni-skin-shopby/src/components/checkout/address-modal.tsx:1 · src/lib/daum-postcode.ts:10,R1 · L4 판정 승계,쇼핑개발,web,규칙:260616 01_역할정의 「주문전환·플로팅·장바구니」 F1~F4,"huni-skin-shopby/src/components/checkout/address-modal.tsx:1 에 구현이 있고, 라이브 장바구니 화면 + 샵바이 주문 API 응답 에서 「배송지 주소 검색(우편번호)」가 1회 관측된다"
STD-ORD-014,장바구니·주문,주문서,배송 요청사항 입력,todo,작업 항목,F-077;IA-077;SCOPE-077,,N,Y,F-077/SCOPE-077/IA-077 배송정보입력 PARTIAL·미착수,R1 · L4 판정 승계,쇼핑개발,web,규칙:260616 01_역할정의 「주문전환·플로팅·장바구니」 F1~F4,라이브 장바구니 화면 + 샵바이 주문 API 응답 에서 「배송 요청사항 입력」 결과에 표시된 금액이 권위값과 원 단위까지 같은 것이 1건 확인된다
STD-ORD-015,장바구니·주문,주문서,나중배송(배송지 미입력) 주문,new,작업 항목,,,N,N,huni-shopby/01_research/order-to-delivery-contract.md §2.2 later-input-shippings,R1 · L4 판정 승계,쇼핑개발,web,규칙:260616 01_역할정의 「주문전환·플로팅·장바구니」 F1~F4,"「나중배송(배송지 미입력) 주문」을 담을 그릇(테이블·모듈·화면)이 생기고, 라이브 장바구니 화면 + 샵바이 주문 API 응답 에서 그 동작이 1회 관측된다"
STD-ORD-016,장바구니·주문,주문서,주문 제목/작업명 입력,new,작업 항목,,,N,N,print-story/02_capture/order-flow-steps.md §A-6 주문제목,R1 · L4 판정 승계,쇼핑개발,web,규칙:260616 01_역할정의 「주문전환·플로팅·장바구니」 F1~F4,"「주문 제목/작업명 입력」을 담을 그릇(테이블·모듈·화면)이 생기고, 라이브 장바구니 화면 + 샵바이 주문 API 응답 에서 그 동작이 1회 관측된다"
STD-ORD-017,장바구니·주문,주문서,출고 옵션 선택(오늘출고·토요일출고),new,작업 항목,,,N,N,print-story/02_capture/order-flow-steps.md §C-6 출고 옵션,R1 · L4 판정 승계,쇼핑개발,web,규칙:260616 01_역할정의 「주문전환·플로팅·장바구니」 F1~F4,"「출고 옵션 선택(오늘출고·토요일출고)」를 담을 그릇(테이블·모듈·화면)이 생기고, 라이브 장바구니 화면 + 샵바이 주문 API 응답 에서 그 동작이 1회 관측된다"
STD-ORD-018,장바구니·주문,주문서,약관 동의(구매·개인정보 제3자),todo,작업 항목,X-SHOPBY-TERMS-01,,N,Y,X-SHOPBY-TERMS-01 Q-MISC-1 reserve 필수 agreementTermsAgrees termsType 세트 미상,R1 · L4 판정 승계,쇼핑개발,web,규칙:260616 01_역할정의 「주문전환·플로팅·장바구니」 F1~F4,라이브 장바구니 화면 + 샵바이 주문 API 응답 에서 「약관 동의(구매·개인정보 제3자)」 결과에 표시된 금액이 권위값과 원 단위까지 같은 것이 1건 확인된다
STD-ORD-019,장바구니·주문,주문,주문 예약(reserve) 및 금액 검증,partial,작업 항목,F-080;IA-080;SCOPE-080;X-PAY-FLOW-01,SB-031;SB-033,Y,Y,huni-skin-shopby/src/components/checkout/checkout-form.tsx:157-158 · src/lib/payments/ncp-pay.ts:47-70 — X-PAY-FLOW-01 reserve/paymentAmtForVerification 산식 미상,R1 · L4 판정 승계 · 안 되는 부분: src/lib/payments/ncp-pay.ts:47-70 — X-PAY-FLOW-01 reserve/paymentAmtForVerification 산식 미상 (출처 근거),쇼핑개발,web,규칙:260616 01_역할정의 「주문전환·플로팅·장바구니」 F1~F4,"이미 되는 부분은 확인되고, 남은 부분(src/lib/payments/ncp-pay.ts:47-70 — X-PAY-FLOW-01 reserve/paymentAmtForVerification 산식 미상)이 「주문 예약(reserve) 및 금액 검증」 결과에 표시된 금액이 권위값과 원 단위까지 같은 것이 1건 확인된다"
STD-ORD-020,장바구니·주문,주문,주문 완료 화면·주문번호 발급,done,작업 항목,F-081;IA-081;SCOPE-081,SB-035,N,Y,huni-skin-shopby/src/components/order/order-complete-view.tsx:1,R1 · L4 판정 승계,쇼핑개발,web,규칙:260616 01_역할정의 「주문전환·플로팅·장바구니」 F1~F4,"huni-skin-shopby/src/components/order/order-complete-view.tsx:1 에 구현이 있고, 라이브 장바구니 화면 + 샵바이 주문 API 응답 에서 「주문 완료 화면·주문번호 발급」 결과에 표시된 금액이 권위값과 원 단위까지 같은 것이 1건 확인된다"
STD-ORD-021,장바구니·주문,주문,주문 상태 조회(회원),done,작업 항목,F-161;IA-009;SCOPE-009;SCOPE-161,SB-045,N,Y,"huni-skin-shopby/src/lib/api/hooks/use-my-orders.ts:84,354",R1 · L4 판정 승계,쇼핑개발,web,규칙:260616 01_역할정의 「주문전환·플로팅·장바구니」 F1~F4,"huni-skin-shopby/src/lib/api/hooks/use-my-orders.ts:84,354 에 구현이 있고, 라이브 장바구니 화면 + 샵바이 주문 API 응답 에서 「주문 상태 조회(회원)」 결과에 표시된 금액이 권위값과 원 단위까지 같은 것이 1건 확인된다"
STD-ORD-022,장바구니·주문,주문,비회원 주문 조회(주문번호+휴대전화),done,작업 항목,IA-073;SCOPE-073,SB-036,N,N,huni-skin-shopby/src/components/order/guest-order-lookup.tsx:4-9,R1 · L4 판정 승계 · 라이브 실측(09-02 A-13): 297건 전건 `nonmemberPurchaseYn = Y` — 비회원 주문이 실제로 생길 수 있으므로 이 조회 경로가 오픈 첫날부터 쓰인다 (L5/Q2/api-check-a13-a5.md §2),쇼핑개발,web,규칙:260616 01_역할정의 「주문전환·플로팅·장바구니」 F1~F4,"huni-skin-shopby/src/components/order/guest-order-lookup.tsx:4-9 에 구현이 있고, 라이브 장바구니 화면 + 샵바이 주문 API 응답 에서 「비회원 주문 조회(주문번호+휴대전화)」가 1회 관측된다"
STD-ORD-023,장바구니·주문,주문,주문 상태 머신 전이 표시(결제완료→상품준비→배송준비→배송중→배송완료→구매확정),partial,작업 항목,F-161;SCOPE-161;X-DEC-MIRROR-01,SB-045,N,Y,"huni-skin-shopby/src/lib/api/hooks/use-my-orders.ts:84,354 · X-DEC-MIRROR-01 샵바이→후니 상태 미러 채널 미확인",R1 · L4 판정 승계 · 안 되는 부분: X-DEC-MIRROR-01 샵바이→후니 상태 미러 채널 미확인 (출처 근거),쇼핑개발,web,규칙:260616 01_역할정의 「주문전환·플로팅·장바구니」 F1~F4,"이미 되는 부분은 확인되고, 남은 부분(X-DEC-MIRROR-01 샵바이→후니 상태 미러 채널 미확인)이 「주문 상태 머신 전이 표시(결제완료→상품준비→배송준비→배송중→…」 결과에 표시된 금액이 권위값과 원 단위까지 같은 것이 1건 확인된다"
STD-ORD-024,장바구니·주문,주문,인쇄 공정 단계 상태 노출(검판·출력·후가공),todo,작업 항목,F-162;SCOPE-162;X-DEC-MIRROR-01,,N,Y,SCOPE-162 주문/주문상세 런타임 그릇 구축 PARTIAL·미착수,R1 · L4 판정 승계,쇼핑개발,web,규칙:260616 01_역할정의 「주문전환·플로팅·장바구니」 F1~F4,라이브 장바구니 화면 + 샵바이 주문 API 응답 에서 「인쇄 공정 단계 상태 노출(검판·출력·후가공)」 결과에 표시된 금액이 권위값과 원 단위까지 같은 것이 1건 확인된다
STD-ORD-025,장바구니·주문,주문,구매확정(고객·자동),new,작업 항목,,,N,N,huni-shopby/01_research/order-to-delivery-contract.md §3 confirm,R1 · L4 판정 승계,쇼핑개발,web,규칙:260616 01_역할정의 「주문전환·플로팅·장바구니」 F1~F4,"「구매확정(고객·자동)」을 담을 그릇(테이블·모듈·화면)이 생기고, 라이브 장바구니 화면 + 샵바이 주문 API 응답 에서 그 동작이 1회 관측된다"
STD-ORD-026,장바구니·주문,주문,재주문(동일 사양 반복),todo,작업 항목,F-011;IA-011;SCOPE-011,,N,N,F-011/SCOPE-011/IA-011 옵션보관함 CUSTOM·미착수,R1 · L4 판정 승계,쇼핑개발,web,규칙:260616 01_역할정의 「주문전환·플로팅·장바구니」 F1~F4,라이브 장바구니 화면 + 샵바이 주문 API 응답 에서 「재주문(동일 사양 반복)」이 1회 관측된다
STD-ORD-027,장바구니·주문,주문,오프라인 주문 별도 등록 경로,partial,작업 항목,F-098;IA-098;SCOPE-098,WA-060,Y,N,raw/webadmin/webadmin/catalog/models.py:87 (TCusCustomers 모델만 · 전용 운영화면 urls.py 부재),R1 · L4 판정 승계 · 안 되는 부분: 전용 운영화면 urls.py 부재) (출처 근거),쇼핑개발,web,규칙:260616 01_역할정의 「주문전환·플로팅·장바구니」 F1~F4,"이미 되는 부분은 확인되고, 남은 부분(전용 운영화면 urls.py 부재))이 「오프라인 주문 별도 등록 경로」 결과에 표시된 금액이 권위값과 원 단위까지 같은 것이 1건 확인된다"
STD-PAY-001,결제,결제수단,신용카드 결제(PG),todo,차단(외부),F-080;IA-080;SCOPE-080;X-PG-CONTRACT-01,SB-032,Y,Y,huni-skin-shopby/src/components/checkout/checkout-form.tsx:8-9 주석 'PG 연동은 후속 — 현재는 무통장만 동작' (SB-032 absent) · X-PG-CONTRACT-01 이니시스 계약 미체결,"R1 · L4 판정 승계 · 무통장 선검증: 불가 — 카드 결제창은 MID 발급 산출물이고(payment-approval-flow.md §1-1 [3]~[7]), 무통장 주문은 결제창을 거치지 않고 바로 입금대기로 간다(shopby-order-state-machine.md T2) · checkout-form.tsx:8-9 「PG 연동은 후속 — 현재는 무통장만 동작」",PM,-,규칙:N1 open-questions D-1 「어떤 결제수단을 열 것인가 — 결정 기록 자체가 없다」 · 원천사 ,차단 — PG 승인 — 이니시스 MID 추가 발급 전에는 카드 결제창이 안 뜬다. 승인·접근이 열린 뒤 결제 화면 + 이니시스 가맹점관리자 에서 「신용카드 결제(PG)」 결과에 표시된 금액이 권위값과 원 단위까지 같은 것이 1건 확인된다
STD-PAY-002,결제,결제수단,실시간 계좌이체,todo,작업 항목,F-080;IA-080;SCOPE-080;X-PG-CONTRACT-01,SB-032,Y,Y,huni-skin-shopby/src/components/checkout/checkout-form.tsx:8-9 (SB-032 absent),R1 · L4 판정 승계,PM,-,규칙:N1 open-questions D-1 「어떤 결제수단을 열 것인가 — 결정 기록 자체가 없다」 · 원천사 ,결제 화면 + 이니시스 가맹점관리자 에서 「실시간 계좌이체」 결과에 표시된 금액이 권위값과 원 단위까지 같은 것이 1건 확인된다
STD-PAY-003,결제,결제수단,무통장입금(가상계좌)·입금대기 상태,done,작업 항목,SCOPE-148,SB-031,N,N,huni-skin-shopby/src/components/checkout/checkout-form.tsx:157-158 · guest-checkout-form.tsx:100-101,R1 · L4 판정 승계,PM,-,규칙:N1 open-questions D-1 「어떤 결제수단을 열 것인가 — 결정 기록 자체가 없다」 · 원천사 ,"huni-skin-shopby/src/components/checkout/checkout-form.tsx:157-158 에 구현이 있고, 결제 화면 + 이니시스 가맹점관리자 에서 「무통장입금(가상계좌)·입금대기 상태」가 1회 관측된다"
STD-PAY-004,결제,결제수단,네이버페이 결제,todo,작업 항목,SCOPE-149;X-DEC-NAVERPAY-01,,Y,Y,X-DEC-NAVERPAY-01 NaverPay 별도 mini-OrderSheet 1차 범위 포함 여부 미결,R1 · L4 판정 승계 · 외부 승인 종속 — 네이버페이 3~4주(payment-approval-flow.md:40) · 축소 시나리오 A 대기,PM,-,규칙:N1 open-questions D-1 「어떤 결제수단을 열 것인가 — 결정 기록 자체가 없다」 · 원천사 ,결제 화면 + 이니시스 가맹점관리자 에서 「네이버페이 결제」 결과에 표시된 금액이 권위값과 원 단위까지 같은 것이 1건 확인된다
STD-PAY-005,결제,결제수단,카카오페이 결제,new,작업 항목,,,N,N,print-kb/wiki/policy/order-payment.md#PAY-03,R1 · L4 판정 승계 · 외부 승인 종속 — 카카오페이 2주(payment-approval-flow.md:40) · 축소 시나리오 A 대기,PM,-,규칙:N1 open-questions D-1 「어떤 결제수단을 열 것인가 — 결정 기록 자체가 없다」 · 원천사 ,"「카카오페이 결제」를 담을 그릇(테이블·모듈·화면)이 생기고, 결제 화면 + 이니시스 가맹점관리자 에서 그 동작이 1회 관측된다"
STD-PAY-006,결제,결제수단,토스페이 결제,new,작업 항목,,,N,N,print-kb/wiki/policy/order-payment.md#PAY-03,R1 · L4 판정 승계,PM,-,규칙:N1 open-questions D-1 「어떤 결제수단을 열 것인가 — 결정 기록 자체가 없다」 · 원천사 ,"「토스페이 결제」를 담을 그릇(테이블·모듈·화면)이 생기고, 결제 화면 + 이니시스 가맹점관리자 에서 그 동작이 1회 관측된다"
STD-PAY-007,결제,결제수단,적립금(프린팅머니) 결제,partial,작업 항목,F-014;IA-014;SCOPE-014;X-DEC-PRINTMONEY-01,SB-030;SB-050,Y,N,"huni-skin-shopby/src/lib/api/hooks/use-points.ts:22,62 (조회 done) · checkout-form.tsx:52 (적립/충전은 mock)",R1 · L4 판정 승계 · 안 되는 부분: checkout-form.tsx:52 (적립/충전은 mock) (출처 근거),PM,-,규칙:N1 open-questions D-1 「어떤 결제수단을 열 것인가 — 결정 기록 자체가 없다」 · 원천사 ,"이미 되는 부분은 확인되고, 남은 부분(checkout-form.tsx:52 (적립/충전은 mock))이 「적립금(프린팅머니) 결제」 결과에 표시된 금액이 권위값과 원 단위까지 같은 것이 1건 확인된다"
STD-PAY-008,결제,결제수단,복합결제(적립금+PG 병용),todo,차단(외부),X-DEC-PRINTMONEY-01,SB-030,Y,N,huni-skin-shopby/src/components/checkout/checkout-form.tsx:52 (mock),R1 · L4 판정 승계 · 무통장 선검증: 불가 — 복합결제는 PG 결제 구간 위에 얹힌다 · 무통장 경로에는 그 구간 자체가 없다(shopby-order-state-machine.md T2·T4),PM,-,규칙:N1 open-questions D-1 「어떤 결제수단을 열 것인가 — 결정 기록 자체가 없다」 · 원천사 ,차단 — PG 승인 — 복합결제는 PG 승인분 위에 얹힌다. 승인·접근이 열린 뒤 결제 화면 + 이니시스 가맹점관리자 에서 「복합결제(적립금+PG 병용)」 결과에 표시된 금액이 권위값과 원 단위까지 같은 것이 1건 확인된다
STD-PAY-009,결제,결제수단,할부·무이자 옵션,new,작업 항목,,,N,N,print-kb/wiki/policy/order-payment.md#PAY-04,R1 · L4 판정 승계,PM,-,규칙:N1 open-questions D-1 「어떤 결제수단을 열 것인가 — 결정 기록 자체가 없다」 · 원천사 ,"「할부·무이자 옵션」을 담을 그릇(테이블·모듈·화면)이 생기고, 결제 화면 + 이니시스 가맹점관리자 에서 그 동작이 1회 관측된다"
STD-PAY-010,결제,결제수단,B2B 후불결제,todo,작업 항목,F-141;IA-141;SCOPE-141,,Y,Y,F-141/SCOPE-141/IA-141 주문관리-후불결제 PARTIAL·미착수,R1 · L4 판정 승계,PM,-,규칙:N1 open-questions D-1 「어떤 결제수단을 열 것인가 — 결정 기록 자체가 없다」 · 원천사 ,결제 화면 + 이니시스 가맹점관리자 에서 「B2B 후불결제」 결과에 표시된 금액이 권위값과 원 단위까지 같은 것이 1건 확인된다
STD-PAY-011,결제,결제처리,PG 리다이렉트·결제 확정 콜백,partial,차단(외부),F-080;IA-080;SCOPE-080;X-PAY-FLOW-01,SB-033,Y,Y,huni-skin-shopby/src/lib/payments/ncp-pay.ts:47-70 · src/app/api/pay-config/route.ts:8 — X-PAY-FLOW-01 PG 콜백 흐름 미상,"R1 · L4 판정 승계 · 무통장 선검증: 불가 — 무통장은 운영자가 [입금확인 처리]를 눌러 결제완료가 되고(shopby-order-state-machine.md T4), PG 자동 입금확인은 가상계좌·에스크로 전용(T5) — 무통장 주문은 PG 리다이렉트·콜백을 한 번도 타지 않는다. 다만 결제완료 이후 사슬(웹훅 수신·상태 반영)은 무통장으로 관측되며 그건 gates-v2 G2 ④에서 닫는다 · 안 되는 부분: src/app/api/pay-config/route.ts:8 — X-PAY-FLOW-01 PG 콜백 흐름 미상 (출처 근거)",쇼핑개발,web,규칙:260616 01_역할정의 「주문/결제 플로우」,차단 — PG 승인 — 리다이렉트·콜백은 MID 발급 후에만 실물 검증 가능. 승인·접근이 열린 뒤 결제 화면 + 이니시스 가맹점관리자 에서 「PG 리다이렉트·결제 확정 콜백」 결과에 표시된 금액이 권위값과 원 단위까지 같은 것이 1건 확인된다
STD-PAY-012,결제,결제처리,결제 실패 안내·재시도,todo,작업 항목,X-PAY-FLOW-01,,Y,Y,X-PAY-FLOW-01 결제 확정 흐름 미상,R1 · L4 판정 승계,쇼핑개발,web,규칙:260616 01_역할정의 「주문/결제 플로우」,결제 화면 + 이니시스 가맹점관리자 에서 「결제 실패 안내·재시도」 결과에 표시된 금액이 권위값과 원 단위까지 같은 것이 1건 확인된다
STD-PAY-013,결제,결제처리,결제 금액 위변조 검증(서버 재계산 대조),partial,작업 항목,X-NHN-POLICY-01;X-PAY-FLOW-01;X-PRICE-BRIDGE-01,SB-012,Y,Y,huni-skin-shopby/src/lib/api/widget-order.ts:26-35 (10원×orderCnt 적재 — 견적가 우회 적재) · X-PRICE-BRIDGE-01 동적 계산가 무손실 환원 경로 미확정,R1 · L4 판정 승계 · 안 되는 부분: X-PRICE-BRIDGE-01 동적 계산가 무손실 환원 경로 미확정 (출처 근거),쇼핑개발,web,규칙:260616 01_역할정의 「주문/결제 플로우」,"이미 되는 부분은 확인되고, 남은 부분(X-PRICE-BRIDGE-01 동적 계산가 무손실 환원 경로 미확정)이 「결제 금액 위변조 검증(서버 재계산 대조)」 결과에 표시된 금액이 권위값과 원 단위까지 같은 것이 1건 확인된다"
STD-PAY-014,결제,결제처리,결제 포기 처리,new,작업 항목,,,N,N,huni-shopby/01_research/order-to-delivery-contract.md §1 PAY_CANCEL,R1 · L4 판정 승계,쇼핑개발,web,규칙:260616 01_역할정의 「주문/결제 플로우」,"「결제 포기 처리」를 담을 그릇(테이블·모듈·화면)이 생기고, 결제 화면 + 이니시스 가맹점관리자 에서 그 동작이 1회 관측된다"
STD-PAY-015,결제,증빙,현금영수증 발급,todo,작업 항목,F-028;IA-028;SCOPE-028;X-TAXDOC-01,SB-053,Y,N,huni-skin-shopby/src/components/mypage/document-section.tsx:1-6 (정적 표 UI만·API 호출 없음 = stub) · X-TAXDOC-01 팝빌 연동 미결,R1 · L4 판정 승계 · 라이브 실측(09-02 A-5): `cashReceipt = false` · `cashReceiptRequired = false` — 현금영수증 기능이 꺼져 있다. 수량 표기 형식(E-1)은 **무통장 관통으로도 안 닫힌다** (L5/Q2/api-check-a13-a5.md §3 · :104),PM,-,규칙:N1 D-2 · N3 §4 「증빙 정책 확정」 · A-21 대응책 부재,결제 화면 + 이니시스 가맹점관리자 에서 「현금영수증 발급」 결과에 표시된 금액이 권위값과 원 단위까지 같은 것이 1건 확인된다
STD-PAY-016,결제,증빙,세금계산서 발급 신청·내역,todo,작업 항목,F-152;SCOPE-152;X-TAXDOC-01,SB-053,Y,N,huni-skin-shopby/src/components/mypage/document-section.tsx:1-6 (stub),R1 · L4 판정 승계,PM,-,규칙:N1 D-2 · N3 §4 「증빙 정책 확정」 · A-21 대응책 부재,결제 화면 + 이니시스 가맹점관리자 에서 「세금계산서 발급 신청·내역」 결과에 표시된 금액이 권위값과 원 단위까지 같은 것이 1건 확인된다
STD-PAY-017,결제,증빙,사업자정보 등록·관리,todo,작업 항목,F-026;F-027;IA-026;IA-027;SCOPE-026;SCOPE-027,,N,N,F-026/027·SCOPE-026/027·IA-026/027 사업자정보 목록·등록 PARTIAL·미착수,R1 · L4 판정 승계,PM,-,규칙:N1 D-2 · N3 §4 「증빙 정책 확정」 · A-21 대응책 부재,결제 화면 + 이니시스 가맹점관리자 에서 「사업자정보 등록·관리」가 1회 관측된다
STD-PAY-018,결제,증빙,거래명세서 출력,todo,작업 항목,F-025;F-142;IA-025;IA-142;SCOPE-025;SCOPE-142,,Y,Y,F-142/SCOPE-142/IA-142 증빙서류발급 관리 PARTIAL·미착수,R1 · L4 판정 승계 · 라이브 실측(09-02 A-5): `viewShopSpecification = false` — 거래명세서가 고객에게 노출되지 않는다. 이 행은 「고객 노출」이 아니라 **담당자 화면** 성격이다 (L5/Q2/api-check-a13-a5.md §3),PM,-,규칙:N1 D-2 · N3 §4 「증빙 정책 확정」 · A-21 대응책 부재,결제 화면 + 이니시스 가맹점관리자 에서 「거래명세서 출력」 결과에 표시된 금액이 권위값과 원 단위까지 같은 것이 1건 확인된다
STD-SHP-001,배송,배송비,기본 배송비 부과,partial,작업 항목,SCOPE-151;X-DEC-SHIPPING-01,SB-027,Y,Y,"huni-skin-shopby/src/lib/api/hooks/use-order-sheet.ts:177,252 (금액계산에 배송비 포함) · X-DEC-SHIPPING-01 배송비 정책 미확정",R1 · L4 판정 승계 · 안 되는 부분: X-DEC-SHIPPING-01 배송비 정책 미확정 (출처 근거),PM,-,규칙:N3 §4 U-7·U-7b 「운영정책 260827 문구를 어떻게 할 것인가」 · A-20 문구 정정(시스템 ,"이미 되는 부분은 확인되고, 남은 부분(X-DEC-SHIPPING-01 배송비 정책 미확정)이 「기본 배송비 부과」 결과에 표시된 금액이 권위값과 원 단위까지 같은 것이 1건 확인된다"
STD-SHP-002,배송,배송비,무료배송 기준금액 적용,partial,작업 항목,SCOPE-151;X-DEC-SHIPPING-01,SB-027,Y,Y,"huni-skin-shopby/src/lib/api/hooks/use-order-sheet.ts:177,252",R1 · L4 판정 승계 · 안 되는 부분: 미확인 — 근거·비고 어디에도 결손 표기가 없다 · 셀러어드민 배송 설정 화면 1회 점검으로 닫는다,PM,-,규칙:N3 §4 U-7·U-7b 「운영정책 260827 문구를 어떻게 할 것인가」 · A-20 문구 정정(시스템 ,"이미 되는 부분은 확인되고, 남은 부분(미확인 — 결손 표기 없음)이 「무료배송 기준금액 적용」 결과에 표시된 금액이 권위값과 원 단위까지 같은 것이 1건 확인된다"
STD-SHP-003,배송,배송비,제주 추가 배송비,todo,작업 항목,F-150;SCOPE-150;X-DEC-SHIPPING-01,,Y,Y,F-150/SCOPE-150 도서산간 추가배송비 데이터화 PARTIAL·미착수,R1 · L4 판정 승계,PM,-,규칙:N3 §4 U-7·U-7b 「운영정책 260827 문구를 어떻게 할 것인가」 · A-20 문구 정정(시스템 ,셀러어드민 배송 설정 화면 에서 「제주 추가 배송비」 결과에 표시된 금액이 권위값과 원 단위까지 같은 것이 1건 확인된다
STD-SHP-004,배송,배송비,도서산간 권역별 추가 배송비,todo,작업 항목,F-150;SCOPE-150;X-DEC-SHIPPING-01,,Y,Y,F-150/SCOPE-150 도서산간 추가배송비 데이터화,R1 · L4 판정 승계,PM,-,규칙:N3 §4 U-7·U-7b 「운영정책 260827 문구를 어떻게 할 것인가」 · A-20 문구 정정(시스템 ,셀러어드민 배송 설정 화면 에서 「도서산간 권역별 추가 배송비」 결과에 표시된 금액이 권위값과 원 단위까지 같은 것이 1건 확인된다
STD-SHP-005,배송,배송비,특정 상품군 무료배송 제외(실사·대형),todo,작업 항목,SCOPE-151,,N,N,SCOPE-151 배송비 템플릿/조건부 무료배송 PARTIAL,R1 · L4 판정 승계,PM,-,규칙:N3 §4 U-7·U-7b 「운영정책 260827 문구를 어떻게 할 것인가」 · A-20 문구 정정(시스템 ,셀러어드민 배송 설정 화면 에서 「특정 상품군 무료배송 제외(실사·대형)」이 1회 관측된다
STD-SHP-006,배송,배송비,혼합주문 배송비 산정(최고값 1건),new,작업 항목,,,N,N,print-kb/wiki/policy/shipping.md#SHIP-04 최고값 1건,R1 · L4 판정 승계,PM,-,규칙:N3 §4 U-7·U-7b 「운영정책 260827 문구를 어떻게 할 것인가」 · A-20 문구 정정(시스템 ,"「혼합주문 배송비 산정(최고값 1건)」을 담을 그릇(테이블·모듈·화면)이 생기고, 셀러어드민 배송 설정 화면 에서 그 동작이 1회 관측된다"
STD-SHP-007,배송,배송비,배송 권역·템플릿 관리,todo,작업 항목,SCOPE-151,,N,N,SCOPE-151 배송비 템플릿,R1 · L4 판정 승계,PM,-,규칙:N3 §4 U-7·U-7b 「운영정책 260827 문구를 어떻게 할 것인가」 · A-20 문구 정정(시스템 ,셀러어드민 배송 설정 화면 에서 「배송 권역·템플릿 관리」가 1회 관측된다
STD-SHP-008,배송,배송방식,택배 배송,partial,작업 항목,F-077;IA-077;SCOPE-077,SB-026;SB-028,N,Y,huni-skin-shopby/src/lib/api/hooks/use-order-sheet.ts:40 · src/components/checkout/address-modal.tsx:1,R1 · L4 판정 승계 · 안 되는 부분: 미확인 — 근거·비고 어디에도 결손 표기가 없다 · 셀러어드민 배송 설정 화면 1회 점검으로 닫는다,쇼핑개발,web,규칙:260616 01_역할정의 「스토어프론트·주문/결제 플로우」,"이미 되는 부분은 확인되고, 남은 부분(미확인 — 결손 표기 없음)이 「택배 배송」 결과에 표시된 금액이 권위값과 원 단위까지 같은 것이 1건 확인된다"
STD-SHP-009,배송,배송방식,퀵/화물 배송(대형 인쇄물),new,작업 항목,,,N,N,print-kb/wiki/policy/shipping.md#SHIP-03 실사 대형 파생,R1 · L4 판정 승계,쇼핑개발,web,규칙:260616 01_역할정의 「스토어프론트·주문/결제 플로우」,"「퀵/화물 배송(대형 인쇄물)」을 담을 그릇(테이블·모듈·화면)이 생기고, 셀러어드민 배송 설정 화면 에서 그 동작이 1회 관측된다"
STD-SHP-010,배송,배송방식,매장 방문수령,new,작업 항목,,,N,N,print-kb/wiki/policy/order-mgmt.md#OMG-07 오프라인 경로 파생,R1 · L4 판정 승계,쇼핑개발,web,규칙:260616 01_역할정의 「스토어프론트·주문/결제 플로우」,"「매장 방문수령」을 담을 그릇(테이블·모듈·화면)이 생기고, 셀러어드민 배송 설정 화면 에서 그 동작이 1회 관측된다"
STD-SHP-011,배송,배송방식,분할배송(건별 부분 출고),new,작업 항목,,,N,N,huni-shopby/01_research/order-to-delivery-contract.md §2.1 주문상품옵션 단위 송장,R1 · L4 판정 승계,쇼핑개발,web,규칙:260616 01_역할정의 「스토어프론트·주문/결제 플로우」,"「분할배송(건별 부분 출고)」를 담을 그릇(테이블·모듈·화면)이 생기고, 셀러어드민 배송 설정 화면 에서 그 동작이 1회 관측된다"
STD-SHP-012,배송,추적,송장번호 등록(판매자),todo,작업 항목,F-140;IA-140;SCOPE-140,,N,Y,F-140/SCOPE-140/IA-140 주문상태변경 처리(+문자) PARTIAL·미착수,R1 · L4 판정 승계,쇼핑개발,web,규칙:260616 01_역할정의 「스토어프론트·주문/결제 플로우」,셀러어드민 배송 설정 화면 에서 「송장번호 등록(판매자)」 결과에 표시된 금액이 권위값과 원 단위까지 같은 것이 1건 확인된다
STD-SHP-013,배송,추적,송장 기반 배송상태 일괄변경,todo,작업 항목,F-143;IA-143;SCOPE-143,,N,Y,F-143/SCOPE-143/IA-143 주문상태변경(일괄) PARTIAL·미착수,R1 · L4 판정 승계,쇼핑개발,web,규칙:260616 01_역할정의 「스토어프론트·주문/결제 플로우」,셀러어드민 배송 설정 화면 에서 「송장 기반 배송상태 일괄변경」 결과에 표시된 금액이 권위값과 원 단위까지 같은 것이 1건 확인된다
STD-SHP-014,배송,추적,고객 배송 조회(택배사 추적),partial,작업 항목,F-161;SCOPE-161,SB-045,N,Y,"huni-skin-shopby/src/lib/api/hooks/use-my-orders.ts:84,354",R1 · L4 판정 승계 · 안 되는 부분: 미확인 — 근거·비고 어디에도 결손 표기가 없다 · 셀러어드민 배송 설정 화면 1회 점검으로 닫는다,쇼핑개발,web,규칙:260616 01_역할정의 「스토어프론트·주문/결제 플로우」,"이미 되는 부분은 확인되고, 남은 부분(미확인 — 결손 표기 없음)이 「고객 배송 조회(택배사 추적)」 결과에 표시된 금액이 권위값과 원 단위까지 같은 것이 1건 확인된다"
STD-SHP-015,배송,추적,배송지 변경/추가,done,작업 항목,IA-078;IA-079;SCOPE-078;SCOPE-079,SB-048,N,N,huni-skin-shopby/src/lib/api/hooks/use-shipping-address.ts:65-125 (CRUD·기본배송지),R1 · L4 판정 승계,쇼핑개발,web,규칙:260616 01_역할정의 「스토어프론트·주문/결제 플로우」,"huni-skin-shopby/src/lib/api/hooks/use-shipping-address.ts:65-125 에 구현이 있고, 셀러어드민 배송 설정 화면 에서 「배송지 변경/추가」가 1회 관측된다"
STD-SHP-016,배송,알림,배송 상태 변경 알림 발송,todo,작업 항목,F-144;IA-144;SCOPE-144;X-SMS-CONTRACT-01,,N,Y,X-SMS-CONTRACT-01 OQ-G8 알림톡/SMS 서비스 계약 미체결(1차 영향),R1 · L4 판정 승계,쇼핑개발,web,규칙:260616 01_역할정의 「스토어프론트·주문/결제 플로우」,셀러어드민 배송 설정 화면 에서 「배송 상태 변경 알림 발송」 결과에 표시된 금액이 권위값과 원 단위까지 같은 것이 1건 확인된다
STD-CLM-001,클레임·CS,취소,주문 전체 취소 신청,new,작업 항목,,,N,N,huni-shopby/01_research/order-to-delivery-contract.md §4.3 claims-*,R1 · L4 판정 승계,쇼핑개발,web,규칙:N1 상태머신 — 클레임은 샵바이 표준 상태·API 위에서 동작,"「주문 전체 취소 신청」을 담을 그릇(테이블·모듈·화면)이 생기고, 샵바이 응답의 nextActions·cancelable/exchangeable/returnable 에서 그 동작이 1회 관측된다"
STD-CLM-002,클레임·CS,취소,옵션 부분 취소 신청,new,작업 항목,,,N,N,huni-shopby/01_research/order-to-delivery-contract.md §4.3 claims-*,R1 · L4 판정 승계,쇼핑개발,web,규칙:N1 상태머신 — 클레임은 샵바이 표준 상태·API 위에서 동작,"「옵션 부분 취소 신청」을 담을 그릇(테이블·모듈·화면)이 생기고, 샵바이 응답의 nextActions·cancelable/exchangeable/returnable 에서 그 동작이 1회 관측된다"
STD-CLM-003,클레임·CS,취소,비회원 취소 신청,new,작업 항목,,,N,N,huni-shopby/01_research/order-to-delivery-contract.md §4.3 claims-*,R1 · L4 판정 승계,쇼핑개발,web,규칙:N1 상태머신 — 클레임은 샵바이 표준 상태·API 위에서 동작,"「비회원 취소 신청」을 담을 그릇(테이블·모듈·화면)이 생기고, 샵바이 응답의 nextActions·cancelable/exchangeable/returnable 에서 그 동작이 1회 관측된다"
STD-CLM-004,클레임·CS,취소,제작 착수 후 취소 제한·협의 안내,new,작업 항목,,,N,N,print-kb/wiki/policy/operations.md#OPS-01 케이스별 협의,R1 · L4 판정 승계,쇼핑개발,web,규칙:N1 상태머신 — 클레임은 샵바이 표준 상태·API 위에서 동작,"「제작 착수 후 취소 제한·협의 안내」를 담을 그릇(테이블·모듈·화면)이 생기고, 샵바이 응답의 nextActions·cancelable/exchangeable/returnable 에서 그 동작이 1회 관측된다"
STD-CLM-005,클레임·CS,반품,반품 신청(단일·복수),new,작업 항목,,,N,N,huni-shopby/01_research/order-to-delivery-contract.md §4.3 claims-*,R1 · L4 판정 승계 · lead 결정 3 · 실물있음 — 생산축 STD-MFG-121 (물류 반송 접수 · 고객 신청과는 다른 단계),쇼핑개발,web,규칙:N1 상태머신 — 클레임은 샵바이 표준 상태·API 위에서 동작,"「반품 신청(단일·복수)」를 담을 그릇(테이블·모듈·화면)이 생기고, 샵바이 응답의 nextActions·cancelable/exchangeable/returnable 에서 그 동작이 1회 관측된다"
STD-CLM-006,클레임·CS,교환,교환 신청(출고 전/후),new,작업 항목,,,N,N,huni-shopby/01_research/order-to-delivery-contract.md §4.3 claims-*,R1 · L4 판정 승계,쇼핑개발,web,규칙:N1 상태머신 — 클레임은 샵바이 표준 상태·API 위에서 동작,"「교환 신청(출고 전/후)」를 담을 그릇(테이블·모듈·화면)이 생기고, 샵바이 응답의 nextActions·cancelable/exchangeable/returnable 에서 그 동작이 1회 관측된다"
STD-CLM-007,클레임·CS,환불,환불 예상금액 계산,new,작업 항목,,,N,N,huni-shopby/01_research/order-to-delivery-contract.md §4.3 claims-*,R1 · L4 판정 승계,쇼핑개발,web,규칙:N1 상태머신 — 클레임은 샵바이 표준 상태·API 위에서 동작,"「환불 예상금액 계산」을 담을 그릇(테이블·모듈·화면)이 생기고, 샵바이 응답의 nextActions·cancelable/exchangeable/returnable 에서 그 동작이 1회 관측된다"
STD-CLM-008,클레임·CS,환불,환불계좌 등록·수정,new,작업 항목,,,N,N,huni-shopby/01_research/order-to-delivery-contract.md §4.3 claims-*,R1 · L4 판정 승계,쇼핑개발,web,규칙:N1 상태머신 — 클레임은 샵바이 표준 상태·API 위에서 동작,"「환불계좌 등록·수정」을 담을 그릇(테이블·모듈·화면)이 생기고, 샵바이 응답의 nextActions·cancelable/exchangeable/returnable 에서 그 동작이 1회 관측된다"
STD-CLM-009,클레임·CS,환불,클레임 철회,new,작업 항목,,,N,N,huni-shopby/01_research/order-to-delivery-contract.md §4.3 claims-*,R1 · L4 판정 승계,쇼핑개발,web,규칙:N1 상태머신 — 클레임은 샵바이 표준 상태·API 위에서 동작,"「클레임 철회」를 담을 그릇(테이블·모듈·화면)이 생기고, 샵바이 응답의 nextActions·cancelable/exchangeable/returnable 에서 그 동작이 1회 관측된다"
STD-CLM-010,클레임·CS,클레임,클레임 사유 분류 선택(12종),new,작업 항목,,,N,N,huni-shopby/01_research/order-to-delivery-contract.md §4.2 claimReasonType,R1 · L4 판정 승계,쇼핑개발,web,규칙:N1 상태머신 — 클레임은 샵바이 표준 상태·API 위에서 동작,"「클레임 사유 분류 선택(12종)」을 담을 그릇(테이블·모듈·화면)이 생기고, 샵바이 응답의 nextActions·cancelable/exchangeable/returnable 에서 그 동작이 1회 관측된다"
STD-CLM-011,클레임·CS,클레임,귀책 구분(구매자/판매자/단순변심),new,작업 항목,,,N,N,huni-shopby/01_research/order-to-delivery-contract.md §4.2 responsibleObjectType,R1 · L4 판정 승계,쇼핑개발,web,규칙:N1 상태머신 — 클레임은 샵바이 표준 상태·API 위에서 동작,"「귀책 구분(구매자/판매자/단순변심)」을 담을 그릇(테이블·모듈·화면)이 생기고, 샵바이 응답의 nextActions·cancelable/exchangeable/returnable 에서 그 동작이 1회 관측된다"
STD-CLM-012,클레임·CS,클레임,클레임 목록·상세 조회,todo,작업 항목,X-SHOPBY-CLAIM-FSM-01,,N,Y,X-SHOPBY-CLAIM-FSM-01 클레임 상태머신 미폐합 — 수거진행 중간상태 누락·입금대기/교환대기/환불완료 전이 미정의,R1 · L4 판정 승계,쇼핑개발,web,규칙:N1 상태머신 — 클레임은 샵바이 표준 상태·API 위에서 동작,샵바이 응답의 nextActions·cancelable/exchangeable/returnable 에서 「클레임 목록·상세 조회」 결과에 표시된 금액이 권위값과 원 단위까지 같은 것이 1건 확인된다
STD-CLM-013,클레임·CS,클레임,판매자 클레임 승인·거부 처리,todo,작업 항목,X-SHOPBY-CLAIM-FSM-01,,N,Y,X-SHOPBY-CLAIM-FSM-01 클레임 상태머신 미폐합,R1 · L4 판정 승계,쇼핑개발,web,규칙:N1 상태머신 — 클레임은 샵바이 표준 상태·API 위에서 동작,샵바이 응답의 nextActions·cancelable/exchangeable/returnable 에서 「판매자 클레임 승인·거부 처리」 결과에 표시된 금액이 권위값과 원 단위까지 같은 것이 1건 확인된다
STD-CLM-014,클레임·CS,불량,인쇄 불량 접수(사진 첨부),new,작업 항목,,,N,N,print-kb/wiki/policy/operations.md#OPS-04 클레임/불량,R1 · L4 판정 승계,쇼핑개발,web,규칙:N1 상태머신 — 클레임은 샵바이 표준 상태·API 위에서 동작,"「인쇄 불량 접수(사진 첨부)」를 담을 그릇(테이블·모듈·화면)이 생기고, 샵바이 응답의 nextActions·cancelable/exchangeable/returnable 에서 그 동작이 1회 관측된다"
STD-CLM-015,클레임·CS,불량,재제작(재작업) 처리 경로,new,작업 항목,,,N,N,print-kb/wiki/policy/operations.md#OPS-04 재제작 우선,R1 · L4 판정 승계 · lead 결정 3 · 실물있음 — 생산축 STD-MFG-119·120 (일부/전체 재제작),쇼핑개발,web,규칙:N1 상태머신 — 클레임은 샵바이 표준 상태·API 위에서 동작,"「재제작(재작업) 처리 경로」를 담을 그릇(테이블·모듈·화면)이 생기고, 샵바이 응답의 nextActions·cancelable/exchangeable/returnable 에서 그 동작이 1회 관측된다"
STD-CLM-016,클레임·CS,문의,1:1 문의 등록·답변,todo,작업 항목,IA-020;IA-120;SCOPE-020;SCOPE-120,SB-056,N,N,huni-skin-shopby/src/app/(main) 하위 inquiry/qna 라우트 부재 (SB-056 absent),R1 · L4 판정 승계,쇼핑개발,web,규칙:N1 상태머신 — 클레임은 샵바이 표준 상태·API 위에서 동작,샵바이 응답의 nextActions·cancelable/exchangeable/returnable 에서 「1:1 문의 등록·답변」이 1회 관측된다
STD-CLM-017,클레임·CS,문의,상품 Q&A 등록·답변,todo,작업 항목,IA-016;IA-069;IA-119;SCOPE-016;SCOPE-069;SCOPE-119,SB-056,N,N,huni-skin-shopby/src/app/(main) 하위 inquiry/qna 라우트 부재 (SB-056 absent),R1 · L4 판정 승계,쇼핑개발,web,규칙:N1 상태머신 — 클레임은 샵바이 표준 상태·API 위에서 동작,샵바이 응답의 nextActions·cancelable/exchangeable/returnable 에서 「상품 Q&A 등록·답변」이 1회 관측된다
STD-CLM-018,정보·콘텐츠,문의,공지사항·FAQ 열람,partial,작업 항목,IA-067;IA-068;SCOPE-067;SCOPE-068,SB-054;SB-056,N,N,huni-skin-shopby/src/app/(main)/notice/page.tsx:1-27 · src/lib/api/server/board.ts:1 (공지 done) — FAQ 라우트 부재(SB-056 absent),R1 · L4 판정 승계 · lead 결정 4 · 대분류 이관(클레임·CS → 정보·콘텐츠) · 안 되는 부분: src/lib/api/server/board.ts:1 (공지 done) — FAQ 라우트 부재(SB-056 absent) (출처 근거),PM,-,규칙:260616 01_역할정의 PM 「약관·가이드 콘텐츠」 · 게시 지점은 빌더(예외표),"이미 되는 부분은 확인되고, 남은 부분(src/lib/api/server/board.ts:1 (공지 done) — FAQ 라우트 부재(SB-056 absent))이 「공지사항·FAQ 열람」이 1회 관측된다"
STD-CLM-019,클레임·CS,문의,기업인쇄 상담 접수,todo,작업 항목,IA-071;IA-117;SCOPE-071;SCOPE-117,SB-056,N,N,huni-skin-shopby src/app/(main) 하위 inquiry 라우트 부재 (SB-056 absent),R1 · L4 판정 승계,쇼핑개발,web,규칙:N1 상태머신 — 클레임은 샵바이 표준 상태·API 위에서 동작,샵바이 응답의 nextActions·cancelable/exchangeable/returnable 에서 「기업인쇄 상담 접수」가 1회 관측된다
STD-CLM-020,클레임·CS,문의,디자인 상담 접수,todo,작업 항목,F-082;IA-072;IA-082;IA-118;SCOPE-072;SCOPE-082;SCOPE-118,SB-056,N,Y,huni-skin-shopby src/app/(main) 하위 inquiry 라우트 부재 (SB-056 absent),R1 · L4 판정 승계,쇼핑개발,web,규칙:N1 상태머신 — 클레임은 샵바이 표준 상태·API 위에서 동작,샵바이 응답의 nextActions·cancelable/exchangeable/returnable 에서 「디자인 상담 접수」 결과에 표시된 금액이 권위값과 원 단위까지 같은 것이 1건 확인된다
STD-MEM-001,회원·인증,가입,회원가입(이메일 식별자),done,작업 항목,F-005;IA-005;IA-006;SCOPE-005;SCOPE-006,SB-038,N,N,huni-skin-shopby/src/app/api/auth/signup/route.ts:8-33,R1 · L4 판정 승계,쇼핑개발,web,규칙:260616 01_역할정의 「쇼핑몰 사용자 전반」 · L2 SB-038 등 auth 라우트가 shopby 저,"huni-skin-shopby/src/app/api/auth/signup/route.ts:8-33 에 구현이 있고, 라이브 화면(테스트 계정) 에서 「회원가입(이메일 식별자)」가 1회 관측된다"
STD-MEM-002,회원·인증,가입,약관 동의·전체동의,partial,작업 항목,IA-004;SCOPE-004,SB-038,N,N,"[L4b보강] huni-skin-shopby/src/components/auth/signup-form.tsx:24-25,75-76",R1 · L4 판정 승계 · 안 되는 부분: 미확인 — 근거·비고 어디에도 결손 표기가 없다 · 라이브 화면(테스트 계정) 1회 점검으로 닫는다,쇼핑개발,web,규칙:260616 01_역할정의 「쇼핑몰 사용자 전반」 · L2 SB-038 등 auth 라우트가 shopby 저,"이미 되는 부분은 확인되고, 남은 부분(미확인 — 결손 표기 없음)이 「약관 동의·전체동의」가 1회 관측된다"
STD-MEM-003,회원·인증,가입,휴대전화 본인인증(SMS/PASS),todo,작업 항목,F-007;IA-007;SCOPE-007;X-AUTH-CONTRACT-01,SB-043,N,N,SB-043 absent(인증 SDK·API 호출 지점 0건) · L2 service-dependency D-17 endpoint='(호출 지점 없음)',R1 · L4 판정 승계,쇼핑개발,web,규칙:260616 01_역할정의 「쇼핑몰 사용자 전반」 · L2 SB-038 등 auth 라우트가 shopby 저,라이브 화면(테스트 계정) 에서 「휴대전화 본인인증(SMS/PASS)」가 1회 관측된다
STD-MEM-004,회원·인증,가입,14세 미만 가입 제한,partial,작업 항목,IA-004;SCOPE-004,SB-038,N,N,[L4b보강] huni-skin-shopby/src/components/auth/signup-form.tsx:28 (age14 필수 약관 게이트),R1 · L4 판정 승계 · 안 되는 부분: 미확인 — 근거·비고 어디에도 결손 표기가 없다 · 라이브 화면(테스트 계정) 1회 점검으로 닫는다,쇼핑개발,web,규칙:260616 01_역할정의 「쇼핑몰 사용자 전반」 · L2 SB-038 등 auth 라우트가 shopby 저,"이미 되는 부분은 확인되고, 남은 부분(미확인 — 결손 표기 없음)이 「14세 미만 가입 제한」이 1회 관측된다"
STD-MEM-005,회원·인증,가입,1인 1계정 중복가입 제한,partial,작업 항목,IA-006;SCOPE-006,SB-038,N,N,huni-skin-shopby/src/app/api/auth/signup/route.ts:8-33,R1 · L4 판정 승계 · 안 되는 부분: 미확인 — 근거·비고 어디에도 결손 표기가 없다 · 라이브 화면(테스트 계정) 1회 점검으로 닫는다,쇼핑개발,web,규칙:260616 01_역할정의 「쇼핑몰 사용자 전반」 · L2 SB-038 등 auth 라우트가 shopby 저,"이미 되는 부분은 확인되고, 남은 부분(미확인 — 결손 표기 없음)이 「1인 1계정 중복가입 제한」이 1회 관측된다"
STD-MEM-006,회원·인증,가입,가입완료 혜택 자동지급(쿠폰+적립금),todo,작업 항목,F-156;IA-008;SCOPE-008;SCOPE-156;X-SHOPBY-NATIVE-01,,Y,N,print-kb/wiki/policy/membership-auth.md#MEM-07 · L4 사유: L2 인벤토리에 가입완료 혜택 지급 행 없음. X-SHOPBY-NATIVE-01 가입완료 메일 native 범위 미확인.,R1 · L4 판정 승계,쇼핑개발,web,규칙:260616 01_역할정의 「쇼핑몰 사용자 전반」 · L2 SB-038 등 auth 라우트가 shopby 저,라이브 화면(테스트 계정) 에서 「가입완료 혜택 자동지급(쿠폰+적립금)」 결과에 표시된 금액이 권위값과 원 단위까지 같은 것이 1건 확인된다
STD-MEM-007,회원·인증,로그인,아이디/비밀번호 로그인,done,작업 항목,IA-001;SCOPE-001,SB-037,N,N,huni-skin-shopby/src/lib/auth/auth.config.ts:12-22 · src/lib/auth/shopby-auth.ts:1,R1 · L4 판정 승계,쇼핑개발,web,규칙:260616 01_역할정의 「쇼핑몰 사용자 전반」 · L2 SB-038 등 auth 라우트가 shopby 저,"huni-skin-shopby/src/lib/auth/auth.config.ts:12-22 에 구현이 있고, 라이브 화면(테스트 계정) 에서 「아이디/비밀번호 로그인」이 1회 관측된다"
STD-MEM-008,회원·인증,로그인,아이디 찾기(마스킹),todo,작업 항목,IA-002;SCOPE-002,SB-042,N,N,SB-042 stub — huni-skin-shopby/src/components/auth/find-id-form.tsx:50-56 (토스트 '준비 중'),R1 · L4 판정 승계,쇼핑개발,web,규칙:260616 01_역할정의 「쇼핑몰 사용자 전반」 · L2 SB-038 등 auth 라우트가 shopby 저,라이브 화면(테스트 계정) 에서 「아이디 찾기(마스킹)」이 1회 관측된다
STD-MEM-009,회원·인증,로그인,비밀번호 재설정(이메일 링크),todo,작업 항목,F-003;IA-003;SCOPE-003,SB-042,N,N,SB-042 stub — find-id-form.tsx:50-56,R1 · L4 판정 승계,쇼핑개발,web,규칙:260616 01_역할정의 「쇼핑몰 사용자 전반」 · L2 SB-038 등 auth 라우트가 shopby 저,라이브 화면(테스트 계정) 에서 「비밀번호 재설정(이메일 링크)」가 1회 관측된다
STD-MEM-010,회원·인증,로그인,카카오 소셜 로그인,todo,작업 항목,SCOPE-145,SB-041,N,N,SB-041 stub — huni-skin-shopby/src/components/auth/sns-buttons.tsx:74-80 (토스트만·signIn 미호출) · D-16 providers 빈 배열,R1 · L4 판정 승계,쇼핑개발,web,규칙:260616 01_역할정의 「쇼핑몰 사용자 전반」 · L2 SB-038 등 auth 라우트가 shopby 저,라이브 화면(테스트 계정) 에서 「카카오 소셜 로그인」이 1회 관측된다
STD-MEM-011,회원·인증,로그인,네이버 소셜 로그인,todo,작업 항목,SCOPE-145,SB-041,N,N,SB-041 stub — sns-buttons.tsx:74-80 · D-16,R1 · L4 판정 승계,쇼핑개발,web,규칙:260616 01_역할정의 「쇼핑몰 사용자 전반」 · L2 SB-038 등 auth 라우트가 shopby 저,라이브 화면(테스트 계정) 에서 「네이버 소셜 로그인」이 1회 관측된다
STD-MEM-012,회원·인증,로그인,구글/애플 소셜 로그인,todo,작업 항목,SCOPE-145,SB-041,N,N,SB-041 stub — sns-buttons.tsx:74-80 · D-16,R1 · L4 판정 승계,쇼핑개발,web,규칙:260616 01_역할정의 「쇼핑몰 사용자 전반」 · L2 SB-038 등 auth 라우트가 shopby 저,라이브 화면(테스트 계정) 에서 「구글/애플 소셜 로그인」이 1회 관측된다
STD-MEM-013,회원·인증,세션,로그인 세션 유지·자동 갱신,new,작업 항목,,SB-040,N,N,SB-040 done — huni-skin-shopby/src/lib/auth/auth.config.ts:18-22 · src/app/api/shop/[...path]/route.ts:20-27,R1 · L4 판정 승계,쇼핑개발,web,규칙:260616 01_역할정의 「쇼핑몰 사용자 전반」 · L2 SB-038 등 auth 라우트가 shopby 저,"「로그인 세션 유지·자동 갱신」을 담을 그릇(테이블·모듈·화면)이 생기고, 라이브 화면(테스트 계정) 에서 그 동작이 1회 관측된다"
STD-MEM-014,회원·인증,세션,비회원 게스트 세션 처리,done,작업 항목,IA-073;SCOPE-073,SB-023;SB-034;SB-036,N,N,SB-023 huni-skin-shopby/src/lib/guest-cart.ts:1-31 · SB-034 src/components/checkout/guest-checkout-form.tsx:9-10 · SB-036 src/components/order/guest-order-lookup.tsx:4-9,R1 · L4 판정 승계 · 라이브 실측(09-02 A-13): 상품 297건 전건 `nonmemberPurchaseYn = Y` — 판매중 226건도 전건 게스트 구매 가능. 무통장 관통을 게스트 경로로 돌릴 수 있고 E-5·E-6 이 같이 관측된다 (L5/Q2/api-check-a13-a5.md §2),쇼핑개발,web,규칙:260616 01_역할정의 「쇼핑몰 사용자 전반」 · L2 SB-038 등 auth 라우트가 shopby 저,"huni-skin-shopby/src/lib/guest-cart.ts:1-31 에 구현이 있고, 라이브 화면(테스트 계정) 에서 「비회원 게스트 세션 처리」가 1회 관측된다"
STD-MEM-015,회원·인증,회원,회원정보 수정(비밀번호 재확인),done,작업 항목,F-021;IA-021;IA-022;SCOPE-021;SCOPE-022,SB-046,N,N,huni-skin-shopby/src/lib/api/hooks/use-profile.ts:42,R1 · L4 판정 승계,쇼핑개발,web,규칙:260616 01_역할정의 「쇼핑몰 사용자 전반」 · L2 SB-038 등 auth 라우트가 shopby 저,"huni-skin-shopby/src/lib/api/hooks/use-profile.ts:42 에 구현이 있고, 라이브 화면(테스트 계정) 에서 「회원정보 수정(비밀번호 재확인)」이 1회 관측된다"
STD-MEM-016,회원·인증,회원,비밀번호 변경,done,작업 항목,IA-023;SCOPE-023,SB-046,N,N,huni-skin-shopby/src/lib/api/hooks/use-profile.ts:42,R1 · L4 판정 승계,쇼핑개발,web,규칙:260616 01_역할정의 「쇼핑몰 사용자 전반」 · L2 SB-038 등 auth 라우트가 shopby 저,"huni-skin-shopby/src/lib/api/hooks/use-profile.ts:42 에 구현이 있고, 라이브 화면(테스트 계정) 에서 「비밀번호 변경」이 1회 관측된다"
STD-MEM-017,회원·인증,회원,회원탈퇴,done,작업 항목,IA-024;SCOPE-024,SB-047,N,N,huni-skin-shopby/src/lib/api/hooks/use-profile.ts:112 · src/components/mypage/withdraw-section.tsx:4,R1 · L4 판정 승계,쇼핑개발,web,규칙:260616 01_역할정의 「쇼핑몰 사용자 전반」 · L2 SB-038 등 auth 라우트가 shopby 저,"huni-skin-shopby/src/lib/api/hooks/use-profile.ts:112 에 구현이 있고, 라이브 화면(테스트 계정) 에서 「회원탈퇴」가 1회 관측된다"
STD-MEM-018,회원·인증,회원,회원등급 산정·자동 승급,todo,작업 항목,F-146;SCOPE-146;X-DEC-GRADE-01,SB-046,Y,N,[L4b보강] huni-skin-shopby/src/lib/api/hooks/use-profile.ts:39 (memberGradeName 표시 필드만),R1 · L4 판정 승계,쇼핑개발,web,규칙:260616 01_역할정의 「쇼핑몰 사용자 전반」 · L2 SB-038 등 auth 라우트가 shopby 저,라이브 화면(테스트 계정) 에서 「회원등급 산정·자동 승급」 결과에 표시된 금액이 권위값과 원 단위까지 같은 것이 1건 확인된다
STD-MEM-019,회원·인증,회원,휴면계정 전환·복구,todo,작업 항목,SCOPE-147,,N,N,[L4b보강] huni-skin-shopby/src/lib/auth/shopby-auth.ts:28 (휴면 응답 주석만·전환/복구 화면 0건),R1 · L4 판정 승계,쇼핑개발,web,규칙:260616 01_역할정의 「쇼핑몰 사용자 전반」 · L2 SB-038 등 auth 라우트가 shopby 저,라이브 화면(테스트 계정) 에서 「휴면계정 전환·복구」가 1회 관측된다
STD-MEM-020,회원·인증,회원,기존 회원 데이터 이관(구 사이트),todo,차단(외부),X-CHK-MIGDRILL-01;X-DEC-EXTMEMBER-01;X-MIG-CONSENT-01;X-MIG-EXTRAINFO-01;X-MIG-MEMBER-SCHEMA-01;X-OLDDB-ACCESS-01,,Y,N,print-kb/wiki/policy/membership-auth.md#MEM-01 마이그레이션 이슈 명시 · L4 사유: 돈 걸림. 구 DB 미접근(X-OLDDB-ACCESS-01)이 20개 질문의 공통 선행 블로커. 이관 리허설 미실행.,R1 · L4 판정 승계 · 무통장 선검증: 불가 — 차단 사유가 구 DB 접근(X-OLDDB-ACCESS-01)이라 결제수단과 무관하다 — 무통장이 열려도 그대로 남는다,쇼핑개발,web,규칙:260616 01_역할정의 「쇼핑몰 사용자 전반」 · L2 SB-038 등 auth 라우트가 shopby 저,차단 — 구 DB 접근 — 범위에 넣을 때만 차단(PM 결정 종속). 승인·접근이 열린 뒤 라이브 화면(테스트 계정) 에서 「기존 회원 데이터 이관(구 사이트)」 결과에 표시된 금액이 권위값과 원 단위까지 같은 것이 1건 확인된다
STD-MYP-001,마이페이지,주문,주문 목록 조회,done,작업 항목,IA-009;SCOPE-009,SB-045,N,N,huni-skin-shopby/src/lib/api/hooks/use-my-orders.ts:84,R1 · L4 판정 승계,쇼핑개발,web,규칙:같은 근거 — 마이페이지는 샵바이 스토어프론트 화면,"huni-skin-shopby/src/lib/api/hooks/use-my-orders.ts:84 에 구현이 있고, 라이브 화면(테스트 계정) 에서 「주문 목록 조회」가 1회 관측된다"
STD-MYP-002,마이페이지,주문,주문 상세 조회(사양·파일·상태),partial,작업 항목,F-010;IA-010;SCOPE-010,SB-045,N,Y,huni-skin-shopby/src/lib/api/hooks/use-my-orders.ts:84 (목록/상세),R1 · L4 판정 승계 · 안 되는 부분: 미확인 — 근거·비고 어디에도 결손 표기가 없다 · 라이브 화면(테스트 계정) 1회 점검으로 닫는다,쇼핑개발,web,규칙:같은 근거 — 마이페이지는 샵바이 스토어프론트 화면,"이미 되는 부분은 확인되고, 남은 부분(미확인 — 결손 표기 없음)이 「주문 상세 조회(사양·파일·상태)」 결과에 표시된 금액이 권위값과 원 단위까지 같은 것이 1건 확인된다"
STD-MYP-003,마이페이지,주문,편집상품 미리보기,todo,작업 항목,F-010;IA-010;SCOPE-010,SB-020,N,Y,SB-020 stub — huni-skin-shopby/src/components/product/configurator-actions.tsx:170-176 (onClick 없음),R1 · L4 판정 승계,쇼핑개발,web,규칙:같은 근거 — 마이페이지는 샵바이 스토어프론트 화면,라이브 화면(테스트 계정) 에서 「편집상품 미리보기」 결과에 표시된 금액이 권위값과 원 단위까지 같은 것이 1건 확인된다
STD-MYP-004,마이페이지,보관함,옵션보관함 저장/불러오기,todo,작업 항목,F-011;F-065;IA-011;SCOPE-011,,N,N,[L4b보강] huni-skin-shopby/src/components/cart/cart-page.tsx:6 ('shopby 장바구니에는 보관함(draft) 개념이 없어 단일 목록으로 렌더'),R1 · L4 판정 승계,쇼핑개발,web,규칙:같은 근거 — 마이페이지는 샵바이 스토어프론트 화면,라이브 화면(테스트 계정) 에서 「옵션보관함 저장/불러오기」가 1회 관측된다
STD-MYP-005,마이페이지,보관함,보관 기간 정책 적용·만료 처리,new,작업 항목,,,N,N,print-kb/wiki/policy/mypage.md#MYP-01 3개월 권장 · L4 사유: new — 보관 만료 정책은 화면이 아니라 배치 규칙이라 legacy 화면 분모에 수록된 적 없음. 근거 print-kb/mypage.md(ia.md 오염 아님).,R1 · L4 판정 승계,쇼핑개발,web,규칙:같은 근거 — 마이페이지는 샵바이 스토어프론트 화면,"「보관 기간 정책 적용·만료 처리」를 담을 그릇(테이블·모듈·화면)이 생기고, 라이브 화면(테스트 계정) 에서 그 동작이 1회 관측된다"
STD-MYP-006,마이페이지,적립금,프린팅머니 잔액·내역 조회,done,작업 항목,F-014;IA-014;SCOPE-014;X-DEC-PRINTMONEY-01,SB-050,Y,N,huni-skin-shopby/src/lib/api/hooks/use-points.ts:22,R1 · L4 판정 승계,쇼핑개발,web,규칙:같은 근거 — 마이페이지는 샵바이 스토어프론트 화면,"huni-skin-shopby/src/lib/api/hooks/use-points.ts:22 에 구현이 있고, 라이브 화면(테스트 계정) 에서 「프린팅머니 잔액·내역 조회」 결과에 표시된 금액이 권위값과 원 단위까지 같은 것이 1건 확인된다"
STD-MYP-007,마이페이지,적립금,프린팅머니 충전(PG 결제→적립 전환),todo,차단(외부),F-015;IA-015;SCOPE-015,SB-051,Y,N,SB-051 stub — huni-skin-shopby/src/components/mypage/point-section.tsx:11-14 → src/lib/legacy-data/hooks.ts:423-432 (no-op),R1 · L4 판정 승계 · 무통장 선검증: 미확인 — 충전 경로 코드가 no-op 스텁이라(point-section.tsx:11-14 → legacy-data/hooks.ts:423-432) 결제수단과 무관하게 관측 대상이 없다 · 무통장으로 적립금 충전이 되는지에 대한 문서 근거 0건,쇼핑개발,web,규칙:같은 근거 — 마이페이지는 샵바이 스토어프론트 화면,차단 — PG 승인 — 충전은 PG 결제 경로를 그대로 탄다. 승인·접근이 열린 뒤 라이브 화면(테스트 계정) 에서 「프린팅머니 충전(PG 결제→적립 전환)」 결과에 표시된 금액이 권위값과 원 단위까지 같은 것이 1건 확인된다
STD-MYP-008,마이페이지,적립금,구매확정 적립금 자동 지급,new,작업 항목,,SB-030,N,N,SB-030 partial — huni-skin-shopby/src/components/checkout/checkout-form.tsx:52 (조회는 실API·적립/충전은 mock),R1 · L4 판정 승계,쇼핑개발,web,규칙:같은 근거 — 마이페이지는 샵바이 스토어프론트 화면,"「구매확정 적립금 자동 지급」을 담을 그릇(테이블·모듈·화면)이 생기고, 라이브 화면(테스트 계정) 에서 그 동작이 1회 관측된다"
STD-MYP-009,마이페이지,적립금,기존 프린트머니 잔액 이관,todo,차단(외부),X-MIG-EXPIRY-01;X-MIG-MONEY-RECON-01;X-MIG-MONEY-SCHEMA-01;X-MONEY-EXTKEY-01,,Y,N,print-kb/wiki/policy/mypage.md#MYP-02 · print-kb/wiki/policy/custom-dev.md#CST-04 · L4 사유: 돈 걸림. 컷오버 대사 불일치 시 즉시 NO-GO 게이트.,R1 · L4 판정 승계 · 무통장 선검증: 불가 — 차단 사유가 구 DB 접근이라 결제수단과 무관하다(STD-MEM-020 동형),쇼핑개발,web,규칙:같은 근거 — 마이페이지는 샵바이 스토어프론트 화면,차단 — 구 DB 접근 — 범위에 넣을 때만 차단(PM 결정 종속). 승인·접근이 열린 뒤 라이브 화면(테스트 계정) 에서 「기존 프린트머니 잔액 이관」 결과에 표시된 금액이 권위값과 원 단위까지 같은 것이 1건 확인된다
STD-MYP-010,마이페이지,쿠폰,보유 쿠폰 목록,done,작업 항목,IA-012;SCOPE-012,SB-049,N,N,huni-skin-shopby/src/lib/api/hooks/use-coupons.ts:71,R1 · L4 판정 승계,쇼핑개발,web,규칙:같은 근거 — 마이페이지는 샵바이 스토어프론트 화면,"huni-skin-shopby/src/lib/api/hooks/use-coupons.ts:71 에 구현이 있고, 라이브 화면(테스트 계정) 에서 「보유 쿠폰 목록」이 1회 관측된다"
STD-MYP-011,마이페이지,쿠폰,쿠폰 번호 등록,done,작업 항목,IA-013;SCOPE-013,SB-049,N,N,huni-skin-shopby/src/lib/api/hooks/use-coupons.ts:71,R1 · L4 판정 승계,쇼핑개발,web,규칙:같은 근거 — 마이페이지는 샵바이 스토어프론트 화면,"huni-skin-shopby/src/lib/api/hooks/use-coupons.ts:71 에 구현이 있고, 라이브 화면(테스트 계정) 에서 「쿠폰 번호 등록」이 1회 관측된다"
STD-MYP-012,마이페이지,리뷰,내 리뷰 작성·조회,done,작업 항목,F-018;IA-017;IA-018;SCOPE-017;SCOPE-018,SB-052,Y,N,huni-skin-shopby/src/lib/api/hooks/use-review-write.ts:38 · use-my-reviews.ts:84,R1 · L4 판정 승계,쇼핑개발,web,규칙:같은 근거 — 마이페이지는 샵바이 스토어프론트 화면,"huni-skin-shopby/src/lib/api/hooks/use-review-write.ts:38 에 구현이 있고, 라이브 화면(테스트 계정) 에서 「내 리뷰 작성·조회」 결과에 표시된 금액이 권위값과 원 단위까지 같은 것이 1건 확인된다"
STD-MYP-013,마이페이지,문의,내 상품Q&A/1:1문의 조회,todo,작업 항목,IA-016;IA-020;SCOPE-016;SCOPE-020,SB-056,N,N,SB-056 absent — huni-skin-shopby/src/app/(main) 하위 inquiry/qna 라우트 부재,R1 · L4 판정 승계,쇼핑개발,web,규칙:같은 근거 — 마이페이지는 샵바이 스토어프론트 화면,라이브 화면(테스트 계정) 에서 「내 상품Q&A/1:1문의 조회」가 1회 관측된다
STD-MYP-014,마이페이지,증빙,증빙서류 발급내역 조회,todo,작업 항목,F-025;IA-025;SCOPE-025;X-TAXDOC-01,SB-053,Y,N,SB-053 stub — huni-skin-shopby/src/components/mypage/document-section.tsx:1-6 (정적 표 UI·API 호출 0) · D-18 endpoint='(호출 지점 없음)',R1 · L4 판정 승계,쇼핑개발,web,규칙:같은 근거 — 마이페이지는 샵바이 스토어프론트 화면,라이브 화면(테스트 계정) 에서 「증빙서류 발급내역 조회」 결과에 표시된 금액이 권위값과 원 단위까지 같은 것이 1건 확인된다
STD-MYP-015,마이페이지,증빙,현금영수증 정보 관리,todo,작업 항목,F-028;IA-028;SCOPE-028;X-TAXDOC-01,SB-053,Y,N,SB-053 stub — document-section.tsx:1-6 · D-18 호출 지점 없음,R1 · L4 판정 승계 · 라이브 실측(09-02 A-5): `cashReceipt = false` — 현금영수증 기능이 꺼져 있어 관리 화면에 실을 값 자체가 발생하지 않는다 (L5/Q2/api-check-a13-a5.md §3),쇼핑개발,web,규칙:같은 근거 — 마이페이지는 샵바이 스토어프론트 화면,라이브 화면(테스트 계정) 에서 「현금영수증 정보 관리」 결과에 표시된 금액이 권위값과 원 단위까지 같은 것이 1건 확인된다
STD-MYP-016,마이페이지,배송지,배송지 주소록 관리,new,작업 항목,,SB-048;SB-028,N,N,SB-048 done — huni-skin-shopby/src/lib/api/hooks/use-shipping-address.ts:65-125 · SB-028 src/components/checkout/address-modal.tsx:1,R1 · L4 판정 승계,쇼핑개발,web,규칙:같은 근거 — 마이페이지는 샵바이 스토어프론트 화면,"「배송지 주소록 관리」를 담을 그릇(테이블·모듈·화면)이 생기고, 라이브 화면(테스트 계정) 에서 그 동작이 1회 관측된다"
STD-PRM-001,프로모션,쿠폰,신규회원 쿠폰 자동발행,todo,작업 항목,F-156;SCOPE-156,,Y,N,print-kb/wiki/policy/coupon.md#CPN-01 · L4 사유: 돈 걸림(F-156). 자동발행 트리거 L2 무근거.,R1 · L4 판정 승계,쇼핑개발,web,규칙:260616 Phase2 「쿠폰·머니·증빙·고객센터」 쇼핑개발 범위,셀러어드민 프로모션 화면 에서 「신규회원 쿠폰 자동발행」 결과에 표시된 금액이 권위값과 원 단위까지 같은 것이 1건 확인된다
STD-PRM-002,프로모션,쿠폰,리뷰 작성 보상 쿠폰 발행,new,작업 항목,,,N,N,print-kb/wiki/policy/coupon.md#CPN-02 · L4 사유: new — 리뷰 보상 쿠폰은 legacy 3원 어디에도 없음. 근거 print-kb/coupon.md#CPN-02(ia.md 오염 아님).,R1 · L4 판정 승계,쇼핑개발,web,규칙:260616 Phase2 「쿠폰·머니·증빙·고객센터」 쇼핑개발 범위,"「리뷰 작성 보상 쿠폰 발행」을 담을 그릇(테이블·모듈·화면)이 생기고, 셀러어드민 프로모션 화면 에서 그 동작이 1회 관측된다"
STD-PRM-003,프로모션,쿠폰,재구매 쿠폰 발행,new,작업 항목,,,N,N,print-kb/wiki/policy/coupon.md#CPN-03 · L4 사유: new — 재구매 쿠폰 미수록. 근거 print-kb/coupon.md#CPN-03(오염 아님).,R1 · L4 판정 승계,쇼핑개발,web,규칙:260616 Phase2 「쿠폰·머니·증빙·고객센터」 쇼핑개발 범위,"「재구매 쿠폰 발행」을 담을 그릇(테이블·모듈·화면)이 생기고, 셀러어드민 프로모션 화면 에서 그 동작이 1회 관측된다"
STD-PRM-004,프로모션,쿠폰,회원등급(VIP) 쿠폰 발행,todo,작업 항목,F-146;SCOPE-146,,Y,N,print-kb/wiki/policy/coupon.md#CPN-04 · L4 사유: 회원등급(STD-MEM-018) 종속. 돈 걸림.,R1 · L4 판정 승계,쇼핑개발,web,규칙:260616 Phase2 「쿠폰·머니·증빙·고객센터」 쇼핑개발 범위,셀러어드민 프로모션 화면 에서 「회원등급(VIP) 쿠폰 발행」 결과에 표시된 금액이 권위값과 원 단위까지 같은 것이 1건 확인된다
STD-PRM-005,프로모션,쿠폰,쿠폰 동시사용 개수 제한,partial,작업 항목,F-126;IA-126;SCOPE-126,SB-029,Y,N,SB-029 done — huni-skin-shopby/src/lib/api/hooks/use-order-coupons.ts:34 (최대할인 계산),R1 · L4 판정 승계 · 안 되는 부분: 미확인 — 근거·비고 어디에도 결손 표기가 없다 · 셀러어드민 프로모션 화면 1회 점검으로 닫는다,쇼핑개발,web,규칙:260616 Phase2 「쿠폰·머니·증빙·고객센터」 쇼핑개발 범위,"이미 되는 부분은 확인되고, 남은 부분(미확인 — 결손 표기 없음)이 「쿠폰 동시사용 개수 제한」 결과에 표시된 금액이 권위값과 원 단위까지 같은 것이 1건 확인된다"
STD-PRM-006,프로모션,쿠폰,쿠폰 유효기간 관리,todo,작업 항목,F-126;IA-126;SCOPE-126,,Y,N,print-kb/wiki/policy/coupon.md#CPN-06 · L4 사유: 쿠폰 발행·유효기간 관리 화면 L2 무근거(F-126 돈·L).,R1 · L4 판정 승계,쇼핑개발,web,규칙:260616 Phase2 「쿠폰·머니·증빙·고객센터」 쇼핑개발 범위,셀러어드민 프로모션 화면 에서 「쿠폰 유효기간 관리」 결과에 표시된 금액이 권위값과 원 단위까지 같은 것이 1건 확인된다
STD-PRM-007,프로모션,쿠폰,장바구니/주문서 쿠폰 적용,done,작업 항목,F-126;IA-126;SCOPE-126,SB-029,Y,N,huni-skin-shopby/src/lib/api/hooks/use-order-coupons.ts:34,R1 · L4 판정 승계,쇼핑개발,web,규칙:260616 Phase2 「쿠폰·머니·증빙·고객센터」 쇼핑개발 범위,"huni-skin-shopby/src/lib/api/hooks/use-order-coupons.ts:34 에 구현이 있고, 셀러어드민 프로모션 화면 에서 「장바구니/주문서 쿠폰 적용」 결과에 표시된 금액이 권위값과 원 단위까지 같은 것이 1건 확인된다"
STD-PRM-008,프로모션,리뷰,리뷰 삭제 시 보상 회수,new,작업 항목,,,N,N,print-kb/wiki/policy/review.md#RVW-03 · L4 사유: new — 리뷰 삭제 시 보상 회수 규칙 미수록. 근거 print-kb/review.md#RVW-03(오염 아님).,R1 · L4 판정 승계,쇼핑개발,web,규칙:260616 Phase2 「쿠폰·머니·증빙·고객센터」 쇼핑개발 범위,"「리뷰 삭제 시 보상 회수」를 담을 그릇(테이블·모듈·화면)이 생기고, 셀러어드민 프로모션 화면 에서 그 동작이 1회 관측된다"
STD-PRM-009,프로모션,리뷰,사진 리뷰 추가 보상,todo,작업 항목,F-018;IA-018;SCOPE-018,SB-052,Y,N,SB-052 done(리뷰 작성 자체),R1 · L4 판정 승계,쇼핑개발,web,규칙:260616 Phase2 「쿠폰·머니·증빙·고객센터」 쇼핑개발 범위,셀러어드민 프로모션 화면 에서 「사진 리뷰 추가 보상」 결과에 표시된 금액이 권위값과 원 단위까지 같은 것이 1건 확인된다
STD-PRM-010,프로모션,기획전,기획전/할인 이벤트 페이지,todo,작업 항목,F-088;IA-088;SCOPE-088;SCOPE-155,SB-001,N,N,SB-001 partial — huni-skin-shopby/src/lib/legacy-data/hooks.ts:352-360 (프로모 데이터원 legacy mock 빈배열),R1 · L4 판정 승계,쇼핑개발,web,규칙:260616 Phase2 「쿠폰·머니·증빙·고객센터」 쇼핑개발 범위,셀러어드민 프로모션 화면 에서 「기획전/할인 이벤트 페이지」가 1회 관측된다
STD-PRM-011,프로모션,체험단,체험단 모집·신청·당첨·후기,todo,작업 항목,F-019;F-090;F-121;IA-019;IA-090;SCOPE-019;SCOPE-090;X-SHOPBY-NATIVE-01,,N,N,print-kb/wiki/policy/custom-dev.md#CST-05 · L4 사유: 체험단 native 지원 범위 미확인. 3차 후보.,R1 · L4 판정 승계,쇼핑개발,web,규칙:260616 Phase2 「쿠폰·머니·증빙·고객센터」 쇼핑개발 범위,셀러어드민 프로모션 화면 에서 「체험단 모집·신청·당첨·후기」가 1회 관측된다
STD-PRM-012,프로모션,알림,알림톡/SMS 마케팅 발송,todo,작업 항목,F-144;X-SMS-CONTRACT-01,,N,Y,print-kb/wiki/policy/membership-auth.md#MEM-02 알림톡 계약 필요 · L4 사유: 알림톡/SMS 계약 미체결 — 1차 영향·조기 필요.,R1 · L4 판정 승계,쇼핑개발,web,규칙:260616 Phase2 「쿠폰·머니·증빙·고객센터」 쇼핑개발 범위,셀러어드민 프로모션 화면 에서 「알림톡/SMS 마케팅 발송」 결과에 표시된 금액이 권위값과 원 단위까지 같은 것이 1건 확인된다
STD-PRM-013,프로모션,알림,이메일 뉴스레터 발송,new,작업 항목,,,N,N,print-quote/04_design/ia.md §2.1 고객센터 파생 · L4 사유: new(★ia.md 오염) — 근거출처가 print-quote/04_design/ia.md 파생이라 §4-1 상 「독립 발견」으로 신뢰하면 과대평가. 후니 IA 계보 안에서 파생된 항목.,R1 · L4 판정 승계,쇼핑개발,web,규칙:260616 Phase2 「쿠폰·머니·증빙·고객센터」 쇼핑개발 범위,"「이메일 뉴스레터 발송」을 담을 그릇(테이블·모듈·화면)이 생기고, 셀러어드민 프로모션 화면 에서 그 동작이 1회 관측된다"
STD-PRM-014,프로모션,수신동의,마케팅 수신동의 관리,partial,작업 항목,IA-004;SCOPE-004;X-MIG-CONSENT-01,SB-038;SB-046,N,N,"[L4b보강] huni-skin-shopby/src/lib/validations/auth.ts:67-68 (marketingSms/marketingEmail 수집) · src/lib/api/hooks/use-profile.ts:34,92 (smsAgreed 조회)",R1 · L4 판정 승계 · 안 되는 부분: 미확인 — 근거·비고 어디에도 결손 표기가 없다 · 셀러어드민 프로모션 화면 1회 점검으로 닫는다,쇼핑개발,web,규칙:260616 Phase2 「쿠폰·머니·증빙·고객센터」 쇼핑개발 범위,"이미 되는 부분은 확인되고, 남은 부분(미확인 — 결손 표기 없음)이 「마케팅 수신동의 관리」가 1회 관측된다"
STD-B2B-001,B2B,거래처,거래처(기업회원) 등록·관리,partial,작업 항목,F-095;IA-095;SCOPE-095,WA-060,N,N,WA-060 partial — raw/webadmin/webadmin/catalog/models.py:87 (TCusCustomers 모델만·전용 운영화면 urls.py 부재),R1 · L4 판정 승계 · 안 되는 부분: 전용 운영화면 urls.py 부재) (출처 근거),쇼핑개발,web,규칙:260616 Phase2 「거래처/원장·통계·후불」 쇼핑개발 범위,"이미 되는 부분은 확인되고, 남은 부분(전용 운영화면 urls.py 부재))이 「거래처(기업회원) 등록·관리」가 1회 관측된다"
STD-B2B-002,B2B,거래처,거래처별 단가/할인율 설정,todo,작업 항목,F-146;SCOPE-146;X-DEC-GRADE-01,,Y,N,print-kb/wiki/huni/price-engine.md#PE-SOT-5 가격소스 우선순위 · L4 사유: 돈 걸림. 등급가 매핑 미결이 선행.,R1 · L4 판정 승계,쇼핑개발,web,규칙:260616 Phase2 「거래처/원장·통계·후불」 쇼핑개발 범위,셀러어드민 B2B 화면 에서 「거래처별 단가/할인율 설정」 결과에 표시된 금액이 권위값과 원 단위까지 같은 것이 1건 확인된다
STD-B2B-003,B2B,거래처,거래처 소속 담당자 다계정,todo,작업 항목,F-095;IA-095;SCOPE-095,WA-060,N,N,WA-060 partial(모델만),R1 · L4 판정 승계,쇼핑개발,web,규칙:260616 Phase2 「거래처/원장·통계·후불」 쇼핑개발 범위,셀러어드민 B2B 화면 에서 「거래처 소속 담당자 다계정」이 1회 관측된다
STD-B2B-004,B2B,후불,후불 여신한도 설정,todo,작업 항목,F-141,,Y,Y,print-kb/wiki/policy/custom-dev.md#CST-07 · L4 사유: F-141 후불결제(돈·주문) 미착수.,R1 · L4 판정 승계,쇼핑개발,web,규칙:260616 Phase2 「거래처/원장·통계·후불」 쇼핑개발 범위,셀러어드민 B2B 화면 에서 「후불 여신한도 설정」 결과에 표시된 금액이 권위값과 원 단위까지 같은 것이 1건 확인된다
STD-B2B-005,B2B,후불,후불 주문 승인·미결제 관리,todo,작업 항목,F-141,,Y,Y,print-kb/wiki/policy/order-mgmt.md#OMG-04 · L4 사유: 후불 승인·미결제 관리 L2 무근거.,R1 · L4 판정 승계,쇼핑개발,web,규칙:260616 Phase2 「거래처/원장·통계·후불」 쇼핑개발 범위,셀러어드민 B2B 화면 에서 「후불 주문 승인·미결제 관리」 결과에 표시된 금액이 권위값과 원 단위까지 같은 것이 1건 확인된다
STD-B2B-006,B2B,정산,월 마감 청구서 발행,todo,작업 항목,F-098;IA-098;SCOPE-098,,Y,N,print-kb/wiki/policy/operations.md#OPS-05 월단위 마감 · L4 사유: 돈 걸림(F-098). 원장 월마감 미구현.,R1 · L4 판정 승계,쇼핑개발,web,규칙:260616 Phase2 「거래처/원장·통계·후불」 쇼핑개발 범위,셀러어드민 B2B 화면 에서 「월 마감 청구서 발행」 결과에 표시된 금액이 권위값과 원 단위까지 같은 것이 1건 확인된다
STD-B2B-007,B2B,정산,업체별 미수금 관리,todo,작업 항목,F-099;IA-099;SCOPE-099,,Y,N,print-quote/04_design/ia.md §2.3 SM-A-06 · L4 사유: 돈 걸림(F-099).,R1 · L4 판정 승계,쇼핑개발,web,규칙:260616 Phase2 「거래처/원장·통계·후불」 쇼핑개발 범위,셀러어드민 B2B 화면 에서 「업체별 미수금 관리」 결과에 표시된 금액이 권위값과 원 단위까지 같은 것이 1건 확인된다
STD-B2B-008,B2B,원장,거래처 원장(온·오프라인 통합),todo,작업 항목,F-097;F-098;IA-097;IA-098;SCOPE-097;SCOPE-098,,Y,N,print-kb/wiki/policy/custom-dev.md#CST-06 · L4 사유: 온·오프라인 통합 원장 + 계좌관리. 전부 CUSTOM.,R1 · L4 판정 승계,쇼핑개발,web,규칙:260616 Phase2 「거래처/원장·통계·후불」 쇼핑개발 범위,셀러어드민 B2B 화면 에서 「거래처 원장(온·오프라인 통합)」 결과에 표시된 금액이 권위값과 원 단위까지 같은 것이 1건 확인된다
STD-B2B-009,B2B,원장,원장 데이터 파일 생성(.txt 연계),todo,작업 항목,F-095;IA-095;SCOPE-095,,N,N,print-quote/04_design/ia.md §2.3 SM-A-02 .txt 생성 · L4 사유: .txt 연계 생성 미구현.,R1 · L4 판정 승계,쇼핑개발,web,규칙:260616 Phase2 「거래처/원장·통계·후불」 쇼핑개발 범위,셀러어드민 B2B 화면 에서 「원장 데이터 파일 생성(.txt 연계)」가 1회 관측된다
STD-B2B-010,B2B,견적,대량 견적 요청 접수·회신,todo,작업 항목,F-070;F-116,SB-056,Y,Y,SB-056 absent(문의 라우트 부재),R1 · L4 판정 승계,쇼핑개발,web,규칙:260616 Phase2 「거래처/원장·통계·후불」 쇼핑개발 범위,셀러어드민 B2B 화면 에서 「대량 견적 요청 접수·회신」 결과에 표시된 금액이 권위값과 원 단위까지 같은 것이 1건 확인된다
STD-B2B-011,B2B,견적,견적서 발행(사업자 양식),todo,작업 항목,F-051,,Y,N,print-quote/04_design/ia.md §2.1 대량견적 파생 · L4 사유: F-051 견적서 생성·다운로드는 L4a 도메인 std 와도 물린다 — legacy 1:N 공유(§4-2).,R1 · L4 판정 승계,쇼핑개발,web,규칙:260616 Phase2 「거래처/원장·통계·후불」 쇼핑개발 범위,셀러어드민 B2B 화면 에서 「견적서 발행(사업자 양식)」 결과에 표시된 금액이 권위값과 원 단위까지 같은 것이 1건 확인된다
STD-B2B-012,B2B,세금,세금계산서 일괄 발행,todo,작업 항목,F-142;F-152;SCOPE-152;X-TAXDOC-01,SB-053,Y,Y,SB-053 stub — document-section.tsx:1-6 · D-18 endpoint='(호출 지점 없음)',R1 · L4 판정 승계,PM,-,규칙:증빙 정책과 같은 결정 축(N1 D-2),셀러어드민 B2B 화면 에서 「세금계산서 일괄 발행」 결과에 표시된 금액이 권위값과 원 단위까지 같은 것이 1건 확인된다
STD-ADP-001,운영자·상품가격,기초데이터,사이즈 마스터 등록·관리,done,작업 항목,F-101;F-105;IA-101;IA-105;P-BLEED-32-01;P-DEDUP-SIZE-BLOCKED-01;P-DELYN-SIZE-01;P-PRINTLY-HUNI-SIZE-01;P-REVERSE-4-01;P-SIZEMAP-214-01;P-WRONGCODE-4-01;SCOPE-101;SCOPE-105;X-DEC-DELYN-576-01;X-POSTER-SIZNUM-01,WA-011;WA-013,Y,Y,raw/webadmin/webadmin/config/urls.py:339 기초코드 마스터 CRUD · raw/webadmin/webadmin/config/urls.py:344 master/<entity> · raw/webadmin/webadmin/catalog/admin.py:2049 catalog 전 모델 제네릭 admin 자동등록,R1 · L4 판정 승계,인쇄개발,-,규칙:260616 01_역할정의 「관리자 상품관리(상품·사이즈·소재·용지·가격)」,"raw/webadmin/webadmin/config/urls.py:339 에 구현이 있고, webadmin 화면 + 라이브 DB 읽기 에서 「사이즈 마스터 등록·관리」 로 저장한 값이 라이브 DB 1행으로 조회되고, 그 값이 가격 계산 결과에 원 단위까지 반영된 것이 1건 확인된다"
STD-ADP-002,운영자·상품가격,기초데이터,소재(자재) 마스터 등록·관리,done,작업 항목,F-102;F-106;IA-102;IA-106;P-DEDUP-AXISMOVE-01;P-MAT-PRICEGAP-01;P-MATPOLLUTE-26-01;P-MATPOLLUTE-WIDGET-3-01;P-NAMECARD-MAT-01;P-PRD042-MISWIRE-01;SCOPE-102;SCOPE-106;X-CONFIRM-MAT32-01,WA-013;WA-015,Y,Y,raw/webadmin/webadmin/catalog/admin.py:2158 TMatMaterials 스와치 업로드 admin · raw/webadmin/webadmin/config/urls.py:316 색상칩 스테이징,"R1 · L4 판정 승계 · [conflict 보존 · P-PRD042-MISWIRE-01] 동일 상품·동일 옵션의 원인 진단이 두 하네스에서 다르다 — §load-governance CHANGELOG:17='비종이 굿즈 자재로 오배선' vs §dbmap precondition-gate §3-2='단가행 없는 중복 자재 MAT_000240/241 참조(정본은 MAT_000127/130)'. 양측 근거 보존, 교정 전 라이브 ref_key1 재실측으로 확정 필요.",인쇄개발,-,규칙:260616 01_역할정의 「관리자 상품관리(상품·사이즈·소재·용지·가격)」,"raw/webadmin/webadmin/catalog/admin.py:2158 에 구현이 있고, webadmin 화면 + 라이브 DB 읽기 에서 「소재(자재) 마스터 등록·관리」 로 저장한 값이 라이브 DB 1행으로 조회되고, 그 값이 가격 계산 결과에 원 단위까지 반영된 것이 1건 확인된다"
STD-ADP-003,운영자·상품가격,기초데이터,용지·평량 마스터 관리,done,작업 항목,F-103;F-107;IA-103;IA-107;SCOPE-103;SCOPE-107,WA-014,N,N,raw/webadmin/webadmin/config/urls.py:304 paper-management · raw/webadmin/webadmin/catalog/admin.py:2052 TPaperMaterials 전용 PaperAdmin,R1 · L4 판정 승계,인쇄개발,-,규칙:260616 01_역할정의 「관리자 상품관리(상품·사이즈·소재·용지·가격)」,"raw/webadmin/webadmin/config/urls.py:304 에 구현이 있고, webadmin 화면 + 라이브 DB 읽기 에서 「용지·평량 마스터 관리」가 1회 관측된다"
STD-ADP-004,운영자·상품가격,기초데이터,도수/색상 코드 관리,done,작업 항목,P-DIGITAL-BW-01;X-DEC-FRMTYP-01,WA-013;WA-015,Y,Y,raw/webadmin/webadmin/catalog/admin.py:2178 TPrtPrintOptions 인쇄면 폼 처리 · raw/webadmin/webadmin/config/urls.py:316 색상칩,R1 · L4 판정 승계,인쇄개발,-,규칙:260616 01_역할정의 「관리자 상품관리(상품·사이즈·소재·용지·가격)」,"raw/webadmin/webadmin/catalog/admin.py:2178 에 구현이 있고, webadmin 화면 + 라이브 DB 읽기 에서 「도수/색상 코드 관리」 로 저장한 값이 라이브 DB 1행으로 조회되고, 그 값이 가격 계산 결과에 원 단위까지 반영된 것이 1건 확인된다"
STD-ADP-005,운영자·상품가격,기초데이터,공정(후가공) 마스터 관리,done,작업 항목,P-DEDUP-PROC-3-01;P-USAGECD-3-01;X-SENSOR-DIMBLIND-01,WA-013,Y,N,raw/webadmin/webadmin/catalog/admin.py:2145 TPrcProcesses 스와치/필드셋 분기 · raw/webadmin/webadmin/config/urls.py:344,R1 · L4 판정 승계,인쇄개발,-,규칙:260616 01_역할정의 「관리자 상품관리(상품·사이즈·소재·용지·가격)」,"raw/webadmin/webadmin/catalog/admin.py:2145 에 구현이 있고, webadmin 화면 + 라이브 DB 읽기 에서 「공정(후가공) 마스터 관리」 로 저장한 값이 라이브 DB 1행으로 조회되고, 그 값이 가격 계산 결과에 원 단위까지 반영된 것이 1건 확인된다"
STD-ADP-006,운영자·상품가격,기초데이터,공정 택일그룹 관리,done,작업 항목,P-CONSTRAINT-OG-048-01;P-PETBANNER-136-01,WA-003,Y,N,raw/webadmin/webadmin/catalog/admin.py:1595 '(제거됨 — Phase 7/07-08) 공정 택일그룹 모델: 옵션그룹으로 흡수·DROP' · raw/webadmin/webadmin/config/urls.py:356-360 옵션그룹 CRUD,R1 · L4 판정 승계,인쇄개발,-,규칙:260616 01_역할정의 「관리자 상품관리(상품·사이즈·소재·용지·가격)」,"raw/webadmin/webadmin/catalog/admin.py:1595 에 구현이 있고, webadmin 화면 + 라이브 DB 읽기 에서 「공정 택일그룹 관리」 로 저장한 값이 라이브 DB 1행으로 조회되고, 그 값이 가격 계산 결과에 원 단위까지 반영된 것이 1건 확인된다"
STD-ADP-007,운영자·상품가격,기초데이터,판형(출력판형)·판걸이수 관리,done,작업 항목,P-GOODS-AXIS-NORM-01;X-CONFIRM-SET-3-01;X-ENGINE-PANSU-01,WA-001;WA-013,Y,N,raw/webadmin/webadmin/catalog/admin.py:1592 TPrdProductPlateSizes 상품 인라인 · raw/webadmin/webadmin/config/urls.py:333 상품 뷰어,R1 · L4 판정 승계,인쇄개발,-,규칙:260616 01_역할정의 「관리자 상품관리(상품·사이즈·소재·용지·가격)」,"raw/webadmin/webadmin/catalog/admin.py:1592 에 구현이 있고, webadmin 화면 + 라이브 DB 읽기 에서 「판형(출력판형)·판걸이수 관리」 로 저장한 값이 라이브 DB 1행으로 조회되고, 그 값이 가격 계산 결과에 원 단위까지 반영된 것이 1건 확인된다"
STD-ADP-008,운영자·상품가격,기초데이터,제본 방식 마스터 관리,done,작업 항목,,WA-016,N,N,raw/webadmin/webadmin/config/urls.py:320-330 책등(spine) 계산 규칙 · raw/webadmin/webadmin/catalog/spine_calc.py:1,R1 · L4 판정 승계,인쇄개발,-,규칙:260616 01_역할정의 「관리자 상품관리(상품·사이즈·소재·용지·가격)」,"raw/webadmin/webadmin/config/urls.py:320-330 에 구현이 있고, webadmin 화면 + 라이브 DB 읽기 에서 「제본 방식 마스터 관리」가 1회 관측된다"
STD-ADP-009,운영자·상품가격,기초데이터,기초코드 논리삭제·이름변경 정책 적용,partial,작업 항목,X-CONFIRM-BASECODE-5-01;X-DEC-HYPHEN-01;X-DESET-01;X-ENGINE-DELYNFILTER-01,WA-011;WA-058,Y,N,raw/webadmin/webadmin/catalog/admin.py:2244 제네릭 admin 기본구성(list_display·검색·채번·del_yn),R1 · L4 판정 승계 · 안 되는 부분: 미확인 — 근거·비고 어디에도 결손 표기가 없다 · webadmin 화면 + 라이브 DB 읽기 1회 점검으로 닫는다,인쇄개발,-,규칙:260616 01_역할정의 「관리자 상품관리(상품·사이즈·소재·용지·가격)」,"이미 되는 부분은 확인되고, 남은 부분(미확인 — 결손 표기 없음)이 「기초코드 논리삭제·이름변경 정책 적용」 로 저장한 값이 라이브 DB 1행으로 조회되고, 그 값이 가격 계산 결과에 원 단위까지 반영된 것이 1건 확인된다"
STD-ADP-010,운영자·상품가격,상품,인쇄/제본 상품 등록,done,작업 항목,F-100;IA-100;P-L0-7-01;SCOPE-100;SCOPE-158,WA-001;WA-002,N,Y,raw/webadmin/webadmin/config/urls.py:333 상품 뷰어(목록/상세) · raw/webadmin/webadmin/config/urls.py:353 섹션별 편집 · raw/webadmin/webadmin/catalog/admin.py:2064 TPrdProducts,R1 · L4 판정 승계,인쇄개발,-,규칙:260616 01_역할정의 「관리자 상품관리(상품·사이즈·소재·용지·가격)」,"raw/webadmin/webadmin/config/urls.py:333 에 구현이 있고, webadmin 화면 + 라이브 DB 읽기 에서 「인쇄/제본 상품 등록」 로 저장한 값이 라이브 DB 1행으로 조회되고, 그 값이 가격 계산 결과에 원 단위까지 반영된 것이 1건 확인된다"
STD-ADP-011,운영자·상품가격,상품,굿즈 상품 등록,done,작업 항목,F-110;IA-110;P-GOODS-NOAUTH-5-01;P-GOODS57-LOAD-01;SCOPE-110,WA-001;WA-002,Y,Y,raw/webadmin/webadmin/config/urls.py:333 · raw/webadmin/webadmin/config/urls.py:353,R1 · L4 판정 승계,인쇄개발,-,규칙:260616 01_역할정의 「관리자 상품관리(상품·사이즈·소재·용지·가격)」,"raw/webadmin/webadmin/config/urls.py:333 에 구현이 있고, webadmin 화면 + 라이브 DB 읽기 에서 「굿즈 상품 등록」 로 저장한 값이 라이브 DB 1행으로 조회되고, 그 값이 가격 계산 결과에 원 단위까지 반영된 것이 1건 확인된다"
STD-ADP-012,운영자·상품가격,상품,포장재 상품 등록,done,작업 항목,F-112;IA-112;SCOPE-112,WA-001,N,N,raw/webadmin/webadmin/config/urls.py:333 상품 뷰어(prd_typ 공통),R1 · L4 판정 승계,인쇄개발,-,규칙:260616 01_역할정의 「관리자 상품관리(상품·사이즈·소재·용지·가격)」,"raw/webadmin/webadmin/config/urls.py:333 에 구현이 있고, webadmin 화면 + 라이브 DB 읽기 에서 「포장재 상품 등록」이 1회 관측된다"
STD-ADP-013,운영자·상품가격,상품,상품-카테고리 귀속(다중분류),done,작업 항목,F-109;F-153;IA-109;P-CAT-INTEGRITY-01;P-CATCONF-QUEUE-01;P-DEDUP-CATBLIND-01;P-YELLOW-CAT-01;SCOPE-109;SCOPE-153;X-DEC-CATTREE-01;X-SHOPBY-ASSIGN-VOLATILE-01;X-SHOPBY-HYGIENE-01,WA-012,Y,Y,raw/webadmin/webadmin/catalog/admin.py:2071 ProductCategoriesInline(상품 편집화면에서 다중 카테고리 지정) · raw/webadmin/webadmin/config/urls.py:349 카테고리 마스터,"R1 · L4 판정 승계 · X-SHOPBY-HYGIENE-01 관리코드 중복 71건 = 완료(라이브 실측 09-02 · 전건 판매중지 + `-DUP-<상품번호>` 개칭 · 상품 288→297) · 잔여 1건 136009417 프리미엄엽서는 작업 항목(PM·실무진 확인) · 근거 L5/Q0/huni-token-label-check.md:150,:153",인쇄개발,-,규칙:260616 01_역할정의 「관리자 상품관리(상품·사이즈·소재·용지·가격)」,"raw/webadmin/webadmin/catalog/admin.py:2071 에 구현이 있고, webadmin 화면 + 라이브 DB 읽기 에서 「상품-카테고리 귀속(다중분류)」 로 저장한 값이 라이브 DB 1행으로 조회되고, 그 값이 가격 계산 결과에 원 단위까지 반영된 것이 1건 확인된다"
STD-ADP-014,운영자·상품가격,상품,상품 진열/노출 상태 관리,partial,작업 항목,P-PRODUCT-IMAGE-01;X-SKIN-REACH-01,WA-001;SB-005,N,Y,raw/webadmin/webadmin/catalog/admin.py:2244 del_yn/use_yn 제네릭 처리 · huni-skin-shopby/src/lib/api/server/catalog.ts:5 상품 목록 조회,R1 · L4 판정 승계 · 안 되는 부분: 미확인 — 근거·비고 어디에도 결손 표기가 없다 · webadmin 화면 + 라이브 DB 읽기 1회 점검으로 닫는다,인쇄개발,-,규칙:260616 01_역할정의 「관리자 상품관리(상품·사이즈·소재·용지·가격)」,"이미 되는 부분은 확인되고, 남은 부분(미확인 — 결손 표기 없음)이 「상품 진열/노출 상태 관리」 로 저장한 값이 라이브 DB 1행으로 조회되고, 그 값이 가격 계산 결과에 원 단위까지 반영된 것이 1건 확인된다"
STD-ADP-015,운영자·상품가격,상품,상품 상세페이지 콘텐츠 편집,partial,작업 항목,X-PB-C7-01;X-PB-CLEANUP-01;X-PB-CONCEPT-01;X-PB-DESIGN-01;X-PB-DOC-01;X-PB-EMPTYVAL-01;X-PB-GATE-01;X-PB-INVENTORY-01;X-PB-OPSSIM-01;X-PB-PARTNER-BUG-01;X-PB-PARTNER-CFG-01;X-PB-PARTNER-OPT-01;X-PB-REVERIFY-01;X-PB-RISK-01;X-PB-T4-01;X-PB-UX-01,SB-016,N,N,huni-skin-shopby/src/app/(main)/product/[slug]/page.tsx:51-56 Pie Canvas 발행 상세탭 조회,R1 · L4 판정 승계 · 안 되는 부분: 미확인 — 근거·비고 어디에도 결손 표기가 없다 · webadmin 화면 + 라이브 DB 읽기 1회 점검으로 닫는다,인쇄개발,-,규칙:260616 01_역할정의 「관리자 상품관리(상품·사이즈·소재·용지·가격)」,"이미 되는 부분은 확인되고, 남은 부분(미확인 — 결손 표기 없음)이 「상품 상세페이지 콘텐츠 편집」이 1회 관측된다"
STD-ADP-016,운영자·상품가격,상품,셋트(부품조립) 상품 구성 관리,done,작업 항목,P-EDX-BOOK5-01;P-PHOTOBOOK-DBL-01;P-SET-072-01;P-SET-088-01;P-SET-INNER-PAGE-01;P-SET-MEMBRANE-PRINT-01;P-SET-PREMIUM-UNDER-01;P-VERIFY-SET7-01;X-ENGINE-SETCOAT-01;X-SET-SIZCD-01;X-SET-UI-4-01;X-SET-UI-MEMBER-01,WA-008;WA-021,Y,Y,raw/webadmin/webadmin/config/urls.py:336 셋트상품 관리 · raw/webadmin/webadmin/catalog/models.py:510 셋트 모델 · raw/webadmin/webadmin/catalog/admin.py:2071 ProductSetsInline,R1 · L4 판정 승계,인쇄개발,-,규칙:260616 01_역할정의 「관리자 상품관리(상품·사이즈·소재·용지·가격)」,"raw/webadmin/webadmin/config/urls.py:336 에 구현이 있고, webadmin 화면 + 라이브 DB 읽기 에서 「셋트(부품조립) 상품 구성 관리」 로 저장한 값이 라이브 DB 1행으로 조회되고, 그 값이 가격 계산 결과에 원 단위까지 반영된 것이 1건 확인된다"
STD-ADP-017,운영자·상품가격,옵션,상품별 옵션그룹 구성,done,작업 항목,P-CPQ-CLASSA-01;P-CPQ-OPT-020-01;P-DEADPARENT-500-01;P-OPT-D7-65-01,WA-003,N,Y,raw/webadmin/webadmin/config/urls.py:356-360 옵션그룹/옵션/항목 CRUD,R1 · L4 판정 승계,인쇄개발,-,규칙:260616 01_역할정의 「관리자 상품관리(상품·사이즈·소재·용지·가격)」,"raw/webadmin/webadmin/config/urls.py:356-360 에 구현이 있고, webadmin 화면 + 라이브 DB 읽기 에서 「상품별 옵션그룹 구성」 로 저장한 값이 라이브 DB 1행으로 조회되고, 그 값이 가격 계산 결과에 원 단위까지 반영된 것이 1건 확인된다"
STD-ADP-018,운영자·상품가격,옵션,옵션 항목 ↔ 차원 참조 연결,done,작업 항목,P-AXIS-265-01;X-CPQ-MEMBERSHIP-08-01;X-DDL-REFPARAM-SLOT-01;X-EDX-VESSEL-01;X-ENGINE-OPTKEY-01;X-VERIFY-ADAPTER-01,WA-005,Y,Y,raw/webadmin/webadmin/config/urls.py:368 차원 선택지(dim-choices) 관리,R1 · L4 판정 승계,인쇄개발,-,규칙:260616 01_역할정의 「관리자 상품관리(상품·사이즈·소재·용지·가격)」,"raw/webadmin/webadmin/config/urls.py:368 에 구현이 있고, webadmin 화면 + 라이브 DB 읽기 에서 「옵션 항목 ↔ 차원 참조 연결」 로 저장한 값이 라이브 DB 1행으로 조회되고, 그 값이 가격 계산 결과에 원 단위까지 반영된 것이 1건 확인된다"
STD-ADP-019,운영자·상품가격,옵션,옵션 참조 무결성 검증,done,작업 항목,P-HYGIENE-670-01;X-SENSOR-DIMVALS-01;X-SENSOR-VERIFYLOAD-01,WA-007,N,N,raw/webadmin/webadmin/config/urls.py:373 상품 유효성 검증(validate),R1 · L4 판정 승계,인쇄개발,-,규칙:260616 01_역할정의 「관리자 상품관리(상품·사이즈·소재·용지·가격)」,"raw/webadmin/webadmin/config/urls.py:373 에 구현이 있고, webadmin 화면 + 라이브 DB 읽기 에서 「옵션 참조 무결성 검증」이 1회 관측된다"
STD-ADP-020,운영자·상품가격,옵션,추가상품 템플릿 구성,done,작업 항목,P-ACRYL-ADDON-6-01;P-DBMAP-APPROVAL-01,WA-004,Y,Y,raw/webadmin/webadmin/config/urls.py:363-365 상품 템플릿(추가상품) 관리,R1 · L4 판정 승계,인쇄개발,-,규칙:260616 01_역할정의 「관리자 상품관리(상품·사이즈·소재·용지·가격)」,"raw/webadmin/webadmin/config/urls.py:363-365 에 구현이 있고, webadmin 화면 + 라이브 DB 읽기 에서 「추가상품 템플릿 구성」 로 저장한 값이 라이브 DB 1행으로 조회되고, 그 값이 가격 계산 결과에 원 단위까지 반영된 것이 1건 확인된다"
STD-ADP-021,운영자·상품가격,제약,제약규칙 등록(UI 폼빌더),done,작업 항목,P-CONSTRAINT-DATA-01;X-CR-C10-01;X-CR-C3-01;X-CR-C9-01;X-CR-HANDOFF-01;X-FOIL-MINQTY-01,WA-006,Y,Y,raw/webadmin/webadmin/config/urls.py:371 제약규칙(JSONLogic) 관리 · raw/webadmin/webadmin/catalog/models.py:801 제약 모델,"R1 · L4 판정 승계 · [conflict 보존 · X-FOIL-MINQTY-01] §23 HANDOFF.md:29 = 제약규칙 미구축(→§31 이관) vs §31 CHANGELOG 2026-07-03 ⑦ = '박/쿠폰 최소수량=사이즈별 수량규칙(제약아님·상품레벨 적재됨)' (gaps-t1-widget.md:33). 지시상 constraint-rules/HANDOFF.md:4,6은 제외됐으나 본 항목은 §23 출처라 존치.",인쇄개발,-,규칙:260616 01_역할정의 「관리자 상품관리(상품·사이즈·소재·용지·가격)」,"raw/webadmin/webadmin/config/urls.py:371 에 구현이 있고, webadmin 화면 + 라이브 DB 읽기 에서 「제약규칙 등록(UI 폼빌더)」 로 저장한 값이 라이브 DB 1행으로 조회되고, 그 값이 가격 계산 결과에 원 단위까지 반영된 것이 1건 확인된다"
STD-ADP-022,운영자·상품가격,제약,제약규칙 시뮬레이션·미리보기,done,작업 항목,X-CR-ENFORCE-CLIENT-01;X-CR-ENFORCE-ENGINE-01,WA-006,Y,Y,raw/webadmin/webadmin/config/urls.py:167 price_sim_constraints — '제약 cascade: 현재 선택 → 각 차원 불가값(비활성)',R1 · L4 판정 승계,인쇄개발,-,규칙:260616 01_역할정의 「관리자 상품관리(상품·사이즈·소재·용지·가격)」,"raw/webadmin/webadmin/config/urls.py:167 에 구현이 있고, webadmin 화면 + 라이브 DB 읽기 에서 「제약규칙 시뮬레이션·미리보기」 로 저장한 값이 라이브 DB 1행으로 조회되고, 그 값이 가격 계산 결과에 원 단위까지 반영된 것이 1건 확인된다"
STD-ADP-023,운영자·상품가격,가격,가격공식 등록·상품 바인딩,done,작업 항목,F-108;IA-108;P-BOOK-5ITEM-01;P-CALENDAR-DESIGNBLOCKED-5-01;P-L1-109-01;P-ORPHAN-211-01;P-PED-BOOK-W12-01;P-PED-BOOK-W34-01;P-PHOTOBOOK-PAGEFEE-01;P-POSTER-FORMULA-SPLIT-01;P-WIRE-PROPOSAL-LOAD-01;SCOPE-108;X-DEC-NAMECARD-FORMULA-01;X-ENGINE-BOOK-01;X-ENGINE-GP2-01;X-ENGINE-PAGE-01;X-ENGINE-TWINRING-01,WA-017;WA-025,Y,Y,raw/webadmin/webadmin/catalog/price_views.py:1882 TPrdProductPriceFormulas.objects.update_or_create (상품↔공식 바인딩 저장) · raw/webadmin/webadmin/config/urls.py:159 price_source_save · raw/webadmin/webadmin/catalog/pricing.py:1 evaluate_price,R1 · L4 판정 승계,인쇄개발,-,규칙:260616 01_역할정의 「관리자 상품관리(상품·사이즈·소재·용지·가격)」,"raw/webadmin/webadmin/catalog/price_views.py:1882 에 구현이 있고, webadmin 화면 + 라이브 DB 읽기 에서 「가격공식 등록·상품 바인딩」 로 저장한 값이 라이브 DB 1행으로 조회되고, 그 값이 가격 계산 결과에 원 단위까지 반영된 것이 1건 확인된다"
STD-ADP-024,운영자·상품가격,가격,가격구성요소 등록·차원 지정,done,작업 항목,F-104;IA-104;P-DUPSIZE-WIRING-01;P-EDX-HIGH40-01;P-EDX-MISSINGCELL-01;P-EDX-SIZECONF-01;P-OVERCHARGE-8-01;P-PED-PUNCH-01;P-SILENT-7-01;SCOPE-104;X-ENGINE-AUTOPICK-01,WA-018;WA-019,Y,N,raw/webadmin/webadmin/catalog/admin.py:2200-2206 PriceComponentAdminForm 사용차원 순서지정 위젯 + 단가유형 그룹제한 · raw/webadmin/webadmin/config/urls.py:144-148 단가 그리드,R1 · L4 판정 승계,인쇄개발,-,규칙:260616 01_역할정의 「관리자 상품관리(상품·사이즈·소재·용지·가격)」,"raw/webadmin/webadmin/catalog/admin.py:2200-2206 에 구현이 있고, webadmin 화면 + 라이브 DB 읽기 에서 「가격구성요소 등록·차원 지정」 로 저장한 값이 라이브 DB 1행으로 조회되고, 그 값이 가격 계산 결과에 원 단위까지 반영된 것이 1건 확인된다"
STD-ADP-025,운영자·상품가격,가격,단가행 일괄 등록(엑셀 업로드),partial,작업 항목,P-19SHEET-BATCH-01;P-3JEOL-01;P-ACRYL-TBD-01;P-AUTH-3SHEET-01;P-DBMAP-NEXT-01;P-DBMAP-OPEN-01;P-DCAL-LOAD-01;P-DESIGNED22-01;P-GOODS-DIRECTPRICE-01;P-HDX-BACKLOG-01;P-NEEDSBASICS-97-01;P-PED-STATIONERY-9-01;P-POSTER-TRANSPOSE-01;P-SET-PREMIUM-UNDER-01;P-SOT-RELOAD-65-01;P-STATIONERY-SPARSE-01;P-STICKER-REPRICE-01;X-BATCH-REST-01;X-CONFIRM-FOMEX-01;X-CONFIRM-GOODS-FIN1-01;X-CONFIRM-MEMOPAD-01;X-CONFIRM-PRICE-2-01;X-CONFIRM-PRICEAUTH-01;X-CONFIRM-STICKER-01,WA-018,Y,Y,raw/webadmin/webadmin/catalog/price_views.py:1650 '그리드에 보이는 행이 곧 이 구성요소의 전체 단가표(엑셀처럼)' · raw/webadmin/webadmin/catalog/templates/catalog/comp_price_grid_page.html:142-145 엑셀 복사·붙여넣기,"R1 · L4 판정 승계 · [conflict 보존 · P-DBMAP-OPEN-01] huni-dbmap/HANDOFF.md에 '미해결/블로커' 헤더가 4곳(:34-35 / :61-62 / :103-104 + :71)에 시간 역순 누적되어 자기모순. 지시대로 상위(:34-35) 섹션을 권위로 채택하되 하위 섹션 근거는 삭제하지 않고 sources에 보존. 대표 상충: :62 '수량구간할인 링크 미연결' ↔ :28 '수량구간 할인=이미 완비(미연결은 stale 오해)'; :70 '가격 전면 미적재 2시트' ↔ :50-52 '동일 2시트 라이브 COMMIT 완료' (gaps-t2-rest.md:33-37). · [conflict 보존 · X-CONFIRM-FOMEX-01] 포맥스 3mm 단가가 권위 자료 내에서 8,300/11,500 vs 8,500/13,000으로 충돌 (_foundation/batch/wiring/HANDOFF.md:46-48). 양쪽 값을 모두 보존하고 채택은 인간 판정. · [conflict 보존 · X-CONFIRM-PRICE-2-01] 라이브 값 vs 권위 엑셀 값 불일치 2건. 권위 엑셀의 족자 천정고리 표기가 '4000?'로 확정값이 아님 — 양측 값 모두 보존, 채택은 인간 판정. · 안 되는 부분: 미확인 — 근거·비고 어디에도 결손 표기가 없다 · webadmin 화면 + 라이브 DB 읽기 1회 점검으로 닫는다",인쇄개발,-,규칙:260616 01_역할정의 「관리자 상품관리(상품·사이즈·소재·용지·가격)」,"이미 되는 부분은 확인되고, 남은 부분(미확인 — 결손 표기 없음)이 「단가행 일괄 등록(엑셀 업로드)」 로 저장한 값이 라이브 DB 1행으로 조회되고, 그 값이 가격 계산 결과에 원 단위까지 반영된 것이 1건 확인된다"
STD-ADP-026,운영자·상품가격,가격,단가유형(단가형/합가형) 설정,done,작업 항목,X-CONFIRM-PROCQTY-01;X-CONFIRM-QTYBASIS-01;X-DEC-VAT-01;X-ENGINE-PRCTYP03-01,WA-018,Y,Y,raw/webadmin/webadmin/catalog/admin.py:2202 'Phase 11: 사용차원 순서지정 위젯 + 단가유형 그룹제한(basecodes prc_typ_cd)',R1 · L4 판정 승계,인쇄개발,-,규칙:260616 01_역할정의 「관리자 상품관리(상품·사이즈·소재·용지·가격)」,"raw/webadmin/webadmin/catalog/admin.py:2202 에 구현이 있고, webadmin 화면 + 라이브 DB 읽기 에서 「단가유형(단가형/합가형) 설정」 로 저장한 값이 라이브 DB 1행으로 조회되고, 그 값이 가격 계산 결과에 원 단위까지 반영된 것이 1건 확인된다"
STD-ADP-027,운영자·상품가격,가격,수량구간 할인테이블 관리,done,작업 항목,P-GOODS-DISCOUNT-203-01;P-MINIBOARD-QTY-01;P-PED-DSCLINK-4-01;X-CONFIRM-DSCDOUBLE-01,WA-023,Y,Y,raw/webadmin/webadmin/config/urls.py:137 할인테이블(수량구간)MD · raw/webadmin/webadmin/catalog/admin.py:2219-2231 수량구간 편집 팝업 · raw/webadmin/webadmin/catalog/price_views.py:2012 구간 그리드,R1 · L4 판정 승계,인쇄개발,-,규칙:260616 01_역할정의 「관리자 상품관리(상품·사이즈·소재·용지·가격)」,"raw/webadmin/webadmin/config/urls.py:137 에 구현이 있고, webadmin 화면 + 라이브 DB 읽기 에서 「수량구간 할인테이블 관리」 로 저장한 값이 라이브 DB 1행으로 조회되고, 그 값이 가격 계산 결과에 원 단위까지 반영된 것이 1건 확인된다"
STD-ADP-028,운영자·상품가격,가격,면적 매트릭스 단가 관리,partial,작업 항목,P-ACRYL-INTEGRITY-156-01;P-AREA-CUSTOM-01;P-RC1-PRESET-01;X-CONFIRM-FOIL-042-SHEET-01;X-CONFIRM-FOILAREA-01;X-ENGINE-ACRYL-AREA-01;X-ENGINE-FOIL-01,WA-018,Y,Y,raw/webadmin/webadmin/config/urls.py:144-148 단가 그리드(차원 조합 행) · raw/webadmin/webadmin/catalog/pricing.py:1 evaluate_price,R1 · L4 판정 승계 · 안 되는 부분: 미확인 — 근거·비고 어디에도 결손 표기가 없다 · webadmin 화면 + 라이브 DB 읽기 1회 점검으로 닫는다,인쇄개발,-,규칙:260616 01_역할정의 「관리자 상품관리(상품·사이즈·소재·용지·가격)」,"이미 되는 부분은 확인되고, 남은 부분(미확인 — 결손 표기 없음)이 「면적 매트릭스 단가 관리」 로 저장한 값이 라이브 DB 1행으로 조회되고, 그 값이 가격 계산 결과에 원 단위까지 반영된 것이 1건 확인된다"
STD-ADP-029,운영자·상품가격,가격,템플릿 직접단가 관리,done,작업 항목,X-WGT-W2B-01,WA-018,Y,N,"raw/webadmin/webadmin/catalog/price_views.py price_source_save kind='tmpl_price'(tmpl_cd·apply_ymd·unit_price, del_all 포함) · raw/webadmin/webadmin/config/urls.py:159",R1 · L4 판정 승계,인쇄개발,-,규칙:260616 01_역할정의 「관리자 상품관리(상품·사이즈·소재·용지·가격)」,"raw/webadmin/webadmin/config/urls.py:159 에 구현이 있고, webadmin 화면 + 라이브 DB 읽기 에서 「템플릿 직접단가 관리」 로 저장한 값이 라이브 DB 1행으로 조회되고, 그 값이 가격 계산 결과에 원 단위까지 반영된 것이 1건 확인된다"
STD-ADP-030,운영자·상품가격,가격,가격 적용시작일 기반 이력 관리,done,작업 항목,,WA-017,N,N,"raw/webadmin/webadmin/catalog/models.py:336,411 apply_bgn_ymd 복합PK · raw/webadmin/webadmin/catalog/pricing.py:363 apply_bgn_ymd__lte 최신본 선택 · raw/webadmin/webadmin/catalog/price_views.py:1039 '상품별 최신(apply_bgn_ymd) 공식' · raw/webadmin/webadmin/config/urls.py:159 적용시작일 지정 저장",R1 · L4 판정 승계,인쇄개발,-,규칙:260616 01_역할정의 「관리자 상품관리(상품·사이즈·소재·용지·가격)」,"raw/webadmin/webadmin/catalog/models.py:336,411 에 구현이 있고, webadmin 화면 + 라이브 DB 읽기 에서 「가격 적용시작일 기반 이력 관리」가 1회 관측된다"
STD-ADP-031,운영자·상품가격,가격,가격 시뮬레이터(운영자 검산),done,작업 항목,P-DIECUT-2-01;P-FOIL-E2E-01;P-GOLDEN-83-01;P-VERIFY-104-01;X-OPS-ADMINPW-01;X-VERIFY-PROD-01,WA-020;WA-021;WA-022,Y,Y,raw/webadmin/webadmin/config/urls.py:172 price-simulator 전용 페이지 · raw/webadmin/webadmin/config/urls.py:169 셋트 시뮬레이션 · raw/webadmin/webadmin/config/urls.py:157 가격 구조 다이어그램,R1 · L4 판정 승계,인쇄개발,-,규칙:260616 01_역할정의 「관리자 상품관리(상품·사이즈·소재·용지·가격)」,"raw/webadmin/webadmin/config/urls.py:172 에 구현이 있고, webadmin 화면 + 라이브 DB 읽기 에서 「가격 시뮬레이터(운영자 검산)」 로 저장한 값이 라이브 DB 1행으로 조회되고, 그 값이 가격 계산 결과에 원 단위까지 반영된 것이 1건 확인된다"
STD-ADP-032,운영자·상품가격,가격,가격뷰어(계산 결과 조회),done,작업 항목,,WA-017;WA-024,N,N,raw/webadmin/webadmin/config/urls.py:32 가격 뷰어(공식/구성요소/단가행) · raw/webadmin/webadmin/config/urls.py:113-117 시작가 산출/수동설정,R1 · L4 판정 승계,인쇄개발,-,규칙:260616 01_역할정의 「관리자 상품관리(상품·사이즈·소재·용지·가격)」,"raw/webadmin/webadmin/config/urls.py:32 에 구현이 있고, webadmin 화면 + 라이브 DB 읽기 에서 「가격뷰어(계산 결과 조회)」가 1회 관측된다"
STD-ADP-033,운영자·상품가격,가격,가격 미산출(0원) 상품 진단 리포트,todo,작업 항목,P-ANCHOR-149-01;P-D5-17-01;P-DBMAP-UNDERCHARGE-01;P-DRIFT-10-01;P-DTLOPT-SWEEP-01;P-EDX-BOOK5-01;P-L2-31-01;P-MUG-193-01;P-PHOTOBOOK-D12-01;P-PHOTOCARD-024-01;P-PRICED0-6-01;P-QUOTE0-100-01;P-QUOTE0-NAMECARD-01;P-READINESS-FOLLOWUP-3-01;P-UNDER-5-01;P-UNDERCHARGE-BATCH-3-01;P-WIDGET-BLOCKED-200-01;P-ZEROQUOTE-119-01,WA-019,Y,Y,raw/webadmin/webadmin/config/urls.py:150 구성요소 사용처/중복 점검(dupcheck) — 0원 진단과는 다른 화면. 0원/미산출 리포트 화면은 urls.py 전체에 부재,R1 · L4 판정 승계 · [conflict 보존 · P-DRIFT-10-01] HANDOFF.md:24 '현재 전수 DRIFT 0.'(07-07) vs verify/last-run.json:12-15 exit 1·findings 10(07-14). 최신인 센서 실측(07-14)을 채택. · [conflict 보존 · P-PRICED0-6-01] §29 03_schedule/blocked-before-widget.md:51-53 = BLOCKED-미바인딩 vs §23 HANDOFF.md:84 = 라이브 COMMIT 완료. 시점은 §29(06-30) < §23(07-01/02)이라 §29가 stale일 가능성이 높으나 라이브 재실측 전에는 단정 불가 (gaps-t1-data.md:47-50 기록).,인쇄개발,-,규칙:260616 01_역할정의 「관리자 상품관리(상품·사이즈·소재·용지·가격)」,"webadmin 화면 + 라이브 DB 읽기 에서 「가격 미산출(0원) 상품 진단 리포트」 로 저장한 값이 라이브 DB 1행으로 조회되고, 그 값이 가격 계산 결과에 원 단위까지 반영된 것이 1건 확인된다"
STD-ADO-001,운영자·주문운영,주문,주문 목록·검색·필터,partial,작업 항목,F-136;F-162;IA-136;SCOPE-136;SCOPE-162,WA-040;SB-059;SB-060,N,Y,raw/webadmin/webadmin/catalog/models.py:1043 TOrdOrders(주문등록) + raw/webadmin/webadmin/catalog/admin.py:2049 제네릭 admin 자동등록(단독PK라 등록됨) · huni-skin-shopby/src/app/(admin)/admin/page.tsx:1-8 자리표시만,R1 · L4 판정 승계 · 안 되는 부분: 미확인 — 근거·비고 어디에도 결손 표기가 없다 · 셀러어드민 주문 화면 / webadmin 1회 점검으로 닫는다,쇼핑개발,web,규칙:260616 01_역할정의 「관리자 커머스 운영」,"이미 되는 부분은 확인되고, 남은 부분(미확인 — 결손 표기 없음)이 「주문 목록·검색·필터」 로 저장한 값이 라이브 DB 1행으로 조회되고, 그 값이 가격 계산 결과에 원 단위까지 반영된 것이 1건 확인된다"
STD-ADO-002,운영자·주문운영,주문,주문 상세 조회(사양·파일·금액),partial,작업 항목,F-136;IA-136;SCOPE-136;X-FILEMETA-01;X-ORDER-SUBMIT-SPEC-01,WA-040;WA-052;SB-059,Y,Y,raw/webadmin/webadmin/catalog/models.py:1081 TOrdArtworks(주문 원고) · raw/webadmin/webadmin/catalog/artwork_promote.py:1 tmp→order 승격,R1 · L4 판정 승계 · 안 되는 부분: 미확인 — 근거·비고 어디에도 결손 표기가 없다 · 셀러어드민 주문 화면 / webadmin 1회 점검으로 닫는다,쇼핑개발,web,규칙:260616 01_역할정의 「관리자 커머스 운영」,"이미 되는 부분은 확인되고, 남은 부분(미확인 — 결손 표기 없음)이 「주문 상세 조회(사양·파일·금액)」 로 저장한 값이 라이브 DB 1행으로 조회되고, 그 값이 가격 계산 결과에 원 단위까지 반영된 것이 1건 확인된다"
STD-ADO-003,운영자·주문운영,주문,주문 상태 변경(단건),partial,작업 항목,F-140;IA-140;SCOPE-140,WA-040,N,Y,raw/webadmin/webadmin/catalog/models.py:1070 ord_sts(주문상태) 컬럼 + 제네릭 admin 편집,R1 · L4 판정 승계 · 안 되는 부분: 미확인 — 근거·비고 어디에도 결손 표기가 없다 · 셀러어드민 주문 화면 / webadmin 1회 점검으로 닫는다,쇼핑개발,web,규칙:260616 01_역할정의 「관리자 커머스 운영」,"이미 되는 부분은 확인되고, 남은 부분(미확인 — 결손 표기 없음)이 「주문 상태 변경(단건)」 로 저장한 값이 라이브 DB 1행으로 조회되고, 그 값이 가격 계산 결과에 원 단위까지 반영된 것이 1건 확인된다"
STD-ADO-004,운영자·주문운영,주문,주문 상태 일괄 변경,todo,작업 항목,F-143;IA-143;SCOPE-143,,N,Y,print-quote/04_design/ia.md §2.3 SM-A-67 · L4 사유: 일괄 변경 UI 부재 — webadmin urls.py·shopby src/app 양쪽 모두 해당 라우트 없음,R1 · L4 판정 승계,쇼핑개발,web,규칙:260616 01_역할정의 「관리자 커머스 운영」,"셀러어드민 주문 화면 / webadmin 에서 「주문 상태 일괄 변경」 로 저장한 값이 라이브 DB 1행으로 조회되고, 그 값이 가격 계산 결과에 원 단위까지 반영된 것이 1건 확인된다"
STD-ADO-005,운영자·주문운영,주문,상태 변경 시 고객 알림 자동발송,todo,작업 항목,F-140;IA-140;SCOPE-140;X-SMS-CONTRACT-01,,N,Y,print-kb/wiki/policy/order-mgmt.md#OMG-03 · L4 사유: 알림톡/SMS 서비스 계약 자체가 미체결(X-SMS-CONTRACT) — 발송 배선 이전 단계,R1 · L4 판정 승계,쇼핑개발,web,규칙:260616 01_역할정의 「관리자 커머스 운영」,"셀러어드민 주문 화면 / webadmin 에서 「상태 변경 시 고객 알림 자동발송」 로 저장한 값이 라이브 DB 1행으로 조회되고, 그 값이 가격 계산 결과에 원 단위까지 반영된 것이 1건 확인된다"
STD-ADO-006,운영자·주문운영,주문,주문서(작업지시서) 출력,todo,작업 항목,F-139;IA-139;SCOPE-139,,N,Y,print-quote/04_design/ia.md §2.3 SM-A-63 · L4 사유: 주문서(작업지시서) 출력 경로 부재,R1 · L4 판정 승계,쇼핑개발,web,규칙:260616 01_역할정의 「관리자 커머스 운영」,"셀러어드민 주문 화면 / webadmin 에서 「주문서(작업지시서) 출력」 로 저장한 값이 라이브 DB 1행으로 조회되고, 그 값이 가격 계산 결과에 원 단위까지 반영된 것이 1건 확인된다"
STD-ADO-007,운영자·주문운영,주문,고객 SMS/알림톡 수동 발송,todo,작업 항목,F-144;IA-144;SCOPE-144;X-SMS-CONTRACT-01,,N,Y,print-quote/04_design/ia.md §2.3 SM-A-68 · L4 사유: 수동 발송 화면 부재 + 계약 미체결,R1 · L4 판정 승계,쇼핑개발,web,규칙:260616 01_역할정의 「관리자 커머스 운영」,"셀러어드민 주문 화면 / webadmin 에서 「고객 SMS/알림톡 수동 발송」 로 저장한 값이 라이브 DB 1행으로 조회되고, 그 값이 가격 계산 결과에 원 단위까지 반영된 것이 1건 확인된다"
STD-ADO-008,운영자·주문운영,검수,파일 확인 처리(검판 판정),todo,작업 항목,F-137;F-160;IA-137;SCOPE-137;SCOPE-160;X-DEC-FILECHECK-01,WA-052,N,Y,print-kb/wiki/policy/order-mgmt.md#OMG-02 · L4 사유: 원고 파일 승격(WA-052)은 있으나 검판 '판정'(합격·반려·사유) 화면이 없다. 파일 검수 기준 자체도 미확정(X-DEC-FILECHECK),R1 · L4 판정 승계,인쇄개발,-,규칙:원고 검판은 webadmin 화면(M3 auto-vs-human §2.2 접수·검판),"셀러어드민 주문 화면 / webadmin 에서 「파일 확인 처리(검판 판정)」 로 저장한 값이 라이브 DB 1행으로 조회되고, 그 값이 가격 계산 결과에 원 단위까지 반영된 것이 1건 확인된다"
STD-ADO-009,운영자·주문운영,검수,재업로드 요청 발송,todo,작업 항목,F-138;IA-138;SCOPE-138,,N,Y,print-quote/04_design/ia.md §2.3 SM-A-62 · L4 사유: 재업로드 요청 발송 경로 부재(SMS 계약 종속),R1 · L4 판정 승계,인쇄개발,-,규칙:원고 검판은 webadmin 화면(M3 auto-vs-human §2.2 접수·검판),"셀러어드민 주문 화면 / webadmin 에서 「재업로드 요청 발송」 로 저장한 값이 라이브 DB 1행으로 조회되고, 그 값이 가격 계산 결과에 원 단위까지 반영된 것이 1건 확인된다"
STD-ADO-010,운영자·주문운영,검수,검수 게이트 관리(G1 파일·G3 가공·G4 출고),new,작업 항목,,,N,N,print-kb/wiki/policy/order-mgmt.md#OMG-05 · L4 사유: 검수 게이트(G1 파일·G3 가공·G4 출고) 단계 관리가 기존 3개 분모 어디에도 없다. 근거출처=print-kb order-mgmt.md#OMG-05 로 ia.md 오염 아님,R1 · L4 판정 승계,인쇄개발,-,규칙:원고 검판은 webadmin 화면(M3 auto-vs-human §2.2 접수·검판),"「검수 게이트 관리(G1 파일·G3 가공·G4 출고)」를 담을 그릇(테이블·모듈·화면)이 생기고, 셀러어드민 주문 화면 / webadmin 에서 그 동작이 1회 관측된다"
STD-ADO-011,운영자·주문운영,검수,불량 판정·재작업 지시,new,작업 항목,,,N,N,print-kb/wiki/policy/operations.md#OPS-04 4단계 상태 · L4 사유: 불량 판정·재작업 지시가 기존 분모에 없다. 근거출처=print-kb operations.md#OPS-04 로 ia.md 오염 아님,R1 · L4 판정 승계,인쇄개발,-,규칙:원고 검판은 webadmin 화면(M3 auto-vs-human §2.2 접수·검판),"「불량 판정·재작업 지시」를 담을 그릇(테이블·모듈·화면)이 생기고, 셀러어드민 주문 화면 / webadmin 에서 그 동작이 1회 관측된다"
STD-ADO-012,운영자·주문운영,생산,인쇄 공정 상태 트래킹,todo,작업 항목,F-157;F-159;SCOPE-157;SCOPE-159;X-MES-SPEC-01,,Y,Y,print-kb/wiki/policy/custom-dev.md#CST-08 · L4 사유: 생산정보 전달(주문→생산BOM)은 legacy 에 있으나 MES↔Front 통신 규격 미확정(X-MES-SPEC),R1 · L4 판정 승계,인쇄개발,-,규칙:생산 지시·진행은 webadmin/MES 축(M3 process-route.md),"셀러어드민 주문 화면 / webadmin 에서 「인쇄 공정 상태 트래킹」 로 저장한 값이 라이브 DB 1행으로 조회되고, 그 값이 가격 계산 결과에 원 단위까지 반영된 것이 1건 확인된다"
STD-ADO-013,운영자·주문운영,생산,작업 큐/일정 배정,new,작업 항목,,,N,N,print-quote/04_design/ia.md §2.3 TR-PROC 워크큐 · L4 사유: 작업 큐/일정 배정이 기존 분모에 없다. ★단 근거출처가 print-quote/04_design/ia.md(TR-PROC 워크큐) — §4-1 오염 구역이라 '독립 발견'으로 세면 안 된다,R1 · L4 판정 승계,인쇄개발,-,규칙:생산 지시·진행은 webadmin/MES 축(M3 process-route.md),"「작업 큐/일정 배정」을 담을 그릇(테이블·모듈·화면)이 생기고, 셀러어드민 주문 화면 / webadmin 에서 그 동작이 1회 관측된다"
STD-ADO-014,운영자·주문운영,생산,판걸이/임포지션 정보 산출,partial,작업 항목,X-ENGINE-PANSU-01,WA-025,Y,N,raw/webadmin/webadmin/catalog/pricing.py:1 evaluate_price 안에서 판걸이수 계산(fn_calc_pansu) 사용,R1 · L4 판정 승계 · 안 되는 부분: 미확인 — 근거·비고 어디에도 결손 표기가 없다 · 셀러어드민 주문 화면 / webadmin 1회 점검으로 닫는다,인쇄개발,-,규칙:생산 지시·진행은 webadmin/MES 축(M3 process-route.md),"이미 되는 부분은 확인되고, 남은 부분(미확인 — 결손 표기 없음)이 「판걸이/임포지션 정보 산출」 로 저장한 값이 라이브 DB 1행으로 조회되고, 그 값이 가격 계산 결과에 원 단위까지 반영된 것이 1건 확인된다"
STD-ADO-015,운영자·주문운영,생산,생산 지시 데이터 연계(JDF/XJDF),new,작업 항목,,,N,N,print-kb/wiki/base/prepress-file.md#BPF-004 · L4 사유: 생산 지시 데이터 연계(JDF/XJDF)가 기존 분모에 없다. 근거출처=print-kb prepress-file.md#BPF-004 로 오염 아님,R1 · L4 판정 승계 · lead 결정 5 · 후니 미채택(JDF/XJDF) · 구현 축은 STD-MFG-013(WCF),인쇄개발,-,규칙:생산 지시·진행은 webadmin/MES 축(M3 process-route.md),"「생산 지시 데이터 연계(JDF/XJDF)」를 담을 그릇(테이블·모듈·화면)이 생기고, 셀러어드민 주문 화면 / webadmin 에서 그 동작이 1회 관측된다"
STD-ADO-016,운영자·주문운영,생산,바코드/라벨 출력,new,작업 항목,,,N,N,"print-quote/04_design/ia.md §2.3 TR-PROC-3 바코드 · L4 사유: 바코드/라벨 출력이 기존 분모에 없다. ★근거출처가 ia.md(TR-PROC-3) — 오염 구역, 독립 발견 아님",R1 · L4 판정 승계 · lead 결정 3 · 실물있음 — 생산축 STD-MFG-108·110 (바코드 스캔 입력),인쇄개발,-,규칙:생산 지시·진행은 webadmin/MES 축(M3 process-route.md),"「바코드/라벨 출력」을 담을 그릇(테이블·모듈·화면)이 생기고, 셀러어드민 주문 화면 / webadmin 에서 그 동작이 1회 관측된다"
STD-ADO-017,운영자·주문운영,외주,외주 발주 등록·관리,new,작업 항목,,,N,N,print-kb/wiki/policy/operations.md#OPS-05 · L4 사유: 외주 발주 등록·관리가 기존 분모에 없다. 근거출처=print-kb operations.md#OPS-05 로 오염 아님,R1 · L4 판정 승계 · lead 결정 3 · 실물있음 — 생산축 STD-MFG-100·102·103 (외주 발주 세분),인쇄개발,-,규칙:외주 발주는 생산 축(M3 §2.7),"「외주 발주 등록·관리」를 담을 그릇(테이블·모듈·화면)이 생기고, 셀러어드민 주문 화면 / webadmin 에서 그 동작이 1회 관측된다"
STD-ADO-018,운영자·주문운영,외주,외주 입고 전수검수 기록,new,작업 항목,,,N,N,print-kb/wiki/policy/operations.md#OPS-05 자체 전수검수 · L4 사유: 외주 입고 전수검수 기록이 기존 분모에 없다. 근거출처=print-kb operations.md#OPS-05 로 오염 아님,R1 · L4 판정 승계 · lead 결정 3 · 실물있음 — 생산축 STD-MFG-104 (외주 입고 검수),인쇄개발,-,규칙:외주 발주는 생산 축(M3 §2.7),"「외주 입고 전수검수 기록」을 담을 그릇(테이블·모듈·화면)이 생기고, 셀러어드민 주문 화면 / webadmin 에서 그 동작이 1회 관측된다"
STD-ADO-019,운영자·주문운영,외주,외주 정산(월 마감),todo,작업 항목,F-134;IA-134;SCOPE-134,,Y,N,print-kb/wiki/policy/operations.md#OPS-05 · L4 사유: legacy 는 '굿즈 발주/정산 Excel' 까지만 있고 월마감 외주정산은 그 부분집합이 아니다 — 인접 legacy 가 있으므로 new 로 올리지 않고 todo 로 둔다,R1 · L4 판정 승계,인쇄개발,-,규칙:외주 발주는 생산 축(M3 §2.7),"셀러어드민 주문 화면 / webadmin 에서 「외주 정산(월 마감)」 로 저장한 값이 라이브 DB 1행으로 조회되고, 그 값이 가격 계산 결과에 원 단위까지 반영된 것이 1건 확인된다"
STD-ADO-020,운영자·주문운영,배송,송장 등록·일괄 업로드,todo,작업 항목,X-CHK-DELIVERY-01,,N,N,huni-shopby/01_research/order-to-delivery-contract.md §2.1 · L4 사유: 송장 등록·일괄 업로드는 샵바이 셀러어드민 native 예상이나 연동 경로 미확인(X-CHK-DELIVERY),R1 · L4 판정 승계,쇼핑개발,web,규칙:260616 01_역할정의 「관리자 커머스 운영」,셀러어드민 주문 화면 / webadmin 에서 「송장 등록·일괄 업로드」가 1회 관측된다
STD-ADO-021,운영자·주문운영,배송,출고 처리·배송중 전이,todo,작업 항목,X-CHK-DELIVERY-01;X-DEC-CALLER-01;X-DEC-MIRROR-01,,N,Y,huni-shopby/01_research/order-to-delivery-contract.md §2.1 put-orders-delivery-ing · L4 사유: 출고 전이 호출 주체(후니 직접 vs 어드민 위임)가 미결(X-DEC-CALLER),R1 · L4 판정 승계,쇼핑개발,web,규칙:260616 01_역할정의 「관리자 커머스 운영」,"셀러어드민 주문 화면 / webadmin 에서 「출고 처리·배송중 전이」 로 저장한 값이 라이브 DB 1행으로 조회되고, 그 값이 가격 계산 결과에 원 단위까지 반영된 것이 1건 확인된다"
STD-ADO-022,운영자·주문운영,클레임,클레임 접수 목록·처리,todo,작업 항목,X-SHOPBY-CLAIM-FSM-01,,N,Y,huni-shopby/01_research/order-to-delivery-contract.md §4.4 · L4 사유: 클레임 상태머신이 미폐합(수거진행 중간상태 누락 등),R1 · L4 판정 승계,쇼핑개발,web,규칙:260616 01_역할정의 「관리자 커머스 운영」,"셀러어드민 주문 화면 / webadmin 에서 「클레임 접수 목록·처리」 로 저장한 값이 라이브 DB 1행으로 조회되고, 그 값이 가격 계산 결과에 원 단위까지 반영된 것이 1건 확인된다"
STD-ADO-023,운영자·주문운영,클레임,환불 실행·정산 반영,todo,작업 항목,X-CHK-PGTEST-01;X-PG-CONTRACT-01,SB-032,Y,Y,huni-shopby/01_research/order-to-delivery-contract.md §4.3 estimate·account · L4 사유: PG 계약 미체결로 결제수단이 ACCOUNT/NONE 뿐(SB-032 absent) — 환불 실행 경로가 성립하지 않음,R1 · L4 판정 승계,쇼핑개발,web,규칙:260616 01_역할정의 「관리자 커머스 운영」,"셀러어드민 주문 화면 / webadmin 에서 「환불 실행·정산 반영」 로 저장한 값이 라이브 DB 1행으로 조회되고, 그 값이 가격 계산 결과에 원 단위까지 반영된 것이 1건 확인된다"
STD-ADO-024,운영자·주문운영,증빙,증빙서류 발급 관리,todo,작업 항목,F-142;F-152;IA-142;SCOPE-142;SCOPE-152;X-TAXDOC-01,SB-053,Y,Y,print-quote/04_design/ia.md §2.3 SM-A-66 · L4 사유: 고객측 증빙 화면은 정적 표 UI만(SB-053 stub)이고 발급 정책·팝빌 연동이 미결(X-TAXDOC),R1 · L4 판정 승계,쇼핑개발,web,규칙:260616 01_역할정의 「관리자 커머스 운영」,"셀러어드민 주문 화면 / webadmin 에서 「증빙서류 발급 관리」 로 저장한 값이 라이브 DB 1행으로 조회되고, 그 값이 가격 계산 결과에 원 단위까지 반영된 것이 1건 확인된다"
STD-ADC-001,운영자·회원CS,회원,회원 목록·검색·상세,todo,작업 항목,F-123;IA-123;SCOPE-123,SB-059;SB-060,N,Y,print-quote/04_design/ia.md §2.3 SM-A-40 · L4 사유: 샵바이 셀러어드민 native 로 해결 예정(SCOPE-123 SOLVED)이나 자사 코드 근거는 0 — 자사 화면은 빈 스캐폴드,R1 · L4 판정 승계,쇼핑개발,web,규칙:260616 01_역할정의 「관리자 커머스 운영」,"셀러어드민 회원·게시판 화면 에서 「회원 목록·검색·상세」 로 저장한 값이 라이브 DB 1행으로 조회되고, 그 값이 가격 계산 결과에 원 단위까지 반영된 것이 1건 확인된다"
STD-ADC-002,운영자·회원CS,회원,회원등급 수동 조정,todo,작업 항목,F-146;SCOPE-146;X-DEC-GRADE-01,,Y,N,print-kb/wiki/policy/membership-auth.md#MEM-06 · L4 사유: grade_cd ↔ 샵바이 memberGrade 매핑이 미결(X-DEC-GRADE) — 등급가가 걸려 돈 영향,R1 · L4 판정 승계,쇼핑개발,web,규칙:260616 01_역할정의 「관리자 커머스 운영」,"셀러어드민 회원·게시판 화면 에서 「회원등급 수동 조정」 로 저장한 값이 라이브 DB 1행으로 조회되고, 그 값이 가격 계산 결과에 원 단위까지 반영된 것이 1건 확인된다"
STD-ADC-003,운영자·회원CS,회원,탈퇴회원 관리,todo,작업 항목,IA-124;SCOPE-124,,N,N,print-quote/04_design/ia.md §2.3 SM-A-41 · L4 사유: 샵바이 native 예상 · 자사 코드 근거 없음,R1 · L4 판정 승계,쇼핑개발,web,규칙:260616 01_역할정의 「관리자 커머스 운영」,셀러어드민 회원·게시판 화면 에서 「탈퇴회원 관리」가 1회 관측된다
STD-ADC-004,운영자·회원CS,회원,프린팅머니 수동 지급·차감,todo,작업 항목,F-125;IA-125;SCOPE-125;X-DEC-PRINTMONEY-01;X-MONEY-EXTKEY-01,SB-051,Y,N,print-quote/04_design/ia.md §2.3 SM-A-42 · L4 사유: 프린팅머니가 샵바이 적립금 재해석인지 별도 원장인지 미결(X-DEC-PRINTMONEY). 고객측 충전도 no-op(SB-051 stub),R1 · L4 판정 승계,쇼핑개발,web,규칙:260616 01_역할정의 「관리자 커머스 운영」,"셀러어드민 회원·게시판 화면 에서 「프린팅머니 수동 지급·차감」 로 저장한 값이 라이브 DB 1행으로 조회되고, 그 값이 가격 계산 결과에 원 단위까지 반영된 것이 1건 확인된다"
STD-ADC-005,운영자·회원CS,쿠폰,쿠폰 생성·발행 관리,todo,작업 항목,F-126;IA-126;SCOPE-126,SB-049,Y,N,print-quote/04_design/ia.md §2.3 SM-A-43 · L4 사유: 고객측 쿠폰 조회/등록은 done(SB-049)이나 운영자 발행 화면 근거 없음,R1 · L4 판정 승계,쇼핑개발,web,규칙:260616 01_역할정의 「관리자 커머스 운영」,"셀러어드민 회원·게시판 화면 에서 「쿠폰 생성·발행 관리」 로 저장한 값이 라이브 DB 1행으로 조회되고, 그 값이 가격 계산 결과에 원 단위까지 반영된 것이 1건 확인된다"
STD-ADC-006,운영자·회원CS,쿠폰,쿠폰 등록·사용 내역 조회,todo,작업 항목,IA-127;IA-128;SCOPE-127;SCOPE-128,,N,N,print-quote/04_design/ia.md §2.3 SM-A-43/44/45 쿠폰관리·등록내역·사용내역 · L4 사유: 쿠폰 등록·사용 내역 운영 화면 근거 없음,R1 · L4 판정 승계,쇼핑개발,web,규칙:260616 01_역할정의 「관리자 커머스 운영」,셀러어드민 회원·게시판 화면 에서 「쿠폰 등록·사용 내역 조회」가 1회 관측된다
STD-ADC-007,운영자·회원CS,게시판,공지사항 관리,todo,작업 항목,IA-114;SCOPE-114,SB-054,N,N,"print-quote/04_design/ia.md §2.3 SM-A-30/31 공지·FAQ · L4 사유: 고객측 공지 조회는 done(SB-054, 샵바이 게시판)이나 운영자 등록·수정 화면은 자사 코드에 없음(셀러어드민 소관)",R1 · L4 판정 승계,쇼핑개발,web,규칙:260616 01_역할정의 「관리자 커머스 운영」,셀러어드민 회원·게시판 화면 에서 「공지사항 관리」가 1회 관측된다
STD-ADC-008,운영자·회원CS,게시판,FAQ 관리,todo,작업 항목,IA-115;SCOPE-115,SB-056,N,N,print-quote/04_design/ia.md §2.3 SM-A-30/31 공지·FAQ · L4 사유: FAQ 는 고객측 라우트조차 부재(SB-056 absent) — 운영 화면 이전 단계,R1 · L4 판정 승계,쇼핑개발,web,규칙:260616 01_역할정의 「관리자 커머스 운영」,셀러어드민 회원·게시판 화면 에서 「FAQ 관리」가 1회 관측된다
STD-ADC-009,운영자·회원CS,게시판,상품Q&A 답변 관리,todo,작업 항목,IA-119;SCOPE-119,,N,N,print-quote/04_design/ia.md §2.3 SM-A-35 · L4 사유: 상품Q&A 답변 운영 화면 근거 없음,R1 · L4 판정 승계,쇼핑개발,web,규칙:260616 01_역할정의 「관리자 커머스 운영」,셀러어드민 회원·게시판 화면 에서 「상품Q&A 답변 관리」가 1회 관측된다
STD-ADC-010,운영자·회원CS,게시판,1:1 문의 답변 관리,todo,작업 항목,IA-120;SCOPE-120,SB-056,N,N,print-quote/04_design/ia.md §2.3 SM-A-36 · L4 사유: 1:1 문의는 고객측 라우트도 부재(SB-056 absent),R1 · L4 판정 승계,쇼핑개발,web,규칙:260616 01_역할정의 「관리자 커머스 운영」,셀러어드민 회원·게시판 화면 에서 「1:1 문의 답변 관리」가 1회 관측된다
STD-ADC-011,운영자·회원CS,게시판,이용후기(리뷰) 관리·블라인드,todo,작업 항목,F-122;IA-122;SCOPE-122,SB-018;SB-052,N,N,print-quote/04_design/ia.md §2.3 SM-A-38 · print-kb/wiki/policy/review.md#RVW-01 · L4 사유: 고객측 리뷰 조회·작성은 done(SB-018/SB-052)이나 운영자 블라인드·관리 화면 근거 없음,R1 · L4 판정 승계,쇼핑개발,web,규칙:260616 01_역할정의 「관리자 커머스 운영」,셀러어드민 회원·게시판 화면 에서 「이용후기(리뷰) 관리·블라인드」가 1회 관측된다
STD-ADC-012,운영자·회원CS,게시판,대량견적/기업상담/디자인상담 접수 관리,todo,작업 항목,F-116;IA-116;IA-117;IA-118;SCOPE-116;SCOPE-117;SCOPE-118,,Y,Y,print-quote/04_design/ia.md §2.3 SM-A-32 SM-A-33 SM-A-34 · L4 사유: 대량견적·기업상담·디자인상담 접수 관리 화면 근거 없음,R1 · L4 판정 승계,쇼핑개발,web,규칙:260616 01_역할정의 「관리자 커머스 운영」,"셀러어드민 회원·게시판 화면 에서 「대량견적/기업상담/디자인상담 접수 관리」 로 저장한 값이 라이브 DB 1행으로 조회되고, 그 값이 가격 계산 결과에 원 단위까지 반영된 것이 1건 확인된다"
STD-ADC-013,운영자·회원CS,콘텐츠,메인/기획전 배너 관리,todo,작업 항목,SCOPE-155,SB-001;SB-002;SB-003,N,N,print-quote/04_design/ia.md §2.1 메인 · L4 사유: 메인 배너·BEST 큐레이션의 데이터원이 legacy mock 빈배열/정적 상수(SB-002 stub·SB-003 partial) — 운영자가 바꿀 자리가 없다,R1 · L4 판정 승계,쇼핑개발,web,규칙:260616 01_역할정의 「관리자 커머스 운영」,셀러어드민 회원·게시판 화면 에서 「메인/기획전 배너 관리」가 1회 관측된다
STD-ADC-014,운영자·회원CS,콘텐츠,인쇄 가이드 콘텐츠 관리,done,작업 항목,IA-087,WA-049,N,N,raw/webadmin/webadmin/config/urls.py:72-87 가이드파일 업로드/관리 · raw/webadmin/webadmin/catalog/s3_guide.py:266-350,R1 · L4 판정 승계,쇼핑개발,web,규칙:260616 01_역할정의 「관리자 커머스 운영」,"raw/webadmin/webadmin/config/urls.py:72-87 에 구현이 있고, 셀러어드민 회원·게시판 화면 에서 「인쇄 가이드 콘텐츠 관리」가 1회 관측된다"
STD-FIN-001,정산·통계,매출,월별 매출 통계,todo,작업 항목,IA-133;SCOPE-133,,N,N,print-quote/04_design/ia.md §2.3 SM-A-54 · L4 사유: 월별 매출 통계 화면 근거 없음(샵바이 셀러어드민 통계 소관 추정),R1 · L4 판정 승계,쇼핑개발,web,규칙:260616 Phase2 「통계」 쇼핑개발 범위,셀러어드민 정산 화면 에서 「월별 매출 통계」가 1회 관측된다
STD-FIN-002,정산·통계,매출,일별/기간별 매출 조회,new,작업 항목,,,N,N,"print-quote/04_design/ia.md §2.3 통계 · L4 사유: 일별/기간별 매출 조회가 기존 분모에 없다(legacy 는 월별만). ★근거출처가 ia.md — 오염 구역, 독립 발견 아님",R1 · L4 판정 승계,쇼핑개발,web,규칙:260616 Phase2 「통계」 쇼핑개발 범위,"「일별/기간별 매출 조회」를 담을 그릇(테이블·모듈·화면)이 생기고, 셀러어드민 정산 화면 에서 그 동작이 1회 관측된다"
STD-FIN-003,정산·통계,매출,결제수단별 매출 집계,new,작업 항목,,,N,N,print-kb/wiki/policy/order-payment.md#PAY-01 결제케이스 · L4 사유: 결제수단별 매출 집계가 기존 분모에 없다. 근거출처=print-kb order-payment.md#PAY-01 로 오염 아님,R1 · L4 판정 승계,쇼핑개발,web,규칙:260616 Phase2 「통계」 쇼핑개발 범위,"「결제수단별 매출 집계」를 담을 그릇(테이블·모듈·화면)이 생기고, 셀러어드민 정산 화면 에서 그 동작이 1회 관측된다"
STD-FIN-004,정산·통계,상품,상품별 판매 통계,todo,작업 항목,F-129;F-130;F-131;F-132;IA-129;IA-130;IA-131;IA-132;SCOPE-129;SCOPE-130;SCOPE-131;SCOPE-132,,N,N,print-quote/04_design/ia.md §2.3 SM-A-50~53 상품통계 4종 · L4 사유: 상품통계 4종이 legacy 에 있으나 구현 근거 없음,R1 · L4 판정 승계,쇼핑개발,web,규칙:260616 Phase2 「통계」 쇼핑개발 범위,셀러어드민 정산 화면 에서 「상품별 판매 통계」가 1회 관측된다
STD-FIN-005,정산·통계,상품,상품군별 매출 비중,new,작업 항목,,,N,N,print-quote/04_design/ia.md §2.3 상품통계 4종 · L4 사유: 상품군별 매출 비중이 기존 분모에 없다. ★근거출처가 ia.md(상품통계 4종) — 오염 구역,R1 · L4 판정 승계,쇼핑개발,web,규칙:260616 Phase2 「통계」 쇼핑개발 범위,"「상품군별 매출 비중」을 담을 그릇(테이블·모듈·화면)이 생기고, 셀러어드민 정산 화면 에서 그 동작이 1회 관측된다"
STD-FIN-006,정산·통계,고객,회원/비회원 주문 비중,new,작업 항목,,,N,N,print-kb/wiki/policy/membership-auth.md#MEM-05 · L4 사유: 회원/비회원 주문 비중이 기존 분모에 없다. 근거출처=print-kb membership-auth.md#MEM-05 로 오염 아님,R1 · L4 판정 승계,쇼핑개발,web,규칙:260616 Phase2 「통계」 쇼핑개발 범위,"「회원/비회원 주문 비중」을 담을 그릇(테이블·모듈·화면)이 생기고, 셀러어드민 정산 화면 에서 그 동작이 1회 관측된다"
STD-FIN-007,정산·통계,생산,공정/팀별 작업량 통계,todo,작업 항목,F-135;IA-135;SCOPE-135,,N,N,print-kb/wiki/policy/custom-dev.md#CST-09 · L4 사유: 제작상품 팀별통계(Excel)가 legacy 에 있으나 구현 근거 없음,R1 · L4 판정 승계,인쇄개발,,예외:생산 축 통계 — 원천이 webadmin 공정 데이터(M3 process-route §3 팀·파트),셀러어드민 정산 화면 에서 「공정/팀별 작업량 통계」가 1회 관측된다
STD-FIN-008,정산·통계,정산,PG 정산 대사,todo,차단(외부),X-SETTLE-AUTH-01,,Y,Y,print-kb/wiki/policy/order-payment.md#PAY-02 · L4 사유: 샵바이 정산이 라인 salePrice/addPrice 를 권위로 쓰는지 미관측(X-SETTLE-AUTH) — 대사 설계 이전 단계,R1 · L4 판정 승계 · 무통장 선검증: 가능(부분) — 정산 권위 실증 X-SETTLE-AUTH-01(정산이 라인 salePrice/addPrice 를 권위로 쓰는가)은 무통장 주문이 결제완료에 도달하면 관측 대상이 생긴다(shopby-order-state-machine.md T4) · 단 ① 정산 화면 접근이 셀러어드민 종속(open-questions.md A) ② 우리 몰 정산 주기·수식·PG 수수료 항은 미확인(open-questions.md B-2a·B-2c) ③ PG 수수료 항 자체가 무통장 주문에 없어 「PG 정산 대사」 전체는 PG 승인 후에만 닫힌다,쇼핑개발,web,규칙:260616 Phase2 「통계」 쇼핑개발 범위,"차단 — PG 승인 종속 + 정산 권위 실증(X-SETTLE-AUTH-01, 실주문 1건). 승인·접근이 열린 뒤 셀러어드민 정산 화면 에서 「PG 정산 대사」 결과에 표시된 금액이 권위값과 원 단위까지 같은 것이 1건 확인된다"
STD-FIN-009,정산·통계,정산,적립금(프린팅머니) 부채 집계,todo,작업 항목,X-MIG-EXPIRY-01;X-MONEY-EXTKEY-01,SB-050,Y,N,print-kb/wiki/policy/mypage.md#MYP-02 · L4 사유: 고객측 포인트 잔액 조회는 done(SB-050)이나 부채 집계 화면 없음. 적립금 만료 기본값도 미명문화(X-MIG-EXPIRY),R1 · L4 판정 승계,쇼핑개발,web,규칙:260616 Phase2 「통계」 쇼핑개발 범위,셀러어드민 정산 화면 에서 「적립금(프린팅머니) 부채 집계」 결과에 표시된 금액이 권위값과 원 단위까지 같은 것이 1건 확인된다
STD-FIN-010,정산·통계,정산,외주 발주/정산 엑셀 산출,todo,작업 항목,F-134;IA-134;SCOPE-134,,Y,N,print-quote/04_design/ia.md §2.3 SM-A-55 · L4 사유: 굿즈 발주/정산 Excel 이 legacy 에 있으나 구현 근거 없음,R1 · L4 판정 승계,쇼핑개발,web,규칙:260616 Phase2 「통계」 쇼핑개발 범위,셀러어드민 정산 화면 에서 「외주 발주/정산 엑셀 산출」 결과에 표시된 금액이 권위값과 원 단위까지 같은 것이 1건 확인된다
STD-FIN-011,정산·통계,정산,쿠폰/할인 사용액 집계,new,작업 항목,,,N,N,print-kb/wiki/policy/coupon.md#CPN-05 · L4 사유: 쿠폰/할인 사용액 집계가 기존 분모에 없다. 근거출처=print-kb coupon.md#CPN-05 로 오염 아님,R1 · L4 판정 승계,쇼핑개발,web,규칙:260616 Phase2 「통계」 쇼핑개발 범위,"「쿠폰/할인 사용액 집계」를 담을 그릇(테이블·모듈·화면)이 생기고, 셀러어드민 정산 화면 에서 그 동작이 1회 관측된다"
STD-FIN-012,정산·통계,내보내기,통계·주문 데이터 엑셀 내보내기,todo,작업 항목,F-134;F-135;IA-134;IA-135;SCOPE-134;SCOPE-135,,Y,N,print-quote/04_design/ia.md §2.3 SM-A-56 팀별통계 Excel · L4 사유: 엑셀 내보내기는 legacy 통계 2건에 부분 포함(1:N) — 전역 내보내기 기능으로는 미구현,R1 · L4 판정 승계,쇼핑개발,web,규칙:260616 Phase2 「통계」 쇼핑개발 범위,셀러어드민 정산 화면 에서 「통계·주문 데이터 엑셀 내보내기」 결과에 표시된 금액이 권위값과 원 단위까지 같은 것이 1건 확인된다
STD-SYS-001,시스템·플랫폼,권한,관리자 계정 등록·관리,partial,작업 항목,IA-094;SCOPE-094,SB-059;WA-058,N,N,SB-059 stub — huni-skin-shopby/src/app/(admin)/admin/page.tsx:1-8 (자리표시) · WA-058 partial — raw/webadmin/webadmin/catalog/admin.py:2242-2310,R1 · L4 판정 승계 · 안 되는 부분: SB-059 stub — huni-skin-shopby/src/app/(admin)/admin/page.tsx:1-8 (자리표시) (출처 근거),쇼핑개발,web,규칙:플랫폼 연동·권한·설정은 shopby 저장소 경계(L2 service-dependency 18종 call_s,"이미 되는 부분은 확인되고, 남은 부분(SB-059 stub — huni-skin-shopby/src/app/(admin)/admin/page.tsx:1-8 (자리표시))이 「관리자 계정 등록·관리」가 1회 관측된다"
STD-SYS-002,시스템·플랫폼,권한,역할 기반 세분 권한 제어,partial,작업 항목,IA-094;SCOPE-094,SB-060,N,N,SB-060 partial — huni-skin-shopby/src/proxy.ts:21-23 (ADMIN 검사 미활성 주석) · src/lib/api/hooks/use-admins.ts:20,R1 · L4 판정 승계 · 안 되는 부분: 미확인 — 근거·비고 어디에도 결손 표기가 없다 · 코드 + 로그 + 응답 1회 점검으로 닫는다,쇼핑개발,web,규칙:플랫폼 연동·권한·설정은 shopby 저장소 경계(L2 service-dependency 18종 call_s,"이미 되는 부분은 확인되고, 남은 부분(미확인 — 결손 표기 없음)이 「역할 기반 세분 권한 제어」가 1회 관측된다"
STD-SYS-003,시스템·플랫폼,권한,관리자 작업 감사로그,new,작업 항목,,,N,N,print-quote/04_design/ia.md §2.3 TR-SYS 감사로그 · L4 사유: new(★ia.md 오염) — 근거출처가 ia.md §2.3 TR-SYS 라 §4-1 상 독립 발견으로 신뢰 불가.,R1 · L4 판정 승계,쇼핑개발,web,규칙:플랫폼 연동·권한·설정은 shopby 저장소 경계(L2 service-dependency 18종 call_s,"「관리자 작업 감사로그」를 담을 그릇(테이블·모듈·화면)이 생기고, 코드 + 로그 + 응답 에서 그 동작이 1회 관측된다"
STD-SYS-004,시스템·플랫폼,설정,PG 연동 설정,partial,차단(외부),F-074;F-080;X-DEC-NAVERPAY-01;X-PG-CONTRACT-01,SB-033;SB-032,Y,Y,SB-033 done — huni-skin-shopby/src/lib/payments/ncp-pay.ts:47-70 · src/app/api/pay-config/route.ts:8 / SB-032 absent — src/components/checkout/checkout-form.tsx:8-9 ('PG 연동은 후속 — 현재는 무통장만 동작'),R1 · L4 판정 승계 · 라이브 실측(09-02 A-5): `pgType = null` — 몰에 PG 가 연동돼 있지 않다는 직접 증거 (L5/Q2/api-check-a13-a5.md §3 · 100번 줄). 차단(외부) 판정을 라이브 값이 뒷받침한다 · 무통장 선검증: 불가 — 상점ID(MID) 값 자체가 승인 산출물이라 무통장 주문을 아무리 돌려도 값이 생기지 않는다(payment-approval-flow.md §1-1 [5]) · 안 되는 부분: src/app/api/pay-config/route.ts:8 / SB-032 absent — src/components/checkout/checkout-form.… (출처 근거),쇼핑개발,web,규칙:플랫폼 연동·권한·설정은 shopby 저장소 경계(L2 service-dependency 18종 call_s,"차단 — PG 승인 — 상점ID(MID) 값 자체가 승인 산출물. 승인·접근이 열린 뒤 코드 + 로그 + 응답 에서 「PG 연동 설정」 로 저장한 값이 라이브 DB 1행으로 조회되고, 그 값이 가격 계산 결과에 원 단위까지 반영된 것이 1건 확인된다"
STD-SYS-005,시스템·플랫폼,설정,배송비 정책 설정,todo,작업 항목,F-150;X-DEC-SHIPPING-01,,Y,Y,print-kb/wiki/policy/shipping.md#SHIP-02 · L4 사유: 도서산간 권역 정책 미확정(1차 W7-9).,R1 · L4 판정 승계,쇼핑개발,web,규칙:플랫폼 연동·권한·설정은 shopby 저장소 경계(L2 service-dependency 18종 call_s,"코드 + 로그 + 응답 에서 「배송비 정책 설정」 로 저장한 값이 라이브 DB 1행으로 조회되고, 그 값이 가격 계산 결과에 원 단위까지 반영된 것이 1건 확인된다"
STD-SYS-006,시스템·플랫폼,설정,알림(SMS/알림톡/이메일) 템플릿 설정,todo,작업 항목,F-138;F-144;X-SMS-CONTRACT-01,,N,Y,print-kb/wiki/policy/order-mgmt.md#OMG-03 · L4 사유: 알림 템플릿 관리 L2 무근거. 계약 선행.,R1 · L4 판정 승계,쇼핑개발,web,규칙:플랫폼 연동·권한·설정은 shopby 저장소 경계(L2 service-dependency 18종 call_s,"코드 + 로그 + 응답 에서 「알림(SMS/알림톡/이메일) 템플릿 설정」 로 저장한 값이 라이브 DB 1행으로 조회되고, 그 값이 가격 계산 결과에 원 단위까지 반영된 것이 1건 확인된다"
STD-SYS-007,시스템·플랫폼,연동,커머스 플랫폼 API 인증·토큰 관리,done,작업 항목,X-OPS-TOKEN-01;X-SHOPBY-IPALLOW-01,SB-061;SB-062,N,Y,SB-061 huni-skin-shopby/src/app/api/shopby/[...path]/route.ts:21-45 · SB-062 src/app/api/shop/[...path]/route.ts:27-48,R1 · L4 판정 승계,쇼핑개발,web,규칙:플랫폼 연동·권한·설정은 shopby 저장소 경계(L2 service-dependency 18종 call_s,"/route.ts:21-45 에 구현이 있고, 코드 + 로그 + 응답 에서 「커머스 플랫폼 API 인증·토큰 관리」 로 저장한 값이 라이브 DB 1행으로 조회되고, 그 값이 가격 계산 결과에 원 단위까지 반영된 것이 1건 확인된다"
STD-SYS-008,시스템·플랫폼,연동,인쇄 도메인 DB ↔ 커머스 상품 동기화,partial,작업 항목,X-MAPPING-MASTER-01;X-SHOPBY-ASSIGN-VOLATILE-01;X-SHOPBY-HYGIENE-01;X-SIM-PRODUCT-SEMANTIC-01,WA-045;WA-046;SB-015,Y,Y,WA-045 done — raw/webadmin/webadmin/catalog/shopby_sync.py:1-30 · WA-046 done — catalog/shopby_client.py:1-50 · SB-015 partial — huni-skin-shopby/src/lib/printly/product-code-map.ts:41-49 (수동 7건만 등록),R1 · L4 판정 승계 · X-SHOPBY-HYGIENE-01 관리코드 중복 71건 = 완료(라이브 실측 09-02) · 근거 L5/Q0/huni-token-label-check.md:150 · 안 되는 부분: SB-015 partial — huni-skin-shopby/src/lib/printly/product-code-map.ts:41-49 (수동 7건만 등록) (출처 근거),쇼핑개발,web,규칙:플랫폼 연동·권한·설정은 shopby 저장소 경계(L2 service-dependency 18종 call_s,"이미 되는 부분은 확인되고, 남은 부분(SB-015 partial — huni-skin-shopby/src/lib/printly/product-code-map.ts:41-49 (수동 7건만 등록))이 「인쇄 도메인 DB ↔ 커머스 상품 동기화」 로 저장한 값이 라이브 DB 1행으로 조회되고, 그 값이 가격 계산 결과에 원 단위까지 반영된 것이 1건 확인된다"
STD-SYS-009,시스템·플랫폼,연동,가격 계산 결과 카트 주입 브리지,done,작업 항목,F-049;X-BFF-ENDPOINT-01;X-NHN-POLICY-01;X-PRICE-BRIDGE-01,SB-012;SB-025,Y,Y,SB-012 huni-skin-shopby/src/lib/api/widget-order.ts:26-35 · src/components/product/huni-widget.tsx:257-265 · SB-025 src/app/api/printly/requote/route.ts:16-50,"R1 · L4 판정 승계 · 구현 완료·미검증 — 검증은 STD-PAY-013/STD-FIN-008/X-NHN-REVIEW-01 · 구현 완료·미검증·계약 드리프트(huni_item 계약 vs huni_token 코드 — widget-order.ts:110-111 `?? """"` · cart-page.tsx:119 `if (!token) return;` · 근거 L5/Q0/huni-token-label-check.md)",쇼핑개발,web,규칙:플랫폼 연동·권한·설정은 shopby 저장소 경계(L2 service-dependency 18종 call_s,"huni-skin-shopby/src/lib/api/widget-order.ts:26-35 에 구현이 있고, 코드 + 로그 + 응답 에서 「가격 계산 결과 카트 주입 브리지」 로 저장한 값이 라이브 DB 1행으로 조회되고, 그 값이 가격 계산 결과에 원 단위까지 반영된 것이 1건 확인된다"
STD-SYS-010,시스템·플랫폼,연동,원고 저장소(스토리지) 연동,done,작업 항목,X-FILEMETA-01;X-WGTF-S3-01,WA-037;WA-052,N,Y,WA-037 raw/webadmin/webadmin/config/urls.py:250-252 · catalog/s3_artwork.py:208-280 · WA-052 catalog/artwork_promote.py:1,R1 · L4 판정 승계,쇼핑개발,web,규칙:플랫폼 연동·권한·설정은 shopby 저장소 경계(L2 service-dependency 18종 call_s,"raw/webadmin/webadmin/config/urls.py:250-252 에 구현이 있고, 코드 + 로그 + 응답 에서 「원고 저장소(스토리지) 연동」 로 저장한 값이 라이브 DB 1행으로 조회되고, 그 값이 가격 계산 결과에 원 단위까지 반영된 것이 1건 확인된다"
STD-SYS-011,시스템·플랫폼,연동,디자인 에디터 외부 서비스 연동,partial,작업 항목,F-054;X-DEC-EDICUS-01;X-EDX-D3-01;X-EDX-D8-01;X-WGTF-EDICUS-01,WA-041;WA-047;SB-020,N,Y,WA-041 done — raw/webadmin/webadmin/config/urls.py:274-275 · catalog/edicus_lookup.py:214-260 · WA-047 done — catalog/edicus_views.py:278-674 / SB-020 stub — huni-skin-shopby/src/components/product/configurator-actions.tsx:170-176,R1 · L4 판정 승계 · 안 되는 부분: WA-047 done — catalog/edicus_views.py:278-674 / SB-020 stub — huni-skin-shopby/src/compone… (출처 근거),PM,,예외:N3 §5 U-23 Edicus 계약 상태 미확인 — 계약이 선행. 계약 뒤 배선은 인쇄개발(위젯 내부 호출,"이미 되는 부분은 확인되고, 남은 부분(WA-047 done — catalog/edicus_views.py:278-674 / SB-020 stub — huni-skin-shopby/src/compone…)이 「디자인 에디터 외부 서비스 연동」 로 저장한 값이 라이브 DB 1행으로 조회되고, 그 값이 가격 계산 결과에 원 단위까지 반영된 것이 1건 확인된다"
STD-SYS-012,시스템·플랫폼,연동,본인인증 서비스 연동,todo,작업 항목,F-007;IA-007;SCOPE-007;X-AUTH-CONTRACT-01,SB-043,N,N,SB-043 absent(grep 무결과) · L2 D-17 endpoint='(호출 지점 없음)',R1 · L4 판정 승계,PM,,예외:L2 D-17 「코드에 호출 지점 자체가 없음 — 오픈 정책상 필요하면 신규 개발」 · 사업자 계약 선행,코드 + 로그 + 응답 에서 「본인인증 서비스 연동」이 1회 관측된다
STD-SYS-013,시스템·플랫폼,연동,우편번호/주소 검색 서비스 연동,new,작업 항목,,SB-028,N,N,SB-028 done — huni-skin-shopby/src/lib/daum-postcode.ts:10 · L2 D-10,R1 · L4 판정 승계,쇼핑개발,web,규칙:플랫폼 연동·권한·설정은 shopby 저장소 경계(L2 service-dependency 18종 call_s,"「우편번호/주소 검색 서비스 연동」을 담을 그릇(테이블·모듈·화면)이 생기고, 코드 + 로그 + 응답 에서 그 동작이 1회 관측된다"
STD-SYS-014,시스템·플랫폼,연동,택배사 배송추적 연동,todo,작업 항목,X-CHK-DELIVERY-01,,N,N,huni-shopby/01_research/order-to-delivery-contract.md §2.1 deliveryCompanyType · L4 사유: 택배사 연동·송장·배송추적 경로 미확인. L2 연계서비스 18건에도 택배사 없음.,R1 · L4 판정 승계,쇼핑개발,web,규칙:플랫폼 연동·권한·설정은 shopby 저장소 경계(L2 service-dependency 18종 call_s,코드 + 로그 + 응답 에서 「택배사 배송추적 연동」이 1회 관측된다
STD-SYS-015,시스템·플랫폼,연동,웹 로그/전환 분석 도구 연동,new,작업 항목,,,N,N,[L4b보강] huni-skin-shopby/src 전역 gtag|GA4|googletagmanager|analytics grep 무결과,R1 · L4 판정 승계,쇼핑개발,web,규칙:플랫폼 연동·권한·설정은 shopby 저장소 경계(L2 service-dependency 18종 call_s,"「웹 로그/전환 분석 도구 연동」을 담을 그릇(테이블·모듈·화면)이 생기고, 코드 + 로그 + 응답 에서 그 동작이 1회 관측된다"
STD-SYS-016,시스템·플랫폼,품질,주문/결제 실패 모니터링·알림,partial,작업 항목,X-CHK-CAPACITY-01;X-CHK-ONCALL-01,WA-055,N,N,WA-055 done — raw/webadmin/webadmin/catalog/abuse_log.py:1 · rate_alerts.py:61-75 (텔레그램 알림),R1 · L4 판정 승계 · 안 되는 부분: 미확인 — 근거·비고 어디에도 결손 표기가 없다 · 코드 + 로그 + 응답 1회 점검으로 닫는다,쇼핑개발,web,규칙:플랫폼 연동·권한·설정은 shopby 저장소 경계(L2 service-dependency 18종 call_s,"이미 되는 부분은 확인되고, 남은 부분(미확인 — 결손 표기 없음)이 「주문/결제 실패 모니터링·알림」이 1회 관측된다"
STD-SYS-017,시스템·플랫폼,품질,데이터 백업·복구 절차,todo,작업 항목,X-CHK-BACKUP-01,,N,N,print-kb/wiki/huni/load-path.md 적재 경로 안전장치 · L4 사유: DB 스냅샷·복구 리허설 미확인.,R1 · L4 판정 승계,쇼핑개발,web,규칙:플랫폼 연동·권한·설정은 shopby 저장소 경계(L2 service-dependency 18종 call_s,코드 + 로그 + 응답 에서 「데이터 백업·복구 절차」가 1회 관측된다
STD-SYS-018,시스템·플랫폼,품질,개인정보 보관·파기 정책 적용,partial,작업 항목,IA-084;IA-085;SCOPE-084;SCOPE-085;X-CHK-PRIVACY-01,SB-057,N,N,SB-057 done — huni-skin-shopby/src/app/(main)/terms/page.tsx:1 · privacy/page.tsx:1 · src/lib/legal/markdown.ts:1,R1 · L4 판정 승계 · 안 되는 부분: 미확인 — 근거·비고 어디에도 결손 표기가 없다 · 코드 + 로그 + 응답 1회 점검으로 닫는다,쇼핑개발,web,규칙:플랫폼 연동·권한·설정은 shopby 저장소 경계(L2 service-dependency 18종 call_s,"이미 되는 부분은 확인되고, 남은 부분(미확인 — 결손 표기 없음)이 「개인정보 보관·파기 정책 적용」이 1회 관측된다"
STD-SYS-019,시스템·플랫폼,품질,반응형/모바일 대응,new,작업 항목,,,N,N,print-story/02_capture/order-flow-steps.md §A 위젯 높이 2130px 실측 · L4 사유: new — 반응형은 전 화면 횡단 품질축이라 화면 단위 legacy 분모에 행이 없다. 근거 print-story 실측(오염 아님). L2 가 판정하지 않아 상태 미상.,R1 · L4 판정 승계,쇼핑개발,web,규칙:플랫폼 연동·권한·설정은 shopby 저장소 경계(L2 service-dependency 18종 call_s,"「반응형/모바일 대응」을 담을 그릇(테이블·모듈·화면)이 생기고, 코드 + 로그 + 응답 에서 그 동작이 1회 관측된다"
STD-SYS-020,시스템·플랫폼,품질,SEO 메타·사이트맵,todo,작업 항목,X-CHK-SEO-01;X-PB-RISK-01,,N,N,[L4b보강] huni-skin-shopby/src 전역 sitemap|robots grep 무결과,R1 · L4 판정 승계,쇼핑개발,web,규칙:플랫폼 연동·권한·설정은 shopby 저장소 경계(L2 service-dependency 18종 call_s,코드 + 로그 + 응답 에서 「SEO 메타·사이트맵」이 1회 관측된다
STD-SYS-021,시스템·플랫폼,품질,페이지 빌더(운영자 화면 편집),todo,작업 항목,X-PB-C7-01;X-PB-CLEANUP-01;X-PB-CONCEPT-01;X-PB-DESIGN-01;X-PB-DOC-01;X-PB-EMPTYVAL-01;X-PB-GATE-01;X-PB-INVENTORY-01;X-PB-OPSSIM-01;X-PB-PARTNER-BUG-01;X-PB-PARTNER-CFG-01;X-PB-PARTNER-OPT-01;X-PB-REVERIFY-01;X-PB-T4-01;X-PB-UX-01,,N,N,print-quote/04_design/ia.md §2.3 빌더 트랙 · L4 사유: 페이지빌더 게이트 NO-GO — 문서 정본 승격 불가. 15건 전부 미해소.,R1 · L4 판정 승계,쇼핑개발,builder,예외:260616 01_역할정의 「상세페이지 빌더」가 이 항목 자체,코드 + 로그 + 응답 에서 「페이지 빌더(운영자 화면 편집)」이 1회 관측된다
STD-SYS-022,시스템·플랫폼,품질,구 사이트 → 신규 사이트 URL 리다이렉트,todo,작업 항목,X-CHK-OLDSITE-01;X-CHK-SEO-01,,N,N,print-kb/wiki/policy/membership-auth.md#MEM-01 마이그레이션 파생 · L4 사유: 구 URL 리다이렉트 맵·이전 사이트 종료 계획 미확인.,R1 · L4 판정 승계,쇼핑개발,web,규칙:플랫폼 연동·권한·설정은 shopby 저장소 경계(L2 service-dependency 18종 call_s,코드 + 로그 + 응답 에서 「구 사이트 → 신규 사이트 URL 리다이렉트」가 1회 관측된다
STD-MFG-001,생산·공정,MES연동,주문 등록 API 수신(자사몰→우리·site_key/order_no/line_no/token),done,작업 항목,,,N,N,raw/webadmin/webadmin/config/urls.py:267 POST /api/w/v1/order/register · order-to-mes-process.md §8.0 SF-1 || P1판정(260902): raw/webadmin/webadmin/config/urls.py:267 api_order_register · §11 0단계 [x],R3 · 코드 근거는 있으나 L2 실측 대조 안 함 · 코드 경로 존재 = done · 운영 성공 아님(라이브 실행 0건) · 받는 쪽만 done 이다 — 보내는 쪽은 신설 STD-ORD-030(쇼핑개발·todo),인쇄개발,-,규칙:M3 생산축 135행 — 전부 webadmin·MES 경계. 260616 IA 144 에는 없던 신설 축,"raw/webadmin/webadmin/config/urls.py:267 에 구현이 있고, webadmin 화면 + 라이브 DB + 출력물 에서 「주문 등록 API 수신(자사몰→우리·site_key/order…」가 1회 관측된다"
STD-MFG-002,생산·공정,MES연동,주문 등록 멱등 처리(재시도 already:true·같은 자리 다른 사양 409),done,작업 항목,,,N,N,"order-to-mes-process.md §8.0 SF-1 · §11 0단계 || P1판정(260902): raw/webadmin/webadmin/catalog/widget_api.py:4314,4329 _ord_row_response(already=False/True) · §11 0단계 [x]",R3 · 문서 근거만 있음 · 코드 경로 존재 = done · 운영 성공 아님(라이브 실행 0건),인쇄개발,-,규칙:M3 생산축 135행 — 전부 webadmin·MES 경계. 260616 IA 144 에는 없던 신설 축,"raw/webadmin/webadmin/catalog/widget_api.py:4314,4329 에 구현이 있고, webadmin 화면 + 라이브 DB + 출력물 에서 「주문 등록 멱등 처리(재시도 already:true·같은 자리…」가 1회 관측된다"
STD-MFG-003,생산·공정,MES연동,결제 사양 전문 보관(t_ord_orders·서명 token 검증 후 전개),done,작업 항목,,,N,N,order-to-mes-process.md §6.5 · raw/webadmin/webadmin/catalog/models.py:1043 TOrdOrders || P1판정(260902): raw/webadmin/webadmin/catalog/models.py:1043 TOrdOrders · §6.5,R3 · 코드 근거는 있으나 L2 실측 대조 안 함 · 코드 경로 존재 = done · 운영 성공 아님(라이브 실행 0건),인쇄개발,-,규칙:M3 생산축 135행 — 전부 webadmin·MES 경계. 260616 IA 144 에는 없던 신설 축,"raw/webadmin/webadmin/catalog/models.py:1043 에 구현이 있고, webadmin 화면 + 라이브 DB + 출력물 에서 「결제 사양 전문 보관(t_ord_orders·서명 token …」가 1회 관측된다"
STD-MFG-004,생산·공정,MES연동,원고 승격 tmp→order 버킷 CopyObject,done,작업 항목,,,N,N,raw/webadmin/webadmin/catalog/artwork_promote.py · order-to-mes-process.md §4-2 || P1판정(260902): raw/webadmin/webadmin/catalog/artwork_promote.py:173 S3.copy_to_order · §11 1단계 [x],R3 · 문서 근거만 있음 · 코드 경로 존재 = done · 운영 성공 아님(라이브 실행 0건) · 승격 실행 0건,인쇄개발,-,규칙:M3 생산축 135행 — 전부 webadmin·MES 경계. 260616 IA 144 에는 없던 신설 축,"raw/webadmin/webadmin/catalog/artwork_promote.py:173 에 구현이 있고, webadmin 화면 + 라이브 DB + 출력물 에서 「원고 승격 tmp→order 버킷 CopyObject」가 1회 관측된다"
STD-MFG-005,생산·공정,MES연동,승격 시 원본 실존·크기 실측 대조(head_object) fail-closed,done,작업 항목,,,N,N,artwork_promote.py:155 _promote_one · order-to-mes-process.md §4 승격 검증 || P1판정(260902): raw/webadmin/webadmin/catalog/artwork_promote.py:159 S3.head_object · :155 _promote_one,R3 · 문서 근거만 있음 · 코드 경로 존재 = done · 운영 성공 아님(라이브 실행 0건),인쇄개발,-,규칙:M3 생산축 135행 — 전부 webadmin·MES 경계. 260616 IA 144 에는 없던 신설 축,"artwork_promote.py:155 에 구현이 있고, webadmin 화면 + 라이브 DB + 출력물 에서 「승격 시 원본 실존·크기 실측 대조(head_object) f…」가 1회 관측된다"
STD-MFG-006,생산·공정,MES연동,승격 실패 시 주문 보류(HOLD)+사유 기록,done,작업 항목,,,N,N,artwork_promote.py:51 ORD_HOLD · order-to-mes-process.md §11 1단계 || P1판정(260902): raw/webadmin/webadmin/catalog/artwork_promote.py:51 ORD_HOLD,R3 · 문서 근거만 있음 · 코드 경로 존재 = done · 운영 성공 아님(라이브 실행 0건),인쇄개발,-,규칙:M3 생산축 135행 — 전부 webadmin·MES 경계. 260616 IA 144 에는 없던 신설 축,"artwork_promote.py:51 에 구현이 있고, webadmin 화면 + 라이브 DB + 출력물 에서 「승격 실패 시 주문 보류(HOLD)+사유 기록」이 1회 관측된다"
STD-MFG-007,생산·공정,MES연동,담당자용 보류 주문 목록 화면,todo,작업 항목,,,N,N,order-to-mes-process.md §11 1단계 미체크(남음) || P1판정(260902): §11 1단계 「(남음) 담당자용 보류 주문 목록 화면」 — 미체크,R3 · 문서 근거만 있음 · 지금은 DB 조회로만 확인 가능,인쇄개발,-,규칙:M3 생산축 135행 — 전부 webadmin·MES 경계. 260616 IA 144 에는 없던 신설 축,webadmin 화면 + 라이브 DB + 출력물 에서 「담당자용 보류 주문 목록 화면」이 1회 관측된다
STD-MFG-008,생산·공정,MES연동,원고 키 회차(r{n}) 규약·재업로드 누적 보관,done,작업 항목,,,N,N,[상위:STD-ART-007] raw/webadmin/webadmin/catalog/s3_artwork.py build_order_key() · order-to-mes-process.md §4 키 규약 || P1판정(260902): raw/webadmin/webadmin/catalog/s3_artwork.py:135 build_order_key(rev=1),R3 · 문서 근거만 있음 · 코드 경로 존재 = done · 운영 성공 아님(라이브 실행 0건),인쇄개발,-,규칙:M3 생산축 135행 — 전부 webadmin·MES 경계. 260616 IA 144 에는 없던 신설 축,"raw/webadmin/webadmin/catalog/s3_artwork.py:135 에 구현이 있고, webadmin 화면 + 라이브 DB + 출력물 에서 「원고 키 회차(r{n}) 규약·재업로드 누적 보관」이 1회 관측된다"
STD-MFG-009,생산·공정,MES연동,MES 넘길 파일 목록 산출(t_ord_artworks 최신 회차),done,작업 항목,,,N,N,raw/webadmin/webadmin/catalog/models.py:1086 · artwork_promote.py:296 latest_artworks || P1판정(260902): raw/webadmin/webadmin/catalog/artwork_promote.py:296 latest_artworks · models.py:1086,R3 · 코드 근거는 있으나 L2 실측 대조 안 함 · 코드 경로 존재 = done · 운영 성공 아님(라이브 실행 0건),인쇄개발,-,규칙:M3 생산축 135행 — 전부 webadmin·MES 경계. 260616 IA 144 에는 없던 신설 축,"raw/webadmin/webadmin/catalog/models.py:1086 에 구현이 있고, webadmin 화면 + 라이브 DB + 출력물 에서 「MES 넘길 파일 목록 산출(t_ord_artworks 최신 …」이 1회 관측된다"
STD-MFG-010,생산·공정,MES연동,상품↔MES 품목코드(MES_ITEM_CD) 매핑 일괄 적재,partial,작업 항목,F-158,,N,Y,order-to-mes-process.md §11 2단계 · 라이브 실측 260902 15/269 || P1판정(260902): 입력·중복검증 UI 는 상품 편집 화면에 실재 · 라이브 실측 260902 269개 중 15개만 채움 · §11 2단계 미체크,R3 · 문서 근거만 있음 · lead 결정 1 · 재매핑 권고 반영 · 일괄 적재분이 남음(5.6%) · 안 되는 부분: 일괄 적재분이 남음(5.6%) (출처 비고),인쇄개발,-,규칙:M3 생산축 135행 — 전부 webadmin·MES 경계. 260616 IA 144 에는 없던 신설 축,"이미 되는 부분은 webadmin 화면 + 라이브 DB + 출력물 에서 확인되고, 남은 부분(일괄 적재분이 남음(5.6%))이 webadmin 화면 + 라이브 DB + 출력물 에서 「상품↔MES 품목코드(MES_ITEM_CD) 매핑 일괄 적재」 로 저장한 값이 라이브 DB 1행으로 조회되고, 그 값이 가격 계산 결과에 원 단위까지 반영된 것이 1건 확인된다"
STD-MFG-011,생산·공정,MES연동,MES 품목코드 중복 검증(부분 유니크·삭제상품 점유 명시),done,작업 항목,,,N,N,raw/webadmin/webadmin/catalog/admin.py:2092 clean_mes_item_cd || P1판정(260902): raw/webadmin/webadmin/catalog/admin.py:2099 clean_mes_item_cd (부분 유니크 ux_t_prd_products_mes_item_cd),R3 · 코드 근거는 있으나 L2 실측 대조 안 함 · 코드 경로 존재 = done · 운영 성공 아님(라이브 실행 0건),인쇄개발,-,규칙:M3 생산축 135행 — 전부 webadmin·MES 경계. 260616 IA 144 에는 없던 신설 축,"raw/webadmin/webadmin/catalog/admin.py:2092 에 구현이 있고, webadmin 화면 + 라이브 DB + 출력물 에서 「MES 품목코드 중복 검증(부분 유니크·삭제상품 점유 명시)」가 1회 관측된다"
STD-MFG-012,생산·공정,MES연동,MES 품목코드 매핑 현황 목록 노출,todo,작업 항목,,,N,N,order-to-mes-process.md §11 2단계 「목록에는 빠져 있어 현황 파악이 어려움」 || P1판정(260902): §11 2단계 「목록에는 빠져 있어 현황 파악이 어려움」,R3 · 문서 근거만 있음,인쇄개발,-,규칙:M3 생산축 135행 — 전부 webadmin·MES 경계. 260616 IA 144 에는 없던 신설 축,webadmin 화면 + 라이브 DB + 출력물 에서 「MES 품목코드 매핑 현황 목록 노출」이 1회 관측된다
STD-MFG-013,생산·공정,MES연동,MES-1 주문 접수 전송(WCF·주문헤더+제작사양 전문+원고 목록+handoff_id),new,작업 항목,,,N,N,order-to-mes-process.md §8.3 MES-1 || P1판정(260902): §11 2단계 미체크 · webadmin 전수 grep 'MES_SENT|mes_send|api_mes' 0건(260902),R3 · 문서 근거만 있음 · MES WCF 스펙 미확정(§12-1),인쇄개발,-,규칙:M3 생산축 135행 — 전부 webadmin·MES 경계. 260616 IA 144 에는 없던 신설 축,"「MES-1 주문 접수 전송(WCF·주문헤더+제작사양 전문+원고…」를 담을 그릇(테이블·모듈·화면)이 생기고, webadmin 화면 + 라이브 DB + 출력물 에서 그 동작이 1회 관측된다"
STD-MFG-014,생산·공정,MES연동,MES 중복 전송 방지 도장,new,작업 항목,,,N,N,order-to-mes-process.md §11 2단계 || P1판정(260902): §11 2단계 「중복 전송 방지 도장」 미체크 · 코드 0건,R3 · 문서 근거만 있음,인쇄개발,-,규칙:M3 생산축 135행 — 전부 webadmin·MES 경계. 260616 IA 144 에는 없던 신설 축,"「MES 중복 전송 방지 도장」을 담을 그릇(테이블·모듈·화면)이 생기고, webadmin 화면 + 라이브 DB + 출력물 에서 그 동작이 1회 관측된다"
STD-MFG-015,생산·공정,MES연동,MES-2 주문 취소 통보(생산중지 요청),new,작업 항목,,,N,N,order-to-mes-process.md §8.3 MES-2 || P1판정(260902): §8.3 MES-2 · 코드 0건,R3 · 문서 근거만 있음,인쇄개발,-,규칙:M3 생산축 135행 — 전부 webadmin·MES 경계. 260616 IA 144 에는 없던 신설 축,"「MES-2 주문 취소 통보(생산중지 요청)」을 담을 그릇(테이블·모듈·화면)이 생기고, webadmin 화면 + 라이브 DB + 출력물 에서 그 동작이 1회 관측된다"
STD-MFG-016,생산·공정,MES연동,MES-3 원고 교체 통보(회차 증가 시 새 키 전달),new,작업 항목,,,N,N,[상위:STD-ART-028] order-to-mes-process.md §8.3 MES-3 || P1판정(260902): §8.3 MES-3 · 코드 0건,R3 · 문서 근거만 있음,인쇄개발,-,규칙:M3 생산축 135행 — 전부 webadmin·MES 경계. 260616 IA 144 에는 없던 신설 축,"「MES-3 원고 교체 통보(회차 증가 시 새 키 전달)」을 담을 그릇(테이블·모듈·화면)이 생기고, webadmin 화면 + 라이브 DB + 출력물 에서 그 동작이 1회 관측된다"
STD-MFG-017,생산·공정,MES연동,MES-4 배송지·수령자 변경 통보(출고 전 한정),new,작업 항목,,,N,N,[상위:STD-SHP-015] order-to-mes-process.md §8.3 MES-4 || P1판정(260902): §8.3 MES-4 · 코드 0건,R3 · 문서 근거만 있음,인쇄개발,-,규칙:M3 생산축 135행 — 전부 webadmin·MES 경계. 260616 IA 144 에는 없던 신설 축,"「MES-4 배송지·수령자 변경 통보(출고 전 한정)」을 담을 그릇(테이블·모듈·화면)이 생기고, webadmin 화면 + 라이브 DB + 출력물 에서 그 동작이 1회 관측된다"
STD-MFG-018,생산·공정,MES연동,MES-5 주문 조회 재동기화,new,작업 항목,,,N,N,order-to-mes-process.md §8.3 MES-5 || P1판정(260902): §8.3 MES-5 · 코드 0건,R3 · 문서 근거만 있음,인쇄개발,-,규칙:M3 생산축 135행 — 전부 webadmin·MES 경계. 260616 IA 144 에는 없던 신설 축,"「MES-5 주문 조회 재동기화」를 담을 그릇(테이블·모듈·화면)이 생기고, webadmin 화면 + 라이브 DB + 출력물 에서 그 동작이 1회 관측된다"
STD-MFG-019,생산·공정,MES연동,MES→우리 API 인증(VPC 사설 경로+API 키·인터넷 미개방),new,작업 항목,,,N,N,order-to-mes-process.md §8.4 인증·경로 · aws-architecture-huni.pdf p.11 §6 || P1판정(260902): §11 2단계 「우리가 제공할 API 4종 정의서」 미작성 · 코드 0건,R3 · 문서 근거만 있음 · VPC 사설경로 설계만 존재,인쇄개발,-,규칙:M3 생산축 135행 — 전부 webadmin·MES 경계. 260616 IA 144 에는 없던 신설 축,"「MES→우리 API 인증(VPC 사설 경로+API 키·인터넷 …」을 담을 그릇(테이블·모듈·화면)이 생기고, webadmin 화면 + 라이브 DB + 출력물 에서 그 동작이 1회 관측된다"
STD-MFG-020,생산·공정,MES연동,주문 큐 비동기 처리(SQS 디커플·MES 다운 중에도 접수 지속),new,작업 항목,,,N,N,aws-architecture-huni.pdf p.7 §3.2 || P1판정(260902): aws-architecture-huni.pdf p.7 §3.2 설계만 · SQS 코드 0건,R3 · 문서 근거만 있음 · 인프라 신설,인쇄개발,-,규칙:M3 생산축 135행 — 전부 webadmin·MES 경계. 260616 IA 144 에는 없던 신설 축,"「주문 큐 비동기 처리(SQS 디커플·MES 다운 중에도 접수 …」를 담을 그릇(테이블·모듈·화면)이 생기고, webadmin 화면 + 라이브 DB + 출력물 에서 그 동작이 1회 관측된다"
STD-MFG-021,생산·공정,MES연동,실패 재시도·DLQ·처리 실패 주문 관리자 화면,new,작업 항목,,,N,N,[상위:STD-SYS-016] order-to-mes-process.md §9.4 · aws-architecture-huni.pdf p.7 §3.2 || P1판정(260902): §11 5단계 미체크 · DLQ 코드 0건,R3 · 문서 근거만 있음,인쇄개발,-,규칙:M3 생산축 135행 — 전부 webadmin·MES 경계. 260616 IA 144 에는 없던 신설 축,"「실패 재시도·DLQ·처리 실패 주문 관리자 화면」을 담을 그릇(테이블·모듈·화면)이 생기고, webadmin 화면 + 라이브 DB + 출력물 에서 그 동작이 1회 관측된다"
STD-MFG-022,생산·공정,상태왕복,주문 상태머신(REGISTERED/PROMOTING/PROMOTED/HOLD/PAID/FILE_CHECK/FILE_HOLD/MES_SENT/IN_PRODUCTION/PRODUCED/SHIPPED/DONE/CANCELED),partial,작업 항목,,,N,N,order-to-mes-process.md §6.2 · artwork_promote.py:49-52 || P1판정(260902): raw/webadmin/webadmin/catalog/artwork_promote.py:49-52 (REGISTERED/PROMOTING/PROMOTED/HOLD 4종 실재) · models.py:1070 ord_sts · §11 2단계 「주문 상태머신」 미체크,R3 · 문서 근거만 있음 · MES_SENT·IN_PRODUCTION·PRODUCED·SHIPPED·DONE·CANCELED 6종 미구현 · 안 되는 부분: CANCELED 6종 미구현 (출처 비고),인쇄개발,-,규칙:M3 생산축 135행 — 전부 webadmin·MES 경계. 260616 IA 144 에는 없던 신설 축,"이미 되는 부분은 webadmin 화면 + 라이브 DB + 출력물 에서 확인되고, 남은 부분(CANCELED 6종 미구현)이 webadmin 화면 + 라이브 DB + 출력물 에서 「주문 상태머신(REGISTERED/PROMOTING/PROMO…」가 1회 관측된다"
STD-MFG-023,생산·공정,상태왕복,상태 단위=주문상품옵션(orderProductOptionNo)·주문 단위는 롤업,partial,작업 항목,,,N,N,"order-to-mes-process.md §6.3 || P1판정(260902): raw/webadmin/webadmin/catalog/models.py:1063 shop_line_no · :1078 unique_together(site_cd,shop_ord_no,shop_line_no)",R3 · 문서 근거만 있음 · 주문 단위 롤업 로직 미구현 · 안 되는 부분: 주문 단위 롤업 로직 미구현 (출처 비고),인쇄개발,-,규칙:M3 생산축 135행 — 전부 webadmin·MES 경계. 260616 IA 144 에는 없던 신설 축,"이미 되는 부분은 webadmin 화면 + 라이브 DB + 출력물 에서 확인되고, 남은 부분(주문 단위 롤업 로직 미구현)이 webadmin 화면 + 라이브 DB + 출력물 에서 「상태 단위=주문상품옵션(orderProductOptionNo)…」가 1회 관측된다"
STD-MFG-024,생산·공정,상태왕복,3시스템 매핑 테이블(handoff_id·orderNo+orderProductOptionNo·MES 작업번호),partial,작업 항목,,,N,N,order-to-mes-process.md §6.4 || P1판정(260902): raw/webadmin/webadmin/catalog/models.py:1043 TOrdOrders(handoff·shop_ord_no·shop_line_no 보유),R3 · 문서 근거만 있음 · MES 작업번호 칸 미신설 · 안 되는 부분: MES 작업번호 칸 미신설 (출처 비고),인쇄개발,-,규칙:M3 생산축 135행 — 전부 webadmin·MES 경계. 260616 IA 144 에는 없던 신설 축,"이미 되는 부분은 webadmin 화면 + 라이브 DB + 출력물 에서 확인되고, 남은 부분(MES 작업번호 칸 미신설)이 webadmin 화면 + 라이브 DB + 출력물 에서 「3시스템 매핑 테이블(handoff_id·orderNo+ord…」가 1회 관측된다"
STD-MFG-025,생산·공정,상태왕복,FR-1 MES 주문 상태 변경 통보 수신(접수완료/생산대기/생산중/생산완료),new,작업 항목,,,N,N,order-to-mes-process.md §8.4 FR-1 || P1판정(260902): §8.4 FR-1 · 코드 0건,R3 · 문서 근거만 있음,인쇄개발,-,규칙:M3 생산축 135행 — 전부 webadmin·MES 경계. 260616 IA 144 에는 없던 신설 축,"「FR-1 MES 주문 상태 변경 통보 수신(접수완료/생산대기/…」를 담을 그릇(테이블·모듈·화면)이 생기고, webadmin 화면 + 라이브 DB + 출력물 에서 그 동작이 1회 관측된다"
STD-MFG-026,생산·공정,상태왕복,접수완료 시 취소 잠금 원자적 전환(cancelable CAS),new,작업 항목,,,N,N,order-to-mes-process.md §7.3 || P1판정(260902): §7.3 취소 경합 CAS · §11 2단계 미체크 · 코드 0건,R3 · 문서 근거만 있음 · 돈·주문 직결,인쇄개발,-,규칙:M3 생산축 135행 — 전부 webadmin·MES 경계. 260616 IA 144 에는 없던 신설 축,"「접수완료 시 취소 잠금 원자적 전환(cancelable CAS…」를 담을 그릇(테이블·모듈·화면)이 생기고, webadmin 화면 + 라이브 DB + 출력물 에서 그 동작이 1회 관측된다"
STD-MFG-027,생산·공정,상태왕복,TO-2 샵바이 상품준비중 전환(취소 창구 닫기),new,작업 항목,,,N,N,order-to-mes-process.md §8.2 TO-2 PUT /orders/prepare-product || P1판정(260902): §8.2 TO-2 · §11 3단계 미체크 · 코드 0건,R3 · 문서 근거만 있음,인쇄개발,-,규칙:M3 생산축 135행 — 전부 webadmin·MES 경계. 260616 IA 144 에는 없던 신설 축,"「TO-2 샵바이 상품준비중 전환(취소 창구 닫기)」를 담을 그릇(테이블·모듈·화면)이 생기고, webadmin 화면 + 라이브 DB + 출력물 에서 그 동작이 1회 관측된다"
STD-MFG-028,생산·공정,상태왕복,FR-2 MES 송장번호 등록 수신,new,작업 항목,,,N,N,[상위:STD-SHP-012] order-to-mes-process.md §8.4 FR-2 || P1판정(260902): §8.4 FR-2 · 코드 0건,R3 · 문서 근거만 있음,인쇄개발,-,규칙:M3 생산축 135행 — 전부 webadmin·MES 경계. 260616 IA 144 에는 없던 신설 축,"「FR-2 MES 송장번호 등록 수신」을 담을 그릇(테이블·모듈·화면)이 생기고, webadmin 화면 + 라이브 DB + 출력물 에서 그 동작이 1회 관측된다"
STD-MFG-029,생산·공정,상태왕복,TO-3 샵바이 배송처리(송장 등록·정정),new,작업 항목,,,N,N,order-to-mes-process.md §8.2 TO-3 || P1판정(260902): §8.2 TO-3 · §11 3단계 미체크 · 코드 0건,R3 · 문서 근거만 있음,인쇄개발,-,규칙:M3 생산축 135행 — 전부 webadmin·MES 경계. 260616 IA 144 에는 없던 신설 축,"「TO-3 샵바이 배송처리(송장 등록·정정)」을 담을 그릇(테이블·모듈·화면)이 생기고, webadmin 화면 + 라이브 DB + 출력물 에서 그 동작이 1회 관측된다"
STD-MFG-030,생산·공정,상태왕복,우리가 올린 상태변경 웹훅 메아리 필터(무한루프 방지),new,작업 항목,,,N,N,order-to-mes-process.md §8.1 SB-2 분기표 || P1판정(260902): §8.1 SB-2 분기표 설계만 · 코드 0건,R3 · 문서 근거만 있음,인쇄개발,-,규칙:M3 생산축 135행 — 전부 webadmin·MES 경계. 260616 IA 144 에는 없던 신설 축,"「우리가 올린 상태변경 웹훅 메아리 필터(무한루프 방지)」를 담을 그릇(테이블·모듈·화면)이 생기고, webadmin 화면 + 라이브 DB + 출력물 에서 그 동작이 1회 관측된다"
STD-MFG-031,생산·공정,상태왕복,FR-3 MES 발 주문 취소 요청 수신→샵바이 취소·환불(TO-4),new,작업 항목,,,N,N,order-to-mes-process.md §8.4 FR-3 · §7.2 게이트③ || P1판정(260902): §8.4 FR-3 · §8.2 TO-4 · 코드 0건,R3 · 문서 근거만 있음,인쇄개발,-,규칙:M3 생산축 135행 — 전부 webadmin·MES 경계. 260616 IA 144 에는 없던 신설 축,"「FR-3 MES 발 주문 취소 요청 수신→샵바이 취소·환불(T…」를 담을 그릇(테이블·모듈·화면)이 생기고, webadmin 화면 + 라이브 DB + 출력물 에서 그 동작이 1회 관측된다"
STD-MFG-032,생산·공정,상태왕복,FR-5 취소요청 승인·거부 수신→샵바이 클레임 처리(TO-5),new,작업 항목,,,N,N,[상위:STD-CLM-013] order-to-mes-process.md §8.4 FR-5 · §8.2 TO-5 || P1판정(260902): §8.4 FR-5 · §8.2 TO-5 · §11 5단계 미체크 · 코드 0건,R3 · 문서 근거만 있음,인쇄개발,-,규칙:M3 생산축 135행 — 전부 webadmin·MES 경계. 260616 IA 144 에는 없던 신설 축,"「FR-5 취소요청 승인·거부 수신→샵바이 클레임 처리(TO-5…」를 담을 그릇(테이블·모듈·화면)이 생기고, webadmin 화면 + 라이브 DB + 출력물 에서 그 동작이 1회 관측된다"
STD-MFG-033,생산·공정,상태왕복,생산 시작 후 도착한 취소는 자동 처리하지 않고 담당자 에스컬레이션,new,작업 항목,,,N,N,order-to-mes-process.md §7.3 원칙 2·3 || P1판정(260902): §7.3 원칙 2·3 설계만 · 코드 0건,R3 · 문서 근거만 있음 · 사람 에스컬레이션 경로도 미구현,인쇄개발,-,규칙:M3 생산축 135행 — 전부 webadmin·MES 경계. 260616 IA 144 에는 없던 신설 축,"「생산 시작 후 도착한 취소는 자동 처리하지 않고 담당자 에스컬…」을 담을 그릇(테이블·모듈·화면)이 생기고, webadmin 화면 + 라이브 DB + 출력물 에서 그 동작이 1회 관측된다"
STD-MFG-034,생산·공정,상태왕복,FR-7 주문 메모 기록→샵바이 업무 메시지 동기화(TO-6),new,작업 항목,,,N,N,order-to-mes-process.md §8.4 FR-7 · §8.2 TO-6 || P1판정(260902): §8.4 FR-7 · §8.2 TO-6 · §11 5단계 미체크 · 코드 0건,R3 · 문서 근거만 있음,인쇄개발,-,규칙:M3 생산축 135행 — 전부 webadmin·MES 경계. 260616 IA 144 에는 없던 신설 축,"「FR-7 주문 메모 기록→샵바이 업무 메시지 동기화(TO-6)」을 담을 그릇(테이블·모듈·화면)이 생기고, webadmin 화면 + 라이브 DB + 출력물 에서 그 동작이 1회 관측된다"
STD-MFG-035,생산·공정,상태왕복,MES 화면 신규 버튼(취소·재업로드 요청·취소요청 승인거부)+사유 입력,new,작업 항목,,,N,N,[상위:STD-ADO-009] order-to-mes-process.md §8.4 「MES 쪽 화면 작업(신규)」 || P1판정(260902): §8.4 「MES 쪽 화면 작업(신규)」 — MES WinForms 신규 개발,R3 · 문서 근거만 있음 · 우리 저장소 밖(MES 담당),인쇄개발,-,규칙:M3 생산축 135행 — 전부 webadmin·MES 경계. 260616 IA 144 에는 없던 신설 축,"「MES 화면 신규 버튼(취소·재업로드 요청·취소요청 승인거부)…」를 담을 그릇(테이블·모듈·화면)이 생기고, webadmin 화면 + 라이브 DB + 출력물 에서 그 동작이 1회 관측된다"
STD-MFG-036,생산·공정,프리플라이트,원고 바이러스 온디맨드 명시 스캔,new,작업 항목,,,N,N,raw/webadmin/docs/artwork-scan-integration.md 해법 || P1판정(260902): §11 4단계 「바이러스 검사 연결」 미체크 · artwork-scan-integration.md 설계만,R3 · 문서 근거만 있음 · PitStop Server+n8n 선행,인쇄개발,-,규칙:M3 생산축 135행 — 전부 webadmin·MES 경계. 260616 IA 144 에는 없던 신설 축,"「원고 바이러스 온디맨드 명시 스캔」을 담을 그릇(테이블·모듈·화면)이 생기고, webadmin 화면 + 라이브 DB + 출력물 에서 그 동작이 1회 관측된다"
STD-MFG-037,생산·공정,프리플라이트,바이러스 검사 3중 교차 판정(스캔결과·탐지기록·파일존재해시),new,작업 항목,,,N,N,artwork-scan-integration.md ③ 결과 3가지 교차 확인 || P1판정(260902): artwork-scan-integration.md ③ 설계만 · 코드 0건,R3 · 문서 근거만 있음,인쇄개발,-,규칙:M3 생산축 135행 — 전부 webadmin·MES 경계. 260616 IA 144 에는 없던 신설 축,"「바이러스 검사 3중 교차 판정(스캔결과·탐지기록·파일존재해시)」를 담을 그릇(테이블·모듈·화면)이 생기고, webadmin 화면 + 라이브 DB + 출력물 에서 그 동작이 1회 관측된다"
STD-MFG-038,생산·공정,프리플라이트,시그니처 신선도 확인·오래되면 보류,new,작업 항목,,,N,N,artwork-scan-integration.md 시그니처 신선도 || P1판정(260902): artwork-scan-integration.md 시그니처 신선도 — 설계만,R3 · 문서 근거만 있음,인쇄개발,-,규칙:M3 생산축 135행 — 전부 webadmin·MES 경계. 260616 IA 144 에는 없던 신설 축,"「시그니처 신선도 확인·오래되면 보류」를 담을 그릇(테이블·모듈·화면)이 생기고, webadmin 화면 + 라이브 DB + 출력물 에서 그 동작이 1회 관측된다"
STD-MFG-039,생산·공정,프리플라이트,스캔 실패·타임아웃은 통과가 아니라 보류(재시도 큐),new,작업 항목,,,N,N,artwork-scan-integration.md ⚠ 주의 3 || P1판정(260902): artwork-scan-integration.md ⚠주의 3 — 설계만,R3 · 문서 근거만 있음,인쇄개발,-,규칙:M3 생산축 135행 — 전부 webadmin·MES 경계. 260616 IA 144 에는 없던 신설 축,"「스캔 실패·타임아웃은 통과가 아니라 보류(재시도 큐)」를 담을 그릇(테이블·모듈·화면)이 생기고, webadmin 화면 + 라이브 DB + 출력물 에서 그 동작이 1회 관측된다"
STD-MFG-040,생산·공정,프리플라이트,감염 파일 격리+담당자 알림+고객 재업로드 요청,new,작업 항목,,,N,N,[상위:STD-ART-018] artwork-scan-integration.md n8n 배치 초안 || P1판정(260902): artwork-scan-integration.md n8n 배치 초안 — 설계만,R3 · 문서 근거만 있음,인쇄개발,-,규칙:M3 생산축 135행 — 전부 webadmin·MES 경계. 260616 IA 144 에는 없던 신설 축,"「감염 파일 격리+담당자 알림+고객 재업로드 요청」을 담을 그릇(테이블·모듈·화면)이 생기고, webadmin 화면 + 라이브 DB + 출력물 에서 그 동작이 1회 관측된다"
STD-MFG-044,생산·공정,프리플라이트,폰트 미포함 검사,new,작업 항목,,,N,N,[구분:STD-ART-012] order-to-mes-process.md §5.2 A목록 || P1판정(260902): §5.2 A목록 · §11 4단계 미체크,R3 · 문서 근거만 있음 · PitStop 판정 코드 매핑표 미작성,인쇄개발,-,규칙:M3 생산축 135행 — 전부 webadmin·MES 경계. 260616 IA 144 에는 없던 신설 축,"「폰트 미포함 검사」를 담을 그릇(테이블·모듈·화면)이 생기고, webadmin 화면 + 라이브 DB + 출력물 에서 그 동작이 1회 관측된다"
STD-MFG-046,생산·공정,프리플라이트,페이지 수와 주문 사양 대조,new,작업 항목,,,N,N,order-to-mes-process.md §5.2 A목록 || P1판정(260902): §5.2 A목록 · §11 4단계 미체크,R3 · 문서 근거만 있음,인쇄개발,-,규칙:M3 생산축 135행 — 전부 webadmin·MES 경계. 260616 IA 144 에는 없던 신설 축,"「페이지 수와 주문 사양 대조」를 담을 그릇(테이블·모듈·화면)이 생기고, webadmin 화면 + 라이브 DB + 출력물 에서 그 동작이 1회 관측된다"
STD-MFG-048,생산·공정,프리플라이트,파일 열림·손상·암호 걸림 검사,new,작업 항목,,,N,N,[상위:STD-ART-008] order-to-mes-process.md §5.2 A목록 || P1판정(260902): §5.2 A목록 · §11 4단계 미체크,R3 · 문서 근거만 있음,인쇄개발,-,규칙:M3 생산축 135행 — 전부 webadmin·MES 경계. 260616 IA 144 에는 없던 신설 축,"「파일 열림·손상·암호 걸림 검사」를 담을 그릇(테이블·모듈·화면)이 생기고, webadmin 화면 + 라이브 DB + 출력물 에서 그 동작이 1회 관측된다"
STD-MFG-049,생산·공정,프리플라이트,판정 3갈래 분기(자동 재업로드 요청·담당자 검수·담당자 발 요청),new,작업 항목,,,N,N,[상위:STD-ART-017] order-to-mes-process.md §5.2 표 || P1판정(260902): §5.2 3갈래 표 — 설계만 · §11 4단계 미체크,R3 · 문서 근거만 있음,인쇄개발,-,규칙:M3 생산축 135행 — 전부 webadmin·MES 경계. 260616 IA 144 에는 없던 신설 축,"「판정 3갈래 분기(자동 재업로드 요청·담당자 검수·담당자 발 …」을 담을 그릇(테이블·모듈·화면)이 생기고, webadmin 화면 + 라이브 DB + 출력물 에서 그 동작이 1회 관측된다"
STD-MFG-050,생산·공정,프리플라이트,자동 발송 오류 목록 관리(좁게 유지·담당자와 확정),todo,작업 항목,,,N,N,order-to-mes-process.md §5.2 · §12-6 || P1판정(260902): §5.2 · §12-6 「접수담당자와 최종 확정」 — 목록 확정이 먼저,R3 · 문서 근거만 있음 · 코드 아닌 합의 항목,인쇄개발,-,규칙:M3 생산축 135행 — 전부 webadmin·MES 경계. 260616 IA 144 에는 없던 신설 축,webadmin 화면 + 라이브 DB + 출력물 에서 「자동 발송 오류 목록 관리(좁게 유지·담당자와 확정)」이 1회 관측된다
STD-MFG-051,생산·공정,프리플라이트,FR-6 프리플라이트 재실행 요청 수신,new,작업 항목,,,N,N,order-to-mes-process.md §8.4 FR-6 || P1판정(260902): §8.4 FR-6 · 코드 0건,R3 · 문서 근거만 있음,인쇄개발,-,규칙:M3 생산축 135행 — 전부 webadmin·MES 경계. 260616 IA 144 에는 없던 신설 축,"「FR-6 프리플라이트 재실행 요청 수신」을 담을 그릇(테이블·모듈·화면)이 생기고, webadmin 화면 + 라이브 DB + 출력물 에서 그 동작이 1회 관측된다"
STD-MFG-052,생산·공정,프리플라이트,검사 감사기록 보관(검사시각·엔진시그니처버전·판정·탐지명·파일해시·PitStop 리포트),new,작업 항목,,,N,N,artwork-scan-integration.md 감사 기록으로 남길 것 || P1판정(260902): artwork-scan-integration.md 감사 기록 — 설계만 · 그릇 없음,R3 · 문서 근거만 있음,인쇄개발,-,규칙:M3 생산축 135행 — 전부 webadmin·MES 경계. 260616 IA 144 에는 없던 신설 축,"「검사 감사기록 보관(검사시각·엔진시그니처버전·판정·탐지명·파일…」을 담을 그릇(테이블·모듈·화면)이 생기고, webadmin 화면 + 라이브 DB + 출력물 에서 그 동작이 1회 관측된다"
STD-MFG-053,생산·공정,프리플라이트,검사 없이 PitStop 투입 경로 차단(코드상 부재 보장),new,작업 항목,,,N,N,artwork-scan-integration.md 작업 폴더 정책 || P1판정(260902): artwork-scan-integration.md 작업 폴더 정책 — 설계만,R3 · 문서 근거만 있음,인쇄개발,-,규칙:M3 생산축 135행 — 전부 webadmin·MES 경계. 260616 IA 144 에는 없던 신설 축,"「검사 없이 PitStop 투입 경로 차단(코드상 부재 보장)」을 담을 그릇(테이블·모듈·화면)이 생기고, webadmin 화면 + 라이브 DB + 출력물 에서 그 동작이 1회 관측된다"
STD-MFG-054,생산·공정,프리플라이트,FR-4 재업로드 요청 수신→서명 1회성 링크 발급(주문·항목·구성원 바인딩·7일),new,작업 항목,,,N,N,[상위:STD-ART-018] order-to-mes-process.md §5.3 · §8.4 FR-4 || P1판정(260902): §5.3 · §8.4 FR-4 · §11 4단계 미체크,R3 · 문서 근거만 있음,인쇄개발,-,규칙:M3 생산축 135행 — 전부 webadmin·MES 경계. 260616 IA 144 에는 없던 신설 축,"「FR-4 재업로드 요청 수신→서명 1회성 링크 발급(주문·항목…」을 담을 그릇(테이블·모듈·화면)이 생기고, webadmin 화면 + 라이브 DB + 출력물 에서 그 동작이 1회 관측된다"
STD-MFG-055,생산·공정,프리플라이트,재업로드 화면(위젯 업로드 컴포넌트 재사용·대상 파일 지정),new,작업 항목,,,N,N,[상위:STD-ART-007] order-to-mes-process.md §5.3 || P1판정(260902): §5.3 재업로드 화면 · §11 4단계 미체크,R3 · 문서 근거만 있음 · 위젯 업로드 컴포넌트 재사용 예정,인쇄개발,-,규칙:M3 생산축 135행 — 전부 webadmin·MES 경계. 260616 IA 144 에는 없던 신설 축,"「재업로드 화면(위젯 업로드 컴포넌트 재사용·대상 파일 지정)」을 담을 그릇(테이블·모듈·화면)이 생기고, webadmin 화면 + 라이브 DB + 출력물 에서 그 동작이 1회 관측된다"
STD-MFG-056,생산·공정,프리플라이트,재업로드 시 회차 증가+검사 자동 재실행,new,작업 항목,,,N,N,[상위:STD-ART-007] order-to-mes-process.md §5.3 || P1판정(260902): §5.3 · §11 4단계 미체크,R3 · 문서 근거만 있음,인쇄개발,-,규칙:M3 생산축 135행 — 전부 webadmin·MES 경계. 260616 IA 144 에는 없던 신설 축,"「재업로드 시 회차 증가+검사 자동 재실행」을 담을 그릇(테이블·모듈·화면)이 생기고, webadmin 화면 + 라이브 DB + 출력물 에서 그 동작이 1회 관측된다"
STD-MFG-057,생산·공정,프리플라이트,원고 보완 대기 중 주문상태 결제완료 유지(고객 취소권 보존),new,작업 항목,,,N,N,order-to-mes-process.md §5.3 마지막 문단 || P1판정(260902): §5.3 마지막 문단 — 설계만,R3 · 문서 근거만 있음 · 고객 취소권 보존 — 돈·주문 직결,인쇄개발,-,규칙:M3 생산축 135행 — 전부 webadmin·MES 경계. 260616 IA 144 에는 없던 신설 축,"「원고 보완 대기 중 주문상태 결제완료 유지(고객 취소권 보존)」을 담을 그릇(테이블·모듈·화면)이 생기고, webadmin 화면 + 라이브 DB + 출력물 에서 그 동작이 1회 관측된다"
STD-MFG-058,생산·공정,접수·검판,접수파일 등록(원본 그대로 사용 vs 가공 후 등록 2경로),todo,오픈 무관,,,N,N,후니프린팅_주문프로세스_20251001.pdf p.11 §09 || P1판정(260902): auto-vs-human.md §2.2 #22 「접수파일 등록」 🧑 · §5 A-2 「MES 화면인지 신규 화면인지 미확정」,R3 · 문서 근거만 있음 · 10/6 범위 「수동 대체」 — 현행 MES·수기 경로로 운영(auto-vs-human.md §2) · 범위 미결 A-2,인쇄개발,-,규칙:M3 생산축 135행 — 전부 webadmin·MES 경계. 260616 IA 144 에는 없던 신설 축,webadmin 화면 + 라이브 DB + 출력물 에서 「접수파일 등록(원본 그대로 사용 vs 가공 후 등록 2경로)」가 현행 경로(MES·수기)로 1건 처리된 기록이 있다. 신규 시스템 이관은 10/6 범위 밖
STD-MFG-059,생산·공정,접수·검판,품목관리 디자인파일여부 Y/N 로 원본 자동 접수 처리,미판정,미판정,,,N,N,후니프린팅_주문프로세스_20251001.pdf p.11 §09 case1 || P1판정(260902): PDF p.11 §09 case1 · auto-vs-human §2.2 #24 「지금」 칸이 「—」,R3 · 문서 근거만 있음 · 판정 불가 사유 — 현행 MES 구현 여부 미확인(MES 소스 없음),인쇄개발,-,규칙:M3 생산축 135행 — 전부 webadmin·MES 경계. 260616 IA 144 에는 없던 신설 축,판정 보류 — 현행 MES 구현 여부 미확인(MES 소스 없음). 근거가 서면 그때 완료조건을 쓴다
STD-MFG-060,생산·공정,접수·검판,Edicus Prepress 랜더링 결과 접수파일 등록,미판정,미판정,,,N,N,후니프린팅_주문프로세스_20251001.pdf p.11 §09 case1 · p.1 랜더링전/랜더링완료 || P1판정(260902): PDF p.11 §09 case1 · auto-vs-human §5 A-4 「랜더링 트리거 주체 색 판독 불가」,R3 · 문서 근거만 있음 · 판정 불가 사유 — A-4 미확인,인쇄개발,-,규칙:M3 생산축 135행 — 전부 webadmin·MES 경계. 260616 IA 144 에는 없던 신설 축,판정 보류 — A-4 미확인. 근거가 서면 그때 완료조건을 쓴다
STD-MFG-061,생산·공정,접수·검판,접수파일 인쇄공정 파일 기준 썸네일 자동 생성,미판정,미판정,,,N,N,[상위:STD-ART-019] 후니프린팅_주문프로세스_20251001.pdf p.11 §09 server · p.10 §10 || P1판정(260902): PDF p.11 §09 server · auto-vs-human §5 A-3 「server 가 어느 서버인가 미확인」,R3 · 문서 근거만 있음 · 판정 불가 사유 — A-3 미확인,인쇄개발,-,규칙:M3 생산축 135행 — 전부 webadmin·MES 경계. 260616 IA 144 에는 없던 신설 축,판정 보류 — A-3 미확인. 근거가 서면 그때 완료조건을 쓴다
STD-MFG-062,생산·공정,접수·검판,AI 접수파일에 썸네일용 JPG 동반 업로드(아크릴스티커·박),todo,오픈 무관,,,N,N,후니프린팅_주문프로세스_20251001.pdf p.11 §09 case2 || P1판정(260902): PDF p.11 §09 case2 — 현행 담당자가 JPG 동반 업로드,R3 · 문서 근거만 있음 · 10/6 범위 「수동 대체」 — 현행 MES·수기 경로로 운영(auto-vs-human.md §2),인쇄개발,-,규칙:M3 생산축 135행 — 전부 webadmin·MES 경계. 260616 IA 144 에는 없던 신설 축,webadmin 화면 + 라이브 DB + 출력물 에서 「AI 접수파일에 썸네일용 JPG 동반 업로드(아크릴스티커·박)」이 현행 경로(MES·수기)로 1건 처리된 기록이 있다. 신규 시스템 이관은 10/6 범위 밖
STD-MFG-064,생산·공정,접수·검판,편집기 상품 수정요청·수정완료 왕복,new,작업 항목,,,N,N,[상위:STD-ART-023] 후니프린팅_주문프로세스_20251001.pdf p.1 case3 || P1판정(260902): auto-vs-human §2.2 #37·#38 — 편집기 수정요청/수정완료 왕복 미구현,R3 · 문서 근거만 있음 · 고객 왕복(T-H2) — 알림 67·68 도 우리 몫 미구현,인쇄개발,-,규칙:M3 생산축 135행 — 전부 webadmin·MES 경계. 260616 IA 144 에는 없던 신설 축,"「편집기 상품 수정요청·수정완료 왕복」을 담을 그릇(테이블·모듈·화면)이 생기고, webadmin 화면 + 라이브 DB + 출력물 에서 그 동작이 1회 관측된다"
STD-MFG-065,생산·공정,접수·검판,출고예정일(완료예정일) 등록,todo,오픈 무관,,,N,N,후니프린팅_주문프로세스_20251001.pdf p.10 §10 · p.1 || P1판정(260902): auto-vs-human §2.2 #26 🧑 · §5 A-2 범위 미결,R3 · 문서 근거만 있음 · 10/6 범위 「수동 대체」 — 현행 MES·수기 경로로 운영(auto-vs-human.md §2) · 범위 미결 A-2,인쇄개발,-,규칙:M3 생산축 135행 — 전부 webadmin·MES 경계. 260616 IA 144 에는 없던 신설 축,webadmin 화면 + 라이브 DB + 출력물 에서 「출고예정일(완료예정일) 등록」이 현행 경로(MES·수기)로 1건 처리된 기록이 있다. 신규 시스템 이관은 10/6 범위 밖
STD-MFG-066,생산·공정,접수·검판,생산메모 입력,todo,오픈 무관,,,N,N,후니프린팅_주문프로세스_20251001.pdf p.10 §10 || P1판정(260902): auto-vs-human §2.2 #27 🧑,R3 · 문서 근거만 있음 · 10/6 범위 「수동 대체」 — 현행 MES·수기 경로로 운영(auto-vs-human.md §2),인쇄개발,-,규칙:M3 생산축 135행 — 전부 webadmin·MES 경계. 260616 IA 144 에는 없던 신설 축,webadmin 화면 + 라이브 DB + 출력물 에서 「생산메모 입력」이 현행 경로(MES·수기)로 1건 처리된 기록이 있다. 신규 시스템 이관은 10/6 범위 밖
STD-MFG-067,생산·공정,접수·검판,작업의뢰서 출력(대표썸네일·EXCEL 다운),todo,오픈 무관,,,N,N,[상위:STD-ADO-006] 후니프린팅_주문프로세스_20251001.pdf p.4 §04 · p.11 §09 || P1판정(260902): auto-vs-human §2.2 #28 🧑(🟩) · §5 A-2 범위 미결,R3 · 문서 근거만 있음 · 10/6 범위 「수동 대체」 — 현행 MES·수기 경로로 운영(auto-vs-human.md §2) · 범위 미결 A-2,인쇄개발,-,규칙:M3 생산축 135행 — 전부 webadmin·MES 경계. 260616 IA 144 에는 없던 신설 축,webadmin 화면 + 라이브 DB + 출력물 에서 「작업의뢰서 출력(대표썸네일·EXCEL 다운)」이 현행 경로(MES·수기)로 1건 처리된 기록이 있다. 신규 시스템 이관은 10/6 범위 밖
STD-MFG-068,생산·공정,접수·검판,의뢰서 출력 시 처리표시(빨간점)·주문상태 제작중 전환,todo,오픈 무관,,,N,N,"[상위:STD-ADO-006] 후니프린팅_주문프로세스_20251001.pdf p.10 §10 · p.11 §09 || P1판정(260902): auto-vs-human §2.2 #29·#30 — 빨간점은 🤖, 제작중 전환은 🧑(🟢)",R3 · 문서 근거만 있음 · 10/6 범위 「수동 대체」 — 현행 MES·수기 경로로 운영(auto-vs-human.md §2),인쇄개발,-,규칙:M3 생산축 135행 — 전부 webadmin·MES 경계. 260616 IA 144 에는 없던 신설 축,webadmin 화면 + 라이브 DB + 출력물 에서 「의뢰서 출력 시 처리표시(빨간점)·주문상태 제작중 전환」이 현행 경로(MES·수기)로 1건 처리된 기록이 있다. 신규 시스템 이관은 10/6 범위 밖
STD-MFG-069,생산·공정,접수·검판,거래처별 주문 EXCEL 다운(가격 제외),todo,오픈 무관,,,N,N,[상위:STD-FIN-012] 후니프린팅_주문프로세스_20251001.pdf p.4 §04 마스터관리 || P1판정(260902): PDF p.4 §04 마스터관리 — 현행 MES 기능,R3 · 문서 근거만 있음 · 10/6 범위 「수동 대체」 — 현행 MES·수기 경로로 운영(auto-vs-human.md §2),인쇄개발,-,규칙:M3 생산축 135행 — 전부 webadmin·MES 경계. 260616 IA 144 에는 없던 신설 축,webadmin 화면 + 라이브 DB + 출력물 에서 「거래처별 주문 EXCEL 다운(가격 제외)」가 현행 경로(MES·수기)로 1건 처리된 기록이 있다. 신규 시스템 이관은 10/6 범위 밖
STD-MFG-070,생산·공정,접수·검판,업체별 주문등록(EXCEL 등록·파일경로 선택),todo,오픈 무관,,,N,N,[상위:STD-ORD-027] 후니프린팅_주문프로세스_20251001.pdf p.10 §10 주문관리 || P1판정(260902): PDF p.10 §10 주문관리 — 현행 수기(EXCEL),R3 · 문서 근거만 있음 · 10/6 범위 「수동 대체」 — 현행 MES·수기 경로로 운영(auto-vs-human.md §2),인쇄개발,-,규칙:M3 생산축 135행 — 전부 webadmin·MES 경계. 260616 IA 144 에는 없던 신설 축,webadmin 화면 + 라이브 DB + 출력물 에서 「업체별 주문등록(EXCEL 등록·파일경로 선택)」이 현행 경로(MES·수기)로 1건 처리된 기록이 있다. 신규 시스템 이관은 10/6 범위 밖
STD-MFG-071,생산·공정,접수·검판,OEM 주문 IMPORT(비즈하우스·후지필름·컨티뉴),todo,오픈 무관,,,N,N,후니프린팅_주문프로세스_20251001.pdf p.5 §05 주문확인/등록 || P1판정(260902): auto-vs-human §2.7 #83 「전부 수기」,R3 · 문서 근거만 있음 · 10/6 범위 「수동 대체」 — 현행 MES·수기 경로로 운영(auto-vs-human.md §2),인쇄개발,-,규칙:M3 생산축 135행 — 전부 webadmin·MES 경계. 260616 IA 144 에는 없던 신설 축,webadmin 화면 + 라이브 DB + 출력물 에서 「OEM 주문 IMPORT(비즈하우스·후지필름·컨티뉴)」가 현행 경로(MES·수기)로 1건 처리된 기록이 있다. 신규 시스템 이관은 10/6 범위 밖
STD-MFG-072,생산·공정,조판·파일가공,원본 AI→PDF 변환 업로드,todo,오픈 무관,,,N,N,[상위:STD-ART-001] 후니프린팅_주문프로세스_20251001.pdf p.10 §10 || P1판정(260902): auto-vs-human §2.2 #18 🧑 ✅현행 수기,R3 · 문서 근거만 있음 · 10/6 범위 「수동 대체」 — 현행 MES·수기 경로로 운영(auto-vs-human.md §2),인쇄개발,-,규칙:M3 생산축 135행 — 전부 webadmin·MES 경계. 260616 IA 144 에는 없던 신설 축,webadmin 화면 + 라이브 DB + 출력물 에서 「원본 AI→PDF 변환 업로드」가 현행 경로(MES·수기)로 1건 처리된 기록이 있다. 신규 시스템 이관은 10/6 범위 밖
STD-MFG-073,생산·공정,조판·파일가공,인쇄파일과 칼선파일 분리하여 공정별 등록,todo,오픈 무관,,,N,N,후니프린팅_주문프로세스_20251001.pdf p.10 §10 · p.5 §05 || P1판정(260902): auto-vs-human §2.2 #19 🧑 ✅현행 수기,R3 · 문서 근거만 있음 · 10/6 범위 「수동 대체」 — 현행 MES·수기 경로로 운영(auto-vs-human.md §2),인쇄개발,-,규칙:M3 생산축 135행 — 전부 webadmin·MES 경계. 260616 IA 144 에는 없던 신설 축,webadmin 화면 + 라이브 DB + 출력물 에서 「인쇄파일과 칼선파일 분리하여 공정별 등록」이 현행 경로(MES·수기)로 1건 처리된 기록이 있다. 신규 시스템 이관은 10/6 범위 밖
STD-MFG-074,생산·공정,조판·파일가공,조판(판걸이+아이마크) 파일 생성,todo,오픈 무관,,,N,N,[상위:STD-ADO-014] 후니프린팅_주문프로세스_20251001.pdf p.10 §10 · p.5 §05 조판 || P1판정(260902): auto-vs-human §2.2 #20 🧑 ✅현행 수기(조판=판단작업 T-M2),R3 · 문서 근거만 있음 · 10/6 범위 「수동 대체」 — 현행 MES·수기 경로로 운영(auto-vs-human.md §2),인쇄개발,-,규칙:M3 생산축 135행 — 전부 webadmin·MES 경계. 260616 IA 144 에는 없던 신설 축,webadmin 화면 + 라이브 DB + 출력물 에서 「조판(판걸이+아이마크) 파일 생성」이 현행 경로(MES·수기)로 1건 처리된 기록이 있다. 신규 시스템 이관은 10/6 범위 밖
STD-MFG-075,생산·공정,조판·파일가공,아크릴 원판 배치 조판(396x480·도수 구분·돔보),todo,오픈 무관,,,N,N,후니프린팅_주문프로세스_20251001.pdf p.5 §05 조판 ⓛ || P1판정(260902): PDF p.5 §05 조판 ⓛ — 현행 수기,R3 · 문서 근거만 있음 · 10/6 범위 「수동 대체」 — 현행 MES·수기 경로로 운영(auto-vs-human.md §2),인쇄개발,-,규칙:M3 생산축 135행 — 전부 webadmin·MES 경계. 260616 IA 144 에는 없던 신설 축,webadmin 화면 + 라이브 DB + 출력물 에서 「아크릴 원판 배치 조판(396x480·도수 구분·돔보)」가 현행 경로(MES·수기)로 1건 처리된 기록이 있다. 신규 시스템 이관은 10/6 범위 밖
STD-MFG-076,생산·공정,조판·파일가공,다도안 상품 판걸이·건수·수량 기준 조판,todo,오픈 무관,,,N,N,후니프린팅_주문프로세스_20251001.pdf p.5 §05 조판 ➂ || P1판정(260902): PDF p.5 §05 조판 ➂ — 현행 수기,R3 · 문서 근거만 있음 · 10/6 범위 「수동 대체」 — 현행 MES·수기 경로로 운영(auto-vs-human.md §2),인쇄개발,-,규칙:M3 생산축 135행 — 전부 webadmin·MES 경계. 260616 IA 144 에는 없던 신설 축,webadmin 화면 + 라이브 DB + 출력물 에서 「다도안 상품 판걸이·건수·수량 기준 조판」이 현행 경로(MES·수기)로 1건 처리된 기록이 있다. 신규 시스템 이관은 10/6 범위 밖
STD-MFG-077,생산·공정,조판·파일가공,수동조판(여러 주문 취합·틴거울/아크릴/자석북마크),todo,오픈 무관,,,N,N,후니프린팅_주문프로세스_20251001.pdf p.11 §09 수동조판 || P1판정(260902): auto-vs-human §2.2 #33 🧑 ✅현행 수기,R3 · 문서 근거만 있음 · 10/6 범위 「수동 대체」 — 현행 MES·수기 경로로 운영(auto-vs-human.md §2),인쇄개발,-,규칙:M3 생산축 135행 — 전부 webadmin·MES 경계. 260616 IA 144 에는 없던 신설 축,webadmin 화면 + 라이브 DB + 출력물 에서 「수동조판(여러 주문 취합·틴거울/아크릴/자석북마크)」가 현행 경로(MES·수기)로 1건 처리된 기록이 있다. 신규 시스템 이관은 10/6 범위 밖
STD-MFG-078,생산·공정,조판·파일가공,파일명 자동 RENAME 규약 적용(품목_출력사이즈_양단면_소재_거래처_고객_고유번호_수량),new,작업 항목,F-157;F-159,,Y,Y,후니프린팅_주문프로세스_20251001.pdf p.6 §06 || P1판정(260902): auto-vs-human §4 G-3 「100% 파일명 수동 수정」 → 자동 RENAME 은 미구현,R3 · 문서 근거만 있음 · lead 결정 1 · 재매핑 권고 반영 · 자동화 격차 G-3,인쇄개발,-,규칙:M3 생산축 135행 — 전부 webadmin·MES 경계. 260616 IA 144 에는 없던 신설 축,"「파일명 자동 RENAME 규약 적용(품목_출력사이즈_양단면_소…」를 담을 그릇(테이블·모듈·화면)이 생기고, webadmin 화면 + 라이브 DB + 출력물 에서 「파일명 자동 RENAME 규약 적용(품목_출력사이즈_양단면_소…」 로 저장한 값이 라이브 DB 1행으로 조회되고, 그 값이 가격 계산 결과에 원 단위까지 반영된 것이 1건 확인된다"
STD-MFG-079,생산·공정,조판·파일가공,상품군별 파일명 조합 규칙 8종(디지털/캘린더/스티커/실사/배너/패브릭/시트커팅/레이저커팅),new,작업 항목,F-157;F-159,,Y,Y,"후니프린팅_주문프로세스_20251001.pdf p.6-7 §06 || P1판정(260902): PDF p.6-7 §06 규칙 8종 — 규약 문서만, 코드 0건",R3 · 문서 근거만 있음 · lead 결정 1 · 재매핑 권고 반영 · G-3 종속,인쇄개발,-,규칙:M3 생산축 135행 — 전부 webadmin·MES 경계. 260616 IA 144 에는 없던 신설 축,"「상품군별 파일명 조합 규칙 8종(디지털/캘린더/스티커/실사/배…」를 담을 그릇(테이블·모듈·화면)이 생기고, webadmin 화면 + 라이브 DB + 출력물 에서 「상품군별 파일명 조합 규칙 8종(디지털/캘린더/스티커/실사/배…」 로 저장한 값이 라이브 DB 1행으로 조회되고, 그 값이 가격 계산 결과에 원 단위까지 반영된 것이 1건 확인된다"
STD-MFG-080,생산·공정,조판·파일가공,공정별 파일서버 폴더 구조(년도>발주일자) 자동 배치,todo,오픈 무관,,,N,N,후니프린팅_주문프로세스_20251001.pdf p.12 §06-1 || P1판정(260902): PDF p.12 §06-1 — 현행 수기 배치,R3 · 문서 근거만 있음 · 10/6 범위 「수동 대체」 — 현행 MES·수기 경로로 운영(auto-vs-human.md §2),인쇄개발,-,규칙:M3 생산축 135행 — 전부 webadmin·MES 경계. 260616 IA 144 에는 없던 신설 축,webadmin 화면 + 라이브 DB + 출력물 에서 「공정별 파일서버 폴더 구조(년도>발주일자) 자동 배치」가 현행 경로(MES·수기)로 1건 처리된 기록이 있다. 신규 시스템 이관은 10/6 범위 밖
STD-MFG-081,생산·공정,조판·파일가공,팀별 또는 담당자 파일 분리 전달(분배),todo,오픈 무관,,,N,N,후니프린팅_주문프로세스_20251001.pdf p.5 §05 || P1판정(260902): auto-vs-human §2.2 #17 🧑 ✅현행 수기,R3 · 문서 근거만 있음 · 10/6 범위 「수동 대체」 — 현행 MES·수기 경로로 운영(auto-vs-human.md §2),인쇄개발,-,규칙:M3 생산축 135행 — 전부 webadmin·MES 경계. 260616 IA 144 에는 없던 신설 축,webadmin 화면 + 라이브 DB + 출력물 에서 「팀별 또는 담당자 파일 분리 전달(분배)」가 현행 경로(MES·수기)로 1건 처리된 기록이 있다. 신규 시스템 이관은 10/6 범위 밖
STD-MFG-082,생산·공정,공정관리,공정 마스터 관리(계층·상세옵션·면별선택·작업여백·고객노출설명),done,작업 항목,,,N,N,[상위:STD-ADP-005] raw/webadmin/webadmin/catalog/models.py TProcProcesses · manual_content.py:623 || P1판정(260902): raw/webadmin/webadmin/catalog/models.py:586 TProcProcesses · raw/webadmin/tools/manual_content.py:623,R3 · 문서 근거만 있음 · 코드 경로 존재 = done · 운영 성공 아님(라이브 실행 0건) · webadmin 공정 마스터 화면 운영 중,인쇄개발,-,규칙:M3 생산축 135행 — 전부 webadmin·MES 경계. 260616 IA 144 에는 없던 신설 축,"manual_content.py:623 에 구현이 있고, webadmin 화면 + 라이브 DB + 출력물 에서 「공정 마스터 관리(계층·상세옵션·면별선택·작업여백·고객노출설명…」이 1회 관측된다"
STD-MFG-083,생산·공정,공정관리,상품별 공정 연결·필수공정 여부·상세옵션 허용범위,done,작업 항목,,,N,N,raw/webadmin/webadmin/catalog/models.py TPrdProductProcesses · manual_content.py:158 || P1판정(260902): raw/webadmin/webadmin/catalog/models.py:491 TPrdProductProcesses · manual_content.py:158,R3 · 문서 근거만 있음 · 코드 경로 존재 = done · 운영 성공 아님(라이브 실행 0건) · 상품뷰어 공정 섹션 운영 중,인쇄개발,-,규칙:M3 생산축 135행 — 전부 webadmin·MES 경계. 260616 IA 144 에는 없던 신설 축,"manual_content.py:158 에 구현이 있고, webadmin 화면 + 라이브 DB + 출력물 에서 「상품별 공정 연결·필수공정 여부·상세옵션 허용범위」가 1회 관측된다"
STD-MFG-084,생산·공정,공정관리,공정라우트 마스터(18케이스 라우트 정의·재채번),new,작업 항목,,,N,N,"후니프린팅_공정관리_시행초안_20260210.pdf p.1 §02 || P1판정(260902): 공정관리 시행초안 p.1 §02 — 18케이스 라우트 정의서만, 그릇 없음",R3 · 문서 근거만 있음 · L0/M3/process-route.md 참조,인쇄개발,-,규칙:M3 생산축 135행 — 전부 webadmin·MES 경계. 260616 IA 144 에는 없던 신설 축,"「공정라우트 마스터(18케이스 라우트 정의·재채번)」을 담을 그릇(테이블·모듈·화면)이 생기고, webadmin 화면 + 라이브 DB + 출력물 에서 그 동작이 1회 관측된다"
STD-MFG-085,생산·공정,공정관리,라우트 단계 정의(순번·공정·필수선택·담당팀),new,작업 항목,,,N,N,후니프린팅_공정관리_시행초안_20260210.pdf p.1 §02 || P1판정(260902): 공정관리 시행초안 p.1 §02 — 설계만,R3 · 문서 근거만 있음,인쇄개발,-,규칙:M3 생산축 135행 — 전부 webadmin·MES 경계. 260616 IA 144 에는 없던 신설 축,"「라우트 단계 정의(순번·공정·필수선택·담당팀)」을 담을 그릇(테이블·모듈·화면)이 생기고, webadmin 화면 + 라이브 DB + 출력물 에서 그 동작이 1회 관측된다"
STD-MFG-086,생산·공정,공정관리,상품→공정라우트 매핑,new,작업 항목,,,N,N,후니프린팅_주문프로세스_20251001.pdf p.10 §10 「상품마스터(공정) SHEET 참고」 || P1판정(260902): PDF p.10 §10 「상품마스터(공정) SHEET 참고」 — 매핑 그릇 없음,R3 · 문서 근거만 있음 · 라우트 마스터(084) 선행,인쇄개발,-,규칙:M3 생산축 135행 — 전부 webadmin·MES 경계. 260616 IA 144 에는 없던 신설 축,"「상품→공정라우트 매핑」을 담을 그릇(테이블·모듈·화면)이 생기고, webadmin 화면 + 라이브 DB + 출력물 에서 그 동작이 1회 관측된다"
STD-MFG-087,생산·공정,공정관리,팀·파트 마스터(디지털인쇄/스티커가공/인쇄후가공/제본/특수인쇄가공/봉재가공/굿즈가공),todo,오픈 무관,,,N,N,[구분:STD-ADP-005] 후니프린팅_공정관리_시행초안_20260210.pdf p.2 공정별 현황표 || P1판정(260902): 공정관리 시행초안 p.2 공정별 현황표 — 팀 7종 실재(현행 운영),R3 · 문서 근거만 있음 · 10/6 범위 「수동 대체」 — 현행 MES·수기 경로로 운영(auto-vs-human.md §2),인쇄개발,-,규칙:M3 생산축 135행 — 전부 webadmin·MES 경계. 260616 IA 144 에는 없던 신설 축,webadmin 화면 + 라이브 DB + 출력물 에서 「팀·파트 마스터(디지털인쇄/스티커가공/인쇄후가공/제본/특수인쇄…」가 현행 경로(MES·수기)로 1건 처리된 기록이 있다. 신규 시스템 이관은 10/6 범위 밖
STD-MFG-088,생산·공정,공정관리,공정 완료 신호 입력(출력완료·커팅완료·제본시작·봉재시작·가공시작),todo,오픈 무관,,,N,N,후니프린팅_공정관리_시행초안_20260210.pdf p.1 Summary || P1판정(260902): auto-vs-human §2.3 #45 🧑작업자 ✅현행 · §5 A-1 「특수인쇄가공팀 칸 비어 있음」,R3 · 문서 근거만 있음 · 10/6 범위 「수동 대체」 — 현행 MES·수기 경로로 운영(auto-vs-human.md §2) · 특수인쇄가공팀 신호는 미확인(A-1),인쇄개발,-,규칙:M3 생산축 135행 — 전부 webadmin·MES 경계. 260616 IA 144 에는 없던 신설 축,webadmin 화면 + 라이브 DB + 출력물 에서 「공정 완료 신호 입력(출력완료·커팅완료·제본시작·봉재시작·가공…」이 현행 경로(MES·수기)로 1건 처리된 기록이 있다. 신규 시스템 이관은 10/6 범위 밖
STD-MFG-089,생산·공정,공정관리,팀 간 출고·입고 처리(봉제미싱입고·아크릴가공입고·제본입고·박작업입고),todo,오픈 무관,,,N,N,후니프린팅_공정관리_시행초안_20260210.pdf p.1 To Do List || P1판정(260902): 공정관리 시행초안 p.1 To Do List — 현행 수기,R3 · 문서 근거만 있음 · 10/6 범위 「수동 대체」 — 현행 MES·수기 경로로 운영(auto-vs-human.md §2),인쇄개발,-,규칙:M3 생산축 135행 — 전부 webadmin·MES 경계. 260616 IA 144 에는 없던 신설 축,webadmin 화면 + 라이브 DB + 출력물 에서 「팀 간 출고·입고 처리(봉제미싱입고·아크릴가공입고·제본입고·박…」이 현행 경로(MES·수기)로 1건 처리된 기록이 있다. 신규 시스템 이관은 10/6 범위 밖
STD-MFG-090,생산·공정,공정관리,앞공정 미완료 시 다음공정 차단(선후관계 interlock),미판정,미판정,,,N,N,후니프린팅_공정관리_시행초안_20260210.pdf p.1 「앞공정은 안찍으면 다음공정 못찍히게」 || P1판정(260902): auto-vs-human §5 A-5 「interlock 을 MES 가 이미 구현했는지 미확인 — MES 소스 없음」,R3 · 문서 근거만 있음 · 판정 불가 사유 — A-5 미확인(자동화 격차 G-10 후보),인쇄개발,-,규칙:M3 생산축 135행 — 전부 webadmin·MES 경계. 260616 IA 144 에는 없던 신설 축,판정 보류 — A-5 미확인(자동화 격차 G-10 후보). 근거가 서면 그때 완료조건을 쓴다
STD-MFG-091,생산·공정,공정관리,팀별 파일 다운로드 권한(제작중 상태 and 생산다운여부 Y),todo,오픈 무관,,,N,N,[상위:STD-ART-028] 후니프린팅_주문프로세스_20251001.pdf p.9 §03-1 · p.11 §09 || P1판정(260902): PDF p.9 §03-1 · p.11 §09 — 현행 MES 권한 운영,R3 · 문서 근거만 있음 · 10/6 범위 「수동 대체」 — 현행 MES·수기 경로로 운영(auto-vs-human.md §2),인쇄개발,-,규칙:M3 생산축 135행 — 전부 webadmin·MES 경계. 260616 IA 144 에는 없던 신설 축,webadmin 화면 + 라이브 DB + 출력물 에서 「팀별 파일 다운로드 권한(제작중 상태 and 생산다운여부 Y)」가 현행 경로(MES·수기)로 1건 처리된 기록이 있다. 신규 시스템 이관은 10/6 범위 밖
STD-MFG-092,생산·공정,공정관리,인쇄타입별 접수파일 포맷 규약(PDF/AI/JPG),todo,오픈 무관,,,N,N,"후니프린팅_주문프로세스_20251001.pdf p.9 §03-1 || P1판정(260902): PDF p.9 §03-1 — 규약 존재, 현행 수기 준수",R3 · 문서 근거만 있음 · 10/6 범위 「수동 대체」 — 현행 MES·수기 경로로 운영(auto-vs-human.md §2),인쇄개발,-,규칙:M3 생산축 135행 — 전부 webadmin·MES 경계. 260616 IA 144 에는 없던 신설 축,webadmin 화면 + 라이브 DB + 출력물 에서 「인쇄타입별 접수파일 포맷 규약(PDF/AI/JPG)」가 현행 경로(MES·수기)로 1건 처리된 기록이 있다. 신규 시스템 이관은 10/6 범위 밖
STD-MFG-093,생산·공정,공정관리,파일 다운로드 시 다운로드완료 상태 자동 전환,todo,오픈 무관,,,N,N,[구분:STD-ART-028] 후니프린팅_주문프로세스_20251001.pdf p.1 · p.11 §09 server || P1판정(260902): auto-vs-human §2.3 #43 🤖(🔴) 「지금」 칸 「—」 · 현행 MES 자동,R3 · 문서 근거만 있음 · 10/6 범위 「수동 대체」 — 현행 MES·수기 경로로 운영(auto-vs-human.md §2),인쇄개발,-,규칙:M3 생산축 135행 — 전부 webadmin·MES 경계. 260616 IA 144 에는 없던 신설 축,webadmin 화면 + 라이브 DB + 출력물 에서 「파일 다운로드 시 다운로드완료 상태 자동 전환」이 현행 경로(MES·수기)로 1건 처리된 기록이 있다. 신규 시스템 이관은 10/6 범위 밖
STD-MFG-094,생산·공정,공정관리,공정별 현황표(당일발주 대기·완료 / 당일생산 주의·불량 / 당일출고),todo,오픈 무관,,,N,N,후니프린팅_공정관리_시행초안_20260210.pdf p.2 || P1판정(260902): 공정관리 시행초안 p.2 현황표 — 현행 운영,R3 · 문서 근거만 있음 · 10/6 범위 「수동 대체」 — 현행 MES·수기 경로로 운영(auto-vs-human.md §2),인쇄개발,-,규칙:M3 생산축 135행 — 전부 webadmin·MES 경계. 260616 IA 144 에는 없던 신설 축,webadmin 화면 + 라이브 DB + 출력물 에서 「공정별 현황표(당일발주 대기·완료 / 당일생산 주의·불량 / …」이 현행 경로(MES·수기)로 1건 처리된 기록이 있다. 신규 시스템 이관은 10/6 범위 밖
STD-MFG-095,생산·공정,공정관리,1차 산출데이터(일별 출력량·출고건량·미출고건량·입고건량),todo,오픈 무관,,,N,N,후니프린팅_공정관리_시행초안_20260210.pdf p.1 산출데이터 1차 || P1판정(260902): 공정관리 시행초안 p.1 산출데이터 1차 — 현행 운영,R3 · 문서 근거만 있음 · 10/6 범위 「수동 대체」 — 현행 MES·수기 경로로 운영(auto-vs-human.md §2),인쇄개발,-,규칙:M3 생산축 135행 — 전부 webadmin·MES 경계. 260616 IA 144 에는 없던 신설 축,webadmin 화면 + 라이브 DB + 출력물 에서 「1차 산출데이터(일별 출력량·출고건량·미출고건량·입고건량)」이 현행 경로(MES·수기)로 1건 처리된 기록이 있다. 신규 시스템 이관은 10/6 범위 밖
STD-MFG-096,생산·공정,공정관리,2차 산출데이터(팀별 입고예정·공정별 평균리드타임·평균 제작기간),new,작업 항목,,,N,N,후니프린팅_공정관리_시행초안_20260210.pdf p.1 산출데이터 2차 「공정라우트 설정 후」 || P1판정(260902): 공정관리 시행초안 p.1 산출데이터 2차 「공정라우트 설정 후」 — 084 선행,R3 · 문서 근거만 있음 · 084·085·086 종속,인쇄개발,-,규칙:M3 생산축 135행 — 전부 webadmin·MES 경계. 260616 IA 144 에는 없던 신설 축,"「2차 산출데이터(팀별 입고예정·공정별 평균리드타임·평균 제작기…」를 담을 그릇(테이블·모듈·화면)이 생기고, webadmin 화면 + 라이브 DB + 출력물 에서 그 동작이 1회 관측된다"
STD-MFG-098,생산·공정,공정관리,자재 입·출고 관리,todo,오픈 무관,,,N,N,후니프린팅_주문프로세스_20251001.pdf p.4 §04 생산 || P1판정(260902): PDF p.4 §04 생산 — 현행 MES 운영,R3 · 문서 근거만 있음 · 10/6 범위 「수동 대체」 — 현행 MES·수기 경로로 운영(auto-vs-human.md §2),인쇄개발,-,규칙:M3 생산축 135행 — 전부 webadmin·MES 경계. 260616 IA 144 에는 없던 신설 축,webadmin 화면 + 라이브 DB + 출력물 에서 「자재 입·출고 관리」가 현행 경로(MES·수기)로 1건 처리된 기록이 있다. 신규 시스템 이관은 10/6 범위 밖
STD-MFG-099,생산·공정,공정관리,셋트상품·건수(같은 사양 반복) MES 작업 분해,partial,작업 항목,,,N,N,"[구분:STD-ADP-016] order-to-mes-process.md §12-11 · widget_api.py:1226,:1252 case_cnt || P1판정(260902): raw/webadmin/webadmin/catalog/widget_api.py:1226 case_cnt_rule · :1252 parse_case_cnt (건수 산출은 실재)","R3 · 문서 근거만 있음 · MES 작업 분해 규칙은 §12-11 미협의 · 원장 근거의 widget_api.py:3388 은 오기(실제 1226·1252) · 근거 정정(lead): widget_api.py:3388 → widget_api.py:1226,:1252 · 안 되는 부분: MES 작업 분해 규칙은 §12-11 미협의 (출처 비고)",인쇄개발,-,규칙:M3 생산축 135행 — 전부 webadmin·MES 경계. 260616 IA 144 에는 없던 신설 축,"이미 되는 부분은 webadmin 화면 + 라이브 DB + 출력물 에서 확인되고, 남은 부분(MES 작업 분해 규칙은 §12-11 미협의)이 webadmin 화면 + 라이브 DB + 출력물 에서 「셋트상품·건수(같은 사양 반복) MES 작업 분해」가 1회 관측된다"
STD-MFG-100,생산·공정,외주,외주처별 발주서 생성(접수파일 취합),todo,오픈 무관,,,N,N,[상위:STD-ADO-017] 후니프린팅_주문프로세스_20251001.pdf p.11 §09 외주발주 || P1판정(260902): auto-vs-human §2.2 #31 🧑 ✅현행 수기,R3 · 문서 근거만 있음 · 10/6 범위 「수동 대체」 — 현행 MES·수기 경로로 운영(auto-vs-human.md §2),인쇄개발,-,규칙:M3 생산축 135행 — 전부 webadmin·MES 경계. 260616 IA 144 에는 없던 신설 축,webadmin 화면 + 라이브 DB + 출력물 에서 「외주처별 발주서 생성(접수파일 취합)」이 현행 경로(MES·수기)로 1건 처리된 기록이 있다. 신규 시스템 이관은 10/6 범위 밖
STD-MFG-101,생산·공정,외주,책자 상품 수량·크기 기준 선택적 외주 판단,todo,오픈 무관,,,N,N,후니프린팅_주문프로세스_20251001.pdf p.11 §09 || P1판정(260902): auto-vs-human §2.2 #32 🧑 판단작업,R3 · 문서 근거만 있음 · 10/6 범위 「수동 대체」 — 현행 MES·수기 경로로 운영(auto-vs-human.md §2),인쇄개발,-,규칙:M3 생산축 135행 — 전부 webadmin·MES 경계. 260616 IA 144 에는 없던 신설 축,webadmin 화면 + 라이브 DB + 출력물 에서 「책자 상품 수량·크기 기준 선택적 외주 판단」이 현행 경로(MES·수기)로 1건 처리된 기록이 있다. 신규 시스템 이관은 10/6 범위 밖
STD-MFG-102,생산·공정,외주,외주 파일 다운로드·업체 포맷 변환·웹하드 업로드,todo,오픈 무관,,,N,N,[상위:STD-ADO-017] 후니프린팅_주문프로세스_20251001.pdf p.5 §05 외주발주 || P1판정(260902): auto-vs-human §2.2 #34 🧑 ✅현행 수기,R3 · 문서 근거만 있음 · 10/6 범위 「수동 대체」 — 현행 MES·수기 경로로 운영(auto-vs-human.md §2),인쇄개발,-,규칙:M3 생산축 135행 — 전부 webadmin·MES 경계. 260616 IA 144 에는 없던 신설 축,webadmin 화면 + 라이브 DB + 출력물 에서 「외주 파일 다운로드·업체 포맷 변환·웹하드 업로드」가 현행 경로(MES·수기)로 1건 처리된 기록이 있다. 신규 시스템 이관은 10/6 범위 밖
STD-MFG-103,생산·공정,외주,외주공정 주문리스트·외주처별 생산리스트,todo,오픈 무관,,,N,N,[상위:STD-ADO-017] 후니프린팅_주문프로세스_20251001.pdf p.4 §04 외주관리 || P1판정(260902): PDF p.4 §04 외주관리 — 현행 MES 운영,R3 · 문서 근거만 있음 · 10/6 범위 「수동 대체」 — 현행 MES·수기 경로로 운영(auto-vs-human.md §2),인쇄개발,-,규칙:M3 생산축 135행 — 전부 webadmin·MES 경계. 260616 IA 144 에는 없던 신설 축,webadmin 화면 + 라이브 DB + 출력물 에서 「외주공정 주문리스트·외주처별 생산리스트」가 현행 경로(MES·수기)로 1건 처리된 기록이 있다. 신규 시스템 이관은 10/6 범위 밖
STD-MFG-104,생산·공정,외주,외주제작·외주공정 제작물 입·출고 기록,todo,오픈 무관,,,N,N,[상위:STD-ADO-018] 후니프린팅_주문프로세스_20251001.pdf p.4 §04 외주관리 || P1판정(260902): auto-vs-human §2.3 #47 🧑외주관리자 ✅현행,R3 · 문서 근거만 있음 · 10/6 범위 「수동 대체」 — 현행 MES·수기 경로로 운영(auto-vs-human.md §2),인쇄개발,-,규칙:M3 생산축 135행 — 전부 webadmin·MES 경계. 260616 IA 144 에는 없던 신설 축,webadmin 화면 + 라이브 DB + 출력물 에서 「외주제작·외주공정 제작물 입·출고 기록」이 현행 경로(MES·수기)로 1건 처리된 기록이 있다. 신규 시스템 이관은 10/6 범위 밖
STD-MFG-106,생산·공정,포장·출고,1차포장 처리,todo,오픈 무관,,,N,N,후니프린팅_공정관리_시행초안_20260210.pdf p.1 · p.4 §04 출고 || P1판정(260902): auto-vs-human §2.4 #49 🧑출고팀 ✅현행,R3 · 문서 근거만 있음 · 10/6 범위 「수동 대체」 — 현행 MES·수기 경로로 운영(auto-vs-human.md §2),인쇄개발,-,규칙:M3 생산축 135행 — 전부 webadmin·MES 경계. 260616 IA 144 에는 없던 신설 축,webadmin 화면 + 라이브 DB + 출력물 에서 「1차포장 처리」가 현행 경로(MES·수기)로 1건 처리된 기록이 있다. 신규 시스템 이관은 10/6 범위 밖
STD-MFG-107,생산·공정,포장·출고,박스포장 처리(실사·대형 상품군),todo,오픈 무관,,,N,N,후니프린팅_공정관리_시행초안_20260210.pdf p.1 Case6-8 || P1판정(260902): auto-vs-human §2.4 #53 🧑 ✅현행,R3 · 문서 근거만 있음 · 10/6 범위 「수동 대체」 — 현행 MES·수기 경로로 운영(auto-vs-human.md §2),인쇄개발,-,규칙:M3 생산축 135행 — 전부 webadmin·MES 경계. 260616 IA 144 에는 없던 신설 축,webadmin 화면 + 라이브 DB + 출력물 에서 「박스포장 처리(실사·대형 상품군)」이 현행 경로(MES·수기)로 1건 처리된 기록이 있다. 신규 시스템 이관은 10/6 범위 밖
STD-MFG-108,생산·공정,포장·출고,제작번호별 바코드 입력→포장완료 상태변경,todo,오픈 무관,,,N,N,[구분:STD-ADO-016] 후니프린팅_주문프로세스_20251001.pdf p.1 || P1판정(260902): auto-vs-human §2.4 #50·#51 🧑(🟩)+🤖 ✅현행,R3 · 문서 근거만 있음 · 10/6 범위 「수동 대체」 — 현행 MES·수기 경로로 운영(auto-vs-human.md §2),인쇄개발,-,규칙:M3 생산축 135행 — 전부 webadmin·MES 경계. 260616 IA 144 에는 없던 신설 축,webadmin 화면 + 라이브 DB + 출력물 에서 「제작번호별 바코드 입력→포장완료 상태변경」이 현행 경로(MES·수기)로 1건 처리된 기록이 있다. 신규 시스템 이관은 10/6 범위 밖
STD-MFG-109,생산·공정,포장·출고,전 상품 포장완료 시 제작완료 자동 전환,todo,오픈 무관,,,N,N,후니프린팅_주문프로세스_20251001.pdf p.1 「if 모든상품이 포장완료이면 제작완료」 || P1판정(260902): auto-vs-human §2.4 #52 🤖(🔴) ✅현행 MES 자동,R3 · 문서 근거만 있음 · 10/6 범위 「수동 대체」 — 현행 MES·수기 경로로 운영(auto-vs-human.md §2),인쇄개발,-,규칙:M3 생산축 135행 — 전부 webadmin·MES 경계. 260616 IA 144 에는 없던 신설 축,webadmin 화면 + 라이브 DB + 출력물 에서 「전 상품 포장완료 시 제작완료 자동 전환」이 현행 경로(MES·수기)로 1건 처리된 기록이 있다. 신규 시스템 이관은 10/6 범위 밖
STD-MFG-110,생산·공정,포장·출고,주문번호별 바코드 입력→출고완료 전환,todo,오픈 무관,,,N,N,[구분:STD-ADO-016] 후니프린팅_주문프로세스_20251001.pdf p.1 || P1판정(260902): auto-vs-human §2.4 #57·#58 ✅현행,R3 · 문서 근거만 있음 · 10/6 범위 「수동 대체」 — 현행 MES·수기 경로로 운영(auto-vs-human.md §2),인쇄개발,-,규칙:M3 생산축 135행 — 전부 webadmin·MES 경계. 260616 IA 144 에는 없던 신설 축,webadmin 화면 + 라이브 DB + 출력물 에서 「주문번호별 바코드 입력→출고완료 전환」이 현행 경로(MES·수기)로 1건 처리된 기록이 있다. 신규 시스템 이관은 10/6 범위 밖
STD-MFG-111,생산·공정,포장·출고,송장 출력·송장 추가출력(택배),todo,오픈 무관,,,N,N,[구분:STD-ADO-020] 후니프린팅_주문프로세스_20251001.pdf p.1 case1 · p.4 §04 || P1판정(260902): auto-vs-human §2.4 #54 🧑(🟩) ✅현행,R3 · 문서 근거만 있음 · 10/6 범위 「수동 대체」 — 현행 MES·수기 경로로 운영(auto-vs-human.md §2),인쇄개발,-,규칙:M3 생산축 135행 — 전부 webadmin·MES 경계. 260616 IA 144 에는 없던 신설 축,webadmin 화면 + 라이브 DB + 출력물 에서 「송장 출력·송장 추가출력(택배)」가 현행 경로(MES·수기)로 1건 처리된 기록이 있다. 신규 시스템 이관은 10/6 범위 밖
STD-MFG-112,생산·공정,포장·출고,납품명세서 출력(퀵),todo,오픈 무관,,,N,N,[구분:STD-PAY-018] 후니프린팅_주문프로세스_20251001.pdf p.1 case2 · p.4 §04 || P1판정(260902): auto-vs-human §2.4 #55 🧑(🟩) ✅현행,R3 · 문서 근거만 있음 · 10/6 범위 「수동 대체」 — 현행 MES·수기 경로로 운영(auto-vs-human.md §2),인쇄개발,-,규칙:M3 생산축 135행 — 전부 webadmin·MES 경계. 260616 IA 144 에는 없던 신설 축,webadmin 화면 + 라이브 DB + 출력물 에서 「납품명세서 출력(퀵)」이 현행 경로(MES·수기)로 1건 처리된 기록이 있다. 신규 시스템 이관은 10/6 범위 밖
STD-MFG-113,생산·공정,포장·출고,출고명세서 출력(직접방문),todo,오픈 무관,,,N,N,[구분:STD-PAY-018] 후니프린팅_주문프로세스_20251001.pdf p.1 case3 · p.4 §04 || P1판정(260902): auto-vs-human §2.4 #56 🧑(🟩) ✅현행,R3 · 문서 근거만 있음 · 10/6 범위 「수동 대체」 — 현행 MES·수기 경로로 운영(auto-vs-human.md §2),인쇄개발,-,규칙:M3 생산축 135행 — 전부 webadmin·MES 경계. 260616 IA 144 에는 없던 신설 축,webadmin 화면 + 라이브 DB + 출력물 에서 「출고명세서 출력(직접방문)」이 현행 경로(MES·수기)로 1건 처리된 기록이 있다. 신규 시스템 이관은 10/6 범위 밖
STD-MFG-114,생산·공정,포장·출고,한 주문에 다중 송장 부여,new,작업 항목,,,N,N,후니프린팅_주문프로세스_20251001.pdf p.5 §05 출고 Pain point || P1판정(260902): auto-vs-human §4 G-9 「한 주문 1송장 → 여러 송장」 자동화 격차 — 미구현,R3 · 문서 근거만 있음 · G-9,인쇄개발,-,규칙:M3 생산축 135행 — 전부 webadmin·MES 경계. 260616 IA 144 에는 없던 신설 축,"「한 주문에 다중 송장 부여」를 담을 그릇(테이블·모듈·화면)이 생기고, webadmin 화면 + 라이브 DB + 출력물 에서 그 동작이 1회 관측된다"
STD-MFG-115,생산·공정,포장·출고,합배송 리스트 식별,new,작업 항목,,,N,N,후니프린팅_주문프로세스_20251001.pdf p.5 §05 출고 Pain point || P1판정(260902): auto-vs-human §4 G-6 「장바구니 + 합배송」 자동화 격차 — 식별 로직 미구현,R3 · 문서 근거만 있음 · G-6,인쇄개발,-,규칙:M3 생산축 135행 — 전부 webadmin·MES 경계. 260616 IA 144 에는 없던 신설 축,"「합배송 리스트 식별」을 담을 그릇(테이블·모듈·화면)이 생기고, webadmin 화면 + 라이브 DB + 출력물 에서 그 동작이 1회 관측된다"
STD-MFG-116,생산·공정,포장·출고,전 상품 출고지 단일화(오프라인 주문 외),todo,오픈 무관,,,N,N,후니프린팅_주문프로세스_20251001.pdf p.3 §03 하단 || P1판정(260902): PDF p.3 §03 하단 — 현행 정책(오프라인 주문 외 단일 출고지),R3 · 문서 근거만 있음 · 10/6 범위 「수동 대체」 — 현행 MES·수기 경로로 운영(auto-vs-human.md §2),인쇄개발,-,규칙:M3 생산축 135행 — 전부 webadmin·MES 경계. 260616 IA 144 에는 없던 신설 축,webadmin 화면 + 라이브 DB + 출력물 에서 「전 상품 출고지 단일화(오프라인 주문 외)」가 현행 경로(MES·수기)로 1건 처리된 기록이 있다. 신규 시스템 이관은 10/6 범위 밖
STD-MFG-117,생산·공정,포장·출고,재고상품(상품 액세서리) 관리,todo,오픈 무관,,,N,N,후니프린팅_주문프로세스_20251001.pdf p.4 §04 출고 · 공정관리 PDF Case16 || P1판정(260902): PDF p.4 §04 출고 · 공정관리 PDF Case16 — 현행 운영,R3 · 문서 근거만 있음 · 10/6 범위 「수동 대체」 — 현행 MES·수기 경로로 운영(auto-vs-human.md §2),인쇄개발,-,규칙:M3 생산축 135행 — 전부 webadmin·MES 경계. 260616 IA 144 에는 없던 신설 축,webadmin 화면 + 라이브 DB + 출력물 에서 「재고상품(상품 액세서리) 관리」가 현행 경로(MES·수기)로 1건 처리된 기록이 있다. 신규 시스템 이관은 10/6 범위 밖
STD-MFG-118,생산·공정,포장·출고,제작완료 썸네일 확인 화면,todo,오픈 무관,,,N,N,후니프린팅_주문프로세스_20251001.pdf p.4 §04 출고 ★썸네일 보는 화면 || P1판정(260902): PDF p.4 §04 출고 ★썸네일 보는 화면 — 현행 MES 화면,R3 · 문서 근거만 있음 · 10/6 범위 「수동 대체」 — 현행 MES·수기 경로로 운영(auto-vs-human.md §2),인쇄개발,-,규칙:M3 생산축 135행 — 전부 webadmin·MES 경계. 260616 IA 144 에는 없던 신설 축,webadmin 화면 + 라이브 DB + 출력물 에서 「제작완료 썸네일 확인 화면」이 현행 경로(MES·수기)로 1건 처리된 기록이 있다. 신규 시스템 이관은 10/6 범위 밖
STD-MFG-119,생산·공정,재제작·반송,일부 재제작+재배송 지시(MES 주문복사),todo,오픈 무관,,,N,N,[상위:STD-CLM-015] 후니프린팅_주문프로세스_20251001.pdf p.7 §07 case1 || P1판정(260902): auto-vs-human §2.6 #78 🧑MES ✅현행(주문복사),R3 · 문서 근거만 있음 · 10/6 범위 「수동 대체」 — 현행 MES·수기 경로로 운영(auto-vs-human.md §2),인쇄개발,-,규칙:M3 생산축 135행 — 전부 webadmin·MES 경계. 260616 IA 144 에는 없던 신설 축,webadmin 화면 + 라이브 DB + 출력물 에서 「일부 재제작+재배송 지시(MES 주문복사)」가 현행 경로(MES·수기)로 1건 처리된 기록이 있다. 신규 시스템 이관은 10/6 범위 밖
STD-MFG-120,생산·공정,재제작·반송,전체 재제작+재배송 지시,todo,오픈 무관,,,N,N,[상위:STD-CLM-015] 후니프린팅_주문프로세스_20251001.pdf p.7 §07 case2 || P1판정(260902): auto-vs-human §2.6 #78 🧑MES ✅현행,R3 · 문서 근거만 있음 · 10/6 범위 「수동 대체」 — 현행 MES·수기 경로로 운영(auto-vs-human.md §2),인쇄개발,-,규칙:M3 생산축 135행 — 전부 webadmin·MES 경계. 260616 IA 144 에는 없던 신설 축,webadmin 화면 + 라이브 DB + 출력물 에서 「전체 재제작+재배송 지시」가 현행 경로(MES·수기)로 1건 처리된 기록이 있다. 신규 시스템 이관은 10/6 범위 밖
STD-MFG-121,생산·공정,재제작·반송,반송 접수·반송여부 체크,todo,오픈 무관,,,N,N,[구분:STD-CLM-005] 후니프린팅_주문프로세스_20251001.pdf p.7 §07 반송 || P1판정(260902): auto-vs-human §2.6 #79 🧑 ✅현행(Nfocus 반송요청),R3 · 문서 근거만 있음 · 10/6 범위 「수동 대체」 — 현행 MES·수기 경로로 운영(auto-vs-human.md §2),인쇄개발,-,규칙:M3 생산축 135행 — 전부 webadmin·MES 경계. 260616 IA 144 에는 없던 신설 축,webadmin 화면 + 라이브 DB + 출력물 에서 「반송 접수·반송여부 체크」가 현행 경로(MES·수기)로 1건 처리된 기록이 있다. 신규 시스템 이관은 10/6 범위 밖
STD-MFG-122,생산·공정,재제작·반송,주문 내 정산 메모필드(반송비·재제작 비용 부담),todo,오픈 무관,,,N,N,후니프린팅_주문프로세스_20251001.pdf p.7 §07 정산관련 || P1판정(260902): PDF p.7 §07 정산관련 — 현행 메모 운영,R3 · 문서 근거만 있음 · 10/6 범위 「수동 대체」 — 현행 MES·수기 경로로 운영(auto-vs-human.md §2) · 돈 직결,인쇄개발,-,규칙:M3 생산축 135행 — 전부 webadmin·MES 경계. 260616 IA 144 에는 없던 신설 축,webadmin 화면 + 라이브 DB + 출력물 에서 「주문 내 정산 메모필드(반송비·재제작 비용 부담)」이 현행 경로(MES·수기)로 1건 처리된 기록이 있다. 신규 시스템 이관은 10/6 범위 밖
STD-MFG-123,생산·공정,재제작·반송,재출고 신규송장 부여(상품누락 추가발송·교환 재발송),todo,오픈 무관,,,N,N,[상위:STD-SHP-012] 후니프린팅_주문프로세스_20251001.pdf p.7 §07 재출고 || P1판정(260902): PDF p.7 §07 재출고 — 현행 수기 신규송장,R3 · 문서 근거만 있음 · 10/6 범위 「수동 대체」 — 현행 MES·수기 경로로 운영(auto-vs-human.md §2),인쇄개발,-,규칙:M3 생산축 135행 — 전부 webadmin·MES 경계. 260616 IA 144 에는 없던 신설 축,webadmin 화면 + 라이브 DB + 출력물 에서 「재출고 신규송장 부여(상품누락 추가발송·교환 재발송)」이 현행 경로(MES·수기)로 1건 처리된 기록이 있다. 신규 시스템 이관은 10/6 범위 밖
STD-MFG-124,생산·공정,재제작·반송,반품·교환 웹훅 기록만 하고 MES 작업 자동생성 안 함,new,작업 항목,,,N,N,[상위:STD-ADO-022] order-to-mes-process.md §7.4 || P1판정(260902): §7.4 「반품·교환 웹훅은 기록만」 — 웹훅 수신함은 실재하나 클레임 분기 코드 0건,R3 · 문서 근거만 있음 · §11 3단계 TO-5 미체크,인쇄개발,-,규칙:M3 생산축 135행 — 전부 webadmin·MES 경계. 260616 IA 144 에는 없던 신설 축,"「반품·교환 웹훅 기록만 하고 MES 작업 자동생성 안 함」을 담을 그릇(테이블·모듈·화면)이 생기고, webadmin 화면 + 라이브 DB + 출력물 에서 그 동작이 1회 관측된다"
STD-MFG-125,생산·공정,알림,파일 오류 재업로드 요청 알림톡 발송(자동·담당자 발),new,작업 항목,,,N,N,[상위:STD-ART-018] order-to-mes-process.md §10 · 주문프로세스 PDF p.2 §02 || P1판정(260902): auto-vs-human §2.5 #67 「❌ 우리 몫 · 미구현」 · §11 4단계 미체크,R3 · 문서 근거만 있음 · 알림 경계: 파일 알림만 우리,인쇄개발,-,규칙:M3 생산축 135행 — 전부 webadmin·MES 경계. 260616 IA 144 에는 없던 신설 축,"「파일 오류 재업로드 요청 알림톡 발송(자동·담당자 발)」을 담을 그릇(테이블·모듈·화면)이 생기고, webadmin 화면 + 라이브 DB + 출력물 에서 그 동작이 1회 관측된다"
STD-MFG-126,생산·공정,알림,재업로드 접수 확인 알림,new,작업 항목,,,N,N,[상위:STD-ART-018] order-to-mes-process.md §10 || P1판정(260902): §10 — 재업로드 접수 확인 알림 미구현,R3 · 문서 근거만 있음,인쇄개발,-,규칙:M3 생산축 135행 — 전부 webadmin·MES 경계. 260616 IA 144 에는 없던 신설 축,"「재업로드 접수 확인 알림」을 담을 그릇(테이블·모듈·화면)이 생기고, webadmin 화면 + 라이브 DB + 출력물 에서 그 동작이 1회 관측된다"
STD-MFG-127,생산·공정,알림,편집상품 수정요청 알림(주문번호·편집번호·안내),new,작업 항목,,,N,N,[상위:STD-SYS-006] 후니프린팅_주문프로세스_20251001.pdf p.2 §02 || P1판정(260902): auto-vs-human §2.5 #68 「❌ 우리 몫 · 미구현」,R3 · 문서 근거만 있음,인쇄개발,-,규칙:M3 생산축 135행 — 전부 webadmin·MES 경계. 260616 IA 144 에는 없던 신설 축,"「편집상품 수정요청 알림(주문번호·편집번호·안내)」를 담을 그릇(테이블·모듈·화면)이 생기고, webadmin 화면 + 라이브 DB + 출력물 에서 그 동작이 1회 관측된다"
STD-MFG-128,생산·공정,알림,알림톡 템플릿 사전 심사·승인 관리,todo,작업 항목,,,N,N,[상위:STD-SYS-006] order-to-mes-process.md §10 실무 주의 || P1판정(260902): §10 실무 주의 「심사 기간 때문에 일정에 영향」 · §12-7 채널 미확정,R3 · 문서 근거만 있음 · 125·127 선행 · 외부 심사 리드타임,인쇄개발,-,규칙:M3 생산축 135행 — 전부 webadmin·MES 경계. 260616 IA 144 에는 없던 신설 축,webadmin 화면 + 라이브 DB + 출력물 에서 「알림톡 템플릿 사전 심사·승인 관리」가 1회 관측된다
STD-MFG-129,생산·공정,알림,알림톡 발송 실패 시 SMS/LMS 자동 대체,new,작업 항목,,,N,N,[상위:STD-SYS-006] order-to-mes-process.md §10 · §12-7 || P1판정(260902): §10 · §12-7 — SMS/LMS 대체 미구현,R3 · 문서 근거만 있음 · 128 종속,인쇄개발,-,규칙:M3 생산축 135행 — 전부 webadmin·MES 경계. 260616 IA 144 에는 없던 신설 축,"「알림톡 발송 실패 시 SMS/LMS 자동 대체」를 담을 그릇(테이블·모듈·화면)이 생기고, webadmin 화면 + 라이브 DB + 출력물 에서 그 동작이 1회 관측된다"
STD-MFG-130,생산·공정,알림,알림 발송 주체 경계 준수(주문·결제·배송=샵바이 / 파일=우리),todo,작업 항목,,,N,N,[상위:STD-SYS-006] order-to-mes-process.md §10 표 || P1판정(260902): §10 표 — 경계 자체는 문서로 확정(주문·결제·배송=샵바이 / 파일=우리),R3 · 문서 근거만 있음 · 125·127 구현 시 준수 확인 대상,인쇄개발,-,규칙:M3 생산축 135행 — 전부 webadmin·MES 경계. 260616 IA 144 에는 없던 신설 축,webadmin 화면 + 라이브 DB + 출력물 에서 「알림 발송 주체 경계 준수(주문·결제·배송=샵바이 / 파일=우…」가 1회 관측된다
STD-MFG-131,생산·공정,운영,단계별 체류 건수·DLQ 처리 현황 대시보드,new,작업 항목,,,N,N,[상위:STD-SYS-016] order-to-mes-process.md §11 5단계 || P1판정(260902): §11 5단계 「처리 현황 대시보드」 미체크 · 코드 0건,R3 · 문서 근거만 있음,인쇄개발,-,규칙:M3 생산축 135행 — 전부 webadmin·MES 경계. 260616 IA 144 에는 없던 신설 축,"「단계별 체류 건수·DLQ 처리 현황 대시보드」를 담을 그릇(테이블·모듈·화면)이 생기고, webadmin 화면 + 라이브 DB + 출력물 에서 그 동작이 1회 관측된다"
STD-MFG-132,생산·공정,운영,조직별 권한 관리(마스터/상품마케팅/발주/생산/출고/외주관리/회계경리),todo,오픈 무관,,,N,N,[상위:STD-SYS-002] 후니프린팅_주문프로세스_20251001.pdf p.4 §04 || P1판정(260902): PDF p.4 §04 조직 7종 — 현행 MES 권한 운영,R3 · 문서 근거만 있음 · 10/6 범위 「수동 대체」 — 현행 MES·수기 경로로 운영(auto-vs-human.md §2),인쇄개발,-,규칙:M3 생산축 135행 — 전부 webadmin·MES 경계. 260616 IA 144 에는 없던 신설 축,webadmin 화면 + 라이브 DB + 출력물 에서 「조직별 권한 관리(마스터/상품마케팅/발주/생산/출고/외주관리/…」가 현행 경로(MES·수기)로 1건 처리된 기록이 있다. 신규 시스템 이관은 10/6 범위 밖
STD-MFG-133,생산·공정,운영,오프라인 주문 등록(거래처별 EXCEL·금액 직접 입력),미판정,미판정,,,N,N,[상위:STD-ORD-027] 후니프린팅_주문프로세스_20251001.pdf p.4 §04 ★오프라인 주문 || P1판정(260902): auto-vs-human §5 A-6 「오프라인 주문이 신규 시스템 범위인지 범위 미결 — PM」,R3 · 문서 근거만 있음 · 판정 불가 사유 — A-6 PM 범위 미결,인쇄개발,-,규칙:M3 생산축 135행 — 전부 webadmin·MES 경계. 260616 IA 144 에는 없던 신설 축,판정 보류 — A-6 PM 범위 미결. 근거가 서면 그때 완료조건을 쓴다
STD-MFG-134,생산·공정,운영,거래처별 청구서 발행(오프라인주문·금액 포함),todo,오픈 무관,,,N,N,[상위:STD-B2B-006] 후니프린팅_주문프로세스_20251001.pdf p.4 §04 회계경리 || P1판정(260902): PDF p.4 §04 회계경리 — 현행 운영,R3 · 문서 근거만 있음 · 10/6 범위 「수동 대체」 — 현행 MES·수기 경로로 운영(auto-vs-human.md §2) · 돈 직결,인쇄개발,-,규칙:M3 생산축 135행 — 전부 webadmin·MES 경계. 260616 IA 144 에는 없던 신설 축,webadmin 화면 + 라이브 DB + 출력물 에서 「거래처별 청구서 발행(오프라인주문·금액 포함)」이 현행 경로(MES·수기)로 1건 처리된 기록이 있다. 신규 시스템 이관은 10/6 범위 밖
STD-MFG-135,생산·공정,운영,세금계산서 발행여부·발행날짜 정보 보관,todo,오픈 무관,,,N,N,[상위:STD-B2B-012] 후니프린팅_주문프로세스_20251001.pdf p.7 §08 || P1판정(260902): PDF p.7 §08 — 현행 운영,R3 · 문서 근거만 있음 · 10/6 범위 「수동 대체」 — 현행 MES·수기 경로로 운영(auto-vs-human.md §2) · 돈 직결,인쇄개발,-,규칙:M3 생산축 135행 — 전부 webadmin·MES 경계. 260616 IA 144 에는 없던 신설 축,webadmin 화면 + 라이브 DB + 출력물 에서 「세금계산서 발행여부·발행날짜 정보 보관」이 현행 경로(MES·수기)로 1건 처리된 기록이 있다. 신규 시스템 이관은 10/6 범위 밖
STD-MYP-017,마이페이지,대시보드,마이페이지 메인 대시보드(주문요약·프린팅머니·쿠폰 한눈에),done,작업 항목,F-029;IA-029;SCOPE-029,SB-044,Y,N,"L3/legacy-normalized.json#F-029,IA-029,SCOPE-029 · _workspace/huni-launch-scope/02_gap/fit-gap-matrix.csv:30 · docs/huni/후니프린팅_통합IA_일정_역할분담_260616.xlsx#02_IA마스터!A30:K30 · L2/as-is-inventory.csv#SB-044 huni-skin-shopby/src/components/mypage/dashboard-section.tsx:17-59",R2 · L2 실측 행 승계,쇼핑개발,web,규칙:같은 근거 — 마이페이지는 샵바이 스토어프론트 화면,"huni-skin-shopby/src/components/mypage/dashboard-section.tsx:17-59 에 구현이 있고, 라이브 화면(테스트 계정) 에서 「마이페이지 메인 대시보드(주문요약·프린팅머니·쿠폰 한눈에)」 결과에 표시된 금액이 권위값과 원 단위까지 같은 것이 1건 확인된다"
STD-MYP-018,마이페이지,대시보드,마이페이지 서브메인(기능군 랜딩) 화면,done,작업 항목,F-030;IA-030;SCOPE-030,,N,N,"L3/legacy-normalized.json#F-030,IA-030,SCOPE-030 · _workspace/huni-launch-scope/02_gap/fit-gap-matrix.csv:31 · docs/huni/후니프린팅_통합IA_일정_역할분담_260616.xlsx#02_IA마스터!A31:K31 || P1판정(260902): huni-skin-shopby/src/app/(main)/mypage/page.tsx:10 DashboardSection · layout.tsx (중첩 라우트 전환)",R3 · 문서 근거만 있음 · 코드 경로 존재 = done · 운영 성공 아님(라이브 실행 0건),쇼핑개발,web,규칙:같은 근거 — 마이페이지는 샵바이 스토어프론트 화면,"/mypage/page.tsx:10 에 구현이 있고, 라이브 화면(테스트 계정) 에서 「마이페이지 서브메인(기능군 랜딩) 화면」이 1회 관측된다"
STD-MYP-019,마이페이지,대시보드,마이페이지 통합 검색결과 LIST 화면,new,작업 항목,F-031;IA-031;SCOPE-031,,N,N,"L3/legacy-normalized.json#F-031,IA-031,SCOPE-031 · _workspace/huni-launch-scope/02_gap/fit-gap-matrix.csv:32 · docs/huni/후니프린팅_통합IA_일정_역할분담_260616.xlsx#02_IA마스터!A32:K32 || P1판정(260902): huni-skin-shopby 전수 grep 'mypage.*search' 0건(260902) — 마이페이지 통합 검색 라우트 없음",R3 · 문서 근거만 있음 · 구 사이트 F-031 · 신규 미이관,쇼핑개발,web,규칙:같은 근거 — 마이페이지는 샵바이 스토어프론트 화면,"「마이페이지 통합 검색결과 LIST 화면」을 담을 그릇(테이블·모듈·화면)이 생기고, 라이브 화면(테스트 계정) 에서 그 동작이 1회 관측된다"
STD-CAT-023,상품·카탈로그,상품,상품 기본정보 세팅·로드(상품코드·주문가능여부·회원전용 노출 게이팅),partial,작업 항목,F-032;IA-032;SCOPE-032,,N,N,"L3/legacy-normalized.json#F-032,IA-032,SCOPE-032 · _workspace/huni-launch-scope/02_gap/fit-gap-matrix.csv:33 · docs/huni/후니프린팅_통합IA_일정_역할분담_260616.xlsx#02_IA마스터!A33:K33 || P1판정(260902): huni-skin-shopby/src/lib/api/server/catalog.ts:128,179 filter.saleStatus=ONSALE (주문가능여부 게이팅 실재)",R3 · 문서 근거만 있음 · 회원전용 노출 게이팅(memberOnly) grep 0건 — 미구현 · 안 되는 부분: 회원전용 노출 게이팅(memberOnly) grep 0건 — 미구현 (출처 비고),쇼핑개발,web,규칙:260616 01_역할정의 「쇼핑몰 사용자 전반」 · 카탈로그 노출은 샵바이 스토어프론트,"이미 되는 부분은 라이브 스토어프론트 화면 에서 확인되고, 남은 부분(회원전용 노출 게이팅(memberOnly) grep 0건 — 미구현)이 라이브 스토어프론트 화면 에서 「상품 기본정보 세팅·로드(상품코드·주문가능여부·회원전용 노출 …」이 1회 관측된다"
STD-CAT-024,상품·카탈로그,상품군,포장재 상품군 주문 경로(전용 옵션·주문 흐름),미판정,미판정,F-091;IA-091;SCOPE-091,,Y,Y,"L3/legacy-normalized.json#F-091,IA-091,SCOPE-091 · _workspace/huni-launch-scope/02_gap/fit-gap-matrix.csv:92 · docs/huni/후니프린팅_통합IA_일정_역할분담_260616.xlsx#02_IA마스터!A92:K92 || P1판정(260902): huni-skin-shopby 에 「포장재」 전용 경로 grep 0건 · 샵바이 카테고리로 흡수됐는지 미확인",R3 · 문서 근거만 있음 · 판정 불가 사유 — 셀러어드민 카테고리 확인 필요(접속 보류),쇼핑개발,web,규칙:260616 01_역할정의 「쇼핑몰 사용자 전반」 · 카탈로그 노출은 샵바이 스토어프론트,판정 보류 — 셀러어드민 카테고리 확인 필요(접속 보류). 근거가 서면 그때 완료조건을 쓴다
STD-CAT-025,상품·카탈로그,상품군,굿즈 상품군 주문 경로(파우치·백 포함),partial,작업 항목,F-092;IA-092;SCOPE-092,,N,Y,"L3/legacy-normalized.json#F-092,IA-092,SCOPE-092 · _workspace/huni-launch-scope/02_gap/fit-gap-matrix.csv:93 · docs/huni/후니프린팅_통합IA_일정_역할분담_260616.xlsx#02_IA마스터!A93:K93 || P1판정(260902): huni-skin-shopby/src/components/home/home-content.ts:120 「아크릴굿즈」 메뉴 실재 — 카탈로그 노출은 됨",R3 · 문서 근거만 있음 · 굿즈 전용 주문 경로(파우치·백)는 전용 컨피규레이터 grep 0건 · 안 되는 부분: 백)는 전용 컨피규레이터 grep 0건 (출처 비고),쇼핑개발,web,규칙:260616 01_역할정의 「쇼핑몰 사용자 전반」 · 카탈로그 노출은 샵바이 스토어프론트,"이미 되는 부분은 라이브 스토어프론트 화면 에서 확인되고, 남은 부분(백)는 전용 컨피규레이터 grep 0건)이 라이브 스토어프론트 화면 에서 「굿즈 상품군 주문 경로(파우치·백 포함)」 결과에 표시된 금액이 권위값과 원 단위까지 같은 것이 1건 확인된다"
STD-CAT-026,상품·카탈로그,상품군,수작 상품 메인·상품페이지 경로,미판정,미판정,F-093;IA-093;SCOPE-093,,N,N,"L3/legacy-normalized.json#F-093,IA-093,SCOPE-093 · _workspace/huni-launch-scope/02_gap/fit-gap-matrix.csv:94 · docs/huni/후니프린팅_통합IA_일정_역할분담_260616.xlsx#02_IA마스터!A94:K94 || P1판정(260902): huni-skin-shopby 에 「수작」 grep 0건 · 상품 등록 여부는 셀러어드민 확인 필요",R3 · 문서 근거만 있음 · 판정 불가 사유 — 셀러어드민 접속 보류,쇼핑개발,web,규칙:260616 01_역할정의 「쇼핑몰 사용자 전반」 · 카탈로그 노출은 샵바이 스토어프론트,판정 보류 — 셀러어드민 접속 보류. 근거가 서면 그때 완료조건을 쓴다
STD-OPT-056,옵션·견적,인쇄옵션,캘린더 가공·장수(월수) 선택,done,작업 항목,F-045;IA-045;SCOPE-045,,N,N,"L3/legacy-normalized.json#F-045,IA-045,SCOPE-045 · _workspace/huni-launch-scope/02_gap/fit-gap-matrix.csv:46 · docs/huni/후니프린팅_통합IA_일정_역할분담_260616.xlsx#02_IA마스터!A46:K46 || P1판정(260902): huni-skin-shopby/src/components/product/configurators/calendar-configurator.tsx:167 장수 · :196 캘린더 가공",R3 · 문서 근거만 있음 · 코드 경로 존재 = done · 운영 성공 아님(라이브 실행 0건),인쇄개발,-,규칙:260616 01_역할정의 「고객 인쇄상품 옵션위젯·실시간가격(3엔진)·가이드·견적」,"huni-skin-shopby/src/components/product/configurators/calendar-configurator.tsx:167 에 구현이 있고, 위젯 실화면 + 가격 시뮬레이터 에서 「캘린더 가공·장수(월수) 선택」이 1회 관측된다"
STD-OPT-057,옵션·견적,가이드,규격 가이드 모달(사이즈 안내 팝업),new,작업 항목,IA-057;SCOPE-057,,N,N,"L3/legacy-normalized.json#IA-057,SCOPE-057 · docs/huni/후니프린팅_통합IA_일정_역할분담_260616.xlsx#02_IA마스터!A58:K58 || P1판정(260902): huni-skin-shopby 에 규격 가이드 모달 컴포넌트 grep 0건 · guide-data.ts:90 은 가이드 문서(모달 아님)",R3 · 문서 근거만 있음 · 구 사이트 IA-057 · 신규 미이관,인쇄개발,-,규칙:260616 01_역할정의 「고객 인쇄상품 옵션위젯·실시간가격(3엔진)·가이드·견적」,"「규격 가이드 모달(사이즈 안내 팝업)」을 담을 그릇(테이블·모듈·화면)이 생기고, 위젯 실화면 + 가격 시뮬레이터 에서 그 동작이 1회 관측된다"
STD-OPT-058,옵션·견적,가이드,주문가능 자재(용지) 목록 모달,new,작업 항목,F-059;IA-059;SCOPE-059,,N,Y,"L3/legacy-normalized.json#F-059,IA-059,SCOPE-059 · _workspace/huni-launch-scope/02_gap/fit-gap-matrix.csv:60 · docs/huni/후니프린팅_통합IA_일정_역할분담_260616.xlsx#02_IA마스터!A60:K60 || P1판정(260902): huni-skin-shopby 에 「주문가능 자재(용지) 목록 모달」 컴포넌트 grep 0건 · guide-data.ts:161,170 은 가이드 문서",R3 · 문서 근거만 있음 · 구 사이트 F-059 · 신규 미이관,인쇄개발,-,규칙:260616 01_역할정의 「고객 인쇄상품 옵션위젯·실시간가격(3엔진)·가이드·견적」,"「주문가능 자재(용지) 목록 모달」을 담을 그릇(테이블·모듈·화면)이 생기고, 위젯 실화면 + 가격 시뮬레이터 에서 「주문가능 자재(용지) 목록 모달」 결과에 표시된 금액이 권위값과 원 단위까지 같은 것이 1건 확인된다"
STD-ART-029,원고·파일,업로드,가변데이터 인쇄(VDP) 데이터 업로드·병합,new,작업 항목,F-055;IA-055;SCOPE-055,,N,N,"L3/legacy-normalized.json#F-055,IA-055,SCOPE-055 · _workspace/huni-launch-scope/02_gap/fit-gap-matrix.csv:56 · docs/huni/후니프린팅_통합IA_일정_역할분담_260616.xlsx#02_IA마스터!A56:K56 || P1판정(260902): huni-skin-shopby 전수 grep 'vdp|가변데이터' 0건(260902)",R3 · 문서 근거만 있음 · 구 사이트 F-055 · 신규 미이관,인쇄개발,-,규칙:ARCHITECTURE-v2 §10.1 A-1·A-2 철회 — 파일업로드·에디터 호출이 위젯(webadmin,"「가변데이터 인쇄(VDP) 데이터 업로드·병합」을 담을 그릇(테이블·모듈·화면)이 생기고, 위젯 드롭존 + t_ord_artworks 에서 그 동작이 1회 관측된다"
STD-ORD-028,장바구니·주문,주문,선택옵션→주문 데이터 변환(확정 사양의 주문항목 생성),done,작업 항목,F-062;IA-062;SCOPE-062,,Y,Y,"L3/legacy-normalized.json#F-062,IA-062,SCOPE-062 · _workspace/huni-launch-scope/02_gap/fit-gap-matrix.csv:63 · docs/huni/후니프린팅_통합IA_일정_역할분담_260616.xlsx#02_IA마스터!A63:K63 · 돈Y·주문Y·1차 || P1판정(260902): huni-skin-shopby/src/lib/api/hooks/use-cart.ts:197 (handoff token/payload 를 라인에 실음) · app/api/printly/requote/route.ts:16",R3 · 문서 근거만 있음 · 코드 경로 존재 = done · 운영 성공 아님(라이브 실행 0건) · 호출측 S2S 는 이 행이 아니다 — 신설 STD-ORD-030 이 맡는다(lead 지시 09-02),쇼핑개발,web,규칙:260616 01_역할정의 「주문전환·플로팅·장바구니」 F1~F4,"huni-skin-shopby/src/lib/api/hooks/use-cart.ts:197 에 구현이 있고, 라이브 장바구니 화면 + 샵바이 주문 API 응답 에서 「선택옵션→주문 데이터 변환(확정 사양의 주문항목 생성)」 결과에 표시된 금액이 권위값과 원 단위까지 같은 것이 1건 확인된다"
STD-PAY-019,결제,결제수단,수동카드결제(키인·가상단말 · PC+모바일),new,작업 항목,IA-074;SCOPE-074,,N,N,"L3/legacy-normalized.json#F-074,IA-074,SCOPE-074 · _workspace/huni-launch-scope/02_gap/fit-gap-matrix.csv:75 · docs/huni/후니프린팅_통합IA_일정_역할분담_260616.xlsx#02_IA마스터!A75:K75 || P1판정(260902): huni-skin-shopby 전수 grep '키인|manualCard|가상단말' 0건(260902)",R3 · 문서 근거만 있음 · 구 사이트 F-074 · 운영자 수동카드결제 — 신규 미이관,PM,-,규칙:N1 open-questions D-1 「어떤 결제수단을 열 것인가 — 결정 기록 자체가 없다」 · 원천사 ,"「수동카드결제(키인·가상단말 · PC+모바일)」을 담을 그릇(테이블·모듈·화면)이 생기고, 결제 화면 + 이니시스 가맹점관리자 에서 그 동작이 1회 관측된다"
STD-INF-001,정보·콘텐츠,회사정보,회사소개 페이지,done,작업 항목,IA-083;SCOPE-083,SB-058,N,N,"L3/legacy-normalized.json#IA-083,SCOPE-083 · docs/huni/후니프린팅_통합IA_일정_역할분담_260616.xlsx#02_IA마스터!A84:K84 · L2/as-is-inventory.csv#SB-058 huni-skin-shopby/src/app/(main)/company/page.tsx:1",R2 · L2 실측 행 승계,PM(작성)+쇼핑개발,builder(게시),예외:같은 근거,"/company/page.tsx:1 에 구현이 있고, 라이브 페이지 URL 에서 「회사소개 페이지」가 1회 관측된다"
STD-INF-002,정보·콘텐츠,회사정보,찾아오시는 길(약도·교통 안내),done,작업 항목,IA-086;SCOPE-086,SB-058,N,N,"L3/legacy-normalized.json#IA-086,SCOPE-086 · docs/huni/후니프린팅_통합IA_일정_역할분담_260616.xlsx#02_IA마스터!A87:K87 · L2/as-is-inventory.csv#SB-058 huni-skin-shopby/src/app/(main)/location/page.tsx:1",R2 · L2 실측 행 승계,PM(작성)+쇼핑개발,builder(게시),예외:같은 근거,"/location/page.tsx:1 에 구현이 있고, 라이브 페이지 URL 에서 「찾아오시는 길(약도·교통 안내)」가 1회 관측된다"
STD-INF-003,정보·콘텐츠,약관·정책,이용약관 페이지 게시,done,작업 항목,IA-084;SCOPE-084,SB-057,N,N,"L3/legacy-normalized.json#IA-084,SCOPE-084 · docs/huni/후니프린팅_통합IA_일정_역할분담_260616.xlsx#02_IA마스터!A85:K85 · L2/as-is-inventory.csv#SB-057 huni-skin-shopby/src/app/(main)/terms/page.tsx:1",R2 · L2 실측 행 승계 · lead 결정 1 · 재매핑 권고 반영,PM(작성)+쇼핑개발,builder(게시),예외:PM 이 문안을 쓰고 게시 화면은 빌더 — 이중 배정,"/terms/page.tsx:1 에 구현이 있고, 라이브 페이지 URL 에서 「이용약관 페이지 게시」가 1회 관측된다"
STD-INF-004,정보·콘텐츠,약관·정책,개인정보처리방침 페이지 게시,done,작업 항목,IA-085;SCOPE-085,SB-057,N,N,"L3/legacy-normalized.json#IA-085,SCOPE-085 · docs/huni/후니프린팅_통합IA_일정_역할분담_260616.xlsx#02_IA마스터!A86:K86 · L2/as-is-inventory.csv#SB-057 huni-skin-shopby/src/app/(main)/privacy/page.tsx:1 · src/lib/legal/markdown.ts:1",R2 · L2 실측 행 승계 · lead 결정 1 · 재매핑 권고 반영,PM(작성)+쇼핑개발,builder(게시),예외:같은 근거,"/privacy/page.tsx:1 에 구현이 있고, 라이브 페이지 URL 에서 「개인정보처리방침 페이지 게시」가 1회 관측된다"
STD-ADC-015,운영자·회원CS,게시판,매장(거래처) 게시판 관리,new,작업 항목,F-096;IA-096;SCOPE-096,,N,N,"L3/legacy-normalized.json#F-096,IA-096,SCOPE-096 · _workspace/huni-launch-scope/02_gap/fit-gap-matrix.csv:97 · docs/huni/후니프린팅_통합IA_일정_역할분담_260616.xlsx#02_IA마스터!A97:K97 || P1판정(260902): huni-skin-shopby 전수 grep '거래처 게시판|매장' 0건 · 운영자 기능은 셀러어드민 소관",R3 · 문서 근거만 있음 · 구 사이트 F-096 · 신규 미이관,쇼핑개발,web,규칙:260616 01_역할정의 「관리자 커머스 운영」,"「매장(거래처) 게시판 관리」를 담을 그릇(테이블·모듈·화면)이 생기고, 셀러어드민 회원·게시판 화면 에서 그 동작이 1회 관측된다"
STD-ADC-016,운영자·회원CS,게시판,체험단 모집·신청내역 관리(운영자),new,작업 항목,IA-121;SCOPE-121,,N,N,"L3/legacy-normalized.json#F-121,IA-121,SCOPE-121 · _workspace/huni-launch-scope/02_gap/fit-gap-matrix.csv:122 · docs/huni/후니프린팅_통합IA_일정_역할분담_260616.xlsx#02_IA마스터!A122:K122 || P1판정(260902): huni-skin-shopby 전수 grep '체험단' 0건",R3 · 문서 근거만 있음 · 구 사이트 F-121 · 신규 미이관,쇼핑개발,web,규칙:260616 01_역할정의 「관리자 커머스 운영」,"「체험단 모집·신청내역 관리(운영자)」를 담을 그릇(테이블·모듈·화면)이 생기고, 셀러어드민 회원·게시판 화면 에서 그 동작이 1회 관측된다"
STD-ADP-034,운영자·상품가격,상품,수작 상품 등록,미판정,미판정,F-111;IA-111;SCOPE-111,,N,N,"L3/legacy-normalized.json#F-111,IA-111,SCOPE-111 · _workspace/huni-launch-scope/02_gap/fit-gap-matrix.csv:112 · docs/huni/후니프린팅_통합IA_일정_역할분담_260616.xlsx#02_IA마스터!A112:K112 || P1판정(260902): 수작 상품 등록은 셀러어드민 상품 등록 화면 소관 — 접속 보류로 확인 불가",R3 · 문서 근거만 있음 · 판정 불가 사유 — 셀러어드민 접속 보류(STD-CAT-026 과 한 쌍),인쇄개발,-,규칙:260616 01_역할정의 「관리자 상품관리(상품·사이즈·소재·용지·가격)」,판정 보류 — 셀러어드민 접속 보류(STD-CAT-026 과 한 쌍). 근거가 서면 그때 완료조건을 쓴다
STD-ADP-035,운영자·상품가격,상품,디자인 상품 등록,미판정,미판정,F-113;IA-113;SCOPE-113,,N,N,"L3/legacy-normalized.json#F-113,IA-113,SCOPE-113 · _workspace/huni-launch-scope/02_gap/fit-gap-matrix.csv:114 · docs/huni/후니프린팅_통합IA_일정_역할분담_260616.xlsx#02_IA마스터!A114:K114 || P1판정(260902): 디자인 상품 등록은 셀러어드민 상품 등록 화면 소관 — 접속 보류로 확인 불가",R3 · 문서 근거만 있음 · 판정 불가 사유 — 셀러어드민 접속 보류,인쇄개발,-,규칙:260616 01_역할정의 「관리자 상품관리(상품·사이즈·소재·용지·가격)」,판정 보류 — 셀러어드민 접속 보류. 근거가 서면 그때 완료조건을 쓴다
STD-MFG-136,생산·공정,MES연동,샵바이 웹훅 이벤트 수신 후 소비(결제완료 → 주문 상태 반영 · 생산 전환 착수),todo,작업 항목,,,Y,Y,L0/N3/ARCHITECTURE-v2.md §10 A-9 · raw/webadmin/webadmin/config/urls.py:271 (수신 엔드포인트 실재) · raw/webadmin/webadmin/catalog/shopby_hook.py (수신함만 · 소비자 grep 0건),신규 유입 · 수신함은 라이브인데 소비자가 0줄이다. 결제→생산 전환의 유일한 입구,인쇄개발,-,규칙:M3 생산축 135행 — 전부 webadmin·MES 경계. 260616 IA 144 에는 없던 신설 축,"webadmin 화면 + 라이브 DB + 출력물 에서 「샵바이 웹훅 이벤트 수신 후 소비(결제완료 → 주문 상태 반영…」 로 저장한 값이 라이브 DB 1행으로 조회되고, 그 값이 가격 계산 결과에 원 단위까지 반영된 것이 1건 확인된다"
STD-ORD-029,장바구니·주문,주문서,결제 직전 재견적(최종 금액을 다시 확정하고 결제로 넘김),todo,작업 항목,,,Y,Y,L0/N3/ARCHITECTURE-v2.md §10 A-15 (cart/* 미채택 · order/register 미호출 · 결제 직전 재견적 누락),신규 유입 · STD-OPT-043(옵션 변경 시 재견적)과 다른 지점이다 — 결제 진입 순간의 금액 확정 · order/register 미호출은 이 행의 근거로만 적혀 있었다 — 호출 자체는 신설 STD-ORD-030,쇼핑개발,web,규칙:260616 01_역할정의 「주문전환·플로팅·장바구니」 F1~F4,라이브 장바구니 화면 + 샵바이 주문 API 응답 에서 「결제 직전 재견적(최종 금액을 다시 확정하고 결제로 넘김)」 결과에 표시된 금액이 권위값과 원 단위까지 같은 것이 1건 확인된다
STD-ORD-030,장바구니·주문,주문,주문 생성 직후 후니 주문등록 S2S 호출(order/register),todo,작업 항목,,,Y,Y,L0/M2/interface-6.md I-4 · L0/N3/ARCHITECTURE-v2.md §10 A-15 (cart/* 미채택 · order/register 미호출) · L0/M2/contract-c2-shopby.md:396 저장소 전체 grep 결과 `order/register`·`X-Huni-Server-Key` 0건 · 수신측은 raw/webadmin/webadmin/config/urls.py:267 에 이미 있다,신설(lead 지시 09-02 · Q3 원장 갭) — 호출측 행이 v2 504행에 없었다. 중복 신설 판단: F-062(STD-ORD-028 선택옵션→주문 데이터 변환)는 사양을 만드는 일이고 이 행은 만든 사양을 후니로 보내는 일이라 기능이 다르다 · STD-MFG-001 은 받는 쪽(인쇄개발) · STD-ORD-029 는 결제 직전 재견적 · 상태는 lead 지시대로 `todo`(L5/Q3/DEV-REQUEST-02 §6 제안은 `new` 였다 — 주문 흐름 자체는 서 있고 이 호출만 빠진 상태라 todo 를 택했다) · 개발 전달 문서 L5/Q3/DEV-REQUEST-02-order-register.md · 안 되는 부분: 자사몰에서 이 호출을 하는 코드가 0건이다,쇼핑개발,web,규칙:260616 01_역할정의 「주문/결제 플로우」 · 호출 주체가 자사몰(shopby 저장소)이다,"무통장 주문 1건을 넣은 뒤 후니 라이브 DB `t_ord_orders` 에 그 주문번호로 1행이 조회되고, 그 행의 금액이 위젯 견적가와 원 단위까지 같은 것이 1건 확인된다"
STD-SYS-023,시스템·플랫폼,연동,담기 전달값의 민감정보 비노출·서명 검증(계약 준수),todo,작업 항목,,,N,Y,L0/N3/ARCHITECTURE-v2.md §10 A-13 (토큰·원고 저장키·프로젝트 식별자 평문 노출) · §3.2 · §8 I-2,신규 유입 · 계약이 이미 정답을 갖고 있고 구현만 어긋나 있다,쇼핑개발,web,규칙:플랫폼 연동·권한·설정은 shopby 저장소 경계(L2 service-dependency 18종 call_s,"코드 + 로그 + 응답 에서 「담기 전달값의 민감정보 비노출·서명 검증(계약 준수)」 로 저장한 값이 라이브 DB 1행으로 조회되고, 그 값이 가격 계산 결과에 원 단위까지 반영된 것이 1건 확인된다"
