kind,prd_cd,prd_nm,frm_cd,disp_seq,comp_cd,comp_nm,prc_typ_cd,siz_cd,siz_nm,siz_width,siz_height,opt_cd,mat_cd,proc_cd,min_qty,unit_price,opt_nm,mat_nm
main,PRD_000118,아트프린트포스터,PRF_POSTER_ARTPRINT,1,COMP_POSTER_ARTPRINT_PHOTO,실사 완제품가 (아트프린트포스터·접착방수포스터·아트패브릭포스터·방수포스터),PRICE_TYPE.01,,,600.00,600.00,,,,,12000.00,,
main,PRD_000118,아트프린트포스터,PRF_POSTER_ARTPRINT,1,COMP_POSTER_ARTPRINT_PHOTO,실사 완제품가 (아트프린트포스터·접착방수포스터·아트패브릭포스터·방수포스터),PRICE_TYPE.01,,,1000.00,2800.00,,,,,56000.00,,
main,PRD_000118,아트프린트포스터,PRF_POSTER_ARTPRINT,1,COMP_POSTER_ARTPRINT_PHOTO,실사 완제품가 (아트프린트포스터·접착방수포스터·아트패브릭포스터·방수포스터),PRICE_TYPE.01,,,600.00,2600.00,,,,,31200.00,,
main,PRD_000118,아트프린트포스터,PRF_POSTER_ARTPRINT,1,COMP_POSTER_ARTPRINT_PHOTO,실사 완제품가 (아트프린트포스터·접착방수포스터·아트패브릭포스터·방수포스터),PRICE_TYPE.01,,,800.00,800.00,,,,,20000.00,,
main,PRD_000118,아트프린트포스터,PRF_POSTER_ARTPRINT,1,COMP_POSTER_ARTPRINT_PHOTO,실사 완제품가 (아트프린트포스터·접착방수포스터·아트패브릭포스터·방수포스터),PRICE_TYPE.01,,,1200.00,1400.00,,,,,33600.00,,
main,PRD_000118,아트프린트포스터,PRF_POSTER_ARTPRINT,1,COMP_POSTER_ARTPRINT_PHOTO,실사 완제품가 (아트프린트포스터·접착방수포스터·아트패브릭포스터·방수포스터),PRICE_TYPE.01,,,1000.00,1000.00,,,,,20000.00,,
main,PRD_000118,아트프린트포스터,PRF_POSTER_ARTPRINT,1,COMP_POSTER_ARTPRINT_PHOTO,실사 완제품가 (아트프린트포스터·접착방수포스터·아트패브릭포스터·방수포스터),PRICE_TYPE.01,,,1200.00,800.00,,,,,20000.00,,
main,PRD_000118,아트프린트포스터,PRF_POSTER_ARTPRINT,1,COMP_POSTER_ARTPRINT_PHOTO,실사 완제품가 (아트프린트포스터·접착방수포스터·아트패브릭포스터·방수포스터),PRICE_TYPE.01,,,1200.00,2000.00,,,,,48000.00,,
main,PRD_000118,아트프린트포스터,PRF_POSTER_ARTPRINT,1,COMP_POSTER_ARTPRINT_PHOTO,실사 완제품가 (아트프린트포스터·접착방수포스터·아트패브릭포스터·방수포스터),PRICE_TYPE.01,,,600.00,3000.00,,,,,36000.00,,
main,PRD_000118,아트프린트포스터,PRF_POSTER_ARTPRINT,1,COMP_POSTER_ARTPRINT_PHOTO,실사 완제품가 (아트프린트포스터·접착방수포스터·아트패브릭포스터·방수포스터),PRICE_TYPE.01,,,800.00,3000.00,,,,,48000.00,,
main,PRD_000118,아트프린트포스터,PRF_POSTER_ARTPRINT,1,COMP_POSTER_ARTPRINT_PHOTO,실사 완제품가 (아트프린트포스터·접착방수포스터·아트패브릭포스터·방수포스터),PRICE_TYPE.01,,,1200.00,2400.00,,,,,57600.00,,
main,PRD_000118,아트프린트포스터,PRF_POSTER_ARTPRINT,1,COMP_POSTER_ARTPRINT_PHOTO,실사 완제품가 (아트프린트포스터·접착방수포스터·아트패브릭포스터·방수포스터),PRICE_TYPE.01,,,600.00,1600.00,,,,,20000.00,,
main,PRD_000118,아트프린트포스터,PRF_POSTER_ARTPRINT,1,COMP_POSTER_ARTPRINT_PHOTO,실사 완제품가 (아트프린트포스터·접착방수포스터·아트패브릭포스터·방수포스터),PRICE_TYPE.01,,,1000.00,600.00,,,,,20000.00,,
main,PRD_000118,아트프린트포스터,PRF_POSTER_ARTPRINT,1,COMP_POSTER_ARTPRINT_PHOTO,실사 완제품가 (아트프린트포스터·접착방수포스터·아트패브릭포스터·방수포스터),PRICE_TYPE.01,,,1200.00,1200.00,,,,,28800.00,,
main,PRD_000118,아트프린트포스터,PRF_POSTER_ARTPRINT,1,COMP_POSTER_ARTPRINT_PHOTO,실사 완제품가 (아트프린트포스터·접착방수포스터·아트패브릭포스터·방수포스터),PRICE_TYPE.01,,,800.00,1400.00,,,,,22400.00,,
main,PRD_000118,아트프린트포스터,PRF_POSTER_ARTPRINT,1,COMP_POSTER_ARTPRINT_PHOTO,실사 완제품가 (아트프린트포스터·접착방수포스터·아트패브릭포스터·방수포스터),PRICE_TYPE.01,,,1000.00,1200.00,,,,,24000.00,,
main,PRD_000118,아트프린트포스터,PRF_POSTER_ARTPRINT,1,COMP_POSTER_ARTPRINT_PHOTO,실사 완제품가 (아트프린트포스터·접착방수포스터·아트패브릭포스터·방수포스터),PRICE_TYPE.01,,,1200.00,600.00,,,,,20000.00,,
main,PRD_000118,아트프린트포스터,PRF_POSTER_ARTPRINT,1,COMP_POSTER_ARTPRINT_PHOTO,실사 완제품가 (아트프린트포스터·접착방수포스터·아트패브릭포스터·방수포스터),PRICE_TYPE.01,,,800.00,1800.00,,,,,28800.00,,
main,PRD_000118,아트프린트포스터,PRF_POSTER_ARTPRINT,1,COMP_POSTER_ARTPRINT_PHOTO,실사 완제품가 (아트프린트포스터·접착방수포스터·아트패브릭포스터·방수포스터),PRICE_TYPE.01,,,600.00,2200.00,,,,,26400.00,,
main,PRD_000118,아트프린트포스터,PRF_POSTER_ARTPRINT,1,COMP_POSTER_ARTPRINT_PHOTO,실사 완제품가 (아트프린트포스터·접착방수포스터·아트패브릭포스터·방수포스터),PRICE_TYPE.01,,,1200.00,1800.00,,,,,43200.00,,
main,PRD_000118,아트프린트포스터,PRF_POSTER_ARTPRINT,1,COMP_POSTER_ARTPRINT_PHOTO,실사 완제품가 (아트프린트포스터·접착방수포스터·아트패브릭포스터·방수포스터),PRICE_TYPE.01,,,1200.00,1000.00,,,,,24000.00,,
main,PRD_000118,아트프린트포스터,PRF_POSTER_ARTPRINT,1,COMP_POSTER_ARTPRINT_PHOTO,실사 완제품가 (아트프린트포스터·접착방수포스터·아트패브릭포스터·방수포스터),PRICE_TYPE.01,,,1000.00,2600.00,,,,,52000.00,,
main,PRD_000118,아트프린트포스터,PRF_POSTER_ARTPRINT,1,COMP_POSTER_ARTPRINT_PHOTO,실사 완제품가 (아트프린트포스터·접착방수포스터·아트패브릭포스터·방수포스터),PRICE_TYPE.01,,,600.00,1200.00,,,,,20000.00,,
main,PRD_000118,아트프린트포스터,PRF_POSTER_ARTPRINT,1,COMP_POSTER_ARTPRINT_PHOTO,실사 완제품가 (아트프린트포스터·접착방수포스터·아트패브릭포스터·방수포스터),PRICE_TYPE.01,,,800.00,2400.00,,,,,38400.00,,
main,PRD_000118,아트프린트포스터,PRF_POSTER_ARTPRINT,1,COMP_POSTER_ARTPRINT_PHOTO,실사 완제품가 (아트프린트포스터·접착방수포스터·아트패브릭포스터·방수포스터),PRICE_TYPE.01,,,600.00,2400.00,,,,,28800.00,,
main,PRD_000118,아트프린트포스터,PRF_POSTER_ARTPRINT,1,COMP_POSTER_ARTPRINT_PHOTO,실사 완제품가 (아트프린트포스터·접착방수포스터·아트패브릭포스터·방수포스터),PRICE_TYPE.01,,,1200.00,1600.00,,,,,38400.00,,
main,PRD_000118,아트프린트포스터,PRF_POSTER_ARTPRINT,1,COMP_POSTER_ARTPRINT_PHOTO,실사 완제품가 (아트프린트포스터·접착방수포스터·아트패브릭포스터·방수포스터),PRICE_TYPE.01,,,1000.00,1600.00,,,,,32000.00,,
main,PRD_000118,아트프린트포스터,PRF_POSTER_ARTPRINT,1,COMP_POSTER_ARTPRINT_PHOTO,실사 완제품가 (아트프린트포스터·접착방수포스터·아트패브릭포스터·방수포스터),PRICE_TYPE.01,,,600.00,1000.00,,,,,20000.00,,
main,PRD_000118,아트프린트포스터,PRF_POSTER_ARTPRINT,1,COMP_POSTER_ARTPRINT_PHOTO,실사 완제품가 (아트프린트포스터·접착방수포스터·아트패브릭포스터·방수포스터),PRICE_TYPE.01,,,1000.00,800.00,,,,,20000.00,,
main,PRD_000118,아트프린트포스터,PRF_POSTER_ARTPRINT,1,COMP_POSTER_ARTPRINT_PHOTO,실사 완제품가 (아트프린트포스터·접착방수포스터·아트패브릭포스터·방수포스터),PRICE_TYPE.01,,,1000.00,3000.00,,,,,60000.00,,
main,PRD_000118,아트프린트포스터,PRF_POSTER_ARTPRINT,1,COMP_POSTER_ARTPRINT_PHOTO,실사 완제품가 (아트프린트포스터·접착방수포스터·아트패브릭포스터·방수포스터),PRICE_TYPE.01,,,1200.00,2800.00,,,,,67200.00,,
main,PRD_000118,아트프린트포스터,PRF_POSTER_ARTPRINT,1,COMP_POSTER_ARTPRINT_PHOTO,실사 완제품가 (아트프린트포스터·접착방수포스터·아트패브릭포스터·방수포스터),PRICE_TYPE.01,,,800.00,2200.00,,,,,35200.00,,
main,PRD_000118,아트프린트포스터,PRF_POSTER_ARTPRINT,1,COMP_POSTER_ARTPRINT_PHOTO,실사 완제품가 (아트프린트포스터·접착방수포스터·아트패브릭포스터·방수포스터),PRICE_TYPE.01,,,800.00,600.00,,,,,12000.00,,
main,PRD_000118,아트프린트포스터,PRF_POSTER_ARTPRINT,1,COMP_POSTER_ARTPRINT_PHOTO,실사 완제품가 (아트프린트포스터·접착방수포스터·아트패브릭포스터·방수포스터),PRICE_TYPE.01,,,1200.00,2600.00,,,,,62400.00,,
main,PRD_000118,아트프린트포스터,PRF_POSTER_ARTPRINT,1,COMP_POSTER_ARTPRINT_PHOTO,실사 완제품가 (아트프린트포스터·접착방수포스터·아트패브릭포스터·방수포스터),PRICE_TYPE.01,,,800.00,2600.00,,,,,41600.00,,
main,PRD_000118,아트프린트포스터,PRF_POSTER_ARTPRINT,1,COMP_POSTER_ARTPRINT_PHOTO,실사 완제품가 (아트프린트포스터·접착방수포스터·아트패브릭포스터·방수포스터),PRICE_TYPE.01,,,600.00,2000.00,,,,,24000.00,,
main,PRD_000118,아트프린트포스터,PRF_POSTER_ARTPRINT,1,COMP_POSTER_ARTPRINT_PHOTO,실사 완제품가 (아트프린트포스터·접착방수포스터·아트패브릭포스터·방수포스터),PRICE_TYPE.01,,,800.00,2000.00,,,,,32000.00,,
main,PRD_000118,아트프린트포스터,PRF_POSTER_ARTPRINT,1,COMP_POSTER_ARTPRINT_PHOTO,실사 완제품가 (아트프린트포스터·접착방수포스터·아트패브릭포스터·방수포스터),PRICE_TYPE.01,,,1200.00,2200.00,,,,,52800.00,,
main,PRD_000118,아트프린트포스터,PRF_POSTER_ARTPRINT,1,COMP_POSTER_ARTPRINT_PHOTO,실사 완제품가 (아트프린트포스터·접착방수포스터·아트패브릭포스터·방수포스터),PRICE_TYPE.01,,,1000.00,1800.00,,,,,36000.00,,
main,PRD_000118,아트프린트포스터,PRF_POSTER_ARTPRINT,1,COMP_POSTER_ARTPRINT_PHOTO,실사 완제품가 (아트프린트포스터·접착방수포스터·아트패브릭포스터·방수포스터),PRICE_TYPE.01,,,1000.00,2200.00,,,,,44000.00,,
main,PRD_000118,아트프린트포스터,PRF_POSTER_ARTPRINT,1,COMP_POSTER_ARTPRINT_PHOTO,실사 완제품가 (아트프린트포스터·접착방수포스터·아트패브릭포스터·방수포스터),PRICE_TYPE.01,,,800.00,2800.00,,,,,44800.00,,
main,PRD_000118,아트프린트포스터,PRF_POSTER_ARTPRINT,1,COMP_POSTER_ARTPRINT_PHOTO,실사 완제품가 (아트프린트포스터·접착방수포스터·아트패브릭포스터·방수포스터),PRICE_TYPE.01,,,600.00,1400.00,,,,,20000.00,,
main,PRD_000118,아트프린트포스터,PRF_POSTER_ARTPRINT,1,COMP_POSTER_ARTPRINT_PHOTO,실사 완제품가 (아트프린트포스터·접착방수포스터·아트패브릭포스터·방수포스터),PRICE_TYPE.01,,,800.00,1600.00,,,,,25600.00,,
main,PRD_000118,아트프린트포스터,PRF_POSTER_ARTPRINT,1,COMP_POSTER_ARTPRINT_PHOTO,실사 완제품가 (아트프린트포스터·접착방수포스터·아트패브릭포스터·방수포스터),PRICE_TYPE.01,,,600.00,2800.00,,,,,33600.00,,
main,PRD_000118,아트프린트포스터,PRF_POSTER_ARTPRINT,1,COMP_POSTER_ARTPRINT_PHOTO,실사 완제품가 (아트프린트포스터·접착방수포스터·아트패브릭포스터·방수포스터),PRICE_TYPE.01,,,800.00,1200.00,,,,,20000.00,,
main,PRD_000118,아트프린트포스터,PRF_POSTER_ARTPRINT,1,COMP_POSTER_ARTPRINT_PHOTO,실사 완제품가 (아트프린트포스터·접착방수포스터·아트패브릭포스터·방수포스터),PRICE_TYPE.01,,,1000.00,2000.00,,,,,40000.00,,
main,PRD_000118,아트프린트포스터,PRF_POSTER_ARTPRINT,1,COMP_POSTER_ARTPRINT_PHOTO,실사 완제품가 (아트프린트포스터·접착방수포스터·아트패브릭포스터·방수포스터),PRICE_TYPE.01,,,600.00,800.00,,,,,12000.00,,
main,PRD_000118,아트프린트포스터,PRF_POSTER_ARTPRINT,1,COMP_POSTER_ARTPRINT_PHOTO,실사 완제품가 (아트프린트포스터·접착방수포스터·아트패브릭포스터·방수포스터),PRICE_TYPE.01,,,800.00,1000.00,,,,,20000.00,,
main,PRD_000118,아트프린트포스터,PRF_POSTER_ARTPRINT,1,COMP_POSTER_ARTPRINT_PHOTO,실사 완제품가 (아트프린트포스터·접착방수포스터·아트패브릭포스터·방수포스터),PRICE_TYPE.01,,,1200.00,3000.00,,,,,72000.00,,
main,PRD_000118,아트프린트포스터,PRF_POSTER_ARTPRINT,1,COMP_POSTER_ARTPRINT_PHOTO,실사 완제품가 (아트프린트포스터·접착방수포스터·아트패브릭포스터·방수포스터),PRICE_TYPE.01,,,1000.00,2400.00,,,,,48000.00,,
main,PRD_000118,아트프린트포스터,PRF_POSTER_ARTPRINT,1,COMP_POSTER_ARTPRINT_PHOTO,실사 완제품가 (아트프린트포스터·접착방수포스터·아트패브릭포스터·방수포스터),PRICE_TYPE.01,,,1000.00,1400.00,,,,,28000.00,,
main,PRD_000118,아트프린트포스터,PRF_POSTER_ARTPRINT,1,COMP_POSTER_ARTPRINT_PHOTO,실사 완제품가 (아트프린트포스터·접착방수포스터·아트패브릭포스터·방수포스터),PRICE_TYPE.01,,,600.00,1800.00,,,,,21600.00,,
main,PRD_000119,아트페이퍼포스터,PRF_POSTER_ARTPAPER,1,COMP_POSTER_ARTPAPER_MATTE,실사 완제품가 (아트페이퍼포스터),PRICE_TYPE.01,,,800.00,1600.00,,,,,25600.00,,
main,PRD_000119,아트페이퍼포스터,PRF_POSTER_ARTPAPER,1,COMP_POSTER_ARTPAPER_MATTE,실사 완제품가 (아트페이퍼포스터),PRICE_TYPE.01,,,800.00,2800.00,,,,,44800.00,,
main,PRD_000119,아트페이퍼포스터,PRF_POSTER_ARTPAPER,1,COMP_POSTER_ARTPAPER_MATTE,실사 완제품가 (아트페이퍼포스터),PRICE_TYPE.01,,,900.00,3000.00,,,,,54000.00,,
main,PRD_000119,아트페이퍼포스터,PRF_POSTER_ARTPAPER,1,COMP_POSTER_ARTPAPER_MATTE,실사 완제품가 (아트페이퍼포스터),PRICE_TYPE.01,,,800.00,1400.00,,,,,22400.00,,
main,PRD_000119,아트페이퍼포스터,PRF_POSTER_ARTPAPER,1,COMP_POSTER_ARTPAPER_MATTE,실사 완제품가 (아트페이퍼포스터),PRICE_TYPE.01,,,900.00,2000.00,,,,,36000.00,,
main,PRD_000119,아트페이퍼포스터,PRF_POSTER_ARTPAPER,1,COMP_POSTER_ARTPAPER_MATTE,실사 완제품가 (아트페이퍼포스터),PRICE_TYPE.01,,,800.00,2200.00,,,,,35200.00,,
main,PRD_000119,아트페이퍼포스터,PRF_POSTER_ARTPAPER,1,COMP_POSTER_ARTPAPER_MATTE,실사 완제품가 (아트페이퍼포스터),PRICE_TYPE.01,,,600.00,1600.00,,,,,20000.00,,
main,PRD_000119,아트페이퍼포스터,PRF_POSTER_ARTPAPER,1,COMP_POSTER_ARTPAPER_MATTE,실사 완제품가 (아트페이퍼포스터),PRICE_TYPE.01,,,600.00,2600.00,,,,,31200.00,,
main,PRD_000119,아트페이퍼포스터,PRF_POSTER_ARTPAPER,1,COMP_POSTER_ARTPAPER_MATTE,실사 완제품가 (아트페이퍼포스터),PRICE_TYPE.01,,,800.00,2000.00,,,,,32000.00,,
main,PRD_000119,아트페이퍼포스터,PRF_POSTER_ARTPAPER,1,COMP_POSTER_ARTPAPER_MATTE,실사 완제품가 (아트페이퍼포스터),PRICE_TYPE.01,,,900.00,800.00,,,,,20000.00,,
main,PRD_000119,아트페이퍼포스터,PRF_POSTER_ARTPAPER,1,COMP_POSTER_ARTPAPER_MATTE,실사 완제품가 (아트페이퍼포스터),PRICE_TYPE.01,,,800.00,800.00,,,,,20000.00,,
main,PRD_000119,아트페이퍼포스터,PRF_POSTER_ARTPAPER,1,COMP_POSTER_ARTPAPER_MATTE,실사 완제품가 (아트페이퍼포스터),PRICE_TYPE.01,,,900.00,1600.00,,,,,28800.00,,
main,PRD_000119,아트페이퍼포스터,PRF_POSTER_ARTPAPER,1,COMP_POSTER_ARTPAPER_MATTE,실사 완제품가 (아트페이퍼포스터),PRICE_TYPE.01,,,900.00,2800.00,,,,,50400.00,,
main,PRD_000119,아트페이퍼포스터,PRF_POSTER_ARTPAPER,1,COMP_POSTER_ARTPAPER_MATTE,실사 완제품가 (아트페이퍼포스터),PRICE_TYPE.01,,,600.00,2000.00,,,,,24000.00,,
main,PRD_000119,아트페이퍼포스터,PRF_POSTER_ARTPAPER,1,COMP_POSTER_ARTPAPER_MATTE,실사 완제품가 (아트페이퍼포스터),PRICE_TYPE.01,,,600.00,2200.00,,,,,26400.00,,
main,PRD_000119,아트페이퍼포스터,PRF_POSTER_ARTPAPER,1,COMP_POSTER_ARTPAPER_MATTE,실사 완제품가 (아트페이퍼포스터),PRICE_TYPE.01,,,900.00,2600.00,,,,,46800.00,,
main,PRD_000119,아트페이퍼포스터,PRF_POSTER_ARTPAPER,1,COMP_POSTER_ARTPAPER_MATTE,실사 완제품가 (아트페이퍼포스터),PRICE_TYPE.01,,,800.00,1800.00,,,,,28800.00,,
main,PRD_000119,아트페이퍼포스터,PRF_POSTER_ARTPAPER,1,COMP_POSTER_ARTPAPER_MATTE,실사 완제품가 (아트페이퍼포스터),PRICE_TYPE.01,,,600.00,1200.00,,,,,20000.00,,
main,PRD_000119,아트페이퍼포스터,PRF_POSTER_ARTPAPER,1,COMP_POSTER_ARTPAPER_MATTE,실사 완제품가 (아트페이퍼포스터),PRICE_TYPE.01,,,600.00,3000.00,,,,,36000.00,,
main,PRD_000119,아트페이퍼포스터,PRF_POSTER_ARTPAPER,1,COMP_POSTER_ARTPAPER_MATTE,실사 완제품가 (아트페이퍼포스터),PRICE_TYPE.01,,,900.00,1400.00,,,,,25200.00,,
main,PRD_000119,아트페이퍼포스터,PRF_POSTER_ARTPAPER,1,COMP_POSTER_ARTPAPER_MATTE,실사 완제품가 (아트페이퍼포스터),PRICE_TYPE.01,,,800.00,600.00,,,,,12000.00,,
main,PRD_000119,아트페이퍼포스터,PRF_POSTER_ARTPAPER,1,COMP_POSTER_ARTPAPER_MATTE,실사 완제품가 (아트페이퍼포스터),PRICE_TYPE.01,,,800.00,1200.00,,,,,20000.00,,
main,PRD_000119,아트페이퍼포스터,PRF_POSTER_ARTPAPER,1,COMP_POSTER_ARTPAPER_MATTE,실사 완제품가 (아트페이퍼포스터),PRICE_TYPE.01,,,600.00,800.00,,,,,12000.00,,
main,PRD_000119,아트페이퍼포스터,PRF_POSTER_ARTPAPER,1,COMP_POSTER_ARTPAPER_MATTE,실사 완제품가 (아트페이퍼포스터),PRICE_TYPE.01,,,900.00,1200.00,,,,,21600.00,,
main,PRD_000119,아트페이퍼포스터,PRF_POSTER_ARTPAPER,1,COMP_POSTER_ARTPAPER_MATTE,실사 완제품가 (아트페이퍼포스터),PRICE_TYPE.01,,,600.00,1000.00,,,,,20000.00,,
main,PRD_000119,아트페이퍼포스터,PRF_POSTER_ARTPAPER,1,COMP_POSTER_ARTPAPER_MATTE,실사 완제품가 (아트페이퍼포스터),PRICE_TYPE.01,,,600.00,1400.00,,,,,20000.00,,
main,PRD_000119,아트페이퍼포스터,PRF_POSTER_ARTPAPER,1,COMP_POSTER_ARTPAPER_MATTE,실사 완제품가 (아트페이퍼포스터),PRICE_TYPE.01,,,900.00,600.00,,,,,20000.00,,
main,PRD_000119,아트페이퍼포스터,PRF_POSTER_ARTPAPER,1,COMP_POSTER_ARTPAPER_MATTE,실사 완제품가 (아트페이퍼포스터),PRICE_TYPE.01,,,600.00,1800.00,,,,,21600.00,,
main,PRD_000119,아트페이퍼포스터,PRF_POSTER_ARTPAPER,1,COMP_POSTER_ARTPAPER_MATTE,실사 완제품가 (아트페이퍼포스터),PRICE_TYPE.01,,,900.00,1000.00,,,,,20000.00,,
main,PRD_000119,아트페이퍼포스터,PRF_POSTER_ARTPAPER,1,COMP_POSTER_ARTPAPER_MATTE,실사 완제품가 (아트페이퍼포스터),PRICE_TYPE.01,,,600.00,2800.00,,,,,33600.00,,
main,PRD_000119,아트페이퍼포스터,PRF_POSTER_ARTPAPER,1,COMP_POSTER_ARTPAPER_MATTE,실사 완제품가 (아트페이퍼포스터),PRICE_TYPE.01,,,600.00,600.00,,,,,12000.00,,
main,PRD_000119,아트페이퍼포스터,PRF_POSTER_ARTPAPER,1,COMP_POSTER_ARTPAPER_MATTE,실사 완제품가 (아트페이퍼포스터),PRICE_TYPE.01,,,800.00,2600.00,,,,,41600.00,,
main,PRD_000119,아트페이퍼포스터,PRF_POSTER_ARTPAPER,1,COMP_POSTER_ARTPAPER_MATTE,실사 완제품가 (아트페이퍼포스터),PRICE_TYPE.01,,,900.00,2200.00,,,,,39600.00,,
main,PRD_000119,아트페이퍼포스터,PRF_POSTER_ARTPAPER,1,COMP_POSTER_ARTPAPER_MATTE,실사 완제품가 (아트페이퍼포스터),PRICE_TYPE.01,,,800.00,1000.00,,,,,20000.00,,
main,PRD_000119,아트페이퍼포스터,PRF_POSTER_ARTPAPER,1,COMP_POSTER_ARTPAPER_MATTE,실사 완제품가 (아트페이퍼포스터),PRICE_TYPE.01,,,600.00,2400.00,,,,,28800.00,,
main,PRD_000119,아트페이퍼포스터,PRF_POSTER_ARTPAPER,1,COMP_POSTER_ARTPAPER_MATTE,실사 완제품가 (아트페이퍼포스터),PRICE_TYPE.01,,,800.00,3000.00,,,,,48000.00,,
main,PRD_000119,아트페이퍼포스터,PRF_POSTER_ARTPAPER,1,COMP_POSTER_ARTPAPER_MATTE,실사 완제품가 (아트페이퍼포스터),PRICE_TYPE.01,,,800.00,2400.00,,,,,38400.00,,
main,PRD_000119,아트페이퍼포스터,PRF_POSTER_ARTPAPER,1,COMP_POSTER_ARTPAPER_MATTE,실사 완제품가 (아트페이퍼포스터),PRICE_TYPE.01,,,900.00,2400.00,,,,,43200.00,,
main,PRD_000119,아트페이퍼포스터,PRF_POSTER_ARTPAPER,1,COMP_POSTER_ARTPAPER_MATTE,실사 완제품가 (아트페이퍼포스터),PRICE_TYPE.01,,,900.00,1800.00,,,,,32400.00,,
main,PRD_000120,방수포스터,PRF_POSTER_WATERPROOF,1,COMP_POSTER_ARTPRINT_PHOTO,실사 완제품가 (아트프린트포스터·접착방수포스터·아트패브릭포스터·방수포스터),PRICE_TYPE.01,,,800.00,1200.00,,,,,20000.00,,
main,PRD_000120,방수포스터,PRF_POSTER_WATERPROOF,1,COMP_POSTER_ARTPRINT_PHOTO,실사 완제품가 (아트프린트포스터·접착방수포스터·아트패브릭포스터·방수포스터),PRICE_TYPE.01,,,600.00,1800.00,,,,,21600.00,,
main,PRD_000120,방수포스터,PRF_POSTER_WATERPROOF,1,COMP_POSTER_ARTPRINT_PHOTO,실사 완제품가 (아트프린트포스터·접착방수포스터·아트패브릭포스터·방수포스터),PRICE_TYPE.01,,,800.00,2800.00,,,,,44800.00,,
main,PRD_000120,방수포스터,PRF_POSTER_WATERPROOF,1,COMP_POSTER_ARTPRINT_PHOTO,실사 완제품가 (아트프린트포스터·접착방수포스터·아트패브릭포스터·방수포스터),PRICE_TYPE.01,,,800.00,2200.00,,,,,35200.00,,
main,PRD_000120,방수포스터,PRF_POSTER_WATERPROOF,1,COMP_POSTER_ARTPRINT_PHOTO,실사 완제품가 (아트프린트포스터·접착방수포스터·아트패브릭포스터·방수포스터),PRICE_TYPE.01,,,600.00,2800.00,,,,,33600.00,,
main,PRD_000120,방수포스터,PRF_POSTER_WATERPROOF,1,COMP_POSTER_ARTPRINT_PHOTO,실사 완제품가 (아트프린트포스터·접착방수포스터·아트패브릭포스터·방수포스터),PRICE_TYPE.01,,,1200.00,1800.00,,,,,43200.00,,
main,PRD_000120,방수포스터,PRF_POSTER_WATERPROOF,1,COMP_POSTER_ARTPRINT_PHOTO,실사 완제품가 (아트프린트포스터·접착방수포스터·아트패브릭포스터·방수포스터),PRICE_TYPE.01,,,600.00,1600.00,,,,,20000.00,,
main,PRD_000120,방수포스터,PRF_POSTER_WATERPROOF,1,COMP_POSTER_ARTPRINT_PHOTO,실사 완제품가 (아트프린트포스터·접착방수포스터·아트패브릭포스터·방수포스터),PRICE_TYPE.01,,,1200.00,2400.00,,,,,57600.00,,
main,PRD_000120,방수포스터,PRF_POSTER_WATERPROOF,1,COMP_POSTER_ARTPRINT_PHOTO,실사 완제품가 (아트프린트포스터·접착방수포스터·아트패브릭포스터·방수포스터),PRICE_TYPE.01,,,1000.00,2200.00,,,,,44000.00,,
main,PRD_000120,방수포스터,PRF_POSTER_WATERPROOF,1,COMP_POSTER_ARTPRINT_PHOTO,실사 완제품가 (아트프린트포스터·접착방수포스터·아트패브릭포스터·방수포스터),PRICE_TYPE.01,,,800.00,600.00,,,,,12000.00,,
main,PRD_000120,방수포스터,PRF_POSTER_WATERPROOF,1,COMP_POSTER_ARTPRINT_PHOTO,실사 완제품가 (아트프린트포스터·접착방수포스터·아트패브릭포스터·방수포스터),PRICE_TYPE.01,,,1000.00,1800.00,,,,,36000.00,,
main,PRD_000120,방수포스터,PRF_POSTER_WATERPROOF,1,COMP_POSTER_ARTPRINT_PHOTO,실사 완제품가 (아트프린트포스터·접착방수포스터·아트패브릭포스터·방수포스터),PRICE_TYPE.01,,,800.00,2000.00,,,,,32000.00,,
main,PRD_000120,방수포스터,PRF_POSTER_WATERPROOF,1,COMP_POSTER_ARTPRINT_PHOTO,실사 완제품가 (아트프린트포스터·접착방수포스터·아트패브릭포스터·방수포스터),PRICE_TYPE.01,,,800.00,1400.00,,,,,22400.00,,
main,PRD_000120,방수포스터,PRF_POSTER_WATERPROOF,1,COMP_POSTER_ARTPRINT_PHOTO,실사 완제품가 (아트프린트포스터·접착방수포스터·아트패브릭포스터·방수포스터),PRICE_TYPE.01,,,800.00,1600.00,,,,,25600.00,,
main,PRD_000120,방수포스터,PRF_POSTER_WATERPROOF,1,COMP_POSTER_ARTPRINT_PHOTO,실사 완제품가 (아트프린트포스터·접착방수포스터·아트패브릭포스터·방수포스터),PRICE_TYPE.01,,,1000.00,2000.00,,,,,40000.00,,
main,PRD_000120,방수포스터,PRF_POSTER_WATERPROOF,1,COMP_POSTER_ARTPRINT_PHOTO,실사 완제품가 (아트프린트포스터·접착방수포스터·아트패브릭포스터·방수포스터),PRICE_TYPE.01,,,1200.00,3000.00,,,,,72000.00,,
main,PRD_000120,방수포스터,PRF_POSTER_WATERPROOF,1,COMP_POSTER_ARTPRINT_PHOTO,실사 완제품가 (아트프린트포스터·접착방수포스터·아트패브릭포스터·방수포스터),PRICE_TYPE.01,,,1000.00,1400.00,,,,,28000.00,,
main,PRD_000120,방수포스터,PRF_POSTER_WATERPROOF,1,COMP_POSTER_ARTPRINT_PHOTO,실사 완제품가 (아트프린트포스터·접착방수포스터·아트패브릭포스터·방수포스터),PRICE_TYPE.01,,,1200.00,1400.00,,,,,33600.00,,
main,PRD_000120,방수포스터,PRF_POSTER_WATERPROOF,1,COMP_POSTER_ARTPRINT_PHOTO,실사 완제품가 (아트프린트포스터·접착방수포스터·아트패브릭포스터·방수포스터),PRICE_TYPE.01,,,600.00,3000.00,,,,,36000.00,,
main,PRD_000120,방수포스터,PRF_POSTER_WATERPROOF,1,COMP_POSTER_ARTPRINT_PHOTO,실사 완제품가 (아트프린트포스터·접착방수포스터·아트패브릭포스터·방수포스터),PRICE_TYPE.01,,,1000.00,600.00,,,,,20000.00,,
main,PRD_000120,방수포스터,PRF_POSTER_WATERPROOF,1,COMP_POSTER_ARTPRINT_PHOTO,실사 완제품가 (아트프린트포스터·접착방수포스터·아트패브릭포스터·방수포스터),PRICE_TYPE.01,,,1000.00,1600.00,,,,,32000.00,,
main,PRD_000120,방수포스터,PRF_POSTER_WATERPROOF,1,COMP_POSTER_ARTPRINT_PHOTO,실사 완제품가 (아트프린트포스터·접착방수포스터·아트패브릭포스터·방수포스터),PRICE_TYPE.01,,,800.00,2400.00,,,,,38400.00,,
main,PRD_000120,방수포스터,PRF_POSTER_WATERPROOF,1,COMP_POSTER_ARTPRINT_PHOTO,실사 완제품가 (아트프린트포스터·접착방수포스터·아트패브릭포스터·방수포스터),PRICE_TYPE.01,,,600.00,2200.00,,,,,26400.00,,
main,PRD_000120,방수포스터,PRF_POSTER_WATERPROOF,1,COMP_POSTER_ARTPRINT_PHOTO,실사 완제품가 (아트프린트포스터·접착방수포스터·아트패브릭포스터·방수포스터),PRICE_TYPE.01,,,1000.00,2600.00,,,,,52000.00,,
main,PRD_000120,방수포스터,PRF_POSTER_WATERPROOF,1,COMP_POSTER_ARTPRINT_PHOTO,실사 완제품가 (아트프린트포스터·접착방수포스터·아트패브릭포스터·방수포스터),PRICE_TYPE.01,,,800.00,2600.00,,,,,41600.00,,
main,PRD_000120,방수포스터,PRF_POSTER_WATERPROOF,1,COMP_POSTER_ARTPRINT_PHOTO,실사 완제품가 (아트프린트포스터·접착방수포스터·아트패브릭포스터·방수포스터),PRICE_TYPE.01,,,600.00,800.00,,,,,12000.00,,
main,PRD_000120,방수포스터,PRF_POSTER_WATERPROOF,1,COMP_POSTER_ARTPRINT_PHOTO,실사 완제품가 (아트프린트포스터·접착방수포스터·아트패브릭포스터·방수포스터),PRICE_TYPE.01,,,1200.00,1000.00,,,,,24000.00,,
main,PRD_000120,방수포스터,PRF_POSTER_WATERPROOF,1,COMP_POSTER_ARTPRINT_PHOTO,실사 완제품가 (아트프린트포스터·접착방수포스터·아트패브릭포스터·방수포스터),PRICE_TYPE.01,,,1200.00,2600.00,,,,,62400.00,,
main,PRD_000120,방수포스터,PRF_POSTER_WATERPROOF,1,COMP_POSTER_ARTPRINT_PHOTO,실사 완제품가 (아트프린트포스터·접착방수포스터·아트패브릭포스터·방수포스터),PRICE_TYPE.01,,,1200.00,800.00,,,,,20000.00,,
main,PRD_000120,방수포스터,PRF_POSTER_WATERPROOF,1,COMP_POSTER_ARTPRINT_PHOTO,실사 완제품가 (아트프린트포스터·접착방수포스터·아트패브릭포스터·방수포스터),PRICE_TYPE.01,,,800.00,1800.00,,,,,28800.00,,
main,PRD_000120,방수포스터,PRF_POSTER_WATERPROOF,1,COMP_POSTER_ARTPRINT_PHOTO,실사 완제품가 (아트프린트포스터·접착방수포스터·아트패브릭포스터·방수포스터),PRICE_TYPE.01,,,600.00,1400.00,,,,,20000.00,,
main,PRD_000120,방수포스터,PRF_POSTER_WATERPROOF,1,COMP_POSTER_ARTPRINT_PHOTO,실사 완제품가 (아트프린트포스터·접착방수포스터·아트패브릭포스터·방수포스터),PRICE_TYPE.01,,,1200.00,2800.00,,,,,67200.00,,
main,PRD_000120,방수포스터,PRF_POSTER_WATERPROOF,1,COMP_POSTER_ARTPRINT_PHOTO,실사 완제품가 (아트프린트포스터·접착방수포스터·아트패브릭포스터·방수포스터),PRICE_TYPE.01,,,1200.00,600.00,,,,,20000.00,,
main,PRD_000120,방수포스터,PRF_POSTER_WATERPROOF,1,COMP_POSTER_ARTPRINT_PHOTO,실사 완제품가 (아트프린트포스터·접착방수포스터·아트패브릭포스터·방수포스터),PRICE_TYPE.01,,,1200.00,2200.00,,,,,52800.00,,
main,PRD_000120,방수포스터,PRF_POSTER_WATERPROOF,1,COMP_POSTER_ARTPRINT_PHOTO,실사 완제품가 (아트프린트포스터·접착방수포스터·아트패브릭포스터·방수포스터),PRICE_TYPE.01,,,1200.00,1600.00,,,,,38400.00,,
main,PRD_000120,방수포스터,PRF_POSTER_WATERPROOF,1,COMP_POSTER_ARTPRINT_PHOTO,실사 완제품가 (아트프린트포스터·접착방수포스터·아트패브릭포스터·방수포스터),PRICE_TYPE.01,,,1200.00,1200.00,,,,,28800.00,,
main,PRD_000120,방수포스터,PRF_POSTER_WATERPROOF,1,COMP_POSTER_ARTPRINT_PHOTO,실사 완제품가 (아트프린트포스터·접착방수포스터·아트패브릭포스터·방수포스터),PRICE_TYPE.01,,,800.00,800.00,,,,,20000.00,,
main,PRD_000120,방수포스터,PRF_POSTER_WATERPROOF,1,COMP_POSTER_ARTPRINT_PHOTO,실사 완제품가 (아트프린트포스터·접착방수포스터·아트패브릭포스터·방수포스터),PRICE_TYPE.01,,,1200.00,2000.00,,,,,48000.00,,
main,PRD_000120,방수포스터,PRF_POSTER_WATERPROOF,1,COMP_POSTER_ARTPRINT_PHOTO,실사 완제품가 (아트프린트포스터·접착방수포스터·아트패브릭포스터·방수포스터),PRICE_TYPE.01,,,800.00,1000.00,,,,,20000.00,,
main,PRD_000120,방수포스터,PRF_POSTER_WATERPROOF,1,COMP_POSTER_ARTPRINT_PHOTO,실사 완제품가 (아트프린트포스터·접착방수포스터·아트패브릭포스터·방수포스터),PRICE_TYPE.01,,,1000.00,3000.00,,,,,60000.00,,
main,PRD_000120,방수포스터,PRF_POSTER_WATERPROOF,1,COMP_POSTER_ARTPRINT_PHOTO,실사 완제품가 (아트프린트포스터·접착방수포스터·아트패브릭포스터·방수포스터),PRICE_TYPE.01,,,1000.00,2800.00,,,,,56000.00,,
main,PRD_000120,방수포스터,PRF_POSTER_WATERPROOF,1,COMP_POSTER_ARTPRINT_PHOTO,실사 완제품가 (아트프린트포스터·접착방수포스터·아트패브릭포스터·방수포스터),PRICE_TYPE.01,,,1000.00,800.00,,,,,20000.00,,
main,PRD_000120,방수포스터,PRF_POSTER_WATERPROOF,1,COMP_POSTER_ARTPRINT_PHOTO,실사 완제품가 (아트프린트포스터·접착방수포스터·아트패브릭포스터·방수포스터),PRICE_TYPE.01,,,600.00,1200.00,,,,,20000.00,,
main,PRD_000120,방수포스터,PRF_POSTER_WATERPROOF,1,COMP_POSTER_ARTPRINT_PHOTO,실사 완제품가 (아트프린트포스터·접착방수포스터·아트패브릭포스터·방수포스터),PRICE_TYPE.01,,,600.00,1000.00,,,,,20000.00,,
main,PRD_000120,방수포스터,PRF_POSTER_WATERPROOF,1,COMP_POSTER_ARTPRINT_PHOTO,실사 완제품가 (아트프린트포스터·접착방수포스터·아트패브릭포스터·방수포스터),PRICE_TYPE.01,,,1000.00,1000.00,,,,,20000.00,,
main,PRD_000120,방수포스터,PRF_POSTER_WATERPROOF,1,COMP_POSTER_ARTPRINT_PHOTO,실사 완제품가 (아트프린트포스터·접착방수포스터·아트패브릭포스터·방수포스터),PRICE_TYPE.01,,,600.00,600.00,,,,,12000.00,,
main,PRD_000120,방수포스터,PRF_POSTER_WATERPROOF,1,COMP_POSTER_ARTPRINT_PHOTO,실사 완제품가 (아트프린트포스터·접착방수포스터·아트패브릭포스터·방수포스터),PRICE_TYPE.01,,,600.00,2600.00,,,,,31200.00,,
main,PRD_000120,방수포스터,PRF_POSTER_WATERPROOF,1,COMP_POSTER_ARTPRINT_PHOTO,실사 완제품가 (아트프린트포스터·접착방수포스터·아트패브릭포스터·방수포스터),PRICE_TYPE.01,,,1000.00,1200.00,,,,,24000.00,,
main,PRD_000120,방수포스터,PRF_POSTER_WATERPROOF,1,COMP_POSTER_ARTPRINT_PHOTO,실사 완제품가 (아트프린트포스터·접착방수포스터·아트패브릭포스터·방수포스터),PRICE_TYPE.01,,,1000.00,2400.00,,,,,48000.00,,
main,PRD_000120,방수포스터,PRF_POSTER_WATERPROOF,1,COMP_POSTER_ARTPRINT_PHOTO,실사 완제품가 (아트프린트포스터·접착방수포스터·아트패브릭포스터·방수포스터),PRICE_TYPE.01,,,800.00,3000.00,,,,,48000.00,,
main,PRD_000120,방수포스터,PRF_POSTER_WATERPROOF,1,COMP_POSTER_ARTPRINT_PHOTO,실사 완제품가 (아트프린트포스터·접착방수포스터·아트패브릭포스터·방수포스터),PRICE_TYPE.01,,,600.00,2400.00,,,,,28800.00,,
main,PRD_000120,방수포스터,PRF_POSTER_WATERPROOF,1,COMP_POSTER_ARTPRINT_PHOTO,실사 완제품가 (아트프린트포스터·접착방수포스터·아트패브릭포스터·방수포스터),PRICE_TYPE.01,,,600.00,2000.00,,,,,24000.00,,
main,PRD_000121,접착방수포스터,PRF_POSTER_ADH_WP,1,COMP_POSTER_ARTPRINT_PHOTO,실사 완제품가 (아트프린트포스터·접착방수포스터·아트패브릭포스터·방수포스터),PRICE_TYPE.01,,,1200.00,1000.00,,,,,24000.00,,
main,PRD_000121,접착방수포스터,PRF_POSTER_ADH_WP,1,COMP_POSTER_ARTPRINT_PHOTO,실사 완제품가 (아트프린트포스터·접착방수포스터·아트패브릭포스터·방수포스터),PRICE_TYPE.01,,,800.00,2600.00,,,,,41600.00,,
main,PRD_000121,접착방수포스터,PRF_POSTER_ADH_WP,1,COMP_POSTER_ARTPRINT_PHOTO,실사 완제품가 (아트프린트포스터·접착방수포스터·아트패브릭포스터·방수포스터),PRICE_TYPE.01,,,1000.00,3000.00,,,,,60000.00,,
main,PRD_000121,접착방수포스터,PRF_POSTER_ADH_WP,1,COMP_POSTER_ARTPRINT_PHOTO,실사 완제품가 (아트프린트포스터·접착방수포스터·아트패브릭포스터·방수포스터),PRICE_TYPE.01,,,1000.00,2800.00,,,,,56000.00,,
main,PRD_000121,접착방수포스터,PRF_POSTER_ADH_WP,1,COMP_POSTER_ARTPRINT_PHOTO,실사 완제품가 (아트프린트포스터·접착방수포스터·아트패브릭포스터·방수포스터),PRICE_TYPE.01,,,1000.00,2200.00,,,,,44000.00,,
main,PRD_000121,접착방수포스터,PRF_POSTER_ADH_WP,1,COMP_POSTER_ARTPRINT_PHOTO,실사 완제품가 (아트프린트포스터·접착방수포스터·아트패브릭포스터·방수포스터),PRICE_TYPE.01,,,1200.00,2400.00,,,,,57600.00,,
main,PRD_000121,접착방수포스터,PRF_POSTER_ADH_WP,1,COMP_POSTER_ARTPRINT_PHOTO,실사 완제품가 (아트프린트포스터·접착방수포스터·아트패브릭포스터·방수포스터),PRICE_TYPE.01,,,600.00,800.00,,,,,12000.00,,
main,PRD_000121,접착방수포스터,PRF_POSTER_ADH_WP,1,COMP_POSTER_ARTPRINT_PHOTO,실사 완제품가 (아트프린트포스터·접착방수포스터·아트패브릭포스터·방수포스터),PRICE_TYPE.01,,,1000.00,2600.00,,,,,52000.00,,
main,PRD_000121,접착방수포스터,PRF_POSTER_ADH_WP,1,COMP_POSTER_ARTPRINT_PHOTO,실사 완제품가 (아트프린트포스터·접착방수포스터·아트패브릭포스터·방수포스터),PRICE_TYPE.01,,,1000.00,800.00,,,,,20000.00,,
main,PRD_000121,접착방수포스터,PRF_POSTER_ADH_WP,1,COMP_POSTER_ARTPRINT_PHOTO,실사 완제품가 (아트프린트포스터·접착방수포스터·아트패브릭포스터·방수포스터),PRICE_TYPE.01,,,600.00,2400.00,,,,,28800.00,,
main,PRD_000121,접착방수포스터,PRF_POSTER_ADH_WP,1,COMP_POSTER_ARTPRINT_PHOTO,실사 완제품가 (아트프린트포스터·접착방수포스터·아트패브릭포스터·방수포스터),PRICE_TYPE.01,,,800.00,2000.00,,,,,32000.00,,
main,PRD_000121,접착방수포스터,PRF_POSTER_ADH_WP,1,COMP_POSTER_ARTPRINT_PHOTO,실사 완제품가 (아트프린트포스터·접착방수포스터·아트패브릭포스터·방수포스터),PRICE_TYPE.01,,,800.00,1800.00,,,,,28800.00,,
main,PRD_000121,접착방수포스터,PRF_POSTER_ADH_WP,1,COMP_POSTER_ARTPRINT_PHOTO,실사 완제품가 (아트프린트포스터·접착방수포스터·아트패브릭포스터·방수포스터),PRICE_TYPE.01,,,600.00,1200.00,,,,,20000.00,,
main,PRD_000121,접착방수포스터,PRF_POSTER_ADH_WP,1,COMP_POSTER_ARTPRINT_PHOTO,실사 완제품가 (아트프린트포스터·접착방수포스터·아트패브릭포스터·방수포스터),PRICE_TYPE.01,,,800.00,2200.00,,,,,35200.00,,
main,PRD_000121,접착방수포스터,PRF_POSTER_ADH_WP,1,COMP_POSTER_ARTPRINT_PHOTO,실사 완제품가 (아트프린트포스터·접착방수포스터·아트패브릭포스터·방수포스터),PRICE_TYPE.01,,,600.00,2200.00,,,,,26400.00,,
main,PRD_000121,접착방수포스터,PRF_POSTER_ADH_WP,1,COMP_POSTER_ARTPRINT_PHOTO,실사 완제품가 (아트프린트포스터·접착방수포스터·아트패브릭포스터·방수포스터),PRICE_TYPE.01,,,800.00,2400.00,,,,,38400.00,,
main,PRD_000121,접착방수포스터,PRF_POSTER_ADH_WP,1,COMP_POSTER_ARTPRINT_PHOTO,실사 완제품가 (아트프린트포스터·접착방수포스터·아트패브릭포스터·방수포스터),PRICE_TYPE.01,,,1000.00,600.00,,,,,20000.00,,
main,PRD_000121,접착방수포스터,PRF_POSTER_ADH_WP,1,COMP_POSTER_ARTPRINT_PHOTO,실사 완제품가 (아트프린트포스터·접착방수포스터·아트패브릭포스터·방수포스터),PRICE_TYPE.01,,,1000.00,1200.00,,,,,24000.00,,
main,PRD_000121,접착방수포스터,PRF_POSTER_ADH_WP,1,COMP_POSTER_ARTPRINT_PHOTO,실사 완제품가 (아트프린트포스터·접착방수포스터·아트패브릭포스터·방수포스터),PRICE_TYPE.01,,,600.00,1800.00,,,,,21600.00,,
main,PRD_000121,접착방수포스터,PRF_POSTER_ADH_WP,1,COMP_POSTER_ARTPRINT_PHOTO,실사 완제품가 (아트프린트포스터·접착방수포스터·아트패브릭포스터·방수포스터),PRICE_TYPE.01,,,1000.00,1800.00,,,,,36000.00,,
main,PRD_000121,접착방수포스터,PRF_POSTER_ADH_WP,1,COMP_POSTER_ARTPRINT_PHOTO,실사 완제품가 (아트프린트포스터·접착방수포스터·아트패브릭포스터·방수포스터),PRICE_TYPE.01,,,1000.00,1400.00,,,,,28000.00,,
main,PRD_000121,접착방수포스터,PRF_POSTER_ADH_WP,1,COMP_POSTER_ARTPRINT_PHOTO,실사 완제품가 (아트프린트포스터·접착방수포스터·아트패브릭포스터·방수포스터),PRICE_TYPE.01,,,1000.00,1000.00,,,,,20000.00,,
main,PRD_000121,접착방수포스터,PRF_POSTER_ADH_WP,1,COMP_POSTER_ARTPRINT_PHOTO,실사 완제품가 (아트프린트포스터·접착방수포스터·아트패브릭포스터·방수포스터),PRICE_TYPE.01,,,800.00,2800.00,,,,,44800.00,,
main,PRD_000121,접착방수포스터,PRF_POSTER_ADH_WP,1,COMP_POSTER_ARTPRINT_PHOTO,실사 완제품가 (아트프린트포스터·접착방수포스터·아트패브릭포스터·방수포스터),PRICE_TYPE.01,,,600.00,3000.00,,,,,36000.00,,
main,PRD_000121,접착방수포스터,PRF_POSTER_ADH_WP,1,COMP_POSTER_ARTPRINT_PHOTO,실사 완제품가 (아트프린트포스터·접착방수포스터·아트패브릭포스터·방수포스터),PRICE_TYPE.01,,,1200.00,1400.00,,,,,33600.00,,
main,PRD_000121,접착방수포스터,PRF_POSTER_ADH_WP,1,COMP_POSTER_ARTPRINT_PHOTO,실사 완제품가 (아트프린트포스터·접착방수포스터·아트패브릭포스터·방수포스터),PRICE_TYPE.01,,,600.00,600.00,,,,,12000.00,,
main,PRD_000121,접착방수포스터,PRF_POSTER_ADH_WP,1,COMP_POSTER_ARTPRINT_PHOTO,실사 완제품가 (아트프린트포스터·접착방수포스터·아트패브릭포스터·방수포스터),PRICE_TYPE.01,,,600.00,1600.00,,,,,20000.00,,
main,PRD_000121,접착방수포스터,PRF_POSTER_ADH_WP,1,COMP_POSTER_ARTPRINT_PHOTO,실사 완제품가 (아트프린트포스터·접착방수포스터·아트패브릭포스터·방수포스터),PRICE_TYPE.01,,,1200.00,3000.00,,,,,72000.00,,
main,PRD_000121,접착방수포스터,PRF_POSTER_ADH_WP,1,COMP_POSTER_ARTPRINT_PHOTO,실사 완제품가 (아트프린트포스터·접착방수포스터·아트패브릭포스터·방수포스터),PRICE_TYPE.01,,,1200.00,1800.00,,,,,43200.00,,
main,PRD_000121,접착방수포스터,PRF_POSTER_ADH_WP,1,COMP_POSTER_ARTPRINT_PHOTO,실사 완제품가 (아트프린트포스터·접착방수포스터·아트패브릭포스터·방수포스터),PRICE_TYPE.01,,,1000.00,1600.00,,,,,32000.00,,
main,PRD_000121,접착방수포스터,PRF_POSTER_ADH_WP,1,COMP_POSTER_ARTPRINT_PHOTO,실사 완제품가 (아트프린트포스터·접착방수포스터·아트패브릭포스터·방수포스터),PRICE_TYPE.01,,,1000.00,2000.00,,,,,40000.00,,
main,PRD_000121,접착방수포스터,PRF_POSTER_ADH_WP,1,COMP_POSTER_ARTPRINT_PHOTO,실사 완제품가 (아트프린트포스터·접착방수포스터·아트패브릭포스터·방수포스터),PRICE_TYPE.01,,,600.00,2800.00,,,,,33600.00,,
main,PRD_000121,접착방수포스터,PRF_POSTER_ADH_WP,1,COMP_POSTER_ARTPRINT_PHOTO,실사 완제품가 (아트프린트포스터·접착방수포스터·아트패브릭포스터·방수포스터),PRICE_TYPE.01,,,600.00,2600.00,,,,,31200.00,,
main,PRD_000121,접착방수포스터,PRF_POSTER_ADH_WP,1,COMP_POSTER_ARTPRINT_PHOTO,실사 완제품가 (아트프린트포스터·접착방수포스터·아트패브릭포스터·방수포스터),PRICE_TYPE.01,,,800.00,3000.00,,,,,48000.00,,
main,PRD_000121,접착방수포스터,PRF_POSTER_ADH_WP,1,COMP_POSTER_ARTPRINT_PHOTO,실사 완제품가 (아트프린트포스터·접착방수포스터·아트패브릭포스터·방수포스터),PRICE_TYPE.01,,,1200.00,1600.00,,,,,38400.00,,
main,PRD_000121,접착방수포스터,PRF_POSTER_ADH_WP,1,COMP_POSTER_ARTPRINT_PHOTO,실사 완제품가 (아트프린트포스터·접착방수포스터·아트패브릭포스터·방수포스터),PRICE_TYPE.01,,,800.00,1600.00,,,,,25600.00,,
main,PRD_000121,접착방수포스터,PRF_POSTER_ADH_WP,1,COMP_POSTER_ARTPRINT_PHOTO,실사 완제품가 (아트프린트포스터·접착방수포스터·아트패브릭포스터·방수포스터),PRICE_TYPE.01,,,800.00,1200.00,,,,,20000.00,,
main,PRD_000121,접착방수포스터,PRF_POSTER_ADH_WP,1,COMP_POSTER_ARTPRINT_PHOTO,실사 완제품가 (아트프린트포스터·접착방수포스터·아트패브릭포스터·방수포스터),PRICE_TYPE.01,,,1000.00,2400.00,,,,,48000.00,,
main,PRD_000121,접착방수포스터,PRF_POSTER_ADH_WP,1,COMP_POSTER_ARTPRINT_PHOTO,실사 완제품가 (아트프린트포스터·접착방수포스터·아트패브릭포스터·방수포스터),PRICE_TYPE.01,,,1200.00,1200.00,,,,,28800.00,,
main,PRD_000121,접착방수포스터,PRF_POSTER_ADH_WP,1,COMP_POSTER_ARTPRINT_PHOTO,실사 완제품가 (아트프린트포스터·접착방수포스터·아트패브릭포스터·방수포스터),PRICE_TYPE.01,,,800.00,1400.00,,,,,22400.00,,
main,PRD_000121,접착방수포스터,PRF_POSTER_ADH_WP,1,COMP_POSTER_ARTPRINT_PHOTO,실사 완제품가 (아트프린트포스터·접착방수포스터·아트패브릭포스터·방수포스터),PRICE_TYPE.01,,,1200.00,600.00,,,,,20000.00,,
main,PRD_000121,접착방수포스터,PRF_POSTER_ADH_WP,1,COMP_POSTER_ARTPRINT_PHOTO,실사 완제품가 (아트프린트포스터·접착방수포스터·아트패브릭포스터·방수포스터),PRICE_TYPE.01,,,1200.00,2800.00,,,,,67200.00,,
main,PRD_000121,접착방수포스터,PRF_POSTER_ADH_WP,1,COMP_POSTER_ARTPRINT_PHOTO,실사 완제품가 (아트프린트포스터·접착방수포스터·아트패브릭포스터·방수포스터),PRICE_TYPE.01,,,1200.00,2000.00,,,,,48000.00,,
main,PRD_000121,접착방수포스터,PRF_POSTER_ADH_WP,1,COMP_POSTER_ARTPRINT_PHOTO,실사 완제품가 (아트프린트포스터·접착방수포스터·아트패브릭포스터·방수포스터),PRICE_TYPE.01,,,800.00,800.00,,,,,20000.00,,
main,PRD_000121,접착방수포스터,PRF_POSTER_ADH_WP,1,COMP_POSTER_ARTPRINT_PHOTO,실사 완제품가 (아트프린트포스터·접착방수포스터·아트패브릭포스터·방수포스터),PRICE_TYPE.01,,,600.00,2000.00,,,,,24000.00,,
main,PRD_000121,접착방수포스터,PRF_POSTER_ADH_WP,1,COMP_POSTER_ARTPRINT_PHOTO,실사 완제품가 (아트프린트포스터·접착방수포스터·아트패브릭포스터·방수포스터),PRICE_TYPE.01,,,600.00,1400.00,,,,,20000.00,,
main,PRD_000121,접착방수포스터,PRF_POSTER_ADH_WP,1,COMP_POSTER_ARTPRINT_PHOTO,실사 완제품가 (아트프린트포스터·접착방수포스터·아트패브릭포스터·방수포스터),PRICE_TYPE.01,,,800.00,600.00,,,,,12000.00,,
main,PRD_000121,접착방수포스터,PRF_POSTER_ADH_WP,1,COMP_POSTER_ARTPRINT_PHOTO,실사 완제품가 (아트프린트포스터·접착방수포스터·아트패브릭포스터·방수포스터),PRICE_TYPE.01,,,1200.00,2200.00,,,,,52800.00,,
main,PRD_000121,접착방수포스터,PRF_POSTER_ADH_WP,1,COMP_POSTER_ARTPRINT_PHOTO,실사 완제품가 (아트프린트포스터·접착방수포스터·아트패브릭포스터·방수포스터),PRICE_TYPE.01,,,1200.00,2600.00,,,,,62400.00,,
main,PRD_000121,접착방수포스터,PRF_POSTER_ADH_WP,1,COMP_POSTER_ARTPRINT_PHOTO,실사 완제품가 (아트프린트포스터·접착방수포스터·아트패브릭포스터·방수포스터),PRICE_TYPE.01,,,1200.00,800.00,,,,,20000.00,,
main,PRD_000121,접착방수포스터,PRF_POSTER_ADH_WP,1,COMP_POSTER_ARTPRINT_PHOTO,실사 완제품가 (아트프린트포스터·접착방수포스터·아트패브릭포스터·방수포스터),PRICE_TYPE.01,,,800.00,1000.00,,,,,20000.00,,
main,PRD_000121,접착방수포스터,PRF_POSTER_ADH_WP,1,COMP_POSTER_ARTPRINT_PHOTO,실사 완제품가 (아트프린트포스터·접착방수포스터·아트패브릭포스터·방수포스터),PRICE_TYPE.01,,,600.00,1000.00,,,,,20000.00,,
main,PRD_000122,접착투명포스터,PRF_POSTER_ADH_CLEAR,1,COMP_POSTER_ADH_CLEAR_PVC,실사 완제품가 (접착투명포스터),PRICE_TYPE.01,,,1200.00,2600.00,,,,,171600.00,,
main,PRD_000122,접착투명포스터,PRF_POSTER_ADH_CLEAR,1,COMP_POSTER_ADH_CLEAR_PVC,실사 완제품가 (접착투명포스터),PRICE_TYPE.01,,,800.00,2400.00,,,,,105600.00,,
main,PRD_000122,접착투명포스터,PRF_POSTER_ADH_CLEAR,1,COMP_POSTER_ADH_CLEAR_PVC,실사 완제품가 (접착투명포스터),PRICE_TYPE.01,,,800.00,1800.00,,,,,79200.00,,
main,PRD_000122,접착투명포스터,PRF_POSTER_ADH_CLEAR,1,COMP_POSTER_ADH_CLEAR_PVC,실사 완제품가 (접착투명포스터),PRICE_TYPE.01,,,600.00,2200.00,,,,,72600.00,,
main,PRD_000122,접착투명포스터,PRF_POSTER_ADH_CLEAR,1,COMP_POSTER_ADH_CLEAR_PVC,실사 완제품가 (접착투명포스터),PRICE_TYPE.01,,,1000.00,2000.00,,,,,110000.00,,
main,PRD_000122,접착투명포스터,PRF_POSTER_ADH_CLEAR,1,COMP_POSTER_ADH_CLEAR_PVC,실사 완제품가 (접착투명포스터),PRICE_TYPE.01,,,1200.00,3000.00,,,,,198000.00,,
main,PRD_000122,접착투명포스터,PRF_POSTER_ADH_CLEAR,1,COMP_POSTER_ADH_CLEAR_PVC,실사 완제품가 (접착투명포스터),PRICE_TYPE.01,,,600.00,800.00,,,,,16000.00,,
main,PRD_000122,접착투명포스터,PRF_POSTER_ADH_CLEAR,1,COMP_POSTER_ADH_CLEAR_PVC,실사 완제품가 (접착투명포스터),PRICE_TYPE.01,,,1000.00,1200.00,,,,,66000.00,,
main,PRD_000122,접착투명포스터,PRF_POSTER_ADH_CLEAR,1,COMP_POSTER_ADH_CLEAR_PVC,실사 완제품가 (접착투명포스터),PRICE_TYPE.01,,,600.00,1000.00,,,,,55000.00,,
main,PRD_000122,접착투명포스터,PRF_POSTER_ADH_CLEAR,1,COMP_POSTER_ADH_CLEAR_PVC,실사 완제품가 (접착투명포스터),PRICE_TYPE.01,,,800.00,1200.00,,,,,55000.00,,
main,PRD_000122,접착투명포스터,PRF_POSTER_ADH_CLEAR,1,COMP_POSTER_ADH_CLEAR_PVC,실사 완제품가 (접착투명포스터),PRICE_TYPE.01,,,1200.00,1000.00,,,,,66000.00,,
main,PRD_000122,접착투명포스터,PRF_POSTER_ADH_CLEAR,1,COMP_POSTER_ADH_CLEAR_PVC,실사 완제품가 (접착투명포스터),PRICE_TYPE.01,,,1200.00,800.00,,,,,55000.00,,
main,PRD_000122,접착투명포스터,PRF_POSTER_ADH_CLEAR,1,COMP_POSTER_ADH_CLEAR_PVC,실사 완제품가 (접착투명포스터),PRICE_TYPE.01,,,800.00,1400.00,,,,,61600.00,,
main,PRD_000122,접착투명포스터,PRF_POSTER_ADH_CLEAR,1,COMP_POSTER_ADH_CLEAR_PVC,실사 완제품가 (접착투명포스터),PRICE_TYPE.01,,,1000.00,1400.00,,,,,77000.00,,
main,PRD_000122,접착투명포스터,PRF_POSTER_ADH_CLEAR,1,COMP_POSTER_ADH_CLEAR_PVC,실사 완제품가 (접착투명포스터),PRICE_TYPE.01,,,1200.00,1200.00,,,,,79200.00,,
main,PRD_000122,접착투명포스터,PRF_POSTER_ADH_CLEAR,1,COMP_POSTER_ADH_CLEAR_PVC,실사 완제품가 (접착투명포스터),PRICE_TYPE.01,,,1200.00,1600.00,,,,,105600.00,,
main,PRD_000122,접착투명포스터,PRF_POSTER_ADH_CLEAR,1,COMP_POSTER_ADH_CLEAR_PVC,실사 완제품가 (접착투명포스터),PRICE_TYPE.01,,,1200.00,600.00,,,,,55000.00,,
main,PRD_000122,접착투명포스터,PRF_POSTER_ADH_CLEAR,1,COMP_POSTER_ADH_CLEAR_PVC,실사 완제품가 (접착투명포스터),PRICE_TYPE.01,,,600.00,600.00,,,,,16000.00,,
main,PRD_000122,접착투명포스터,PRF_POSTER_ADH_CLEAR,1,COMP_POSTER_ADH_CLEAR_PVC,실사 완제품가 (접착투명포스터),PRICE_TYPE.01,,,800.00,600.00,,,,,16000.00,,
main,PRD_000122,접착투명포스터,PRF_POSTER_ADH_CLEAR,1,COMP_POSTER_ADH_CLEAR_PVC,실사 완제품가 (접착투명포스터),PRICE_TYPE.01,,,1000.00,2600.00,,,,,143000.00,,
main,PRD_000122,접착투명포스터,PRF_POSTER_ADH_CLEAR,1,COMP_POSTER_ADH_CLEAR_PVC,실사 완제품가 (접착투명포스터),PRICE_TYPE.01,,,800.00,2600.00,,,,,114400.00,,
main,PRD_000122,접착투명포스터,PRF_POSTER_ADH_CLEAR,1,COMP_POSTER_ADH_CLEAR_PVC,실사 완제품가 (접착투명포스터),PRICE_TYPE.01,,,800.00,800.00,,,,,55000.00,,
main,PRD_000122,접착투명포스터,PRF_POSTER_ADH_CLEAR,1,COMP_POSTER_ADH_CLEAR_PVC,실사 완제품가 (접착투명포스터),PRICE_TYPE.01,,,600.00,2400.00,,,,,79200.00,,
main,PRD_000122,접착투명포스터,PRF_POSTER_ADH_CLEAR,1,COMP_POSTER_ADH_CLEAR_PVC,실사 완제품가 (접착투명포스터),PRICE_TYPE.01,,,800.00,1000.00,,,,,55000.00,,
main,PRD_000122,접착투명포스터,PRF_POSTER_ADH_CLEAR,1,COMP_POSTER_ADH_CLEAR_PVC,실사 완제품가 (접착투명포스터),PRICE_TYPE.01,,,800.00,3000.00,,,,,132000.00,,
main,PRD_000122,접착투명포스터,PRF_POSTER_ADH_CLEAR,1,COMP_POSTER_ADH_CLEAR_PVC,실사 완제품가 (접착투명포스터),PRICE_TYPE.01,,,1000.00,800.00,,,,,55000.00,,
main,PRD_000122,접착투명포스터,PRF_POSTER_ADH_CLEAR,1,COMP_POSTER_ADH_CLEAR_PVC,실사 완제품가 (접착투명포스터),PRICE_TYPE.01,,,600.00,1200.00,,,,,55000.00,,
main,PRD_000122,접착투명포스터,PRF_POSTER_ADH_CLEAR,1,COMP_POSTER_ADH_CLEAR_PVC,실사 완제품가 (접착투명포스터),PRICE_TYPE.01,,,1000.00,1000.00,,,,,55000.00,,
main,PRD_000122,접착투명포스터,PRF_POSTER_ADH_CLEAR,1,COMP_POSTER_ADH_CLEAR_PVC,실사 완제품가 (접착투명포스터),PRICE_TYPE.01,,,600.00,1800.00,,,,,59400.00,,
main,PRD_000122,접착투명포스터,PRF_POSTER_ADH_CLEAR,1,COMP_POSTER_ADH_CLEAR_PVC,실사 완제품가 (접착투명포스터),PRICE_TYPE.01,,,1000.00,3000.00,,,,,165000.00,,
main,PRD_000122,접착투명포스터,PRF_POSTER_ADH_CLEAR,1,COMP_POSTER_ADH_CLEAR_PVC,실사 완제품가 (접착투명포스터),PRICE_TYPE.01,,,1200.00,2000.00,,,,,132000.00,,
main,PRD_000122,접착투명포스터,PRF_POSTER_ADH_CLEAR,1,COMP_POSTER_ADH_CLEAR_PVC,실사 완제품가 (접착투명포스터),PRICE_TYPE.01,,,1200.00,2800.00,,,,,184800.00,,
main,PRD_000122,접착투명포스터,PRF_POSTER_ADH_CLEAR,1,COMP_POSTER_ADH_CLEAR_PVC,실사 완제품가 (접착투명포스터),PRICE_TYPE.01,,,600.00,2000.00,,,,,66000.00,,
main,PRD_000122,접착투명포스터,PRF_POSTER_ADH_CLEAR,1,COMP_POSTER_ADH_CLEAR_PVC,실사 완제품가 (접착투명포스터),PRICE_TYPE.01,,,600.00,2800.00,,,,,92400.00,,
main,PRD_000122,접착투명포스터,PRF_POSTER_ADH_CLEAR,1,COMP_POSTER_ADH_CLEAR_PVC,실사 완제품가 (접착투명포스터),PRICE_TYPE.01,,,600.00,1600.00,,,,,55000.00,,
main,PRD_000122,접착투명포스터,PRF_POSTER_ADH_CLEAR,1,COMP_POSTER_ADH_CLEAR_PVC,실사 완제품가 (접착투명포스터),PRICE_TYPE.01,,,1200.00,1400.00,,,,,92400.00,,
main,PRD_000122,접착투명포스터,PRF_POSTER_ADH_CLEAR,1,COMP_POSTER_ADH_CLEAR_PVC,실사 완제품가 (접착투명포스터),PRICE_TYPE.01,,,1000.00,2200.00,,,,,121000.00,,
main,PRD_000122,접착투명포스터,PRF_POSTER_ADH_CLEAR,1,COMP_POSTER_ADH_CLEAR_PVC,실사 완제품가 (접착투명포스터),PRICE_TYPE.01,,,1200.00,2400.00,,,,,158400.00,,
main,PRD_000122,접착투명포스터,PRF_POSTER_ADH_CLEAR,1,COMP_POSTER_ADH_CLEAR_PVC,실사 완제품가 (접착투명포스터),PRICE_TYPE.01,,,1200.00,1800.00,,,,,118800.00,,
main,PRD_000122,접착투명포스터,PRF_POSTER_ADH_CLEAR,1,COMP_POSTER_ADH_CLEAR_PVC,실사 완제품가 (접착투명포스터),PRICE_TYPE.01,,,800.00,2200.00,,,,,96800.00,,
main,PRD_000122,접착투명포스터,PRF_POSTER_ADH_CLEAR,1,COMP_POSTER_ADH_CLEAR_PVC,실사 완제품가 (접착투명포스터),PRICE_TYPE.01,,,600.00,3000.00,,,,,99000.00,,
main,PRD_000122,접착투명포스터,PRF_POSTER_ADH_CLEAR,1,COMP_POSTER_ADH_CLEAR_PVC,실사 완제품가 (접착투명포스터),PRICE_TYPE.01,,,1000.00,1600.00,,,,,88000.00,,
main,PRD_000122,접착투명포스터,PRF_POSTER_ADH_CLEAR,1,COMP_POSTER_ADH_CLEAR_PVC,실사 완제품가 (접착투명포스터),PRICE_TYPE.01,,,600.00,2600.00,,,,,85800.00,,
main,PRD_000122,접착투명포스터,PRF_POSTER_ADH_CLEAR,1,COMP_POSTER_ADH_CLEAR_PVC,실사 완제품가 (접착투명포스터),PRICE_TYPE.01,,,600.00,1400.00,,,,,55000.00,,
main,PRD_000122,접착투명포스터,PRF_POSTER_ADH_CLEAR,1,COMP_POSTER_ADH_CLEAR_PVC,실사 완제품가 (접착투명포스터),PRICE_TYPE.01,,,1000.00,2800.00,,,,,154000.00,,
main,PRD_000122,접착투명포스터,PRF_POSTER_ADH_CLEAR,1,COMP_POSTER_ADH_CLEAR_PVC,실사 완제품가 (접착투명포스터),PRICE_TYPE.01,,,800.00,2000.00,,,,,88000.00,,
main,PRD_000122,접착투명포스터,PRF_POSTER_ADH_CLEAR,1,COMP_POSTER_ADH_CLEAR_PVC,실사 완제품가 (접착투명포스터),PRICE_TYPE.01,,,1000.00,2400.00,,,,,132000.00,,
main,PRD_000122,접착투명포스터,PRF_POSTER_ADH_CLEAR,1,COMP_POSTER_ADH_CLEAR_PVC,실사 완제품가 (접착투명포스터),PRICE_TYPE.01,,,1200.00,2200.00,,,,,145200.00,,
main,PRD_000122,접착투명포스터,PRF_POSTER_ADH_CLEAR,1,COMP_POSTER_ADH_CLEAR_PVC,실사 완제품가 (접착투명포스터),PRICE_TYPE.01,,,1000.00,1800.00,,,,,99000.00,,
main,PRD_000122,접착투명포스터,PRF_POSTER_ADH_CLEAR,1,COMP_POSTER_ADH_CLEAR_PVC,실사 완제품가 (접착투명포스터),PRICE_TYPE.01,,,1000.00,600.00,,,,,55000.00,,
main,PRD_000122,접착투명포스터,PRF_POSTER_ADH_CLEAR,1,COMP_POSTER_ADH_CLEAR_PVC,실사 완제품가 (접착투명포스터),PRICE_TYPE.01,,,800.00,2800.00,,,,,123200.00,,
main,PRD_000122,접착투명포스터,PRF_POSTER_ADH_CLEAR,1,COMP_POSTER_ADH_CLEAR_PVC,실사 완제품가 (접착투명포스터),PRICE_TYPE.01,,,800.00,1600.00,,,,,70400.00,,
main,PRD_000123,아트패브릭포스터,PRF_POSTER_ARTFABRIC,1,COMP_POSTER_ARTPRINT_PHOTO,실사 완제품가 (아트프린트포스터·접착방수포스터·아트패브릭포스터·방수포스터),PRICE_TYPE.01,,,600.00,2400.00,,,,,28800.00,,
main,PRD_000123,아트패브릭포스터,PRF_POSTER_ARTFABRIC,1,COMP_POSTER_ARTPRINT_PHOTO,실사 완제품가 (아트프린트포스터·접착방수포스터·아트패브릭포스터·방수포스터),PRICE_TYPE.01,,,1200.00,2800.00,,,,,67200.00,,
main,PRD_000123,아트패브릭포스터,PRF_POSTER_ARTFABRIC,1,COMP_POSTER_ARTPRINT_PHOTO,실사 완제품가 (아트프린트포스터·접착방수포스터·아트패브릭포스터·방수포스터),PRICE_TYPE.01,,,1200.00,2400.00,,,,,57600.00,,
main,PRD_000123,아트패브릭포스터,PRF_POSTER_ARTFABRIC,1,COMP_POSTER_ARTPRINT_PHOTO,실사 완제품가 (아트프린트포스터·접착방수포스터·아트패브릭포스터·방수포스터),PRICE_TYPE.01,,,1200.00,600.00,,,,,20000.00,,
main,PRD_000123,아트패브릭포스터,PRF_POSTER_ARTFABRIC,1,COMP_POSTER_ARTPRINT_PHOTO,실사 완제품가 (아트프린트포스터·접착방수포스터·아트패브릭포스터·방수포스터),PRICE_TYPE.01,,,600.00,600.00,,,,,12000.00,,
main,PRD_000123,아트패브릭포스터,PRF_POSTER_ARTFABRIC,1,COMP_POSTER_ARTPRINT_PHOTO,실사 완제품가 (아트프린트포스터·접착방수포스터·아트패브릭포스터·방수포스터),PRICE_TYPE.01,,,1000.00,1000.00,,,,,20000.00,,
main,PRD_000123,아트패브릭포스터,PRF_POSTER_ARTFABRIC,1,COMP_POSTER_ARTPRINT_PHOTO,실사 완제품가 (아트프린트포스터·접착방수포스터·아트패브릭포스터·방수포스터),PRICE_TYPE.01,,,600.00,2200.00,,,,,26400.00,,
main,PRD_000123,아트패브릭포스터,PRF_POSTER_ARTFABRIC,1,COMP_POSTER_ARTPRINT_PHOTO,실사 완제품가 (아트프린트포스터·접착방수포스터·아트패브릭포스터·방수포스터),PRICE_TYPE.01,,,1000.00,2600.00,,,,,52000.00,,
main,PRD_000123,아트패브릭포스터,PRF_POSTER_ARTFABRIC,1,COMP_POSTER_ARTPRINT_PHOTO,실사 완제품가 (아트프린트포스터·접착방수포스터·아트패브릭포스터·방수포스터),PRICE_TYPE.01,,,600.00,1000.00,,,,,20000.00,,
main,PRD_000123,아트패브릭포스터,PRF_POSTER_ARTFABRIC,1,COMP_POSTER_ARTPRINT_PHOTO,실사 완제품가 (아트프린트포스터·접착방수포스터·아트패브릭포스터·방수포스터),PRICE_TYPE.01,,,800.00,2400.00,,,,,38400.00,,
main,PRD_000123,아트패브릭포스터,PRF_POSTER_ARTFABRIC,1,COMP_POSTER_ARTPRINT_PHOTO,실사 완제품가 (아트프린트포스터·접착방수포스터·아트패브릭포스터·방수포스터),PRICE_TYPE.01,,,600.00,800.00,,,,,12000.00,,
main,PRD_000123,아트패브릭포스터,PRF_POSTER_ARTFABRIC,1,COMP_POSTER_ARTPRINT_PHOTO,실사 완제품가 (아트프린트포스터·접착방수포스터·아트패브릭포스터·방수포스터),PRICE_TYPE.01,,,800.00,2600.00,,,,,41600.00,,
main,PRD_000123,아트패브릭포스터,PRF_POSTER_ARTFABRIC,1,COMP_POSTER_ARTPRINT_PHOTO,실사 완제품가 (아트프린트포스터·접착방수포스터·아트패브릭포스터·방수포스터),PRICE_TYPE.01,,,600.00,2600.00,,,,,31200.00,,
main,PRD_000123,아트패브릭포스터,PRF_POSTER_ARTFABRIC,1,COMP_POSTER_ARTPRINT_PHOTO,실사 완제품가 (아트프린트포스터·접착방수포스터·아트패브릭포스터·방수포스터),PRICE_TYPE.01,,,800.00,2000.00,,,,,32000.00,,
main,PRD_000123,아트패브릭포스터,PRF_POSTER_ARTFABRIC,1,COMP_POSTER_ARTPRINT_PHOTO,실사 완제품가 (아트프린트포스터·접착방수포스터·아트패브릭포스터·방수포스터),PRICE_TYPE.01,,,800.00,1600.00,,,,,25600.00,,
main,PRD_000123,아트패브릭포스터,PRF_POSTER_ARTFABRIC,1,COMP_POSTER_ARTPRINT_PHOTO,실사 완제품가 (아트프린트포스터·접착방수포스터·아트패브릭포스터·방수포스터),PRICE_TYPE.01,,,600.00,1400.00,,,,,20000.00,,
main,PRD_000123,아트패브릭포스터,PRF_POSTER_ARTFABRIC,1,COMP_POSTER_ARTPRINT_PHOTO,실사 완제품가 (아트프린트포스터·접착방수포스터·아트패브릭포스터·방수포스터),PRICE_TYPE.01,,,1000.00,1600.00,,,,,32000.00,,
main,PRD_000123,아트패브릭포스터,PRF_POSTER_ARTFABRIC,1,COMP_POSTER_ARTPRINT_PHOTO,실사 완제품가 (아트프린트포스터·접착방수포스터·아트패브릭포스터·방수포스터),PRICE_TYPE.01,,,1000.00,2000.00,,,,,40000.00,,
main,PRD_000123,아트패브릭포스터,PRF_POSTER_ARTFABRIC,1,COMP_POSTER_ARTPRINT_PHOTO,실사 완제품가 (아트프린트포스터·접착방수포스터·아트패브릭포스터·방수포스터),PRICE_TYPE.01,,,800.00,600.00,,,,,12000.00,,
main,PRD_000123,아트패브릭포스터,PRF_POSTER_ARTFABRIC,1,COMP_POSTER_ARTPRINT_PHOTO,실사 완제품가 (아트프린트포스터·접착방수포스터·아트패브릭포스터·방수포스터),PRICE_TYPE.01,,,600.00,1800.00,,,,,21600.00,,
main,PRD_000123,아트패브릭포스터,PRF_POSTER_ARTFABRIC,1,COMP_POSTER_ARTPRINT_PHOTO,실사 완제품가 (아트프린트포스터·접착방수포스터·아트패브릭포스터·방수포스터),PRICE_TYPE.01,,,1200.00,2600.00,,,,,62400.00,,
main,PRD_000123,아트패브릭포스터,PRF_POSTER_ARTFABRIC,1,COMP_POSTER_ARTPRINT_PHOTO,실사 완제품가 (아트프린트포스터·접착방수포스터·아트패브릭포스터·방수포스터),PRICE_TYPE.01,,,800.00,1400.00,,,,,22400.00,,
main,PRD_000123,아트패브릭포스터,PRF_POSTER_ARTFABRIC,1,COMP_POSTER_ARTPRINT_PHOTO,실사 완제품가 (아트프린트포스터·접착방수포스터·아트패브릭포스터·방수포스터),PRICE_TYPE.01,,,1200.00,1000.00,,,,,24000.00,,
main,PRD_000123,아트패브릭포스터,PRF_POSTER_ARTFABRIC,1,COMP_POSTER_ARTPRINT_PHOTO,실사 완제품가 (아트프린트포스터·접착방수포스터·아트패브릭포스터·방수포스터),PRICE_TYPE.01,,,800.00,1800.00,,,,,28800.00,,
main,PRD_000123,아트패브릭포스터,PRF_POSTER_ARTFABRIC,1,COMP_POSTER_ARTPRINT_PHOTO,실사 완제품가 (아트프린트포스터·접착방수포스터·아트패브릭포스터·방수포스터),PRICE_TYPE.01,,,1200.00,800.00,,,,,20000.00,,
main,PRD_000123,아트패브릭포스터,PRF_POSTER_ARTFABRIC,1,COMP_POSTER_ARTPRINT_PHOTO,실사 완제품가 (아트프린트포스터·접착방수포스터·아트패브릭포스터·방수포스터),PRICE_TYPE.01,,,800.00,2200.00,,,,,35200.00,,
main,PRD_000123,아트패브릭포스터,PRF_POSTER_ARTFABRIC,1,COMP_POSTER_ARTPRINT_PHOTO,실사 완제품가 (아트프린트포스터·접착방수포스터·아트패브릭포스터·방수포스터),PRICE_TYPE.01,,,600.00,1200.00,,,,,20000.00,,
main,PRD_000123,아트패브릭포스터,PRF_POSTER_ARTFABRIC,1,COMP_POSTER_ARTPRINT_PHOTO,실사 완제품가 (아트프린트포스터·접착방수포스터·아트패브릭포스터·방수포스터),PRICE_TYPE.01,,,1000.00,1200.00,,,,,24000.00,,
main,PRD_000123,아트패브릭포스터,PRF_POSTER_ARTFABRIC,1,COMP_POSTER_ARTPRINT_PHOTO,실사 완제품가 (아트프린트포스터·접착방수포스터·아트패브릭포스터·방수포스터),PRICE_TYPE.01,,,1000.00,3000.00,,,,,60000.00,,
main,PRD_000123,아트패브릭포스터,PRF_POSTER_ARTFABRIC,1,COMP_POSTER_ARTPRINT_PHOTO,실사 완제품가 (아트프린트포스터·접착방수포스터·아트패브릭포스터·방수포스터),PRICE_TYPE.01,,,1000.00,800.00,,,,,20000.00,,
main,PRD_000123,아트패브릭포스터,PRF_POSTER_ARTFABRIC,1,COMP_POSTER_ARTPRINT_PHOTO,실사 완제품가 (아트프린트포스터·접착방수포스터·아트패브릭포스터·방수포스터),PRICE_TYPE.01,,,1000.00,1800.00,,,,,36000.00,,
main,PRD_000123,아트패브릭포스터,PRF_POSTER_ARTFABRIC,1,COMP_POSTER_ARTPRINT_PHOTO,실사 완제품가 (아트프린트포스터·접착방수포스터·아트패브릭포스터·방수포스터),PRICE_TYPE.01,,,1200.00,3000.00,,,,,72000.00,,
main,PRD_000123,아트패브릭포스터,PRF_POSTER_ARTFABRIC,1,COMP_POSTER_ARTPRINT_PHOTO,실사 완제품가 (아트프린트포스터·접착방수포스터·아트패브릭포스터·방수포스터),PRICE_TYPE.01,,,800.00,3000.00,,,,,48000.00,,
main,PRD_000123,아트패브릭포스터,PRF_POSTER_ARTFABRIC,1,COMP_POSTER_ARTPRINT_PHOTO,실사 완제품가 (아트프린트포스터·접착방수포스터·아트패브릭포스터·방수포스터),PRICE_TYPE.01,,,1000.00,1400.00,,,,,28000.00,,
main,PRD_000123,아트패브릭포스터,PRF_POSTER_ARTFABRIC,1,COMP_POSTER_ARTPRINT_PHOTO,실사 완제품가 (아트프린트포스터·접착방수포스터·아트패브릭포스터·방수포스터),PRICE_TYPE.01,,,1200.00,1400.00,,,,,33600.00,,
main,PRD_000123,아트패브릭포스터,PRF_POSTER_ARTFABRIC,1,COMP_POSTER_ARTPRINT_PHOTO,실사 완제품가 (아트프린트포스터·접착방수포스터·아트패브릭포스터·방수포스터),PRICE_TYPE.01,,,600.00,2000.00,,,,,24000.00,,
main,PRD_000123,아트패브릭포스터,PRF_POSTER_ARTFABRIC,1,COMP_POSTER_ARTPRINT_PHOTO,실사 완제품가 (아트프린트포스터·접착방수포스터·아트패브릭포스터·방수포스터),PRICE_TYPE.01,,,1000.00,600.00,,,,,20000.00,,
main,PRD_000123,아트패브릭포스터,PRF_POSTER_ARTFABRIC,1,COMP_POSTER_ARTPRINT_PHOTO,실사 완제품가 (아트프린트포스터·접착방수포스터·아트패브릭포스터·방수포스터),PRICE_TYPE.01,,,800.00,1000.00,,,,,20000.00,,
main,PRD_000123,아트패브릭포스터,PRF_POSTER_ARTFABRIC,1,COMP_POSTER_ARTPRINT_PHOTO,실사 완제품가 (아트프린트포스터·접착방수포스터·아트패브릭포스터·방수포스터),PRICE_TYPE.01,,,800.00,1200.00,,,,,20000.00,,
main,PRD_000123,아트패브릭포스터,PRF_POSTER_ARTFABRIC,1,COMP_POSTER_ARTPRINT_PHOTO,실사 완제품가 (아트프린트포스터·접착방수포스터·아트패브릭포스터·방수포스터),PRICE_TYPE.01,,,600.00,3000.00,,,,,36000.00,,
main,PRD_000123,아트패브릭포스터,PRF_POSTER_ARTFABRIC,1,COMP_POSTER_ARTPRINT_PHOTO,실사 완제품가 (아트프린트포스터·접착방수포스터·아트패브릭포스터·방수포스터),PRICE_TYPE.01,,,600.00,2800.00,,,,,33600.00,,
main,PRD_000123,아트패브릭포스터,PRF_POSTER_ARTFABRIC,1,COMP_POSTER_ARTPRINT_PHOTO,실사 완제품가 (아트프린트포스터·접착방수포스터·아트패브릭포스터·방수포스터),PRICE_TYPE.01,,,1200.00,2000.00,,,,,48000.00,,
main,PRD_000123,아트패브릭포스터,PRF_POSTER_ARTFABRIC,1,COMP_POSTER_ARTPRINT_PHOTO,실사 완제품가 (아트프린트포스터·접착방수포스터·아트패브릭포스터·방수포스터),PRICE_TYPE.01,,,600.00,1600.00,,,,,20000.00,,
main,PRD_000123,아트패브릭포스터,PRF_POSTER_ARTFABRIC,1,COMP_POSTER_ARTPRINT_PHOTO,실사 완제품가 (아트프린트포스터·접착방수포스터·아트패브릭포스터·방수포스터),PRICE_TYPE.01,,,800.00,800.00,,,,,20000.00,,
main,PRD_000123,아트패브릭포스터,PRF_POSTER_ARTFABRIC,1,COMP_POSTER_ARTPRINT_PHOTO,실사 완제품가 (아트프린트포스터·접착방수포스터·아트패브릭포스터·방수포스터),PRICE_TYPE.01,,,1200.00,1800.00,,,,,43200.00,,
main,PRD_000123,아트패브릭포스터,PRF_POSTER_ARTFABRIC,1,COMP_POSTER_ARTPRINT_PHOTO,실사 완제품가 (아트프린트포스터·접착방수포스터·아트패브릭포스터·방수포스터),PRICE_TYPE.01,,,800.00,2800.00,,,,,44800.00,,
main,PRD_000123,아트패브릭포스터,PRF_POSTER_ARTFABRIC,1,COMP_POSTER_ARTPRINT_PHOTO,실사 완제품가 (아트프린트포스터·접착방수포스터·아트패브릭포스터·방수포스터),PRICE_TYPE.01,,,1200.00,1200.00,,,,,28800.00,,
main,PRD_000123,아트패브릭포스터,PRF_POSTER_ARTFABRIC,1,COMP_POSTER_ARTPRINT_PHOTO,실사 완제품가 (아트프린트포스터·접착방수포스터·아트패브릭포스터·방수포스터),PRICE_TYPE.01,,,1000.00,2800.00,,,,,56000.00,,
main,PRD_000123,아트패브릭포스터,PRF_POSTER_ARTFABRIC,1,COMP_POSTER_ARTPRINT_PHOTO,실사 완제품가 (아트프린트포스터·접착방수포스터·아트패브릭포스터·방수포스터),PRICE_TYPE.01,,,1000.00,2400.00,,,,,48000.00,,
main,PRD_000123,아트패브릭포스터,PRF_POSTER_ARTFABRIC,1,COMP_POSTER_ARTPRINT_PHOTO,실사 완제품가 (아트프린트포스터·접착방수포스터·아트패브릭포스터·방수포스터),PRICE_TYPE.01,,,1200.00,1600.00,,,,,38400.00,,
main,PRD_000123,아트패브릭포스터,PRF_POSTER_ARTFABRIC,1,COMP_POSTER_ARTPRINT_PHOTO,실사 완제품가 (아트프린트포스터·접착방수포스터·아트패브릭포스터·방수포스터),PRICE_TYPE.01,,,1200.00,2200.00,,,,,52800.00,,
main,PRD_000123,아트패브릭포스터,PRF_POSTER_ARTFABRIC,1,COMP_POSTER_ARTPRINT_PHOTO,실사 완제품가 (아트프린트포스터·접착방수포스터·아트패브릭포스터·방수포스터),PRICE_TYPE.01,,,1000.00,2200.00,,,,,44000.00,,
main,PRD_000124,린넨패브릭포스터,PRF_POSTER_LINEN,1,COMP_POSTER_LINEN_FABRIC,실사 완제품가 (린넨패브릭포스터),PRICE_TYPE.01,,,800.00,2600.00,,,,,62400.00,,
main,PRD_000124,린넨패브릭포스터,PRF_POSTER_LINEN,1,COMP_POSTER_LINEN_FABRIC,실사 완제품가 (린넨패브릭포스터),PRICE_TYPE.01,,,1200.00,2600.00,,,,,93600.00,,
main,PRD_000124,린넨패브릭포스터,PRF_POSTER_LINEN,1,COMP_POSTER_LINEN_FABRIC,실사 완제품가 (린넨패브릭포스터),PRICE_TYPE.01,,,1200.00,3000.00,,,,,108000.00,,
main,PRD_000124,린넨패브릭포스터,PRF_POSTER_LINEN,1,COMP_POSTER_LINEN_FABRIC,실사 완제품가 (린넨패브릭포스터),PRICE_TYPE.01,,,1200.00,1800.00,,,,,64800.00,,
main,PRD_000124,린넨패브릭포스터,PRF_POSTER_LINEN,1,COMP_POSTER_LINEN_FABRIC,실사 완제품가 (린넨패브릭포스터),PRICE_TYPE.01,,,1200.00,2400.00,,,,,86400.00,,
main,PRD_000124,린넨패브릭포스터,PRF_POSTER_LINEN,1,COMP_POSTER_LINEN_FABRIC,실사 완제품가 (린넨패브릭포스터),PRICE_TYPE.01,,,1000.00,2200.00,,,,,66000.00,,
main,PRD_000124,린넨패브릭포스터,PRF_POSTER_LINEN,1,COMP_POSTER_LINEN_FABRIC,실사 완제품가 (린넨패브릭포스터),PRICE_TYPE.01,,,800.00,2200.00,,,,,52800.00,,
main,PRD_000124,린넨패브릭포스터,PRF_POSTER_LINEN,1,COMP_POSTER_LINEN_FABRIC,실사 완제품가 (린넨패브릭포스터),PRICE_TYPE.01,,,1200.00,1000.00,,,,,36000.00,,
main,PRD_000124,린넨패브릭포스터,PRF_POSTER_LINEN,1,COMP_POSTER_LINEN_FABRIC,실사 완제품가 (린넨패브릭포스터),PRICE_TYPE.01,,,600.00,3000.00,,,,,54000.00,,
main,PRD_000124,린넨패브릭포스터,PRF_POSTER_LINEN,1,COMP_POSTER_LINEN_FABRIC,실사 완제품가 (린넨패브릭포스터),PRICE_TYPE.01,,,1200.00,800.00,,,,,30000.00,,
main,PRD_000124,린넨패브릭포스터,PRF_POSTER_LINEN,1,COMP_POSTER_LINEN_FABRIC,실사 완제품가 (린넨패브릭포스터),PRICE_TYPE.01,,,800.00,2400.00,,,,,57600.00,,
main,PRD_000124,린넨패브릭포스터,PRF_POSTER_LINEN,1,COMP_POSTER_LINEN_FABRIC,실사 완제품가 (린넨패브릭포스터),PRICE_TYPE.01,,,800.00,1200.00,,,,,30000.00,,
main,PRD_000124,린넨패브릭포스터,PRF_POSTER_LINEN,1,COMP_POSTER_LINEN_FABRIC,실사 완제품가 (린넨패브릭포스터),PRICE_TYPE.01,,,1200.00,1400.00,,,,,50400.00,,
main,PRD_000124,린넨패브릭포스터,PRF_POSTER_LINEN,1,COMP_POSTER_LINEN_FABRIC,실사 완제품가 (린넨패브릭포스터),PRICE_TYPE.01,,,1000.00,1200.00,,,,,36000.00,,
main,PRD_000124,린넨패브릭포스터,PRF_POSTER_LINEN,1,COMP_POSTER_LINEN_FABRIC,실사 완제품가 (린넨패브릭포스터),PRICE_TYPE.01,,,600.00,800.00,,,,,17000.00,,
main,PRD_000124,린넨패브릭포스터,PRF_POSTER_LINEN,1,COMP_POSTER_LINEN_FABRIC,실사 완제품가 (린넨패브릭포스터),PRICE_TYPE.01,,,600.00,1000.00,,,,,30000.00,,
main,PRD_000124,린넨패브릭포스터,PRF_POSTER_LINEN,1,COMP_POSTER_LINEN_FABRIC,실사 완제품가 (린넨패브릭포스터),PRICE_TYPE.01,,,1000.00,600.00,,,,,30000.00,,
main,PRD_000124,린넨패브릭포스터,PRF_POSTER_LINEN,1,COMP_POSTER_LINEN_FABRIC,실사 완제품가 (린넨패브릭포스터),PRICE_TYPE.01,,,800.00,1800.00,,,,,43200.00,,
main,PRD_000124,린넨패브릭포스터,PRF_POSTER_LINEN,1,COMP_POSTER_LINEN_FABRIC,실사 완제품가 (린넨패브릭포스터),PRICE_TYPE.01,,,600.00,2000.00,,,,,36000.00,,
main,PRD_000124,린넨패브릭포스터,PRF_POSTER_LINEN,1,COMP_POSTER_LINEN_FABRIC,실사 완제품가 (린넨패브릭포스터),PRICE_TYPE.01,,,800.00,600.00,,,,,17000.00,,
main,PRD_000124,린넨패브릭포스터,PRF_POSTER_LINEN,1,COMP_POSTER_LINEN_FABRIC,실사 완제품가 (린넨패브릭포스터),PRICE_TYPE.01,,,1000.00,2400.00,,,,,72000.00,,
main,PRD_000124,린넨패브릭포스터,PRF_POSTER_LINEN,1,COMP_POSTER_LINEN_FABRIC,실사 완제품가 (린넨패브릭포스터),PRICE_TYPE.01,,,600.00,1200.00,,,,,30000.00,,
main,PRD_000124,린넨패브릭포스터,PRF_POSTER_LINEN,1,COMP_POSTER_LINEN_FABRIC,실사 완제품가 (린넨패브릭포스터),PRICE_TYPE.01,,,600.00,1600.00,,,,,30000.00,,
main,PRD_000124,린넨패브릭포스터,PRF_POSTER_LINEN,1,COMP_POSTER_LINEN_FABRIC,실사 완제품가 (린넨패브릭포스터),PRICE_TYPE.01,,,1000.00,800.00,,,,,30000.00,,
main,PRD_000124,린넨패브릭포스터,PRF_POSTER_LINEN,1,COMP_POSTER_LINEN_FABRIC,실사 완제품가 (린넨패브릭포스터),PRICE_TYPE.01,,,600.00,2800.00,,,,,50400.00,,
main,PRD_000124,린넨패브릭포스터,PRF_POSTER_LINEN,1,COMP_POSTER_LINEN_FABRIC,실사 완제품가 (린넨패브릭포스터),PRICE_TYPE.01,,,1000.00,1000.00,,,,,30000.00,,
main,PRD_000124,린넨패브릭포스터,PRF_POSTER_LINEN,1,COMP_POSTER_LINEN_FABRIC,실사 완제품가 (린넨패브릭포스터),PRICE_TYPE.01,,,1200.00,2000.00,,,,,72000.00,,
main,PRD_000124,린넨패브릭포스터,PRF_POSTER_LINEN,1,COMP_POSTER_LINEN_FABRIC,실사 완제품가 (린넨패브릭포스터),PRICE_TYPE.01,,,1200.00,2800.00,,,,,100800.00,,
main,PRD_000124,린넨패브릭포스터,PRF_POSTER_LINEN,1,COMP_POSTER_LINEN_FABRIC,실사 완제품가 (린넨패브릭포스터),PRICE_TYPE.01,,,1200.00,2200.00,,,,,79200.00,,
main,PRD_000124,린넨패브릭포스터,PRF_POSTER_LINEN,1,COMP_POSTER_LINEN_FABRIC,실사 완제품가 (린넨패브릭포스터),PRICE_TYPE.01,,,1200.00,1600.00,,,,,57600.00,,
main,PRD_000124,린넨패브릭포스터,PRF_POSTER_LINEN,1,COMP_POSTER_LINEN_FABRIC,실사 완제품가 (린넨패브릭포스터),PRICE_TYPE.01,,,1000.00,1800.00,,,,,54000.00,,
main,PRD_000124,린넨패브릭포스터,PRF_POSTER_LINEN,1,COMP_POSTER_LINEN_FABRIC,실사 완제품가 (린넨패브릭포스터),PRICE_TYPE.01,,,800.00,3000.00,,,,,72000.00,,
main,PRD_000124,린넨패브릭포스터,PRF_POSTER_LINEN,1,COMP_POSTER_LINEN_FABRIC,실사 완제품가 (린넨패브릭포스터),PRICE_TYPE.01,,,600.00,2400.00,,,,,43200.00,,
main,PRD_000124,린넨패브릭포스터,PRF_POSTER_LINEN,1,COMP_POSTER_LINEN_FABRIC,실사 완제품가 (린넨패브릭포스터),PRICE_TYPE.01,,,800.00,800.00,,,,,30000.00,,
main,PRD_000124,린넨패브릭포스터,PRF_POSTER_LINEN,1,COMP_POSTER_LINEN_FABRIC,실사 완제품가 (린넨패브릭포스터),PRICE_TYPE.01,,,1000.00,3000.00,,,,,90000.00,,
main,PRD_000124,린넨패브릭포스터,PRF_POSTER_LINEN,1,COMP_POSTER_LINEN_FABRIC,실사 완제품가 (린넨패브릭포스터),PRICE_TYPE.01,,,800.00,1000.00,,,,,30000.00,,
main,PRD_000124,린넨패브릭포스터,PRF_POSTER_LINEN,1,COMP_POSTER_LINEN_FABRIC,실사 완제품가 (린넨패브릭포스터),PRICE_TYPE.01,,,1000.00,2600.00,,,,,78000.00,,
main,PRD_000124,린넨패브릭포스터,PRF_POSTER_LINEN,1,COMP_POSTER_LINEN_FABRIC,실사 완제품가 (린넨패브릭포스터),PRICE_TYPE.01,,,600.00,600.00,,,,,17000.00,,
main,PRD_000124,린넨패브릭포스터,PRF_POSTER_LINEN,1,COMP_POSTER_LINEN_FABRIC,실사 완제품가 (린넨패브릭포스터),PRICE_TYPE.01,,,800.00,2800.00,,,,,67200.00,,
main,PRD_000124,린넨패브릭포스터,PRF_POSTER_LINEN,1,COMP_POSTER_LINEN_FABRIC,실사 완제품가 (린넨패브릭포스터),PRICE_TYPE.01,,,600.00,2200.00,,,,,39600.00,,
main,PRD_000124,린넨패브릭포스터,PRF_POSTER_LINEN,1,COMP_POSTER_LINEN_FABRIC,실사 완제품가 (린넨패브릭포스터),PRICE_TYPE.01,,,1200.00,1200.00,,,,,43200.00,,
main,PRD_000124,린넨패브릭포스터,PRF_POSTER_LINEN,1,COMP_POSTER_LINEN_FABRIC,실사 완제품가 (린넨패브릭포스터),PRICE_TYPE.01,,,800.00,1600.00,,,,,38400.00,,
main,PRD_000124,린넨패브릭포스터,PRF_POSTER_LINEN,1,COMP_POSTER_LINEN_FABRIC,실사 완제품가 (린넨패브릭포스터),PRICE_TYPE.01,,,800.00,1400.00,,,,,33600.00,,
main,PRD_000124,린넨패브릭포스터,PRF_POSTER_LINEN,1,COMP_POSTER_LINEN_FABRIC,실사 완제품가 (린넨패브릭포스터),PRICE_TYPE.01,,,1000.00,1400.00,,,,,42000.00,,
main,PRD_000124,린넨패브릭포스터,PRF_POSTER_LINEN,1,COMP_POSTER_LINEN_FABRIC,실사 완제품가 (린넨패브릭포스터),PRICE_TYPE.01,,,800.00,2000.00,,,,,48000.00,,
main,PRD_000124,린넨패브릭포스터,PRF_POSTER_LINEN,1,COMP_POSTER_LINEN_FABRIC,실사 완제품가 (린넨패브릭포스터),PRICE_TYPE.01,,,1000.00,2800.00,,,,,84000.00,,
main,PRD_000124,린넨패브릭포스터,PRF_POSTER_LINEN,1,COMP_POSTER_LINEN_FABRIC,실사 완제품가 (린넨패브릭포스터),PRICE_TYPE.01,,,1000.00,1600.00,,,,,48000.00,,
main,PRD_000124,린넨패브릭포스터,PRF_POSTER_LINEN,1,COMP_POSTER_LINEN_FABRIC,실사 완제품가 (린넨패브릭포스터),PRICE_TYPE.01,,,1000.00,2000.00,,,,,60000.00,,
main,PRD_000124,린넨패브릭포스터,PRF_POSTER_LINEN,1,COMP_POSTER_LINEN_FABRIC,실사 완제품가 (린넨패브릭포스터),PRICE_TYPE.01,,,600.00,1400.00,,,,,30000.00,,
main,PRD_000124,린넨패브릭포스터,PRF_POSTER_LINEN,1,COMP_POSTER_LINEN_FABRIC,실사 완제품가 (린넨패브릭포스터),PRICE_TYPE.01,,,600.00,2600.00,,,,,46800.00,,
main,PRD_000124,린넨패브릭포스터,PRF_POSTER_LINEN,1,COMP_POSTER_LINEN_FABRIC,실사 완제품가 (린넨패브릭포스터),PRICE_TYPE.01,,,600.00,1800.00,,,,,32400.00,,
main,PRD_000124,린넨패브릭포스터,PRF_POSTER_LINEN,1,COMP_POSTER_LINEN_FABRIC,실사 완제품가 (린넨패브릭포스터),PRICE_TYPE.01,,,1200.00,600.00,,,,,30000.00,,
main,PRD_000124,린넨패브릭포스터,PRF_POSTER_LINEN,2,COMP_POSTEROPT_LINEN_FINISH,린넨 마감가공비,PRICE_TYPE.01,,,,,OPV-000024,,,,800.00,오버로크+리본끈,
main,PRD_000124,린넨패브릭포스터,PRF_POSTER_LINEN,2,COMP_POSTEROPT_LINEN_FINISH,린넨 마감가공비,PRICE_TYPE.01,,,,,OPV_000025,,,,0.00,오버로크,
main,PRD_000124,린넨패브릭포스터,PRF_POSTER_LINEN,2,COMP_POSTEROPT_LINEN_FINISH,린넨 마감가공비,PRICE_TYPE.01,,,,,OPV_000026,,,,1000.00,말아박기,
main,PRD_000124,린넨패브릭포스터,PRF_POSTER_LINEN,2,COMP_POSTEROPT_LINEN_FINISH,린넨 마감가공비,PRICE_TYPE.01,,,,,OPV_000424,,,,2000.00,말아박기+면끈,
main,PRD_000124,린넨패브릭포스터,PRF_POSTER_LINEN,2,COMP_POSTEROPT_LINEN_FINISH,린넨 마감가공비,PRICE_TYPE.01,,,,,OPV_000027,,,,2000.00,봉미싱(7cm),
main,PRD_000125,캔버스패브릭포스터,PRF_POSTER_CANVAS,1,COMP_POSTER_CANVAS_FABRIC,실사 완제품가 (캔버스패브릭포스터·레더아트프린트·메쉬프린트·타이벡프린트),PRICE_TYPE.01,,,800.00,2800.00,,,,,78400.00,,
main,PRD_000125,캔버스패브릭포스터,PRF_POSTER_CANVAS,1,COMP_POSTER_CANVAS_FABRIC,실사 완제품가 (캔버스패브릭포스터·레더아트프린트·메쉬프린트·타이벡프린트),PRICE_TYPE.01,,,600.00,2600.00,,,,,54600.00,,
main,PRD_000125,캔버스패브릭포스터,PRF_POSTER_CANVAS,1,COMP_POSTER_CANVAS_FABRIC,실사 완제품가 (캔버스패브릭포스터·레더아트프린트·메쉬프린트·타이벡프린트),PRICE_TYPE.01,,,1200.00,1800.00,,,,,75600.00,,
main,PRD_000125,캔버스패브릭포스터,PRF_POSTER_CANVAS,1,COMP_POSTER_CANVAS_FABRIC,실사 완제품가 (캔버스패브릭포스터·레더아트프린트·메쉬프린트·타이벡프린트),PRICE_TYPE.01,,,1200.00,2800.00,,,,,117600.00,,
main,PRD_000125,캔버스패브릭포스터,PRF_POSTER_CANVAS,1,COMP_POSTER_CANVAS_FABRIC,실사 완제품가 (캔버스패브릭포스터·레더아트프린트·메쉬프린트·타이벡프린트),PRICE_TYPE.01,,,800.00,1800.00,,,,,50400.00,,
main,PRD_000125,캔버스패브릭포스터,PRF_POSTER_CANVAS,1,COMP_POSTER_CANVAS_FABRIC,실사 완제품가 (캔버스패브릭포스터·레더아트프린트·메쉬프린트·타이벡프린트),PRICE_TYPE.01,,,1000.00,1000.00,,,,,35000.00,,
main,PRD_000125,캔버스패브릭포스터,PRF_POSTER_CANVAS,1,COMP_POSTER_CANVAS_FABRIC,실사 완제품가 (캔버스패브릭포스터·레더아트프린트·메쉬프린트·타이벡프린트),PRICE_TYPE.01,,,600.00,2200.00,,,,,46200.00,,
main,PRD_000125,캔버스패브릭포스터,PRF_POSTER_CANVAS,1,COMP_POSTER_CANVAS_FABRIC,실사 완제품가 (캔버스패브릭포스터·레더아트프린트·메쉬프린트·타이벡프린트),PRICE_TYPE.01,,,800.00,2200.00,,,,,61600.00,,
main,PRD_000125,캔버스패브릭포스터,PRF_POSTER_CANVAS,1,COMP_POSTER_CANVAS_FABRIC,실사 완제품가 (캔버스패브릭포스터·레더아트프린트·메쉬프린트·타이벡프린트),PRICE_TYPE.01,,,800.00,600.00,,,,,19000.00,,
main,PRD_000125,캔버스패브릭포스터,PRF_POSTER_CANVAS,1,COMP_POSTER_CANVAS_FABRIC,실사 완제품가 (캔버스패브릭포스터·레더아트프린트·메쉬프린트·타이벡프린트),PRICE_TYPE.01,,,600.00,800.00,,,,,19000.00,,
main,PRD_000125,캔버스패브릭포스터,PRF_POSTER_CANVAS,1,COMP_POSTER_CANVAS_FABRIC,실사 완제품가 (캔버스패브릭포스터·레더아트프린트·메쉬프린트·타이벡프린트),PRICE_TYPE.01,,,600.00,2800.00,,,,,58800.00,,
main,PRD_000125,캔버스패브릭포스터,PRF_POSTER_CANVAS,1,COMP_POSTER_CANVAS_FABRIC,실사 완제품가 (캔버스패브릭포스터·레더아트프린트·메쉬프린트·타이벡프린트),PRICE_TYPE.01,,,800.00,800.00,,,,,35000.00,,
main,PRD_000125,캔버스패브릭포스터,PRF_POSTER_CANVAS,1,COMP_POSTER_CANVAS_FABRIC,실사 완제품가 (캔버스패브릭포스터·레더아트프린트·메쉬프린트·타이벡프린트),PRICE_TYPE.01,,,1200.00,1600.00,,,,,67200.00,,
main,PRD_000125,캔버스패브릭포스터,PRF_POSTER_CANVAS,1,COMP_POSTER_CANVAS_FABRIC,실사 완제품가 (캔버스패브릭포스터·레더아트프린트·메쉬프린트·타이벡프린트),PRICE_TYPE.01,,,1200.00,1400.00,,,,,58800.00,,
main,PRD_000125,캔버스패브릭포스터,PRF_POSTER_CANVAS,1,COMP_POSTER_CANVAS_FABRIC,실사 완제품가 (캔버스패브릭포스터·레더아트프린트·메쉬프린트·타이벡프린트),PRICE_TYPE.01,,,800.00,2600.00,,,,,72800.00,,
main,PRD_000125,캔버스패브릭포스터,PRF_POSTER_CANVAS,1,COMP_POSTER_CANVAS_FABRIC,실사 완제품가 (캔버스패브릭포스터·레더아트프린트·메쉬프린트·타이벡프린트),PRICE_TYPE.01,,,600.00,1800.00,,,,,37800.00,,
main,PRD_000125,캔버스패브릭포스터,PRF_POSTER_CANVAS,1,COMP_POSTER_CANVAS_FABRIC,실사 완제품가 (캔버스패브릭포스터·레더아트프린트·메쉬프린트·타이벡프린트),PRICE_TYPE.01,,,1000.00,1200.00,,,,,42000.00,,
main,PRD_000125,캔버스패브릭포스터,PRF_POSTER_CANVAS,1,COMP_POSTER_CANVAS_FABRIC,실사 완제품가 (캔버스패브릭포스터·레더아트프린트·메쉬프린트·타이벡프린트),PRICE_TYPE.01,,,800.00,1000.00,,,,,35000.00,,
main,PRD_000125,캔버스패브릭포스터,PRF_POSTER_CANVAS,1,COMP_POSTER_CANVAS_FABRIC,실사 완제품가 (캔버스패브릭포스터·레더아트프린트·메쉬프린트·타이벡프린트),PRICE_TYPE.01,,,800.00,1600.00,,,,,44800.00,,
main,PRD_000125,캔버스패브릭포스터,PRF_POSTER_CANVAS,1,COMP_POSTER_CANVAS_FABRIC,실사 완제품가 (캔버스패브릭포스터·레더아트프린트·메쉬프린트·타이벡프린트),PRICE_TYPE.01,,,1000.00,2600.00,,,,,91000.00,,
main,PRD_000125,캔버스패브릭포스터,PRF_POSTER_CANVAS,1,COMP_POSTER_CANVAS_FABRIC,실사 완제품가 (캔버스패브릭포스터·레더아트프린트·메쉬프린트·타이벡프린트),PRICE_TYPE.01,,,1000.00,600.00,,,,,35000.00,,
main,PRD_000125,캔버스패브릭포스터,PRF_POSTER_CANVAS,1,COMP_POSTER_CANVAS_FABRIC,실사 완제품가 (캔버스패브릭포스터·레더아트프린트·메쉬프린트·타이벡프린트),PRICE_TYPE.01,,,800.00,1200.00,,,,,35000.00,,
main,PRD_000125,캔버스패브릭포스터,PRF_POSTER_CANVAS,1,COMP_POSTER_CANVAS_FABRIC,실사 완제품가 (캔버스패브릭포스터·레더아트프린트·메쉬프린트·타이벡프린트),PRICE_TYPE.01,,,600.00,1400.00,,,,,35000.00,,
main,PRD_000125,캔버스패브릭포스터,PRF_POSTER_CANVAS,1,COMP_POSTER_CANVAS_FABRIC,실사 완제품가 (캔버스패브릭포스터·레더아트프린트·메쉬프린트·타이벡프린트),PRICE_TYPE.01,,,1000.00,2400.00,,,,,84000.00,,
main,PRD_000125,캔버스패브릭포스터,PRF_POSTER_CANVAS,1,COMP_POSTER_CANVAS_FABRIC,실사 완제품가 (캔버스패브릭포스터·레더아트프린트·메쉬프린트·타이벡프린트),PRICE_TYPE.01,,,600.00,2000.00,,,,,42000.00,,
main,PRD_000125,캔버스패브릭포스터,PRF_POSTER_CANVAS,1,COMP_POSTER_CANVAS_FABRIC,실사 완제품가 (캔버스패브릭포스터·레더아트프린트·메쉬프린트·타이벡프린트),PRICE_TYPE.01,,,1200.00,3000.00,,,,,126000.00,,
main,PRD_000125,캔버스패브릭포스터,PRF_POSTER_CANVAS,1,COMP_POSTER_CANVAS_FABRIC,실사 완제품가 (캔버스패브릭포스터·레더아트프린트·메쉬프린트·타이벡프린트),PRICE_TYPE.01,,,600.00,1000.00,,,,,35000.00,,
main,PRD_000125,캔버스패브릭포스터,PRF_POSTER_CANVAS,1,COMP_POSTER_CANVAS_FABRIC,실사 완제품가 (캔버스패브릭포스터·레더아트프린트·메쉬프린트·타이벡프린트),PRICE_TYPE.01,,,600.00,3000.00,,,,,63000.00,,
main,PRD_000125,캔버스패브릭포스터,PRF_POSTER_CANVAS,1,COMP_POSTER_CANVAS_FABRIC,실사 완제품가 (캔버스패브릭포스터·레더아트프린트·메쉬프린트·타이벡프린트),PRICE_TYPE.01,,,1000.00,2800.00,,,,,98000.00,,
main,PRD_000125,캔버스패브릭포스터,PRF_POSTER_CANVAS,1,COMP_POSTER_CANVAS_FABRIC,실사 완제품가 (캔버스패브릭포스터·레더아트프린트·메쉬프린트·타이벡프린트),PRICE_TYPE.01,,,800.00,3000.00,,,,,84000.00,,
main,PRD_000125,캔버스패브릭포스터,PRF_POSTER_CANVAS,1,COMP_POSTER_CANVAS_FABRIC,실사 완제품가 (캔버스패브릭포스터·레더아트프린트·메쉬프린트·타이벡프린트),PRICE_TYPE.01,,,1200.00,2200.00,,,,,92400.00,,
main,PRD_000125,캔버스패브릭포스터,PRF_POSTER_CANVAS,1,COMP_POSTER_CANVAS_FABRIC,실사 완제품가 (캔버스패브릭포스터·레더아트프린트·메쉬프린트·타이벡프린트),PRICE_TYPE.01,,,1000.00,1400.00,,,,,49000.00,,
main,PRD_000125,캔버스패브릭포스터,PRF_POSTER_CANVAS,1,COMP_POSTER_CANVAS_FABRIC,실사 완제품가 (캔버스패브릭포스터·레더아트프린트·메쉬프린트·타이벡프린트),PRICE_TYPE.01,,,600.00,1600.00,,,,,35000.00,,
main,PRD_000125,캔버스패브릭포스터,PRF_POSTER_CANVAS,1,COMP_POSTER_CANVAS_FABRIC,실사 완제품가 (캔버스패브릭포스터·레더아트프린트·메쉬프린트·타이벡프린트),PRICE_TYPE.01,,,800.00,2400.00,,,,,67200.00,,
main,PRD_000125,캔버스패브릭포스터,PRF_POSTER_CANVAS,1,COMP_POSTER_CANVAS_FABRIC,실사 완제품가 (캔버스패브릭포스터·레더아트프린트·메쉬프린트·타이벡프린트),PRICE_TYPE.01,,,1200.00,800.00,,,,,35000.00,,
main,PRD_000125,캔버스패브릭포스터,PRF_POSTER_CANVAS,1,COMP_POSTER_CANVAS_FABRIC,실사 완제품가 (캔버스패브릭포스터·레더아트프린트·메쉬프린트·타이벡프린트),PRICE_TYPE.01,,,1000.00,1800.00,,,,,63000.00,,
main,PRD_000125,캔버스패브릭포스터,PRF_POSTER_CANVAS,1,COMP_POSTER_CANVAS_FABRIC,실사 완제품가 (캔버스패브릭포스터·레더아트프린트·메쉬프린트·타이벡프린트),PRICE_TYPE.01,,,1200.00,600.00,,,,,35000.00,,
main,PRD_000125,캔버스패브릭포스터,PRF_POSTER_CANVAS,1,COMP_POSTER_CANVAS_FABRIC,실사 완제품가 (캔버스패브릭포스터·레더아트프린트·메쉬프린트·타이벡프린트),PRICE_TYPE.01,,,1000.00,1600.00,,,,,56000.00,,
main,PRD_000125,캔버스패브릭포스터,PRF_POSTER_CANVAS,1,COMP_POSTER_CANVAS_FABRIC,실사 완제품가 (캔버스패브릭포스터·레더아트프린트·메쉬프린트·타이벡프린트),PRICE_TYPE.01,,,1200.00,2600.00,,,,,109200.00,,
main,PRD_000125,캔버스패브릭포스터,PRF_POSTER_CANVAS,1,COMP_POSTER_CANVAS_FABRIC,실사 완제품가 (캔버스패브릭포스터·레더아트프린트·메쉬프린트·타이벡프린트),PRICE_TYPE.01,,,1200.00,1200.00,,,,,50400.00,,
main,PRD_000125,캔버스패브릭포스터,PRF_POSTER_CANVAS,1,COMP_POSTER_CANVAS_FABRIC,실사 완제품가 (캔버스패브릭포스터·레더아트프린트·메쉬프린트·타이벡프린트),PRICE_TYPE.01,,,1000.00,2000.00,,,,,70000.00,,
main,PRD_000125,캔버스패브릭포스터,PRF_POSTER_CANVAS,1,COMP_POSTER_CANVAS_FABRIC,실사 완제품가 (캔버스패브릭포스터·레더아트프린트·메쉬프린트·타이벡프린트),PRICE_TYPE.01,,,1200.00,2400.00,,,,,100800.00,,
main,PRD_000125,캔버스패브릭포스터,PRF_POSTER_CANVAS,1,COMP_POSTER_CANVAS_FABRIC,실사 완제품가 (캔버스패브릭포스터·레더아트프린트·메쉬프린트·타이벡프린트),PRICE_TYPE.01,,,1000.00,3000.00,,,,,105000.00,,
main,PRD_000125,캔버스패브릭포스터,PRF_POSTER_CANVAS,1,COMP_POSTER_CANVAS_FABRIC,실사 완제품가 (캔버스패브릭포스터·레더아트프린트·메쉬프린트·타이벡프린트),PRICE_TYPE.01,,,1200.00,2000.00,,,,,84000.00,,
main,PRD_000125,캔버스패브릭포스터,PRF_POSTER_CANVAS,1,COMP_POSTER_CANVAS_FABRIC,실사 완제품가 (캔버스패브릭포스터·레더아트프린트·메쉬프린트·타이벡프린트),PRICE_TYPE.01,,,800.00,1400.00,,,,,39200.00,,
main,PRD_000125,캔버스패브릭포스터,PRF_POSTER_CANVAS,1,COMP_POSTER_CANVAS_FABRIC,실사 완제품가 (캔버스패브릭포스터·레더아트프린트·메쉬프린트·타이벡프린트),PRICE_TYPE.01,,,600.00,600.00,,,,,19000.00,,
main,PRD_000125,캔버스패브릭포스터,PRF_POSTER_CANVAS,1,COMP_POSTER_CANVAS_FABRIC,실사 완제품가 (캔버스패브릭포스터·레더아트프린트·메쉬프린트·타이벡프린트),PRICE_TYPE.01,,,600.00,1200.00,,,,,35000.00,,
main,PRD_000125,캔버스패브릭포스터,PRF_POSTER_CANVAS,1,COMP_POSTER_CANVAS_FABRIC,실사 완제품가 (캔버스패브릭포스터·레더아트프린트·메쉬프린트·타이벡프린트),PRICE_TYPE.01,,,1000.00,2200.00,,,,,77000.00,,
main,PRD_000125,캔버스패브릭포스터,PRF_POSTER_CANVAS,1,COMP_POSTER_CANVAS_FABRIC,실사 완제품가 (캔버스패브릭포스터·레더아트프린트·메쉬프린트·타이벡프린트),PRICE_TYPE.01,,,800.00,2000.00,,,,,56000.00,,
main,PRD_000125,캔버스패브릭포스터,PRF_POSTER_CANVAS,1,COMP_POSTER_CANVAS_FABRIC,실사 완제품가 (캔버스패브릭포스터·레더아트프린트·메쉬프린트·타이벡프린트),PRICE_TYPE.01,,,1200.00,1000.00,,,,,42000.00,,
main,PRD_000125,캔버스패브릭포스터,PRF_POSTER_CANVAS,1,COMP_POSTER_CANVAS_FABRIC,실사 완제품가 (캔버스패브릭포스터·레더아트프린트·메쉬프린트·타이벡프린트),PRICE_TYPE.01,,,1000.00,800.00,,,,,35000.00,,
main,PRD_000125,캔버스패브릭포스터,PRF_POSTER_CANVAS,1,COMP_POSTER_CANVAS_FABRIC,실사 완제품가 (캔버스패브릭포스터·레더아트프린트·메쉬프린트·타이벡프린트),PRICE_TYPE.01,,,600.00,2400.00,,,,,50400.00,,
main,PRD_000126,레더아트프린트,PRF_POSTER_LEATHER_AP,1,COMP_POSTER_CANVAS_FABRIC,실사 완제품가 (캔버스패브릭포스터·레더아트프린트·메쉬프린트·타이벡프린트),PRICE_TYPE.01,,,600.00,1600.00,,,,,35000.00,,
main,PRD_000126,레더아트프린트,PRF_POSTER_LEATHER_AP,1,COMP_POSTER_CANVAS_FABRIC,실사 완제품가 (캔버스패브릭포스터·레더아트프린트·메쉬프린트·타이벡프린트),PRICE_TYPE.01,,,600.00,600.00,,,,,19000.00,,
main,PRD_000126,레더아트프린트,PRF_POSTER_LEATHER_AP,1,COMP_POSTER_CANVAS_FABRIC,실사 완제품가 (캔버스패브릭포스터·레더아트프린트·메쉬프린트·타이벡프린트),PRICE_TYPE.01,,,800.00,1000.00,,,,,35000.00,,
main,PRD_000126,레더아트프린트,PRF_POSTER_LEATHER_AP,1,COMP_POSTER_CANVAS_FABRIC,실사 완제품가 (캔버스패브릭포스터·레더아트프린트·메쉬프린트·타이벡프린트),PRICE_TYPE.01,,,800.00,800.00,,,,,35000.00,,
main,PRD_000126,레더아트프린트,PRF_POSTER_LEATHER_AP,1,COMP_POSTER_CANVAS_FABRIC,실사 완제품가 (캔버스패브릭포스터·레더아트프린트·메쉬프린트·타이벡프린트),PRICE_TYPE.01,,,1000.00,1000.00,,,,,35000.00,,
main,PRD_000126,레더아트프린트,PRF_POSTER_LEATHER_AP,1,COMP_POSTER_CANVAS_FABRIC,실사 완제품가 (캔버스패브릭포스터·레더아트프린트·메쉬프린트·타이벡프린트),PRICE_TYPE.01,,,1000.00,800.00,,,,,35000.00,,
main,PRD_000126,레더아트프린트,PRF_POSTER_LEATHER_AP,1,COMP_POSTER_CANVAS_FABRIC,실사 완제품가 (캔버스패브릭포스터·레더아트프린트·메쉬프린트·타이벡프린트),PRICE_TYPE.01,,,600.00,1200.00,,,,,35000.00,,
main,PRD_000126,레더아트프린트,PRF_POSTER_LEATHER_AP,1,COMP_POSTER_CANVAS_FABRIC,실사 완제품가 (캔버스패브릭포스터·레더아트프린트·메쉬프린트·타이벡프린트),PRICE_TYPE.01,,,1200.00,1200.00,,,,,50400.00,,
main,PRD_000126,레더아트프린트,PRF_POSTER_LEATHER_AP,1,COMP_POSTER_CANVAS_FABRIC,실사 완제품가 (캔버스패브릭포스터·레더아트프린트·메쉬프린트·타이벡프린트),PRICE_TYPE.01,,,1200.00,600.00,,,,,35000.00,,
main,PRD_000126,레더아트프린트,PRF_POSTER_LEATHER_AP,1,COMP_POSTER_CANVAS_FABRIC,실사 완제품가 (캔버스패브릭포스터·레더아트프린트·메쉬프린트·타이벡프린트),PRICE_TYPE.01,,,1200.00,800.00,,,,,35000.00,,
main,PRD_000126,레더아트프린트,PRF_POSTER_LEATHER_AP,1,COMP_POSTER_CANVAS_FABRIC,실사 완제품가 (캔버스패브릭포스터·레더아트프린트·메쉬프린트·타이벡프린트),PRICE_TYPE.01,,,1200.00,1000.00,,,,,42000.00,,
main,PRD_000126,레더아트프린트,PRF_POSTER_LEATHER_AP,1,COMP_POSTER_CANVAS_FABRIC,실사 완제품가 (캔버스패브릭포스터·레더아트프린트·메쉬프린트·타이벡프린트),PRICE_TYPE.01,,,800.00,600.00,,,,,19000.00,,
main,PRD_000126,레더아트프린트,PRF_POSTER_LEATHER_AP,1,COMP_POSTER_CANVAS_FABRIC,실사 완제품가 (캔버스패브릭포스터·레더아트프린트·메쉬프린트·타이벡프린트),PRICE_TYPE.01,,,1000.00,600.00,,,,,35000.00,,
main,PRD_000126,레더아트프린트,PRF_POSTER_LEATHER_AP,1,COMP_POSTER_CANVAS_FABRIC,실사 완제품가 (캔버스패브릭포스터·레더아트프린트·메쉬프린트·타이벡프린트),PRICE_TYPE.01,,,600.00,1000.00,,,,,35000.00,,
main,PRD_000126,레더아트프린트,PRF_POSTER_LEATHER_AP,1,COMP_POSTER_CANVAS_FABRIC,실사 완제품가 (캔버스패브릭포스터·레더아트프린트·메쉬프린트·타이벡프린트),PRICE_TYPE.01,,,600.00,800.00,,,,,19000.00,,
main,PRD_000126,레더아트프린트,PRF_POSTER_LEATHER_AP,1,COMP_POSTER_CANVAS_FABRIC,실사 완제품가 (캔버스패브릭포스터·레더아트프린트·메쉬프린트·타이벡프린트),PRICE_TYPE.01,,,1000.00,1200.00,,,,,42000.00,,
main,PRD_000126,레더아트프린트,PRF_POSTER_LEATHER_AP,1,COMP_POSTER_CANVAS_FABRIC,실사 완제품가 (캔버스패브릭포스터·레더아트프린트·메쉬프린트·타이벡프린트),PRICE_TYPE.01,,,800.00,1200.00,,,,,35000.00,,
main,PRD_000126,레더아트프린트,PRF_POSTER_LEATHER_AP,1,COMP_POSTER_CANVAS_FABRIC,실사 완제품가 (캔버스패브릭포스터·레더아트프린트·메쉬프린트·타이벡프린트),PRICE_TYPE.01,,,600.00,1800.00,,,,,37800.00,,
main,PRD_000126,레더아트프린트,PRF_POSTER_LEATHER_AP,1,COMP_POSTER_CANVAS_FABRIC,실사 완제품가 (캔버스패브릭포스터·레더아트프린트·메쉬프린트·타이벡프린트),PRICE_TYPE.01,,,1000.00,2600.00,,,,,91000.00,,
main,PRD_000126,레더아트프린트,PRF_POSTER_LEATHER_AP,1,COMP_POSTER_CANVAS_FABRIC,실사 완제품가 (캔버스패브릭포스터·레더아트프린트·메쉬프린트·타이벡프린트),PRICE_TYPE.01,,,800.00,2600.00,,,,,72800.00,,
main,PRD_000126,레더아트프린트,PRF_POSTER_LEATHER_AP,1,COMP_POSTER_CANVAS_FABRIC,실사 완제품가 (캔버스패브릭포스터·레더아트프린트·메쉬프린트·타이벡프린트),PRICE_TYPE.01,,,800.00,1400.00,,,,,39200.00,,
main,PRD_000126,레더아트프린트,PRF_POSTER_LEATHER_AP,1,COMP_POSTER_CANVAS_FABRIC,실사 완제품가 (캔버스패브릭포스터·레더아트프린트·메쉬프린트·타이벡프린트),PRICE_TYPE.01,,,1000.00,1400.00,,,,,49000.00,,
main,PRD_000126,레더아트프린트,PRF_POSTER_LEATHER_AP,1,COMP_POSTER_CANVAS_FABRIC,실사 완제품가 (캔버스패브릭포스터·레더아트프린트·메쉬프린트·타이벡프린트),PRICE_TYPE.01,,,1200.00,2400.00,,,,,100800.00,,
main,PRD_000126,레더아트프린트,PRF_POSTER_LEATHER_AP,1,COMP_POSTER_CANVAS_FABRIC,실사 완제품가 (캔버스패브릭포스터·레더아트프린트·메쉬프린트·타이벡프린트),PRICE_TYPE.01,,,1000.00,2200.00,,,,,77000.00,,
main,PRD_000126,레더아트프린트,PRF_POSTER_LEATHER_AP,1,COMP_POSTER_CANVAS_FABRIC,실사 완제품가 (캔버스패브릭포스터·레더아트프린트·메쉬프린트·타이벡프린트),PRICE_TYPE.01,,,1200.00,1800.00,,,,,75600.00,,
main,PRD_000126,레더아트프린트,PRF_POSTER_LEATHER_AP,1,COMP_POSTER_CANVAS_FABRIC,실사 완제품가 (캔버스패브릭포스터·레더아트프린트·메쉬프린트·타이벡프린트),PRICE_TYPE.01,,,800.00,2200.00,,,,,61600.00,,
main,PRD_000126,레더아트프린트,PRF_POSTER_LEATHER_AP,1,COMP_POSTER_CANVAS_FABRIC,실사 완제품가 (캔버스패브릭포스터·레더아트프린트·메쉬프린트·타이벡프린트),PRICE_TYPE.01,,,600.00,2000.00,,,,,42000.00,,
main,PRD_000126,레더아트프린트,PRF_POSTER_LEATHER_AP,1,COMP_POSTER_CANVAS_FABRIC,실사 완제품가 (캔버스패브릭포스터·레더아트프린트·메쉬프린트·타이벡프린트),PRICE_TYPE.01,,,600.00,2800.00,,,,,58800.00,,
main,PRD_000126,레더아트프린트,PRF_POSTER_LEATHER_AP,1,COMP_POSTER_CANVAS_FABRIC,실사 완제품가 (캔버스패브릭포스터·레더아트프린트·메쉬프린트·타이벡프린트),PRICE_TYPE.01,,,1200.00,2000.00,,,,,84000.00,,
main,PRD_000126,레더아트프린트,PRF_POSTER_LEATHER_AP,1,COMP_POSTER_CANVAS_FABRIC,실사 완제품가 (캔버스패브릭포스터·레더아트프린트·메쉬프린트·타이벡프린트),PRICE_TYPE.01,,,1200.00,2800.00,,,,,117600.00,,
main,PRD_000126,레더아트프린트,PRF_POSTER_LEATHER_AP,1,COMP_POSTER_CANVAS_FABRIC,실사 완제품가 (캔버스패브릭포스터·레더아트프린트·메쉬프린트·타이벡프린트),PRICE_TYPE.01,,,1200.00,1600.00,,,,,67200.00,,
main,PRD_000126,레더아트프린트,PRF_POSTER_LEATHER_AP,1,COMP_POSTER_CANVAS_FABRIC,실사 완제품가 (캔버스패브릭포스터·레더아트프린트·메쉬프린트·타이벡프린트),PRICE_TYPE.01,,,800.00,3000.00,,,,,84000.00,,
main,PRD_000126,레더아트프린트,PRF_POSTER_LEATHER_AP,1,COMP_POSTER_CANVAS_FABRIC,실사 완제품가 (캔버스패브릭포스터·레더아트프린트·메쉬프린트·타이벡프린트),PRICE_TYPE.01,,,600.00,2400.00,,,,,50400.00,,
main,PRD_000126,레더아트프린트,PRF_POSTER_LEATHER_AP,1,COMP_POSTER_CANVAS_FABRIC,실사 완제품가 (캔버스패브릭포스터·레더아트프린트·메쉬프린트·타이벡프린트),PRICE_TYPE.01,,,1000.00,3000.00,,,,,105000.00,,
main,PRD_000126,레더아트프린트,PRF_POSTER_LEATHER_AP,1,COMP_POSTER_CANVAS_FABRIC,실사 완제품가 (캔버스패브릭포스터·레더아트프린트·메쉬프린트·타이벡프린트),PRICE_TYPE.01,,,800.00,1800.00,,,,,50400.00,,
main,PRD_000126,레더아트프린트,PRF_POSTER_LEATHER_AP,1,COMP_POSTER_CANVAS_FABRIC,실사 완제품가 (캔버스패브릭포스터·레더아트프린트·메쉬프린트·타이벡프린트),PRICE_TYPE.01,,,600.00,3000.00,,,,,63000.00,,
main,PRD_000126,레더아트프린트,PRF_POSTER_LEATHER_AP,1,COMP_POSTER_CANVAS_FABRIC,실사 완제품가 (캔버스패브릭포스터·레더아트프린트·메쉬프린트·타이벡프린트),PRICE_TYPE.01,,,800.00,2400.00,,,,,67200.00,,
main,PRD_000126,레더아트프린트,PRF_POSTER_LEATHER_AP,1,COMP_POSTER_CANVAS_FABRIC,실사 완제품가 (캔버스패브릭포스터·레더아트프린트·메쉬프린트·타이벡프린트),PRICE_TYPE.01,,,1000.00,1800.00,,,,,63000.00,,
main,PRD_000126,레더아트프린트,PRF_POSTER_LEATHER_AP,1,COMP_POSTER_CANVAS_FABRIC,실사 완제품가 (캔버스패브릭포스터·레더아트프린트·메쉬프린트·타이벡프린트),PRICE_TYPE.01,,,1000.00,2400.00,,,,,84000.00,,
main,PRD_000126,레더아트프린트,PRF_POSTER_LEATHER_AP,1,COMP_POSTER_CANVAS_FABRIC,실사 완제품가 (캔버스패브릭포스터·레더아트프린트·메쉬프린트·타이벡프린트),PRICE_TYPE.01,,,1200.00,2200.00,,,,,92400.00,,
main,PRD_000126,레더아트프린트,PRF_POSTER_LEATHER_AP,1,COMP_POSTER_CANVAS_FABRIC,실사 완제품가 (캔버스패브릭포스터·레더아트프린트·메쉬프린트·타이벡프린트),PRICE_TYPE.01,,,1200.00,3000.00,,,,,126000.00,,
main,PRD_000126,레더아트프린트,PRF_POSTER_LEATHER_AP,1,COMP_POSTER_CANVAS_FABRIC,실사 완제품가 (캔버스패브릭포스터·레더아트프린트·메쉬프린트·타이벡프린트),PRICE_TYPE.01,,,600.00,2200.00,,,,,46200.00,,
main,PRD_000126,레더아트프린트,PRF_POSTER_LEATHER_AP,1,COMP_POSTER_CANVAS_FABRIC,실사 완제품가 (캔버스패브릭포스터·레더아트프린트·메쉬프린트·타이벡프린트),PRICE_TYPE.01,,,1000.00,2800.00,,,,,98000.00,,
main,PRD_000126,레더아트프린트,PRF_POSTER_LEATHER_AP,1,COMP_POSTER_CANVAS_FABRIC,실사 완제품가 (캔버스패브릭포스터·레더아트프린트·메쉬프린트·타이벡프린트),PRICE_TYPE.01,,,1000.00,1600.00,,,,,56000.00,,
main,PRD_000126,레더아트프린트,PRF_POSTER_LEATHER_AP,1,COMP_POSTER_CANVAS_FABRIC,실사 완제품가 (캔버스패브릭포스터·레더아트프린트·메쉬프린트·타이벡프린트),PRICE_TYPE.01,,,800.00,2000.00,,,,,56000.00,,
main,PRD_000126,레더아트프린트,PRF_POSTER_LEATHER_AP,1,COMP_POSTER_CANVAS_FABRIC,실사 완제품가 (캔버스패브릭포스터·레더아트프린트·메쉬프린트·타이벡프린트),PRICE_TYPE.01,,,800.00,1600.00,,,,,44800.00,,
main,PRD_000126,레더아트프린트,PRF_POSTER_LEATHER_AP,1,COMP_POSTER_CANVAS_FABRIC,실사 완제품가 (캔버스패브릭포스터·레더아트프린트·메쉬프린트·타이벡프린트),PRICE_TYPE.01,,,800.00,2800.00,,,,,78400.00,,
main,PRD_000126,레더아트프린트,PRF_POSTER_LEATHER_AP,1,COMP_POSTER_CANVAS_FABRIC,실사 완제품가 (캔버스패브릭포스터·레더아트프린트·메쉬프린트·타이벡프린트),PRICE_TYPE.01,,,1000.00,2000.00,,,,,70000.00,,
main,PRD_000126,레더아트프린트,PRF_POSTER_LEATHER_AP,1,COMP_POSTER_CANVAS_FABRIC,실사 완제품가 (캔버스패브릭포스터·레더아트프린트·메쉬프린트·타이벡프린트),PRICE_TYPE.01,,,1200.00,1400.00,,,,,58800.00,,
main,PRD_000126,레더아트프린트,PRF_POSTER_LEATHER_AP,1,COMP_POSTER_CANVAS_FABRIC,실사 완제품가 (캔버스패브릭포스터·레더아트프린트·메쉬프린트·타이벡프린트),PRICE_TYPE.01,,,1200.00,2600.00,,,,,109200.00,,
main,PRD_000126,레더아트프린트,PRF_POSTER_LEATHER_AP,1,COMP_POSTER_CANVAS_FABRIC,실사 완제품가 (캔버스패브릭포스터·레더아트프린트·메쉬프린트·타이벡프린트),PRICE_TYPE.01,,,600.00,2600.00,,,,,54600.00,,
main,PRD_000126,레더아트프린트,PRF_POSTER_LEATHER_AP,1,COMP_POSTER_CANVAS_FABRIC,실사 완제품가 (캔버스패브릭포스터·레더아트프린트·메쉬프린트·타이벡프린트),PRICE_TYPE.01,,,600.00,1400.00,,,,,35000.00,,
main,PRD_000127,타이벡프린트,PRF_POSTER_TYVEK,1,COMP_POSTER_CANVAS_FABRIC,실사 완제품가 (캔버스패브릭포스터·레더아트프린트·메쉬프린트·타이벡프린트),PRICE_TYPE.01,,,1000.00,600.00,,,,,35000.00,,
main,PRD_000127,타이벡프린트,PRF_POSTER_TYVEK,1,COMP_POSTER_CANVAS_FABRIC,실사 완제품가 (캔버스패브릭포스터·레더아트프린트·메쉬프린트·타이벡프린트),PRICE_TYPE.01,,,800.00,2600.00,,,,,72800.00,,
main,PRD_000127,타이벡프린트,PRF_POSTER_TYVEK,1,COMP_POSTER_CANVAS_FABRIC,실사 완제품가 (캔버스패브릭포스터·레더아트프린트·메쉬프린트·타이벡프린트),PRICE_TYPE.01,,,1000.00,1000.00,,,,,35000.00,,
main,PRD_000127,타이벡프린트,PRF_POSTER_TYVEK,1,COMP_POSTER_CANVAS_FABRIC,실사 완제품가 (캔버스패브릭포스터·레더아트프린트·메쉬프린트·타이벡프린트),PRICE_TYPE.01,,,800.00,2000.00,,,,,56000.00,,
main,PRD_000127,타이벡프린트,PRF_POSTER_TYVEK,1,COMP_POSTER_CANVAS_FABRIC,실사 완제품가 (캔버스패브릭포스터·레더아트프린트·메쉬프린트·타이벡프린트),PRICE_TYPE.01,,,1000.00,2600.00,,,,,91000.00,,
main,PRD_000127,타이벡프린트,PRF_POSTER_TYVEK,1,COMP_POSTER_CANVAS_FABRIC,실사 완제품가 (캔버스패브릭포스터·레더아트프린트·메쉬프린트·타이벡프린트),PRICE_TYPE.01,,,600.00,3000.00,,,,,63000.00,,
main,PRD_000127,타이벡프린트,PRF_POSTER_TYVEK,1,COMP_POSTER_CANVAS_FABRIC,실사 완제품가 (캔버스패브릭포스터·레더아트프린트·메쉬프린트·타이벡프린트),PRICE_TYPE.01,,,1000.00,1400.00,,,,,49000.00,,
main,PRD_000127,타이벡프린트,PRF_POSTER_TYVEK,1,COMP_POSTER_CANVAS_FABRIC,실사 완제품가 (캔버스패브릭포스터·레더아트프린트·메쉬프린트·타이벡프린트),PRICE_TYPE.01,,,1200.00,2000.00,,,,,84000.00,,
main,PRD_000127,타이벡프린트,PRF_POSTER_TYVEK,1,COMP_POSTER_CANVAS_FABRIC,실사 완제품가 (캔버스패브릭포스터·레더아트프린트·메쉬프린트·타이벡프린트),PRICE_TYPE.01,,,600.00,1800.00,,,,,37800.00,,
main,PRD_000127,타이벡프린트,PRF_POSTER_TYVEK,1,COMP_POSTER_CANVAS_FABRIC,실사 완제품가 (캔버스패브릭포스터·레더아트프린트·메쉬프린트·타이벡프린트),PRICE_TYPE.01,,,800.00,2400.00,,,,,67200.00,,
main,PRD_000127,타이벡프린트,PRF_POSTER_TYVEK,1,COMP_POSTER_CANVAS_FABRIC,실사 완제품가 (캔버스패브릭포스터·레더아트프린트·메쉬프린트·타이벡프린트),PRICE_TYPE.01,,,1200.00,3000.00,,,,,126000.00,,
main,PRD_000127,타이벡프린트,PRF_POSTER_TYVEK,1,COMP_POSTER_CANVAS_FABRIC,실사 완제품가 (캔버스패브릭포스터·레더아트프린트·메쉬프린트·타이벡프린트),PRICE_TYPE.01,,,600.00,2000.00,,,,,42000.00,,
main,PRD_000127,타이벡프린트,PRF_POSTER_TYVEK,1,COMP_POSTER_CANVAS_FABRIC,실사 완제품가 (캔버스패브릭포스터·레더아트프린트·메쉬프린트·타이벡프린트),PRICE_TYPE.01,,,800.00,1200.00,,,,,35000.00,,
main,PRD_000127,타이벡프린트,PRF_POSTER_TYVEK,1,COMP_POSTER_CANVAS_FABRIC,실사 완제품가 (캔버스패브릭포스터·레더아트프린트·메쉬프린트·타이벡프린트),PRICE_TYPE.01,,,600.00,2600.00,,,,,54600.00,,
main,PRD_000127,타이벡프린트,PRF_POSTER_TYVEK,1,COMP_POSTER_CANVAS_FABRIC,실사 완제품가 (캔버스패브릭포스터·레더아트프린트·메쉬프린트·타이벡프린트),PRICE_TYPE.01,,,600.00,1600.00,,,,,35000.00,,
main,PRD_000127,타이벡프린트,PRF_POSTER_TYVEK,1,COMP_POSTER_CANVAS_FABRIC,실사 완제품가 (캔버스패브릭포스터·레더아트프린트·메쉬프린트·타이벡프린트),PRICE_TYPE.01,,,1000.00,1800.00,,,,,63000.00,,
main,PRD_000127,타이벡프린트,PRF_POSTER_TYVEK,1,COMP_POSTER_CANVAS_FABRIC,실사 완제품가 (캔버스패브릭포스터·레더아트프린트·메쉬프린트·타이벡프린트),PRICE_TYPE.01,,,1000.00,800.00,,,,,35000.00,,
main,PRD_000127,타이벡프린트,PRF_POSTER_TYVEK,1,COMP_POSTER_CANVAS_FABRIC,실사 완제품가 (캔버스패브릭포스터·레더아트프린트·메쉬프린트·타이벡프린트),PRICE_TYPE.01,,,800.00,1400.00,,,,,39200.00,,
main,PRD_000127,타이벡프린트,PRF_POSTER_TYVEK,1,COMP_POSTER_CANVAS_FABRIC,실사 완제품가 (캔버스패브릭포스터·레더아트프린트·메쉬프린트·타이벡프린트),PRICE_TYPE.01,,,1000.00,1600.00,,,,,56000.00,,
main,PRD_000127,타이벡프린트,PRF_POSTER_TYVEK,1,COMP_POSTER_CANVAS_FABRIC,실사 완제품가 (캔버스패브릭포스터·레더아트프린트·메쉬프린트·타이벡프린트),PRICE_TYPE.01,,,800.00,3000.00,,,,,84000.00,,
main,PRD_000127,타이벡프린트,PRF_POSTER_TYVEK,1,COMP_POSTER_CANVAS_FABRIC,실사 완제품가 (캔버스패브릭포스터·레더아트프린트·메쉬프린트·타이벡프린트),PRICE_TYPE.01,,,1200.00,2800.00,,,,,117600.00,,
main,PRD_000127,타이벡프린트,PRF_POSTER_TYVEK,1,COMP_POSTER_CANVAS_FABRIC,실사 완제품가 (캔버스패브릭포스터·레더아트프린트·메쉬프린트·타이벡프린트),PRICE_TYPE.01,,,800.00,2200.00,,,,,61600.00,,
main,PRD_000127,타이벡프린트,PRF_POSTER_TYVEK,1,COMP_POSTER_CANVAS_FABRIC,실사 완제품가 (캔버스패브릭포스터·레더아트프린트·메쉬프린트·타이벡프린트),PRICE_TYPE.01,,,600.00,2400.00,,,,,50400.00,,
main,PRD_000127,타이벡프린트,PRF_POSTER_TYVEK,1,COMP_POSTER_CANVAS_FABRIC,실사 완제품가 (캔버스패브릭포스터·레더아트프린트·메쉬프린트·타이벡프린트),PRICE_TYPE.01,,,800.00,1600.00,,,,,44800.00,,
main,PRD_000127,타이벡프린트,PRF_POSTER_TYVEK,1,COMP_POSTER_CANVAS_FABRIC,실사 완제품가 (캔버스패브릭포스터·레더아트프린트·메쉬프린트·타이벡프린트),PRICE_TYPE.01,,,1200.00,1800.00,,,,,75600.00,,
main,PRD_000127,타이벡프린트,PRF_POSTER_TYVEK,1,COMP_POSTER_CANVAS_FABRIC,실사 완제품가 (캔버스패브릭포스터·레더아트프린트·메쉬프린트·타이벡프린트),PRICE_TYPE.01,,,1200.00,1600.00,,,,,67200.00,,
main,PRD_000127,타이벡프린트,PRF_POSTER_TYVEK,1,COMP_POSTER_CANVAS_FABRIC,실사 완제품가 (캔버스패브릭포스터·레더아트프린트·메쉬프린트·타이벡프린트),PRICE_TYPE.01,,,1000.00,1200.00,,,,,42000.00,,
main,PRD_000127,타이벡프린트,PRF_POSTER_TYVEK,1,COMP_POSTER_CANVAS_FABRIC,실사 완제품가 (캔버스패브릭포스터·레더아트프린트·메쉬프린트·타이벡프린트),PRICE_TYPE.01,,,1200.00,1400.00,,,,,58800.00,,
main,PRD_000127,타이벡프린트,PRF_POSTER_TYVEK,1,COMP_POSTER_CANVAS_FABRIC,실사 완제품가 (캔버스패브릭포스터·레더아트프린트·메쉬프린트·타이벡프린트),PRICE_TYPE.01,,,1000.00,2200.00,,,,,77000.00,,
main,PRD_000127,타이벡프린트,PRF_POSTER_TYVEK,1,COMP_POSTER_CANVAS_FABRIC,실사 완제품가 (캔버스패브릭포스터·레더아트프린트·메쉬프린트·타이벡프린트),PRICE_TYPE.01,,,1000.00,2400.00,,,,,84000.00,,
main,PRD_000127,타이벡프린트,PRF_POSTER_TYVEK,1,COMP_POSTER_CANVAS_FABRIC,실사 완제품가 (캔버스패브릭포스터·레더아트프린트·메쉬프린트·타이벡프린트),PRICE_TYPE.01,,,600.00,1200.00,,,,,35000.00,,
main,PRD_000127,타이벡프린트,PRF_POSTER_TYVEK,1,COMP_POSTER_CANVAS_FABRIC,실사 완제품가 (캔버스패브릭포스터·레더아트프린트·메쉬프린트·타이벡프린트),PRICE_TYPE.01,,,1000.00,2800.00,,,,,98000.00,,
main,PRD_000127,타이벡프린트,PRF_POSTER_TYVEK,1,COMP_POSTER_CANVAS_FABRIC,실사 완제품가 (캔버스패브릭포스터·레더아트프린트·메쉬프린트·타이벡프린트),PRICE_TYPE.01,,,800.00,600.00,,,,,19000.00,,
main,PRD_000127,타이벡프린트,PRF_POSTER_TYVEK,1,COMP_POSTER_CANVAS_FABRIC,실사 완제품가 (캔버스패브릭포스터·레더아트프린트·메쉬프린트·타이벡프린트),PRICE_TYPE.01,,,1200.00,2600.00,,,,,109200.00,,
main,PRD_000127,타이벡프린트,PRF_POSTER_TYVEK,1,COMP_POSTER_CANVAS_FABRIC,실사 완제품가 (캔버스패브릭포스터·레더아트프린트·메쉬프린트·타이벡프린트),PRICE_TYPE.01,,,1000.00,3000.00,,,,,105000.00,,
main,PRD_000127,타이벡프린트,PRF_POSTER_TYVEK,1,COMP_POSTER_CANVAS_FABRIC,실사 완제품가 (캔버스패브릭포스터·레더아트프린트·메쉬프린트·타이벡프린트),PRICE_TYPE.01,,,1200.00,2200.00,,,,,92400.00,,
main,PRD_000127,타이벡프린트,PRF_POSTER_TYVEK,1,COMP_POSTER_CANVAS_FABRIC,실사 완제품가 (캔버스패브릭포스터·레더아트프린트·메쉬프린트·타이벡프린트),PRICE_TYPE.01,,,600.00,1000.00,,,,,35000.00,,
main,PRD_000127,타이벡프린트,PRF_POSTER_TYVEK,1,COMP_POSTER_CANVAS_FABRIC,실사 완제품가 (캔버스패브릭포스터·레더아트프린트·메쉬프린트·타이벡프린트),PRICE_TYPE.01,,,1200.00,1000.00,,,,,42000.00,,
main,PRD_000127,타이벡프린트,PRF_POSTER_TYVEK,1,COMP_POSTER_CANVAS_FABRIC,실사 완제품가 (캔버스패브릭포스터·레더아트프린트·메쉬프린트·타이벡프린트),PRICE_TYPE.01,,,600.00,600.00,,,,,19000.00,,
main,PRD_000127,타이벡프린트,PRF_POSTER_TYVEK,1,COMP_POSTER_CANVAS_FABRIC,실사 완제품가 (캔버스패브릭포스터·레더아트프린트·메쉬프린트·타이벡프린트),PRICE_TYPE.01,,,600.00,800.00,,,,,19000.00,,
main,PRD_000127,타이벡프린트,PRF_POSTER_TYVEK,1,COMP_POSTER_CANVAS_FABRIC,실사 완제품가 (캔버스패브릭포스터·레더아트프린트·메쉬프린트·타이벡프린트),PRICE_TYPE.01,,,1200.00,800.00,,,,,35000.00,,
main,PRD_000127,타이벡프린트,PRF_POSTER_TYVEK,1,COMP_POSTER_CANVAS_FABRIC,실사 완제품가 (캔버스패브릭포스터·레더아트프린트·메쉬프린트·타이벡프린트),PRICE_TYPE.01,,,600.00,2200.00,,,,,46200.00,,
main,PRD_000127,타이벡프린트,PRF_POSTER_TYVEK,1,COMP_POSTER_CANVAS_FABRIC,실사 완제품가 (캔버스패브릭포스터·레더아트프린트·메쉬프린트·타이벡프린트),PRICE_TYPE.01,,,1200.00,600.00,,,,,35000.00,,
main,PRD_000127,타이벡프린트,PRF_POSTER_TYVEK,1,COMP_POSTER_CANVAS_FABRIC,실사 완제품가 (캔버스패브릭포스터·레더아트프린트·메쉬프린트·타이벡프린트),PRICE_TYPE.01,,,1000.00,2000.00,,,,,70000.00,,
main,PRD_000127,타이벡프린트,PRF_POSTER_TYVEK,1,COMP_POSTER_CANVAS_FABRIC,실사 완제품가 (캔버스패브릭포스터·레더아트프린트·메쉬프린트·타이벡프린트),PRICE_TYPE.01,,,1200.00,1200.00,,,,,50400.00,,
main,PRD_000127,타이벡프린트,PRF_POSTER_TYVEK,1,COMP_POSTER_CANVAS_FABRIC,실사 완제품가 (캔버스패브릭포스터·레더아트프린트·메쉬프린트·타이벡프린트),PRICE_TYPE.01,,,600.00,1400.00,,,,,35000.00,,
main,PRD_000127,타이벡프린트,PRF_POSTER_TYVEK,1,COMP_POSTER_CANVAS_FABRIC,실사 완제품가 (캔버스패브릭포스터·레더아트프린트·메쉬프린트·타이벡프린트),PRICE_TYPE.01,,,800.00,1800.00,,,,,50400.00,,
main,PRD_000127,타이벡프린트,PRF_POSTER_TYVEK,1,COMP_POSTER_CANVAS_FABRIC,실사 완제품가 (캔버스패브릭포스터·레더아트프린트·메쉬프린트·타이벡프린트),PRICE_TYPE.01,,,800.00,1000.00,,,,,35000.00,,
main,PRD_000127,타이벡프린트,PRF_POSTER_TYVEK,1,COMP_POSTER_CANVAS_FABRIC,실사 완제품가 (캔버스패브릭포스터·레더아트프린트·메쉬프린트·타이벡프린트),PRICE_TYPE.01,,,800.00,2800.00,,,,,78400.00,,
main,PRD_000127,타이벡프린트,PRF_POSTER_TYVEK,1,COMP_POSTER_CANVAS_FABRIC,실사 완제품가 (캔버스패브릭포스터·레더아트프린트·메쉬프린트·타이벡프린트),PRICE_TYPE.01,,,1200.00,2400.00,,,,,100800.00,,
main,PRD_000127,타이벡프린트,PRF_POSTER_TYVEK,1,COMP_POSTER_CANVAS_FABRIC,실사 완제품가 (캔버스패브릭포스터·레더아트프린트·메쉬프린트·타이벡프린트),PRICE_TYPE.01,,,800.00,800.00,,,,,35000.00,,
main,PRD_000127,타이벡프린트,PRF_POSTER_TYVEK,1,COMP_POSTER_CANVAS_FABRIC,실사 완제품가 (캔버스패브릭포스터·레더아트프린트·메쉬프린트·타이벡프린트),PRICE_TYPE.01,,,600.00,2800.00,,,,,58800.00,,
main,PRD_000128,메쉬프린트,PRF_POSTER_MESH,1,COMP_POSTER_CANVAS_FABRIC,실사 완제품가 (캔버스패브릭포스터·레더아트프린트·메쉬프린트·타이벡프린트),PRICE_TYPE.01,,,600.00,2000.00,,,,,42000.00,,
main,PRD_000128,메쉬프린트,PRF_POSTER_MESH,1,COMP_POSTER_CANVAS_FABRIC,실사 완제품가 (캔버스패브릭포스터·레더아트프린트·메쉬프린트·타이벡프린트),PRICE_TYPE.01,,,600.00,1800.00,,,,,37800.00,,
main,PRD_000128,메쉬프린트,PRF_POSTER_MESH,1,COMP_POSTER_CANVAS_FABRIC,실사 완제품가 (캔버스패브릭포스터·레더아트프린트·메쉬프린트·타이벡프린트),PRICE_TYPE.01,,,800.00,1600.00,,,,,44800.00,,
main,PRD_000128,메쉬프린트,PRF_POSTER_MESH,1,COMP_POSTER_CANVAS_FABRIC,실사 완제품가 (캔버스패브릭포스터·레더아트프린트·메쉬프린트·타이벡프린트),PRICE_TYPE.01,,,800.00,1200.00,,,,,35000.00,,
main,PRD_000128,메쉬프린트,PRF_POSTER_MESH,1,COMP_POSTER_CANVAS_FABRIC,실사 완제품가 (캔버스패브릭포스터·레더아트프린트·메쉬프린트·타이벡프린트),PRICE_TYPE.01,,,800.00,2800.00,,,,,78400.00,,
main,PRD_000128,메쉬프린트,PRF_POSTER_MESH,1,COMP_POSTER_CANVAS_FABRIC,실사 완제품가 (캔버스패브릭포스터·레더아트프린트·메쉬프린트·타이벡프린트),PRICE_TYPE.01,,,1000.00,1200.00,,,,,42000.00,,
main,PRD_000128,메쉬프린트,PRF_POSTER_MESH,1,COMP_POSTER_CANVAS_FABRIC,실사 완제품가 (캔버스패브릭포스터·레더아트프린트·메쉬프린트·타이벡프린트),PRICE_TYPE.01,,,600.00,800.00,,,,,19000.00,,
main,PRD_000128,메쉬프린트,PRF_POSTER_MESH,1,COMP_POSTER_CANVAS_FABRIC,실사 완제품가 (캔버스패브릭포스터·레더아트프린트·메쉬프린트·타이벡프린트),PRICE_TYPE.01,,,1000.00,3000.00,,,,,105000.00,,
main,PRD_000128,메쉬프린트,PRF_POSTER_MESH,1,COMP_POSTER_CANVAS_FABRIC,실사 완제품가 (캔버스패브릭포스터·레더아트프린트·메쉬프린트·타이벡프린트),PRICE_TYPE.01,,,600.00,2800.00,,,,,58800.00,,
main,PRD_000128,메쉬프린트,PRF_POSTER_MESH,1,COMP_POSTER_CANVAS_FABRIC,실사 완제품가 (캔버스패브릭포스터·레더아트프린트·메쉬프린트·타이벡프린트),PRICE_TYPE.01,,,1000.00,1400.00,,,,,49000.00,,
main,PRD_000128,메쉬프린트,PRF_POSTER_MESH,1,COMP_POSTER_CANVAS_FABRIC,실사 완제품가 (캔버스패브릭포스터·레더아트프린트·메쉬프린트·타이벡프린트),PRICE_TYPE.01,,,1200.00,2000.00,,,,,84000.00,,
main,PRD_000128,메쉬프린트,PRF_POSTER_MESH,1,COMP_POSTER_CANVAS_FABRIC,실사 완제품가 (캔버스패브릭포스터·레더아트프린트·메쉬프린트·타이벡프린트),PRICE_TYPE.01,,,800.00,1400.00,,,,,39200.00,,
main,PRD_000128,메쉬프린트,PRF_POSTER_MESH,1,COMP_POSTER_CANVAS_FABRIC,실사 완제품가 (캔버스패브릭포스터·레더아트프린트·메쉬프린트·타이벡프린트),PRICE_TYPE.01,,,1200.00,2800.00,,,,,117600.00,,
main,PRD_000128,메쉬프린트,PRF_POSTER_MESH,1,COMP_POSTER_CANVAS_FABRIC,실사 완제품가 (캔버스패브릭포스터·레더아트프린트·메쉬프린트·타이벡프린트),PRICE_TYPE.01,,,1200.00,1600.00,,,,,67200.00,,
main,PRD_000128,메쉬프린트,PRF_POSTER_MESH,1,COMP_POSTER_CANVAS_FABRIC,실사 완제품가 (캔버스패브릭포스터·레더아트프린트·메쉬프린트·타이벡프린트),PRICE_TYPE.01,,,600.00,1000.00,,,,,35000.00,,
main,PRD_000128,메쉬프린트,PRF_POSTER_MESH,1,COMP_POSTER_CANVAS_FABRIC,실사 완제품가 (캔버스패브릭포스터·레더아트프린트·메쉬프린트·타이벡프린트),PRICE_TYPE.01,,,600.00,600.00,,,,,19000.00,,
main,PRD_000128,메쉬프린트,PRF_POSTER_MESH,1,COMP_POSTER_CANVAS_FABRIC,실사 완제품가 (캔버스패브릭포스터·레더아트프린트·메쉬프린트·타이벡프린트),PRICE_TYPE.01,,,600.00,1400.00,,,,,35000.00,,
main,PRD_000128,메쉬프린트,PRF_POSTER_MESH,1,COMP_POSTER_CANVAS_FABRIC,실사 완제품가 (캔버스패브릭포스터·레더아트프린트·메쉬프린트·타이벡프린트),PRICE_TYPE.01,,,800.00,1000.00,,,,,35000.00,,
main,PRD_000128,메쉬프린트,PRF_POSTER_MESH,1,COMP_POSTER_CANVAS_FABRIC,실사 완제품가 (캔버스패브릭포스터·레더아트프린트·메쉬프린트·타이벡프린트),PRICE_TYPE.01,,,800.00,1800.00,,,,,50400.00,,
main,PRD_000128,메쉬프린트,PRF_POSTER_MESH,1,COMP_POSTER_CANVAS_FABRIC,실사 완제품가 (캔버스패브릭포스터·레더아트프린트·메쉬프린트·타이벡프린트),PRICE_TYPE.01,,,800.00,800.00,,,,,35000.00,,
main,PRD_000128,메쉬프린트,PRF_POSTER_MESH,1,COMP_POSTER_CANVAS_FABRIC,실사 완제품가 (캔버스패브릭포스터·레더아트프린트·메쉬프린트·타이벡프린트),PRICE_TYPE.01,,,800.00,2600.00,,,,,72800.00,,
main,PRD_000128,메쉬프린트,PRF_POSTER_MESH,1,COMP_POSTER_CANVAS_FABRIC,실사 완제품가 (캔버스패브릭포스터·레더아트프린트·메쉬프린트·타이벡프린트),PRICE_TYPE.01,,,1000.00,2600.00,,,,,91000.00,,
main,PRD_000128,메쉬프린트,PRF_POSTER_MESH,1,COMP_POSTER_CANVAS_FABRIC,실사 완제품가 (캔버스패브릭포스터·레더아트프린트·메쉬프린트·타이벡프린트),PRICE_TYPE.01,,,1000.00,1000.00,,,,,35000.00,,
main,PRD_000128,메쉬프린트,PRF_POSTER_MESH,1,COMP_POSTER_CANVAS_FABRIC,실사 완제품가 (캔버스패브릭포스터·레더아트프린트·메쉬프린트·타이벡프린트),PRICE_TYPE.01,,,600.00,2600.00,,,,,54600.00,,
main,PRD_000128,메쉬프린트,PRF_POSTER_MESH,1,COMP_POSTER_CANVAS_FABRIC,실사 완제품가 (캔버스패브릭포스터·레더아트프린트·메쉬프린트·타이벡프린트),PRICE_TYPE.01,,,600.00,3000.00,,,,,63000.00,,
main,PRD_000128,메쉬프린트,PRF_POSTER_MESH,1,COMP_POSTER_CANVAS_FABRIC,실사 완제품가 (캔버스패브릭포스터·레더아트프린트·메쉬프린트·타이벡프린트),PRICE_TYPE.01,,,800.00,2400.00,,,,,67200.00,,
main,PRD_000128,메쉬프린트,PRF_POSTER_MESH,1,COMP_POSTER_CANVAS_FABRIC,실사 완제품가 (캔버스패브릭포스터·레더아트프린트·메쉬프린트·타이벡프린트),PRICE_TYPE.01,,,600.00,2400.00,,,,,50400.00,,
main,PRD_000128,메쉬프린트,PRF_POSTER_MESH,1,COMP_POSTER_CANVAS_FABRIC,실사 완제품가 (캔버스패브릭포스터·레더아트프린트·메쉬프린트·타이벡프린트),PRICE_TYPE.01,,,1000.00,1800.00,,,,,63000.00,,
main,PRD_000128,메쉬프린트,PRF_POSTER_MESH,1,COMP_POSTER_CANVAS_FABRIC,실사 완제품가 (캔버스패브릭포스터·레더아트프린트·메쉬프린트·타이벡프린트),PRICE_TYPE.01,,,800.00,2200.00,,,,,61600.00,,
main,PRD_000128,메쉬프린트,PRF_POSTER_MESH,1,COMP_POSTER_CANVAS_FABRIC,실사 완제품가 (캔버스패브릭포스터·레더아트프린트·메쉬프린트·타이벡프린트),PRICE_TYPE.01,,,1200.00,1800.00,,,,,75600.00,,
main,PRD_000128,메쉬프린트,PRF_POSTER_MESH,1,COMP_POSTER_CANVAS_FABRIC,실사 완제품가 (캔버스패브릭포스터·레더아트프린트·메쉬프린트·타이벡프린트),PRICE_TYPE.01,,,800.00,3000.00,,,,,84000.00,,
main,PRD_000128,메쉬프린트,PRF_POSTER_MESH,1,COMP_POSTER_CANVAS_FABRIC,실사 완제품가 (캔버스패브릭포스터·레더아트프린트·메쉬프린트·타이벡프린트),PRICE_TYPE.01,,,1000.00,2200.00,,,,,77000.00,,
main,PRD_000128,메쉬프린트,PRF_POSTER_MESH,1,COMP_POSTER_CANVAS_FABRIC,실사 완제품가 (캔버스패브릭포스터·레더아트프린트·메쉬프린트·타이벡프린트),PRICE_TYPE.01,,,1000.00,800.00,,,,,35000.00,,
main,PRD_000128,메쉬프린트,PRF_POSTER_MESH,1,COMP_POSTER_CANVAS_FABRIC,실사 완제품가 (캔버스패브릭포스터·레더아트프린트·메쉬프린트·타이벡프린트),PRICE_TYPE.01,,,600.00,1600.00,,,,,35000.00,,
main,PRD_000128,메쉬프린트,PRF_POSTER_MESH,1,COMP_POSTER_CANVAS_FABRIC,실사 완제품가 (캔버스패브릭포스터·레더아트프린트·메쉬프린트·타이벡프린트),PRICE_TYPE.01,,,1000.00,2400.00,,,,,84000.00,,
main,PRD_000128,메쉬프린트,PRF_POSTER_MESH,1,COMP_POSTER_CANVAS_FABRIC,실사 완제품가 (캔버스패브릭포스터·레더아트프린트·메쉬프린트·타이벡프린트),PRICE_TYPE.01,,,600.00,1200.00,,,,,35000.00,,
main,PRD_000128,메쉬프린트,PRF_POSTER_MESH,1,COMP_POSTER_CANVAS_FABRIC,실사 완제품가 (캔버스패브릭포스터·레더아트프린트·메쉬프린트·타이벡프린트),PRICE_TYPE.01,,,1200.00,2200.00,,,,,92400.00,,
main,PRD_000128,메쉬프린트,PRF_POSTER_MESH,1,COMP_POSTER_CANVAS_FABRIC,실사 완제품가 (캔버스패브릭포스터·레더아트프린트·메쉬프린트·타이벡프린트),PRICE_TYPE.01,,,1200.00,3000.00,,,,,126000.00,,
main,PRD_000128,메쉬프린트,PRF_POSTER_MESH,1,COMP_POSTER_CANVAS_FABRIC,실사 완제품가 (캔버스패브릭포스터·레더아트프린트·메쉬프린트·타이벡프린트),PRICE_TYPE.01,,,1200.00,1200.00,,,,,50400.00,,
main,PRD_000128,메쉬프린트,PRF_POSTER_MESH,1,COMP_POSTER_CANVAS_FABRIC,실사 완제품가 (캔버스패브릭포스터·레더아트프린트·메쉬프린트·타이벡프린트),PRICE_TYPE.01,,,1200.00,600.00,,,,,35000.00,,
main,PRD_000128,메쉬프린트,PRF_POSTER_MESH,1,COMP_POSTER_CANVAS_FABRIC,실사 완제품가 (캔버스패브릭포스터·레더아트프린트·메쉬프린트·타이벡프린트),PRICE_TYPE.01,,,600.00,2200.00,,,,,46200.00,,
main,PRD_000128,메쉬프린트,PRF_POSTER_MESH,1,COMP_POSTER_CANVAS_FABRIC,실사 완제품가 (캔버스패브릭포스터·레더아트프린트·메쉬프린트·타이벡프린트),PRICE_TYPE.01,,,1200.00,800.00,,,,,35000.00,,
main,PRD_000128,메쉬프린트,PRF_POSTER_MESH,1,COMP_POSTER_CANVAS_FABRIC,실사 완제품가 (캔버스패브릭포스터·레더아트프린트·메쉬프린트·타이벡프린트),PRICE_TYPE.01,,,1200.00,2600.00,,,,,109200.00,,
main,PRD_000128,메쉬프린트,PRF_POSTER_MESH,1,COMP_POSTER_CANVAS_FABRIC,실사 완제품가 (캔버스패브릭포스터·레더아트프린트·메쉬프린트·타이벡프린트),PRICE_TYPE.01,,,1200.00,1000.00,,,,,42000.00,,
main,PRD_000128,메쉬프린트,PRF_POSTER_MESH,1,COMP_POSTER_CANVAS_FABRIC,실사 완제품가 (캔버스패브릭포스터·레더아트프린트·메쉬프린트·타이벡프린트),PRICE_TYPE.01,,,800.00,600.00,,,,,19000.00,,
main,PRD_000128,메쉬프린트,PRF_POSTER_MESH,1,COMP_POSTER_CANVAS_FABRIC,실사 완제품가 (캔버스패브릭포스터·레더아트프린트·메쉬프린트·타이벡프린트),PRICE_TYPE.01,,,1200.00,1400.00,,,,,58800.00,,
main,PRD_000128,메쉬프린트,PRF_POSTER_MESH,1,COMP_POSTER_CANVAS_FABRIC,실사 완제품가 (캔버스패브릭포스터·레더아트프린트·메쉬프린트·타이벡프린트),PRICE_TYPE.01,,,1000.00,2800.00,,,,,98000.00,,
main,PRD_000128,메쉬프린트,PRF_POSTER_MESH,1,COMP_POSTER_CANVAS_FABRIC,실사 완제품가 (캔버스패브릭포스터·레더아트프린트·메쉬프린트·타이벡프린트),PRICE_TYPE.01,,,1000.00,1600.00,,,,,56000.00,,
main,PRD_000128,메쉬프린트,PRF_POSTER_MESH,1,COMP_POSTER_CANVAS_FABRIC,실사 완제품가 (캔버스패브릭포스터·레더아트프린트·메쉬프린트·타이벡프린트),PRICE_TYPE.01,,,1000.00,600.00,,,,,35000.00,,
main,PRD_000128,메쉬프린트,PRF_POSTER_MESH,1,COMP_POSTER_CANVAS_FABRIC,실사 완제품가 (캔버스패브릭포스터·레더아트프린트·메쉬프린트·타이벡프린트),PRICE_TYPE.01,,,800.00,2000.00,,,,,56000.00,,
main,PRD_000128,메쉬프린트,PRF_POSTER_MESH,1,COMP_POSTER_CANVAS_FABRIC,실사 완제품가 (캔버스패브릭포스터·레더아트프린트·메쉬프린트·타이벡프린트),PRICE_TYPE.01,,,1200.00,2400.00,,,,,100800.00,,
main,PRD_000128,메쉬프린트,PRF_POSTER_MESH,1,COMP_POSTER_CANVAS_FABRIC,실사 완제품가 (캔버스패브릭포스터·레더아트프린트·메쉬프린트·타이벡프린트),PRICE_TYPE.01,,,1000.00,2000.00,,,,,70000.00,,
main,PRD_000129,폼보드,PRF_POSTER_FOAMBOARD,2,COMP_POSTER_FOAMBOARD_BOARD,폼보드(보드칼라×사이즈) 완제품가,PRICE_TYPE.01,SIZ_000315,A3 (297x420mm),,,,MAT_000398,,,6000.00,,A3 폼보드(화이트) 5mm
main,PRD_000129,폼보드,PRF_POSTER_FOAMBOARD,2,COMP_POSTER_FOAMBOARD_BOARD,폼보드(보드칼라×사이즈) 완제품가,PRICE_TYPE.01,SIZ_000198,A2 (420X594mm),,,,MAT_000612,,,12000.00,,A2 폼보드(화이트) 5mm
main,PRD_000129,폼보드,PRF_POSTER_FOAMBOARD,2,COMP_POSTER_FOAMBOARD_BOARD,폼보드(보드칼라×사이즈) 완제품가,PRICE_TYPE.01,SIZ_000315,A3 (297x420mm),,,,MAT_000399,,,8500.00,,A3 폼보드(블랙) 5mm
main,PRD_000129,폼보드,PRF_POSTER_FOAMBOARD,2,COMP_POSTER_FOAMBOARD_BOARD,폼보드(보드칼라×사이즈) 완제품가,PRICE_TYPE.01,SIZ_000198,A2 (420X594mm),,,,MAT_000613,,,14000.00,,A2 폼보드(블랙) 5mm
main,PRD_000130,포맥스보드,PRF_POSTER_FOMEXBOARD,1,COMP_POSTER_FOMEXBOARD_BOARD,포맥스보드(두께×사이즈) 완제품가,PRICE_TYPE.01,SIZ_000175,A3(297x420mm),,,,MAT_000023,,,10000.00,,A3 포맥스(화이트) 5mm
main,PRD_000130,포맥스보드,PRF_POSTER_FOMEXBOARD,1,COMP_POSTER_FOMEXBOARD_BOARD,포맥스보드(두께×사이즈) 완제품가,PRICE_TYPE.01,SIZ_000175,A3(297x420mm),,,,MAT_000022,,,8500.00,,A3 포맥스(화이트) 3mm
main,PRD_000130,포맥스보드,PRF_POSTER_FOMEXBOARD,1,COMP_POSTER_FOMEXBOARD_BOARD,포맥스보드(두께×사이즈) 완제품가,PRICE_TYPE.01,SIZ_000197,A2(420x594mm),,,,MAT_000554,,,13000.00,,A2 포맥스(화이트) 3mm
main,PRD_000130,포맥스보드,PRF_POSTER_FOMEXBOARD,1,COMP_POSTER_FOMEXBOARD_BOARD,포맥스보드(두께×사이즈) 완제품가,PRICE_TYPE.01,SIZ_000197,A2(420x594mm),,,,MAT_000555,,,16000.00,,A2 포맥스(화이트) 5mm
main,PRD_000131,프레임리스우드액자,PRF_POSTER_FRAMELESS,1,COMP_POSTER_FRAMELESS_WOOD,프레임리스우드액자 완제품가,PRICE_TYPE.01,SIZ_000197,A2(420x594mm),,,,,,1,23000.00,,
main,PRD_000131,프레임리스우드액자,PRF_POSTER_FRAMELESS,1,COMP_POSTER_FRAMELESS_WOOD,프레임리스우드액자 완제품가,PRICE_TYPE.01,SIZ_000175,A3(297x420mm),,,,,,1,16000.00,,
main,PRD_000132,레더아트액자,PRF_POSTER_LEATHER_FRAME,1,COMP_POSTER_LEATHER_FRAME,레더아트액자 완제품가,PRICE_TYPE.01,SIZ_000172,A4(210x297mm),,,,,,1,16000.00,,
main,PRD_000132,레더아트액자,PRF_POSTER_LEATHER_FRAME,1,COMP_POSTER_LEATHER_FRAME,레더아트액자 완제품가,PRICE_TYPE.01,SIZ_000174,A3(297x420mm),,,,,,1,21000.00,,
main,PRD_000132,레더아트액자,PRF_POSTER_LEATHER_FRAME,1,COMP_POSTER_LEATHER_FRAME,레더아트액자 완제품가,PRICE_TYPE.01,SIZ_000304,5x5(127x127mm),,,,,,1,9000.00,,
main,PRD_000132,레더아트액자,PRF_POSTER_LEATHER_FRAME,1,COMP_POSTER_LEATHER_FRAME,레더아트액자 완제품가,PRICE_TYPE.01,SIZ_000306,5x7(127x178mm),,,,,,1,10000.00,,
main,PRD_000132,레더아트액자,PRF_POSTER_LEATHER_FRAME,1,COMP_POSTER_LEATHER_FRAME,레더아트액자 완제품가,PRICE_TYPE.01,SIZ_000308,8x8(203x203mm),,,,,,1,11000.00,,
main,PRD_000132,레더아트액자,PRF_POSTER_LEATHER_FRAME,1,COMP_POSTER_LEATHER_FRAME,레더아트액자 완제품가,PRICE_TYPE.01,SIZ_000310,8x10(203x254mm),,,,,,1,13000.00,,
main,PRD_000133,캔버스 행잉포스터,PRF_POSTER_CANVAS_HANGING,1,COMP_POSTER_CANVAS_HANGING,캔버스 행잉포스터 완제품가,PRICE_TYPE.01,SIZ_000198,A2 (420X594mm),,,,,,1,20000.00,,
main,PRD_000133,캔버스 행잉포스터,PRF_POSTER_CANVAS_HANGING,1,COMP_POSTER_CANVAS_HANGING,캔버스 행잉포스터 완제품가,PRICE_TYPE.01,SIZ_000315,A3 (297x420mm),,,,,,1,10500.00,,
main,PRD_000133,캔버스 행잉포스터,PRF_POSTER_CANVAS_HANGING,1,COMP_POSTER_CANVAS_HANGING,캔버스 행잉포스터 완제품가,PRICE_TYPE.01,SIZ_000258,A4(210x297mm),,,,,,1,6000.00,,
main,PRD_000133,캔버스 행잉포스터,PRF_POSTER_CANVAS_HANGING,2,COMP_POSTEROPT_CANVAS_HANGING_WOODHANGER,캔버스행잉포스터 우드행거+면끈 추가가격,PRICE_TYPE.01,SIZ_000198,A2 (420X594mm),,,OPV_000995,,,,20000.00,우드행거+면끈 포함,
main,PRD_000133,캔버스 행잉포스터,PRF_POSTER_CANVAS_HANGING,2,COMP_POSTEROPT_CANVAS_HANGING_WOODHANGER,캔버스행잉포스터 우드행거+면끈 추가가격,PRICE_TYPE.01,SIZ_000315,A3 (297x420mm),,,OPV_000995,,,,18000.00,우드행거+면끈 포함,
main,PRD_000133,캔버스 행잉포스터,PRF_POSTER_CANVAS_HANGING,2,COMP_POSTEROPT_CANVAS_HANGING_WOODHANGER,캔버스행잉포스터 우드행거+면끈 추가가격,PRICE_TYPE.01,SIZ_000258,A4(210x297mm),,,OPV_000995,,,,16000.00,우드행거+면끈 포함,
main,PRD_000134,린넨우드봉족자,PRF_POSTER_LINEN_WOODBONG,1,COMP_POSTER_LINEN_WOODBONG,린넨 우드봉 족자 완제품가,PRICE_TYPE.01,SIZ_000318,A2,,,,,,1,16000.00,,
main,PRD_000134,린넨우드봉족자,PRF_POSTER_LINEN_WOODBONG,1,COMP_POSTER_LINEN_WOODBONG,린넨 우드봉 족자 완제품가,PRICE_TYPE.01,SIZ_000316,A3,,,,,,1,8200.00,,
main,PRD_000134,린넨우드봉족자,PRF_POSTER_LINEN_WOODBONG,1,COMP_POSTER_LINEN_WOODBONG,린넨 우드봉 족자 완제품가,PRICE_TYPE.01,SIZ_000314,A4,,,,,,1,6000.00,,
main,PRD_000134,린넨우드봉족자,PRF_POSTER_LINEN_WOODBONG,2,COMP_POSTEROPT_LINEN_WOODBONG_WOODBONG,린넨우드봉족자 우드봉+면끈 추가가격,PRICE_TYPE.01,SIZ_000318,A2,,,OPV_000953,,,1,12000.00,우드봉+면끈 포함,
main,PRD_000134,린넨우드봉족자,PRF_POSTER_LINEN_WOODBONG,2,COMP_POSTEROPT_LINEN_WOODBONG_WOODBONG,린넨우드봉족자 우드봉+면끈 추가가격,PRICE_TYPE.01,SIZ_000316,A3,,,OPV_000953,,,1,9800.00,우드봉+면끈 포함,
main,PRD_000134,린넨우드봉족자,PRF_POSTER_LINEN_WOODBONG,2,COMP_POSTEROPT_LINEN_WOODBONG_WOODBONG,린넨우드봉족자 우드봉+면끈 추가가격,PRICE_TYPE.01,SIZ_000314,A4,,,OPV_000953,,,1,7000.00,우드봉+면끈 포함,
addon,PRD_000135,족자포스터,,1,TMPL-000096,천정고리(2개1세트),,,,,,,,,,6500.00,,
main,PRD_000135,족자포스터,PRF_POSTER_JOKJA,1,COMP_POSTER_JOKJA,족자포스터 완제품가,PRICE_TYPE.01,SIZ_000320,900x1200mm,,,,,,1,32000.00,,
main,PRD_000135,족자포스터,PRF_POSTER_JOKJA,1,COMP_POSTER_JOKJA,족자포스터 완제품가,PRICE_TYPE.01,SIZ_000294,A1 (594X841mm),,,,,,1,22000.00,,
main,PRD_000135,족자포스터,PRF_POSTER_JOKJA,1,COMP_POSTER_JOKJA,족자포스터 완제품가,PRICE_TYPE.01,SIZ_000315,A3 (297x420mm),,,,,,1,13000.00,,
main,PRD_000135,족자포스터,PRF_POSTER_JOKJA,1,COMP_POSTER_JOKJA,족자포스터 완제품가,PRICE_TYPE.01,SIZ_000198,A2 (420X594mm),,,,,,1,15000.00,,
main,PRD_000135,족자포스터,PRF_POSTER_JOKJA,1,COMP_POSTER_JOKJA,족자포스터 완제품가,PRICE_TYPE.01,SIZ_000319,300x600mm,,,,,,1,15000.00,,
addon,PRD_000136,PET배너,,1,TMPL-000115,배너거치대 (실내용),,,,,,,,,,7000.00,,
addon,PRD_000136,PET배너,,2,TMPL-000116,배너거치대 (실외용-단면),,,,,,,,,,23000.00,,
addon,PRD_000136,PET배너,,3,TMPL-000117,배너거치대 (실외용-양면),,,,,,,,,,25000.00,,
main,PRD_000136,PET배너,PRF_POSTER_PET_BANNER,1,COMP_POSTER_PET_BANNER,PET배너 완제품가,PRICE_TYPE.01,SIZ_000321,600x1800mm,,,,,,1,22000.00,,
addon,PRD_000137,메쉬배너,,1,TMPL-000115,배너거치대 (실내용),,,,,,,,,,7000.00,,
addon,PRD_000137,메쉬배너,,2,TMPL-000116,배너거치대 (실외용-단면),,,,,,,,,,23000.00,,
addon,PRD_000137,메쉬배너,,3,TMPL-000117,배너거치대 (실외용-양면),,,,,,,,,,25000.00,,
main,PRD_000137,메쉬배너,PRF_POSTER_MESH_BANNER,1,COMP_POSTER_MESH_BANNER,메쉬배너 완제품가,PRICE_TYPE.01,SIZ_000321,600x1800mm,,,,,,1,38000.00,,
main,PRD_000138,일반현수막,PRF_POSTER_BANNER_N,1,COMP_POSTER_BANNER_NORMAL,일반 현수막 완제품가,PRICE_TYPE.01,,,1750.00,4500.00,,,,1,64800.00,,
main,PRD_000138,일반현수막,PRF_POSTER_BANNER_N,1,COMP_POSTER_BANNER_NORMAL,일반 현수막 완제품가,PRICE_TYPE.01,,,1500.00,2400.00,,,,1,28800.00,,
main,PRD_000138,일반현수막,PRF_POSTER_BANNER_N,1,COMP_POSTER_BANNER_NORMAL,일반 현수막 완제품가,PRICE_TYPE.01,,,1200.00,2400.00,,,,1,23040.00,,
main,PRD_000138,일반현수막,PRF_POSTER_BANNER_N,1,COMP_POSTER_BANNER_NORMAL,일반 현수막 완제품가,PRICE_TYPE.01,,,1000.00,2400.00,,,,1,19200.00,,
main,PRD_000138,일반현수막,PRF_POSTER_BANNER_N,1,COMP_POSTER_BANNER_NORMAL,일반 현수막 완제품가,PRICE_TYPE.01,,,900.00,2400.00,,,,1,17280.00,,
main,PRD_000138,일반현수막,PRF_POSTER_BANNER_N,1,COMP_POSTER_BANNER_NORMAL,일반 현수막 완제품가,PRICE_TYPE.01,,,1750.00,2200.00,,,,1,31680.00,,
main,PRD_000138,일반현수막,PRF_POSTER_BANNER_N,1,COMP_POSTER_BANNER_NORMAL,일반 현수막 완제품가,PRICE_TYPE.01,,,1500.00,2200.00,,,,1,26400.00,,
main,PRD_000138,일반현수막,PRF_POSTER_BANNER_N,1,COMP_POSTER_BANNER_NORMAL,일반 현수막 완제품가,PRICE_TYPE.01,,,1200.00,1200.00,,,,1,11520.00,,
main,PRD_000138,일반현수막,PRF_POSTER_BANNER_N,1,COMP_POSTER_BANNER_NORMAL,일반 현수막 완제품가,PRICE_TYPE.01,,,1200.00,1000.00,,,,1,9600.00,,
main,PRD_000138,일반현수막,PRF_POSTER_BANNER_N,1,COMP_POSTER_BANNER_NORMAL,일반 현수막 완제품가,PRICE_TYPE.01,,,1000.00,1200.00,,,,1,9600.00,,
main,PRD_000138,일반현수막,PRF_POSTER_BANNER_N,1,COMP_POSTER_BANNER_NORMAL,일반 현수막 완제품가,PRICE_TYPE.01,,,1000.00,1000.00,,,,1,8000.00,,
main,PRD_000138,일반현수막,PRF_POSTER_BANNER_N,1,COMP_POSTER_BANNER_NORMAL,일반 현수막 완제품가,PRICE_TYPE.01,,,1000.00,900.00,,,,1,8000.00,,
main,PRD_000138,일반현수막,PRF_POSTER_BANNER_N,1,COMP_POSTER_BANNER_NORMAL,일반 현수막 완제품가,PRICE_TYPE.01,,,900.00,1200.00,,,,1,8640.00,,
main,PRD_000138,일반현수막,PRF_POSTER_BANNER_N,1,COMP_POSTER_BANNER_NORMAL,일반 현수막 완제품가,PRICE_TYPE.01,,,900.00,1000.00,,,,1,8000.00,,
main,PRD_000138,일반현수막,PRF_POSTER_BANNER_N,1,COMP_POSTER_BANNER_NORMAL,일반 현수막 완제품가,PRICE_TYPE.01,,,900.00,900.00,,,,1,8000.00,,
main,PRD_000138,일반현수막,PRF_POSTER_BANNER_N,1,COMP_POSTER_BANNER_NORMAL,일반 현수막 완제품가,PRICE_TYPE.01,,,1500.00,1000.00,,,,1,12000.00,,
main,PRD_000138,일반현수막,PRF_POSTER_BANNER_N,1,COMP_POSTER_BANNER_NORMAL,일반 현수막 완제품가,PRICE_TYPE.01,,,900.00,2200.00,,,,1,15840.00,,
main,PRD_000138,일반현수막,PRF_POSTER_BANNER_N,1,COMP_POSTER_BANNER_NORMAL,일반 현수막 완제품가,PRICE_TYPE.01,,,1500.00,900.00,,,,1,10800.00,,
main,PRD_000138,일반현수막,PRF_POSTER_BANNER_N,1,COMP_POSTER_BANNER_NORMAL,일반 현수막 완제품가,PRICE_TYPE.01,,,1750.00,900.00,,,,1,12960.00,,
main,PRD_000138,일반현수막,PRF_POSTER_BANNER_N,1,COMP_POSTER_BANNER_NORMAL,일반 현수막 완제품가,PRICE_TYPE.01,,,1750.00,1000.00,,,,1,14400.00,,
main,PRD_000138,일반현수막,PRF_POSTER_BANNER_N,1,COMP_POSTER_BANNER_NORMAL,일반 현수막 완제품가,PRICE_TYPE.01,,,1500.00,1200.00,,,,1,14400.00,,
main,PRD_000138,일반현수막,PRF_POSTER_BANNER_N,1,COMP_POSTER_BANNER_NORMAL,일반 현수막 완제품가,PRICE_TYPE.01,,,1750.00,1200.00,,,,1,17280.00,,
main,PRD_000138,일반현수막,PRF_POSTER_BANNER_N,1,COMP_POSTER_BANNER_NORMAL,일반 현수막 완제품가,PRICE_TYPE.01,,,900.00,1400.00,,,,1,10080.00,,
main,PRD_000138,일반현수막,PRF_POSTER_BANNER_N,1,COMP_POSTER_BANNER_NORMAL,일반 현수막 완제품가,PRICE_TYPE.01,,,1000.00,1400.00,,,,1,11200.00,,
main,PRD_000138,일반현수막,PRF_POSTER_BANNER_N,1,COMP_POSTER_BANNER_NORMAL,일반 현수막 완제품가,PRICE_TYPE.01,,,1200.00,1400.00,,,,1,13440.00,,
main,PRD_000138,일반현수막,PRF_POSTER_BANNER_N,1,COMP_POSTER_BANNER_NORMAL,일반 현수막 완제품가,PRICE_TYPE.01,,,1500.00,1400.00,,,,1,16800.00,,
main,PRD_000138,일반현수막,PRF_POSTER_BANNER_N,1,COMP_POSTER_BANNER_NORMAL,일반 현수막 완제품가,PRICE_TYPE.01,,,1750.00,1400.00,,,,1,20160.00,,
main,PRD_000138,일반현수막,PRF_POSTER_BANNER_N,1,COMP_POSTER_BANNER_NORMAL,일반 현수막 완제품가,PRICE_TYPE.01,,,900.00,1600.00,,,,1,11520.00,,
main,PRD_000138,일반현수막,PRF_POSTER_BANNER_N,1,COMP_POSTER_BANNER_NORMAL,일반 현수막 완제품가,PRICE_TYPE.01,,,1000.00,1600.00,,,,1,12800.00,,
main,PRD_000138,일반현수막,PRF_POSTER_BANNER_N,1,COMP_POSTER_BANNER_NORMAL,일반 현수막 완제품가,PRICE_TYPE.01,,,1200.00,1600.00,,,,1,15360.00,,
main,PRD_000138,일반현수막,PRF_POSTER_BANNER_N,1,COMP_POSTER_BANNER_NORMAL,일반 현수막 완제품가,PRICE_TYPE.01,,,1500.00,1600.00,,,,1,19200.00,,
main,PRD_000138,일반현수막,PRF_POSTER_BANNER_N,1,COMP_POSTER_BANNER_NORMAL,일반 현수막 완제품가,PRICE_TYPE.01,,,1750.00,1600.00,,,,1,23040.00,,
main,PRD_000138,일반현수막,PRF_POSTER_BANNER_N,1,COMP_POSTER_BANNER_NORMAL,일반 현수막 완제품가,PRICE_TYPE.01,,,900.00,1800.00,,,,1,12960.00,,
main,PRD_000138,일반현수막,PRF_POSTER_BANNER_N,1,COMP_POSTER_BANNER_NORMAL,일반 현수막 완제품가,PRICE_TYPE.01,,,1000.00,1800.00,,,,1,14400.00,,
main,PRD_000138,일반현수막,PRF_POSTER_BANNER_N,1,COMP_POSTER_BANNER_NORMAL,일반 현수막 완제품가,PRICE_TYPE.01,,,1200.00,1800.00,,,,1,17280.00,,
main,PRD_000138,일반현수막,PRF_POSTER_BANNER_N,1,COMP_POSTER_BANNER_NORMAL,일반 현수막 완제품가,PRICE_TYPE.01,,,1500.00,1800.00,,,,1,21600.00,,
main,PRD_000138,일반현수막,PRF_POSTER_BANNER_N,1,COMP_POSTER_BANNER_NORMAL,일반 현수막 완제품가,PRICE_TYPE.01,,,1750.00,1800.00,,,,1,25920.00,,
main,PRD_000138,일반현수막,PRF_POSTER_BANNER_N,1,COMP_POSTER_BANNER_NORMAL,일반 현수막 완제품가,PRICE_TYPE.01,,,900.00,2000.00,,,,1,14400.00,,
main,PRD_000138,일반현수막,PRF_POSTER_BANNER_N,1,COMP_POSTER_BANNER_NORMAL,일반 현수막 완제품가,PRICE_TYPE.01,,,1000.00,2000.00,,,,1,16000.00,,
main,PRD_000138,일반현수막,PRF_POSTER_BANNER_N,1,COMP_POSTER_BANNER_NORMAL,일반 현수막 완제품가,PRICE_TYPE.01,,,1200.00,2000.00,,,,1,19200.00,,
main,PRD_000138,일반현수막,PRF_POSTER_BANNER_N,1,COMP_POSTER_BANNER_NORMAL,일반 현수막 완제품가,PRICE_TYPE.01,,,1500.00,2000.00,,,,1,24000.00,,
main,PRD_000138,일반현수막,PRF_POSTER_BANNER_N,1,COMP_POSTER_BANNER_NORMAL,일반 현수막 완제품가,PRICE_TYPE.01,,,1750.00,2000.00,,,,1,28800.00,,
main,PRD_000138,일반현수막,PRF_POSTER_BANNER_N,1,COMP_POSTER_BANNER_NORMAL,일반 현수막 완제품가,PRICE_TYPE.01,,,1000.00,2200.00,,,,1,17600.00,,
main,PRD_000138,일반현수막,PRF_POSTER_BANNER_N,1,COMP_POSTER_BANNER_NORMAL,일반 현수막 완제품가,PRICE_TYPE.01,,,1200.00,2200.00,,,,1,21120.00,,
main,PRD_000138,일반현수막,PRF_POSTER_BANNER_N,1,COMP_POSTER_BANNER_NORMAL,일반 현수막 완제품가,PRICE_TYPE.01,,,1750.00,2400.00,,,,1,34560.00,,
main,PRD_000138,일반현수막,PRF_POSTER_BANNER_N,1,COMP_POSTER_BANNER_NORMAL,일반 현수막 완제품가,PRICE_TYPE.01,,,900.00,2600.00,,,,1,18720.00,,
main,PRD_000138,일반현수막,PRF_POSTER_BANNER_N,1,COMP_POSTER_BANNER_NORMAL,일반 현수막 완제품가,PRICE_TYPE.01,,,1000.00,2600.00,,,,1,20800.00,,
main,PRD_000138,일반현수막,PRF_POSTER_BANNER_N,1,COMP_POSTER_BANNER_NORMAL,일반 현수막 완제품가,PRICE_TYPE.01,,,1200.00,2600.00,,,,1,24960.00,,
main,PRD_000138,일반현수막,PRF_POSTER_BANNER_N,1,COMP_POSTER_BANNER_NORMAL,일반 현수막 완제품가,PRICE_TYPE.01,,,1500.00,2600.00,,,,1,31200.00,,
main,PRD_000138,일반현수막,PRF_POSTER_BANNER_N,1,COMP_POSTER_BANNER_NORMAL,일반 현수막 완제품가,PRICE_TYPE.01,,,1750.00,2600.00,,,,1,37440.00,,
main,PRD_000138,일반현수막,PRF_POSTER_BANNER_N,1,COMP_POSTER_BANNER_NORMAL,일반 현수막 완제품가,PRICE_TYPE.01,,,900.00,2800.00,,,,1,20160.00,,
main,PRD_000138,일반현수막,PRF_POSTER_BANNER_N,1,COMP_POSTER_BANNER_NORMAL,일반 현수막 완제품가,PRICE_TYPE.01,,,1000.00,2800.00,,,,1,22400.00,,
main,PRD_000138,일반현수막,PRF_POSTER_BANNER_N,1,COMP_POSTER_BANNER_NORMAL,일반 현수막 완제품가,PRICE_TYPE.01,,,1200.00,2800.00,,,,1,26880.00,,
main,PRD_000138,일반현수막,PRF_POSTER_BANNER_N,1,COMP_POSTER_BANNER_NORMAL,일반 현수막 완제품가,PRICE_TYPE.01,,,1500.00,2800.00,,,,1,33600.00,,
main,PRD_000138,일반현수막,PRF_POSTER_BANNER_N,1,COMP_POSTER_BANNER_NORMAL,일반 현수막 완제품가,PRICE_TYPE.01,,,1750.00,2800.00,,,,1,40320.00,,
main,PRD_000138,일반현수막,PRF_POSTER_BANNER_N,1,COMP_POSTER_BANNER_NORMAL,일반 현수막 완제품가,PRICE_TYPE.01,,,900.00,3000.00,,,,1,21600.00,,
main,PRD_000138,일반현수막,PRF_POSTER_BANNER_N,1,COMP_POSTER_BANNER_NORMAL,일반 현수막 완제품가,PRICE_TYPE.01,,,1000.00,3000.00,,,,1,24000.00,,
main,PRD_000138,일반현수막,PRF_POSTER_BANNER_N,1,COMP_POSTER_BANNER_NORMAL,일반 현수막 완제품가,PRICE_TYPE.01,,,1200.00,3000.00,,,,1,28800.00,,
main,PRD_000138,일반현수막,PRF_POSTER_BANNER_N,1,COMP_POSTER_BANNER_NORMAL,일반 현수막 완제품가,PRICE_TYPE.01,,,1500.00,3000.00,,,,1,36000.00,,
main,PRD_000138,일반현수막,PRF_POSTER_BANNER_N,1,COMP_POSTER_BANNER_NORMAL,일반 현수막 완제품가,PRICE_TYPE.01,,,1750.00,3000.00,,,,1,43200.00,,
main,PRD_000138,일반현수막,PRF_POSTER_BANNER_N,1,COMP_POSTER_BANNER_NORMAL,일반 현수막 완제품가,PRICE_TYPE.01,,,900.00,3500.00,,,,1,25200.00,,
main,PRD_000138,일반현수막,PRF_POSTER_BANNER_N,1,COMP_POSTER_BANNER_NORMAL,일반 현수막 완제품가,PRICE_TYPE.01,,,1000.00,3500.00,,,,1,28000.00,,
main,PRD_000138,일반현수막,PRF_POSTER_BANNER_N,1,COMP_POSTER_BANNER_NORMAL,일반 현수막 완제품가,PRICE_TYPE.01,,,1200.00,3500.00,,,,1,33600.00,,
main,PRD_000138,일반현수막,PRF_POSTER_BANNER_N,1,COMP_POSTER_BANNER_NORMAL,일반 현수막 완제품가,PRICE_TYPE.01,,,1500.00,3500.00,,,,1,42000.00,,
main,PRD_000138,일반현수막,PRF_POSTER_BANNER_N,1,COMP_POSTER_BANNER_NORMAL,일반 현수막 완제품가,PRICE_TYPE.01,,,1750.00,3500.00,,,,1,50400.00,,
main,PRD_000138,일반현수막,PRF_POSTER_BANNER_N,1,COMP_POSTER_BANNER_NORMAL,일반 현수막 완제품가,PRICE_TYPE.01,,,900.00,4000.00,,,,1,28800.00,,
main,PRD_000138,일반현수막,PRF_POSTER_BANNER_N,1,COMP_POSTER_BANNER_NORMAL,일반 현수막 완제품가,PRICE_TYPE.01,,,1000.00,4000.00,,,,1,32000.00,,
main,PRD_000138,일반현수막,PRF_POSTER_BANNER_N,1,COMP_POSTER_BANNER_NORMAL,일반 현수막 완제품가,PRICE_TYPE.01,,,1200.00,4000.00,,,,1,38400.00,,
main,PRD_000138,일반현수막,PRF_POSTER_BANNER_N,1,COMP_POSTER_BANNER_NORMAL,일반 현수막 완제품가,PRICE_TYPE.01,,,1500.00,4000.00,,,,1,48000.00,,
main,PRD_000138,일반현수막,PRF_POSTER_BANNER_N,1,COMP_POSTER_BANNER_NORMAL,일반 현수막 완제품가,PRICE_TYPE.01,,,1750.00,4000.00,,,,1,57600.00,,
main,PRD_000138,일반현수막,PRF_POSTER_BANNER_N,1,COMP_POSTER_BANNER_NORMAL,일반 현수막 완제품가,PRICE_TYPE.01,,,900.00,4500.00,,,,1,32400.00,,
main,PRD_000138,일반현수막,PRF_POSTER_BANNER_N,1,COMP_POSTER_BANNER_NORMAL,일반 현수막 완제품가,PRICE_TYPE.01,,,1000.00,4500.00,,,,1,36000.00,,
main,PRD_000138,일반현수막,PRF_POSTER_BANNER_N,1,COMP_POSTER_BANNER_NORMAL,일반 현수막 완제품가,PRICE_TYPE.01,,,1200.00,4500.00,,,,1,43200.00,,
main,PRD_000138,일반현수막,PRF_POSTER_BANNER_N,1,COMP_POSTER_BANNER_NORMAL,일반 현수막 완제품가,PRICE_TYPE.01,,,1500.00,4500.00,,,,1,54000.00,,
main,PRD_000138,일반현수막,PRF_POSTER_BANNER_N,1,COMP_POSTER_BANNER_NORMAL,일반 현수막 완제품가,PRICE_TYPE.01,,,1000.00,5000.00,,,,1,40000.00,,
main,PRD_000138,일반현수막,PRF_POSTER_BANNER_N,1,COMP_POSTER_BANNER_NORMAL,일반 현수막 완제품가,PRICE_TYPE.01,,,1200.00,5000.00,,,,1,48000.00,,
main,PRD_000138,일반현수막,PRF_POSTER_BANNER_N,1,COMP_POSTER_BANNER_NORMAL,일반 현수막 완제품가,PRICE_TYPE.01,,,1500.00,5000.00,,,,1,60000.00,,
main,PRD_000138,일반현수막,PRF_POSTER_BANNER_N,1,COMP_POSTER_BANNER_NORMAL,일반 현수막 완제품가,PRICE_TYPE.01,,,1750.00,5000.00,,,,1,72000.00,,
main,PRD_000138,일반현수막,PRF_POSTER_BANNER_N,1,COMP_POSTER_BANNER_NORMAL,일반 현수막 완제품가,PRICE_TYPE.01,,,900.00,5000.00,,,,1,36000.00,,
main,PRD_000138,일반현수막,PRF_POSTER_BANNER_N,1,COMP_POSTER_BANNER_NORMAL,일반 현수막 완제품가,PRICE_TYPE.01,,,1200.00,900.00,,,,1,8640.00,,
main,PRD_000138,일반현수막,PRF_POSTER_BANNER_N,,COMP_BANNER_ADDON,일반 현수막 부자재,PRICE_TYPE.01,,,,,OPV_000015,,,1,4000.00,각목(900mm이하)+끈(4개),
main,PRD_000138,일반현수막,PRF_POSTER_BANNER_N,,COMP_BANNER_ADDON,일반 현수막 부자재,PRICE_TYPE.01,,,,,OPV_000013,,,1,3000.00,큐방(4개),
main,PRD_000138,일반현수막,PRF_POSTER_BANNER_N,,COMP_BANNER_ADDON,일반 현수막 부자재,PRICE_TYPE.01,,,,,OPV_000014,,,1,4000.00,끈(4개),
main,PRD_000138,일반현수막,PRF_POSTER_BANNER_N,,COMP_BANNER_ADDON,일반 현수막 부자재,PRICE_TYPE.01,,,,,OPV_000016,,,1,8000.00,각목(900mm 초과)+끈(4개),
main,PRD_000138,일반현수막,PRF_POSTER_BANNER_N,,COMP_BANNER_OPTION,일반 현수막 가공옵션,PRICE_TYPE.01,,,,,OPV_000006,,,1,3000.00,열재단,
main,PRD_000138,일반현수막,PRF_POSTER_BANNER_N,,COMP_BANNER_OPTION,일반 현수막 가공옵션,PRICE_TYPE.01,,,,,OPV_000008,,,1,4000.00,아일렛(6구),
main,PRD_000138,일반현수막,PRF_POSTER_BANNER_N,,COMP_BANNER_OPTION,일반 현수막 가공옵션,PRICE_TYPE.01,,,,,OPV_000007,,,1,3000.00,아일렛(4구),
main,PRD_000138,일반현수막,PRF_POSTER_BANNER_N,,COMP_BANNER_OPTION,일반 현수막 가공옵션,PRICE_TYPE.01,,,,,OPV_000009,,,1,5000.00,아일렛(8구),
main,PRD_000138,일반현수막,PRF_POSTER_BANNER_N,,COMP_BANNER_OPTION,일반 현수막 가공옵션,PRICE_TYPE.01,,,,,OPV_000010,,,1,3000.00,양면테입,
main,PRD_000138,일반현수막,PRF_POSTER_BANNER_N,,COMP_BANNER_OPTION,일반 현수막 가공옵션,PRICE_TYPE.01,,,,,OPV_000011,,,1,4000.00,봉미싱,
main,PRD_000139,메쉬현수막,PRF_POSTER_BANNER_M,1,COMP_POSTER_BANNER_MESH,메쉬 현수막 완제품가,PRICE_TYPE.01,,,1000.00,2000.00,,,,,40000.00,,
main,PRD_000139,메쉬현수막,PRF_POSTER_BANNER_M,1,COMP_POSTER_BANNER_MESH,메쉬 현수막 완제품가,PRICE_TYPE.01,,,1200.00,3500.00,,,,,84000.00,,
main,PRD_000139,메쉬현수막,PRF_POSTER_BANNER_M,1,COMP_POSTER_BANNER_MESH,메쉬 현수막 완제품가,PRICE_TYPE.01,,,1200.00,1400.00,,,,,33600.00,,
main,PRD_000139,메쉬현수막,PRF_POSTER_BANNER_M,1,COMP_POSTER_BANNER_MESH,메쉬 현수막 완제품가,PRICE_TYPE.01,,,900.00,3500.00,,,,,63000.00,,
main,PRD_000139,메쉬현수막,PRF_POSTER_BANNER_M,1,COMP_POSTER_BANNER_MESH,메쉬 현수막 완제품가,PRICE_TYPE.01,,,1000.00,4000.00,,,,,80000.00,,
main,PRD_000139,메쉬현수막,PRF_POSTER_BANNER_M,1,COMP_POSTER_BANNER_MESH,메쉬 현수막 완제품가,PRICE_TYPE.01,,,900.00,3000.00,,,,,54000.00,,
main,PRD_000139,메쉬현수막,PRF_POSTER_BANNER_M,1,COMP_POSTER_BANNER_MESH,메쉬 현수막 완제품가,PRICE_TYPE.01,,,1000.00,2600.00,,,,,52000.00,,
main,PRD_000139,메쉬현수막,PRF_POSTER_BANNER_M,1,COMP_POSTER_BANNER_MESH,메쉬 현수막 완제품가,PRICE_TYPE.01,,,1200.00,5000.00,,,,,120000.00,,
main,PRD_000139,메쉬현수막,PRF_POSTER_BANNER_M,1,COMP_POSTER_BANNER_MESH,메쉬 현수막 완제품가,PRICE_TYPE.01,,,1200.00,2600.00,,,,,62400.00,,
main,PRD_000139,메쉬현수막,PRF_POSTER_BANNER_M,1,COMP_POSTER_BANNER_MESH,메쉬 현수막 완제품가,PRICE_TYPE.01,,,900.00,1600.00,,,,,28800.00,,
main,PRD_000139,메쉬현수막,PRF_POSTER_BANNER_M,1,COMP_POSTER_BANNER_MESH,메쉬 현수막 완제품가,PRICE_TYPE.01,,,1200.00,4500.00,,,,,108000.00,,
main,PRD_000139,메쉬현수막,PRF_POSTER_BANNER_M,1,COMP_POSTER_BANNER_MESH,메쉬 현수막 완제품가,PRICE_TYPE.01,,,900.00,2800.00,,,,,50400.00,,
main,PRD_000139,메쉬현수막,PRF_POSTER_BANNER_M,1,COMP_POSTER_BANNER_MESH,메쉬 현수막 완제품가,PRICE_TYPE.01,,,1200.00,4000.00,,,,,96000.00,,
main,PRD_000139,메쉬현수막,PRF_POSTER_BANNER_M,1,COMP_POSTER_BANNER_MESH,메쉬 현수막 완제품가,PRICE_TYPE.01,,,900.00,2000.00,,,,,36000.00,,
main,PRD_000139,메쉬현수막,PRF_POSTER_BANNER_M,1,COMP_POSTER_BANNER_MESH,메쉬 현수막 완제품가,PRICE_TYPE.01,,,1000.00,1600.00,,,,,32000.00,,
main,PRD_000139,메쉬현수막,PRF_POSTER_BANNER_M,1,COMP_POSTER_BANNER_MESH,메쉬 현수막 완제품가,PRICE_TYPE.01,,,1000.00,2800.00,,,,,56000.00,,
main,PRD_000139,메쉬현수막,PRF_POSTER_BANNER_M,1,COMP_POSTER_BANNER_MESH,메쉬 현수막 완제품가,PRICE_TYPE.01,,,1000.00,1200.00,,,,,24000.00,,
main,PRD_000139,메쉬현수막,PRF_POSTER_BANNER_M,1,COMP_POSTER_BANNER_MESH,메쉬 현수막 완제품가,PRICE_TYPE.01,,,1200.00,2400.00,,,,,57600.00,,
main,PRD_000139,메쉬현수막,PRF_POSTER_BANNER_M,1,COMP_POSTER_BANNER_MESH,메쉬 현수막 완제품가,PRICE_TYPE.01,,,900.00,2400.00,,,,,43200.00,,
main,PRD_000139,메쉬현수막,PRF_POSTER_BANNER_M,1,COMP_POSTER_BANNER_MESH,메쉬 현수막 완제품가,PRICE_TYPE.01,,,900.00,4500.00,,,,,81000.00,,
main,PRD_000139,메쉬현수막,PRF_POSTER_BANNER_M,1,COMP_POSTER_BANNER_MESH,메쉬 현수막 완제품가,PRICE_TYPE.01,,,1000.00,1400.00,,,,,28000.00,,
main,PRD_000139,메쉬현수막,PRF_POSTER_BANNER_M,1,COMP_POSTER_BANNER_MESH,메쉬 현수막 완제품가,PRICE_TYPE.01,,,1000.00,2200.00,,,,,44000.00,,
main,PRD_000139,메쉬현수막,PRF_POSTER_BANNER_M,1,COMP_POSTER_BANNER_MESH,메쉬 현수막 완제품가,PRICE_TYPE.01,,,1000.00,3500.00,,,,,70000.00,,
main,PRD_000139,메쉬현수막,PRF_POSTER_BANNER_M,1,COMP_POSTER_BANNER_MESH,메쉬 현수막 완제품가,PRICE_TYPE.01,,,900.00,1000.00,,,,,20000.00,,
main,PRD_000139,메쉬현수막,PRF_POSTER_BANNER_M,1,COMP_POSTER_BANNER_MESH,메쉬 현수막 완제품가,PRICE_TYPE.01,,,1200.00,1200.00,,,,,28800.00,,
main,PRD_000139,메쉬현수막,PRF_POSTER_BANNER_M,1,COMP_POSTER_BANNER_MESH,메쉬 현수막 완제품가,PRICE_TYPE.01,,,1200.00,1800.00,,,,,43200.00,,
main,PRD_000139,메쉬현수막,PRF_POSTER_BANNER_M,1,COMP_POSTER_BANNER_MESH,메쉬 현수막 완제품가,PRICE_TYPE.01,,,900.00,1800.00,,,,,32400.00,,
main,PRD_000139,메쉬현수막,PRF_POSTER_BANNER_M,1,COMP_POSTER_BANNER_MESH,메쉬 현수막 완제품가,PRICE_TYPE.01,,,1200.00,1000.00,,,,,24000.00,,
main,PRD_000139,메쉬현수막,PRF_POSTER_BANNER_M,1,COMP_POSTER_BANNER_MESH,메쉬 현수막 완제품가,PRICE_TYPE.01,,,1000.00,3000.00,,,,,60000.00,,
main,PRD_000139,메쉬현수막,PRF_POSTER_BANNER_M,1,COMP_POSTER_BANNER_MESH,메쉬 현수막 완제품가,PRICE_TYPE.01,,,1000.00,900.00,,,,,20000.00,,
main,PRD_000139,메쉬현수막,PRF_POSTER_BANNER_M,1,COMP_POSTER_BANNER_MESH,메쉬 현수막 완제품가,PRICE_TYPE.01,,,1000.00,4500.00,,,,,90000.00,,
main,PRD_000139,메쉬현수막,PRF_POSTER_BANNER_M,1,COMP_POSTER_BANNER_MESH,메쉬 현수막 완제품가,PRICE_TYPE.01,,,1000.00,1800.00,,,,,36000.00,,
main,PRD_000139,메쉬현수막,PRF_POSTER_BANNER_M,1,COMP_POSTER_BANNER_MESH,메쉬 현수막 완제품가,PRICE_TYPE.01,,,1000.00,2400.00,,,,,48000.00,,
main,PRD_000139,메쉬현수막,PRF_POSTER_BANNER_M,1,COMP_POSTER_BANNER_MESH,메쉬 현수막 완제품가,PRICE_TYPE.01,,,1200.00,2200.00,,,,,52800.00,,
main,PRD_000139,메쉬현수막,PRF_POSTER_BANNER_M,1,COMP_POSTER_BANNER_MESH,메쉬 현수막 완제품가,PRICE_TYPE.01,,,900.00,2600.00,,,,,46800.00,,
main,PRD_000139,메쉬현수막,PRF_POSTER_BANNER_M,1,COMP_POSTER_BANNER_MESH,메쉬 현수막 완제품가,PRICE_TYPE.01,,,1200.00,3000.00,,,,,72000.00,,
main,PRD_000139,메쉬현수막,PRF_POSTER_BANNER_M,1,COMP_POSTER_BANNER_MESH,메쉬 현수막 완제품가,PRICE_TYPE.01,,,900.00,5000.00,,,,,90000.00,,
main,PRD_000139,메쉬현수막,PRF_POSTER_BANNER_M,1,COMP_POSTER_BANNER_MESH,메쉬 현수막 완제품가,PRICE_TYPE.01,,,900.00,1400.00,,,,,25200.00,,
main,PRD_000139,메쉬현수막,PRF_POSTER_BANNER_M,1,COMP_POSTER_BANNER_MESH,메쉬 현수막 완제품가,PRICE_TYPE.01,,,1200.00,900.00,,,,,21600.00,,
main,PRD_000139,메쉬현수막,PRF_POSTER_BANNER_M,1,COMP_POSTER_BANNER_MESH,메쉬 현수막 완제품가,PRICE_TYPE.01,,,900.00,2200.00,,,,,39600.00,,
main,PRD_000139,메쉬현수막,PRF_POSTER_BANNER_M,1,COMP_POSTER_BANNER_MESH,메쉬 현수막 완제품가,PRICE_TYPE.01,,,1000.00,5000.00,,,,,100000.00,,
main,PRD_000139,메쉬현수막,PRF_POSTER_BANNER_M,1,COMP_POSTER_BANNER_MESH,메쉬 현수막 완제품가,PRICE_TYPE.01,,,1000.00,1000.00,,,,,20000.00,,
main,PRD_000139,메쉬현수막,PRF_POSTER_BANNER_M,1,COMP_POSTER_BANNER_MESH,메쉬 현수막 완제품가,PRICE_TYPE.01,,,1200.00,2000.00,,,,,48000.00,,
main,PRD_000139,메쉬현수막,PRF_POSTER_BANNER_M,1,COMP_POSTER_BANNER_MESH,메쉬 현수막 완제품가,PRICE_TYPE.01,,,900.00,900.00,,,,,20000.00,,
main,PRD_000139,메쉬현수막,PRF_POSTER_BANNER_M,1,COMP_POSTER_BANNER_MESH,메쉬 현수막 완제품가,PRICE_TYPE.01,,,900.00,1200.00,,,,,21600.00,,
main,PRD_000139,메쉬현수막,PRF_POSTER_BANNER_M,1,COMP_POSTER_BANNER_MESH,메쉬 현수막 완제품가,PRICE_TYPE.01,,,900.00,4000.00,,,,,72000.00,,
main,PRD_000139,메쉬현수막,PRF_POSTER_BANNER_M,1,COMP_POSTER_BANNER_MESH,메쉬 현수막 완제품가,PRICE_TYPE.01,,,1200.00,1600.00,,,,,38400.00,,
main,PRD_000139,메쉬현수막,PRF_POSTER_BANNER_M,1,COMP_POSTER_BANNER_MESH,메쉬 현수막 완제품가,PRICE_TYPE.01,,,1200.00,2800.00,,,,,67200.00,,
main,PRD_000139,메쉬현수막,PRF_POSTER_BANNER_M,,COMP_BANNER_MESH_ADDON,메쉬 현수막 부자재,PRICE_TYPE.01,,,,,OPV_000426,,,1,4000.00,끈(4개),
main,PRD_000139,메쉬현수막,PRF_POSTER_BANNER_M,,COMP_BANNER_MESH_ADDON,메쉬 현수막 부자재,PRICE_TYPE.01,,,,,OPV_000425,,,1,3000.00,큐방(4개),
main,PRD_000139,메쉬현수막,PRF_POSTER_BANNER_M,,COMP_BANNER_MESH_OPTION,메쉬 현수막 가공옵션,PRICE_TYPE.01,,,,,OPV_001002,,,1,4000.00,아일렛(6구),
main,PRD_000139,메쉬현수막,PRF_POSTER_BANNER_M,,COMP_BANNER_MESH_OPTION,메쉬 현수막 가공옵션,PRICE_TYPE.01,,,,,OPV_001000,,,1,0.00,재단만,
main,PRD_000139,메쉬현수막,PRF_POSTER_BANNER_M,,COMP_BANNER_MESH_OPTION,메쉬 현수막 가공옵션,PRICE_TYPE.01,,,,,OPV_001003,,,1,5000.00,아일렛(8구),
main,PRD_000139,메쉬현수막,PRF_POSTER_BANNER_M,,COMP_BANNER_MESH_OPTION,메쉬 현수막 가공옵션,PRICE_TYPE.01,,,,,OPV_001001,,,1,3000.00,아일렛(4구),
main,PRD_000140,무광시트커팅,PRF_POSTER_SHEETCUT_MATTE,1,COMP_POSTER_SHEETCUT_MATTE,무광시트커팅 완제품가,PRICE_TYPE.01,SIZ_000315,A3 (297x420mm),,,,,,,11000.00,,
main,PRD_000140,무광시트커팅,PRF_POSTER_SHEETCUT_MATTE,1,COMP_POSTER_SHEETCUT_MATTE,무광시트커팅 완제품가,PRICE_TYPE.01,SIZ_000258,A4(210x297mm),,,,,,,6000.00,,
main,PRD_000140,무광시트커팅,PRF_POSTER_SHEETCUT_MATTE,1,COMP_POSTER_SHEETCUT_MATTE,무광시트커팅 완제품가,PRICE_TYPE.01,SIZ_000198,A2 (420X594mm),,,,,,,32000.00,,
main,PRD_000140,무광시트커팅,PRF_POSTER_SHEETCUT_MATTE,1,COMP_POSTER_SHEETCUT_MATTE,무광시트커팅 완제품가,PRICE_TYPE.01,SIZ_000174,A3(297x420mm),,,,,,,11000.00,,
main,PRD_000140,무광시트커팅,PRF_POSTER_SHEETCUT_MATTE,1,COMP_POSTER_SHEETCUT_MATTE,무광시트커팅 완제품가,PRICE_TYPE.01,SIZ_000197,A2(420x594mm),,,,,,,32000.00,,
main,PRD_000140,무광시트커팅,PRF_POSTER_SHEETCUT_MATTE,1,COMP_POSTER_SHEETCUT_MATTE,무광시트커팅 완제품가,PRICE_TYPE.01,SIZ_000172,A4(210x297mm),,,,,,,6000.00,,
main,PRD_000141,홀로그램 시트커팅,PRF_POSTER_SHEETCUT_HOLO,1,COMP_POSTER_SHEETCUT_HOLO,홀로그램 시트커팅 완제품가,PRICE_TYPE.01,SIZ_000315,A3 (297x420mm),,,,,,,16000.00,,
main,PRD_000141,홀로그램 시트커팅,PRF_POSTER_SHEETCUT_HOLO,1,COMP_POSTER_SHEETCUT_HOLO,홀로그램 시트커팅 완제품가,PRICE_TYPE.01,SIZ_000198,A2 (420X594mm),,,,,,,32000.00,,
main,PRD_000141,홀로그램 시트커팅,PRF_POSTER_SHEETCUT_HOLO,1,COMP_POSTER_SHEETCUT_HOLO,홀로그램 시트커팅 완제품가,PRICE_TYPE.01,SIZ_000258,A4(210x297mm),,,,,,,8000.00,,
main,PRD_000142,유광아크릴스티커,PRF_POSTER_ACRYLSTK_GLOSS,1,COMP_POSTER_ACRYLSTK_GLOSS,유광아크릴스티커 완제품가,PRICE_TYPE.01,SIZ_000326,390x290mm,,,,,,,32000.00,,
main,PRD_000142,유광아크릴스티커,PRF_POSTER_ACRYLSTK_GLOSS,1,COMP_POSTER_ACRYLSTK_GLOSS,유광아크릴스티커 완제품가,PRICE_TYPE.01,SIZ_000327,590x390mm,,,,,,,37000.00,,
main,PRD_000142,유광아크릴스티커,PRF_POSTER_ACRYLSTK_GLOSS,1,COMP_POSTER_ACRYLSTK_GLOSS,유광아크릴스티커 완제품가,PRICE_TYPE.01,SIZ_000325,290x190mm,,,,,,,14000.00,,
main,PRD_000142,유광아크릴스티커,PRF_POSTER_ACRYLSTK_GLOSS,1,COMP_POSTER_ACRYLSTK_GLOSS,유광아크릴스티커 완제품가,PRICE_TYPE.01,SIZ_000324,290x90mm,,,,,,,9000.00,,
main,PRD_000143,미러아크릴스티커,PRF_POSTER_ACRYLSTK_MIRROR,1,COMP_POSTER_ACRYLSTK_MIRROR,미러아크릴스티커 완제품가,PRICE_TYPE.01,SIZ_000325,290x190mm,,,,,,,18000.00,,
main,PRD_000143,미러아크릴스티커,PRF_POSTER_ACRYLSTK_MIRROR,1,COMP_POSTER_ACRYLSTK_MIRROR,미러아크릴스티커 완제품가,PRICE_TYPE.01,SIZ_000327,590x390mm,,,,,,,50000.00,,
main,PRD_000143,미러아크릴스티커,PRF_POSTER_ACRYLSTK_MIRROR,1,COMP_POSTER_ACRYLSTK_MIRROR,미러아크릴스티커 완제품가,PRICE_TYPE.01,SIZ_000326,390x290mm,,,,,,,29000.00,,
main,PRD_000143,미러아크릴스티커,PRF_POSTER_ACRYLSTK_MIRROR,1,COMP_POSTER_ACRYLSTK_MIRROR,미러아크릴스티커 완제품가,PRICE_TYPE.01,SIZ_000324,290x90mm,,,,,,,11000.00,,
main,PRD_000144,미니보드스탠딩,PRF_POSTER_MINI_STANDBOARD,1,COMP_POSTER_MINI_STANDBOARD,미니보드스탠딩 완제품가,PRICE_TYPE.01,SIZ_000258,A4(210x297mm),,,,,,49,4200.00,,
main,PRD_000144,미니보드스탠딩,PRF_POSTER_MINI_STANDBOARD,1,COMP_POSTER_MINI_STANDBOARD,미니보드스탠딩 완제품가,PRICE_TYPE.01,SIZ_000426,A5(148x210mm),,,,,,19,3400.00,,
main,PRD_000144,미니보드스탠딩,PRF_POSTER_MINI_STANDBOARD,1,COMP_POSTER_MINI_STANDBOARD,미니보드스탠딩 완제품가,PRICE_TYPE.01,SIZ_000426,A5(148x210mm),,,,,,49,3300.00,,
main,PRD_000144,미니보드스탠딩,PRF_POSTER_MINI_STANDBOARD,1,COMP_POSTER_MINI_STANDBOARD,미니보드스탠딩 완제품가,PRICE_TYPE.01,SIZ_000315,A3 (297x420mm),,,,,,19,6200.00,,
main,PRD_000144,미니보드스탠딩,PRF_POSTER_MINI_STANDBOARD,1,COMP_POSTER_MINI_STANDBOARD,미니보드스탠딩 완제품가,PRICE_TYPE.01,SIZ_000258,A4(210x297mm),,,,,,99,4000.00,,
main,PRD_000144,미니보드스탠딩,PRF_POSTER_MINI_STANDBOARD,1,COMP_POSTER_MINI_STANDBOARD,미니보드스탠딩 완제품가,PRICE_TYPE.01,SIZ_000426,A5(148x210mm),,,,,,99,3100.00,,
main,PRD_000144,미니보드스탠딩,PRF_POSTER_MINI_STANDBOARD,1,COMP_POSTER_MINI_STANDBOARD,미니보드스탠딩 완제품가,PRICE_TYPE.01,SIZ_000426,A5(148x210mm),,,,,,10000,2900.00,,
main,PRD_000144,미니보드스탠딩,PRF_POSTER_MINI_STANDBOARD,1,COMP_POSTER_MINI_STANDBOARD,미니보드스탠딩 완제품가,PRICE_TYPE.01,SIZ_000315,A3 (297x420mm),,,,,,4,6500.00,,
main,PRD_000144,미니보드스탠딩,PRF_POSTER_MINI_STANDBOARD,1,COMP_POSTER_MINI_STANDBOARD,미니보드스탠딩 완제품가,PRICE_TYPE.01,SIZ_000258,A4(210x297mm),,,,,,4,4500.00,,
main,PRD_000144,미니보드스탠딩,PRF_POSTER_MINI_STANDBOARD,1,COMP_POSTER_MINI_STANDBOARD,미니보드스탠딩 완제품가,PRICE_TYPE.01,SIZ_000258,A4(210x297mm),,,,,,10000,3800.00,,
main,PRD_000144,미니보드스탠딩,PRF_POSTER_MINI_STANDBOARD,1,COMP_POSTER_MINI_STANDBOARD,미니보드스탠딩 완제품가,PRICE_TYPE.01,SIZ_000258,A4(210x297mm),,,,,,19,4300.00,,
main,PRD_000144,미니보드스탠딩,PRF_POSTER_MINI_STANDBOARD,1,COMP_POSTER_MINI_STANDBOARD,미니보드스탠딩 완제품가,PRICE_TYPE.01,SIZ_000315,A3 (297x420mm),,,,,,10000,5500.00,,
main,PRD_000144,미니보드스탠딩,PRF_POSTER_MINI_STANDBOARD,1,COMP_POSTER_MINI_STANDBOARD,미니보드스탠딩 완제품가,PRICE_TYPE.01,SIZ_000315,A3 (297x420mm),,,,,,99,5900.00,,
main,PRD_000144,미니보드스탠딩,PRF_POSTER_MINI_STANDBOARD,1,COMP_POSTER_MINI_STANDBOARD,미니보드스탠딩 완제품가,PRICE_TYPE.01,SIZ_000315,A3 (297x420mm),,,,,,49,6100.00,,
main,PRD_000144,미니보드스탠딩,PRF_POSTER_MINI_STANDBOARD,1,COMP_POSTER_MINI_STANDBOARD,미니보드스탠딩 완제품가,PRICE_TYPE.01,SIZ_000426,A5(148x210mm),,,,,,4,3500.00,,
main,PRD_000145,미니배너,PRF_POSTER_MINI_BANNER,1,COMP_POSTER_MINI_BANNER,미니배너 완제품가,PRICE_TYPE.01,SIZ_000028,150x300mm,,,,,,99,3500.00,,
main,PRD_000145,미니배너,PRF_POSTER_MINI_BANNER,1,COMP_POSTER_MINI_BANNER,미니배너 완제품가,PRICE_TYPE.01,SIZ_000328,180x420mm,,,,,,49,4200.00,,
main,PRD_000145,미니배너,PRF_POSTER_MINI_BANNER,1,COMP_POSTER_MINI_BANNER,미니배너 완제품가,PRICE_TYPE.01,SIZ_000028,150x300mm,,,,,,49,4200.00,,
main,PRD_000145,미니배너,PRF_POSTER_MINI_BANNER,1,COMP_POSTER_MINI_BANNER,미니배너 완제품가,PRICE_TYPE.01,SIZ_000328,180x420mm,,,,,,19,4900.00,,
main,PRD_000145,미니배너,PRF_POSTER_MINI_BANNER,1,COMP_POSTER_MINI_BANNER,미니배너 완제품가,PRICE_TYPE.01,SIZ_000028,150x300mm,,,,,,19,4900.00,,
main,PRD_000145,미니배너,PRF_POSTER_MINI_BANNER,1,COMP_POSTER_MINI_BANNER,미니배너 완제품가,PRICE_TYPE.01,SIZ_000328,180x420mm,,,,,,4,6500.00,,
main,PRD_000145,미니배너,PRF_POSTER_MINI_BANNER,1,COMP_POSTER_MINI_BANNER,미니배너 완제품가,PRICE_TYPE.01,SIZ_000028,150x300mm,,,,,,4,6500.00,,
main,PRD_000145,미니배너,PRF_POSTER_MINI_BANNER,1,COMP_POSTER_MINI_BANNER,미니배너 완제품가,PRICE_TYPE.01,SIZ_000328,180x420mm,,,,,,10000,2800.00,,
main,PRD_000145,미니배너,PRF_POSTER_MINI_BANNER,1,COMP_POSTER_MINI_BANNER,미니배너 완제품가,PRICE_TYPE.01,SIZ_000328,180x420mm,,,,,,99,3500.00,,
main,PRD_000145,미니배너,PRF_POSTER_MINI_BANNER,1,COMP_POSTER_MINI_BANNER,미니배너 완제품가,PRICE_TYPE.01,SIZ_000028,150x300mm,,,,,,10000,2800.00,,
