productId,name,covercd,awkgroup,awkjobno,awkjobname
40004,PP홀더(칼라),0,박(앞면),43353,금박유광(앞면)10x10~30x100mm이하
40004,PP홀더(칼라),0,박(앞면),43354,은박유광(앞면) 10x10~30x100mm이하
40004,PP홀더(칼라),0,박(뒷면),43355,금박유광(뒷면) 10x10~30x100mm이하
40004,PP홀더(칼라),0,박(뒷면),43356,은박유광(뒷면) 10x10~30x100mm이하
40005,소량독판전단_옵셋,0,오시,11347,오시1줄(가로)
40005,소량독판전단_옵셋,0,오시,11345,오시1줄(가로중앙)
40005,소량독판전단_옵셋,0,오시,11385,오시1줄(세로)
40005,소량독판전단_옵셋,0,오시,11346,오시1줄(세로중앙)
40005,소량독판전단_옵셋,0,오시,11348,오시2줄(가로)
40005,소량독판전단_옵셋,0,오시,11349,오시2줄(세로)
40005,소량독판전단_옵셋,0,오시,11350,오시3줄(가로)
40005,소량독판전단_옵셋,0,오시,11351,오시3줄(세로)
40005,소량독판전단_옵셋,0,미싱,11359,미싱1줄(가로)
40005,소량독판전단_옵셋,0,미싱,11357,미싱1줄(가로중앙)
40005,소량독판전단_옵셋,0,미싱,11388,미싱1줄(세로)
40005,소량독판전단_옵셋,0,미싱,11358,미싱1줄(세로중앙)
40005,소량독판전단_옵셋,0,미싱,11360,미싱2줄(가로)
40005,소량독판전단_옵셋,0,미싱,11361,미싱2줄(세로)
40005,소량독판전단_옵셋,0,미싱,11362,미싱3줄(가로)
40005,소량독판전단_옵셋,0,미싱,11363,미싱3줄(세로)
40005,소량독판전단_옵셋,0,타공,11367,타공1개(3mm)
40005,소량독판전단_옵셋,0,타공,11368,타공1개(4mm)
40005,소량독판전단_옵셋,0,타공,11369,타공1개(5mm)
40005,소량독판전단_옵셋,0,타공,11370,타공1개(6mm)
40005,소량독판전단_옵셋,0,타공,11371,타공1개(7mm)
40005,소량독판전단_옵셋,0,타공,11372,타공1개(8mm)
40005,소량독판전단_옵셋,0,타공,11373,타공2개(3mm)
40005,소량독판전단_옵셋,0,타공,11374,타공2개(4mm)
40005,소량독판전단_옵셋,0,타공,11375,타공2개(5mm)
40005,소량독판전단_옵셋,0,타공,11376,타공2개(6mm)
40005,소량독판전단_옵셋,0,타공,11377,타공2개(7mm)
40005,소량독판전단_옵셋,0,타공,11378,타공2개(8mm)
40005,소량독판전단_옵셋,0,타공,11379,타공3개(3mm)
40005,소량독판전단_옵셋,0,타공,11380,타공3개(4mm)
40005,소량독판전단_옵셋,0,타공,11381,타공3개(5mm)
40005,소량독판전단_옵셋,0,타공,11382,타공3개(6mm)
40005,소량독판전단_옵셋,0,타공,11383,타공3개(7mm)
40005,소량독판전단_옵셋,0,타공,11384,타공3개(8mm)
40005,소량독판전단_옵셋,0,박(앞면),11622,금박무광(앞면) 100x150mm이하
40005,소량독판전단_옵셋,0,박(앞면),11620,금박무광(앞면) 10x10~50x100mm이하
40005,소량독판전단_옵셋,0,박(앞면),11623,금박무광(앞면) 210x297mm이하
40005,소량독판전단_옵셋,0,박(앞면),11621,금박무광(앞면) 80x120mm이하
40005,소량독판전단_옵셋,0,박(앞면),11618,금박유광(앞면) 100x150mm이하
40005,소량독판전단_옵셋,0,박(앞면),11616,금박유광(앞면) 10x10~50x100mm이하
40005,소량독판전단_옵셋,0,박(앞면),11619,금박유광(앞면) 210x297mm이하
40005,소량독판전단_옵셋,0,박(앞면),11617,금박유광(앞면) 80x120mm이하
40005,소량독판전단_옵셋,0,박(앞면),11640,녹박(앞면) 100x150mm이하
40005,소량독판전단_옵셋,0,박(앞면),11642,녹박(앞면) 10x10~50x100mm이하
40005,소량독판전단_옵셋,0,박(앞면),11643,녹박(앞면) 210x297mm이하
40005,소량독판전단_옵셋,0,박(앞면),11641,녹박(앞면) 80x120mm이하
40005,소량독판전단_옵셋,0,박(앞면),11644,먹박(앞면) 100x150mm이하
40005,소량독판전단_옵셋,0,박(앞면),11646,먹박(앞면) 10x10~50x100mm이하
40005,소량독판전단_옵셋,0,박(앞면),11647,먹박(앞면) 210x297mm이하
40005,소량독판전단_옵셋,0,박(앞면),11645,먹박(앞면) 80x120mm이하
40005,소량독판전단_옵셋,0,박(앞면),11630,은박무광(앞면) 100x150mm이하
40005,소량독판전단_옵셋,0,박(앞면),11628,은박무광(앞면) 10x10~50x100mm이하
40005,소량독판전단_옵셋,0,박(앞면),11629,은박무광(앞면) 210x297mm이하
40005,소량독판전단_옵셋,0,박(앞면),11631,은박무광(앞면) 80x120mm이하
40005,소량독판전단_옵셋,0,박(앞면),11626,은박유광(앞면) 100x150mm이하
40005,소량독판전단_옵셋,0,박(앞면),11624,은박유광(앞면) 10x10~50x100mm이하
40005,소량독판전단_옵셋,0,박(앞면),11627,은박유광(앞면) 210x297mm이하
40005,소량독판전단_옵셋,0,박(앞면),11625,은박유광(앞면) 80x120mm이하
40005,소량독판전단_옵셋,0,박(앞면),11632,적박(앞면) 100x150mm이하
40005,소량독판전단_옵셋,0,박(앞면),11634,적박(앞면) 10x10~50x100mm이하
40005,소량독판전단_옵셋,0,박(앞면),11635,적박(앞면) 210x297mm이하
40005,소량독판전단_옵셋,0,박(앞면),11633,적박(앞면) 80x120mm이하
40005,소량독판전단_옵셋,0,박(앞면),11639,청박(앞면) 100x150mm이하
40005,소량독판전단_옵셋,0,박(앞면),11637,청박(앞면) 10x10~50x100mm이하
40005,소량독판전단_옵셋,0,박(앞면),11638,청박(앞면) 210x297mm이하
40005,소량독판전단_옵셋,0,박(앞면),11636,청박(앞면) 80x120mm이하
40005,소량독판전단_옵셋,0,박(앞면),11649,홀로그램박(앞면) 100x150mm이하
40005,소량독판전단_옵셋,0,박(앞면),11651,홀로그램박(앞면) 10x10~50x100mm이하
40005,소량독판전단_옵셋,0,박(앞면),11648,홀로그램박(앞면) 210x297mm이하
40005,소량독판전단_옵셋,0,박(앞면),11650,홀로그램박(앞면) 80x120mm이하
40005,소량독판전단_옵셋,0,형압,11654,형압 100x150mm이하
40005,소량독판전단_옵셋,0,형압,11652,형압 10x10~50x100mm이하
40005,소량독판전단_옵셋,0,형압,11653,형압 210x297mm이하
40005,소량독판전단_옵셋,0,형압,11655,형압 80x120mm이하
40005,소량독판전단_옵셋,0,박(뒷면),11708,금박무광(뒷면) 100x150mm이하
40005,소량독판전단_옵셋,0,박(뒷면),11706,금박무광(뒷면) 10x10~50x100mm이하
40005,소량독판전단_옵셋,0,박(뒷면),11709,금박무광(뒷면) 210x297mm이하
40005,소량독판전단_옵셋,0,박(뒷면),11707,금박무광(뒷면) 80x120mm이하
40005,소량독판전단_옵셋,0,박(뒷면),11699,금박유광(뒷면) 100x150mm이하
40005,소량독판전단_옵셋,0,박(뒷면),11697,금박유광(뒷면) 10x10~50x100mm이하
40005,소량독판전단_옵셋,0,박(뒷면),11700,금박유광(뒷면) 210x297mm이하
40005,소량독판전단_옵셋,0,박(뒷면),11698,금박유광(뒷면) 80x120mm이하
40005,소량독판전단_옵셋,0,박(뒷면),11754,녹박(뒷면) 100x150mm이하
40005,소량독판전단_옵셋,0,박(뒷면),11752,녹박(뒷면) 10x10~50x100mm이하
40005,소량독판전단_옵셋,0,박(뒷면),11755,녹박(뒷면) 210x297mm이하
40005,소량독판전단_옵셋,0,박(뒷면),11753,녹박(뒷면) 80x120mm이하
40005,소량독판전단_옵셋,0,박(뒷면),11763,먹박(뒷면) 100x150mm이하
40005,소량독판전단_옵셋,0,박(뒷면),11761,먹박(뒷면) 10x10~50x100mm이하
40005,소량독판전단_옵셋,0,박(뒷면),11764,먹박(뒷면) 210x297mm이하
40005,소량독판전단_옵셋,0,박(뒷면),11762,먹박(뒷면) 80x120mm이하
40005,소량독판전단_옵셋,0,박(뒷면),11726,은박무광(뒷면) 100x150mm이하
40005,소량독판전단_옵셋,0,박(뒷면),11724,은박무광(뒷면) 10x10~50x100mm이하
40005,소량독판전단_옵셋,0,박(뒷면),11727,은박무광(뒷면) 210x297mm이하
40005,소량독판전단_옵셋,0,박(뒷면),11725,은박무광(뒷면) 80x120mm이하
40005,소량독판전단_옵셋,0,박(뒷면),11717,은박유광(뒷면) 100x150mm이하
40005,소량독판전단_옵셋,0,박(뒷면),11715,은박유광(뒷면) 10x10~50x100mm이하
40005,소량독판전단_옵셋,0,박(뒷면),11718,은박유광(뒷면) 210x297mm이하
40005,소량독판전단_옵셋,0,박(뒷면),11716,은박유광(뒷면) 80x120mm이하
40005,소량독판전단_옵셋,0,박(뒷면),11735,적박(뒷면) 100x150mm이하
40005,소량독판전단_옵셋,0,박(뒷면),11733,적박(뒷면) 10x10~50x100mm이하
40005,소량독판전단_옵셋,0,박(뒷면),11736,적박(뒷면) 210x297mm이하
40005,소량독판전단_옵셋,0,박(뒷면),11734,적박(뒷면) 80x120mm이하
40005,소량독판전단_옵셋,0,박(뒷면),11744,청박(뒷면) 100x150mm이하
40005,소량독판전단_옵셋,0,박(뒷면),11742,청박(뒷면) 10x10~50x100mm이하
40005,소량독판전단_옵셋,0,박(뒷면),11745,청박(뒷면) 210x297mm이하
40005,소량독판전단_옵셋,0,박(뒷면),11743,청박(뒷면) 80x120mm이하
40005,소량독판전단_옵셋,0,박(뒷면),11772,홀로그램박(뒷면) 100x150mm이하
40005,소량독판전단_옵셋,0,박(뒷면),11771,홀로그램박(뒷면) 10x10~50x100mm이하
40005,소량독판전단_옵셋,0,박(뒷면),11773,홀로그램박(뒷면) 210x297mm이하
40005,소량독판전단_옵셋,0,박(뒷면),11770,홀로그램박(뒷면) 80x120mm이하
40005,소량독판전단_옵셋,0,라운딩,23010,전체라운딩
40005,소량독판전단_옵셋,0,접지,28001,2단접지
40005,소량독판전단_옵셋,0,접지,28002,3단접지
40005,소량독판전단_옵셋,0,접지,28004,4단대문접지
40005,소량독판전단_옵셋,0,접지,28005,4단병풍접지
40005,소량독판전단_옵셋,0,접지,28003,4단접지
40005,소량독판전단_옵셋,0,접지,28009,N접지
40005,소량독판전단_옵셋,0,접지,28012,십자접지
40005,소량독판전단_옵셋,0,재단,29032,2등분재단
40005,소량독판전단_옵셋,0,재단,29033,3등분재단
40005,소량독판전단_옵셋,0,재단,29034,4등분재단
40005,소량독판전단_옵셋,0,재단,29035,5등분재단
40005,소량독판전단_옵셋,0,재단,29036,6등분재단
40005,소량독판전단_옵셋,0,재단,29010,규격재단
40005,소량독판전단_옵셋,0,재단,29039,별도재단
40005,소량독판전단_옵셋,0,재단,29020,비규격재단
40005,소량독판전단_옵셋,0,재단,42111,재단없음
40005,소량독판전단_옵셋,0,코팅,31102,단면 무광코팅
40005,소량독판전단_옵셋,0,코팅,31101,단면 유광코팅
40005,소량독판전단_옵셋,0,코팅,31202,양면 무광코팅
40005,소량독판전단_옵셋,0,코팅,31201,양면 유광코팅
40007,가성비스티커(사각),0,칼선방향,36510,칼선 가로방향
40007,가성비스티커(사각),0,칼선방향,36511,칼선 세로방향
40008,가성비스티커(도무송),0,칼선,36110,칼선 단순 10개
40008,가성비스티커(도무송),0,칼선,36111,칼선 단순 11개
40008,가성비스티커(도무송),0,칼선,36112,칼선 단순 12개
40008,가성비스티커(도무송),0,칼선,36113,칼선 단순 13개
40008,가성비스티커(도무송),0,칼선,36114,칼선 단순 14개
40008,가성비스티커(도무송),0,칼선,36115,칼선 단순 15개
40008,가성비스티커(도무송),0,칼선,36116,칼선 단순 16개
40008,가성비스티커(도무송),0,칼선,36117,칼선 단순 17개
40008,가성비스티커(도무송),0,칼선,36118,칼선 단순 18개
40008,가성비스티커(도무송),0,칼선,36119,칼선 단순 19개
40008,가성비스티커(도무송),0,칼선,36101,칼선 단순 1개
40008,가성비스티커(도무송),0,칼선,36120,칼선 단순 20개
40008,가성비스티커(도무송),0,칼선,11440,칼선 단순 21개
40008,가성비스티커(도무송),0,칼선,11437,칼선 단순 22개
40008,가성비스티커(도무송),0,칼선,11438,칼선 단순 23개
40008,가성비스티커(도무송),0,칼선,11439,칼선 단순 24개
40008,가성비스티커(도무송),0,칼선,11436,칼선 단순 25개
40008,가성비스티커(도무송),0,칼선,11435,칼선 단순 26개
40008,가성비스티커(도무송),0,칼선,11431,칼선 단순 27개
40008,가성비스티커(도무송),0,칼선,11432,칼선 단순 28개
40008,가성비스티커(도무송),0,칼선,11433,칼선 단순 29개
40008,가성비스티커(도무송),0,칼선,36102,칼선 단순 2개
40008,가성비스티커(도무송),0,칼선,11434,칼선 단순 30개
40008,가성비스티커(도무송),0,칼선,36103,칼선 단순 3개
40008,가성비스티커(도무송),0,칼선,36104,칼선 단순 4개
40008,가성비스티커(도무송),0,칼선,36105,칼선 단순 5개
40008,가성비스티커(도무송),0,칼선,36106,칼선 단순 6개
40008,가성비스티커(도무송),0,칼선,36107,칼선 단순 7개
40008,가성비스티커(도무송),0,칼선,36108,칼선 단순 8개
40008,가성비스티커(도무송),0,칼선,36109,칼선 단순 9개
40013,강접스티커(사각),0,칼선방향,36510,칼선 가로방향
40013,강접스티커(사각),0,칼선방향,36511,칼선 세로방향
40014,강접스티커(도무송),0,칼선,36110,칼선 단순 10개
40014,강접스티커(도무송),0,칼선,36111,칼선 단순 11개
40014,강접스티커(도무송),0,칼선,36112,칼선 단순 12개
40014,강접스티커(도무송),0,칼선,36113,칼선 단순 13개
40014,강접스티커(도무송),0,칼선,36114,칼선 단순 14개
40014,강접스티커(도무송),0,칼선,36115,칼선 단순 15개
40014,강접스티커(도무송),0,칼선,36116,칼선 단순 16개
40014,강접스티커(도무송),0,칼선,36117,칼선 단순 17개
40014,강접스티커(도무송),0,칼선,36118,칼선 단순 18개
40014,강접스티커(도무송),0,칼선,36119,칼선 단순 19개
40014,강접스티커(도무송),0,칼선,36101,칼선 단순 1개
40014,강접스티커(도무송),0,칼선,36120,칼선 단순 20개
40014,강접스티커(도무송),0,칼선,11440,칼선 단순 21개
40014,강접스티커(도무송),0,칼선,11437,칼선 단순 22개
40014,강접스티커(도무송),0,칼선,11438,칼선 단순 23개
40014,강접스티커(도무송),0,칼선,11439,칼선 단순 24개
40014,강접스티커(도무송),0,칼선,11436,칼선 단순 25개
40014,강접스티커(도무송),0,칼선,11435,칼선 단순 26개
40014,강접스티커(도무송),0,칼선,11431,칼선 단순 27개
40014,강접스티커(도무송),0,칼선,11432,칼선 단순 28개
40014,강접스티커(도무송),0,칼선,11433,칼선 단순 29개
40014,강접스티커(도무송),0,칼선,36102,칼선 단순 2개
40014,강접스티커(도무송),0,칼선,11434,칼선 단순 30개
40014,강접스티커(도무송),0,칼선,36103,칼선 단순 3개
40014,강접스티커(도무송),0,칼선,36104,칼선 단순 4개
40014,강접스티커(도무송),0,칼선,36105,칼선 단순 5개
40014,강접스티커(도무송),0,칼선,36106,칼선 단순 6개
40014,강접스티커(도무송),0,칼선,36107,칼선 단순 7개
40014,강접스티커(도무송),0,칼선,36108,칼선 단순 8개
40014,강접스티커(도무송),0,칼선,36109,칼선 단순 9개
40015,방수스티커(사각),0,칼선방향,36510,칼선 가로방향
40015,방수스티커(사각),0,칼선방향,36511,칼선 세로방향
40016,방수스티커(도무송),0,칼선,36110,칼선 단순 10개
40016,방수스티커(도무송),0,칼선,36111,칼선 단순 11개
40016,방수스티커(도무송),0,칼선,36112,칼선 단순 12개
40016,방수스티커(도무송),0,칼선,36113,칼선 단순 13개
40016,방수스티커(도무송),0,칼선,36114,칼선 단순 14개
40016,방수스티커(도무송),0,칼선,36115,칼선 단순 15개
40016,방수스티커(도무송),0,칼선,36116,칼선 단순 16개
40016,방수스티커(도무송),0,칼선,36117,칼선 단순 17개
40016,방수스티커(도무송),0,칼선,36118,칼선 단순 18개
40016,방수스티커(도무송),0,칼선,36119,칼선 단순 19개
40016,방수스티커(도무송),0,칼선,36101,칼선 단순 1개
40016,방수스티커(도무송),0,칼선,36120,칼선 단순 20개
40016,방수스티커(도무송),0,칼선,11440,칼선 단순 21개
40016,방수스티커(도무송),0,칼선,11437,칼선 단순 22개
40016,방수스티커(도무송),0,칼선,11438,칼선 단순 23개
40016,방수스티커(도무송),0,칼선,11439,칼선 단순 24개
40016,방수스티커(도무송),0,칼선,11436,칼선 단순 25개
40016,방수스티커(도무송),0,칼선,11435,칼선 단순 26개
40016,방수스티커(도무송),0,칼선,11431,칼선 단순 27개
40016,방수스티커(도무송),0,칼선,11432,칼선 단순 28개
40016,방수스티커(도무송),0,칼선,11433,칼선 단순 29개
40016,방수스티커(도무송),0,칼선,36102,칼선 단순 2개
40016,방수스티커(도무송),0,칼선,11434,칼선 단순 30개
40016,방수스티커(도무송),0,칼선,36103,칼선 단순 3개
40016,방수스티커(도무송),0,칼선,36104,칼선 단순 4개
40016,방수스티커(도무송),0,칼선,36105,칼선 단순 5개
40016,방수스티커(도무송),0,칼선,36106,칼선 단순 6개
40016,방수스티커(도무송),0,칼선,36107,칼선 단순 7개
40016,방수스티커(도무송),0,칼선,36108,칼선 단순 8개
40016,방수스티커(도무송),0,칼선,36109,칼선 단순 9개
40017,광택스티커(도무송),0,칼선,36110,칼선 단순 10개
40017,광택스티커(도무송),0,칼선,36111,칼선 단순 11개
40017,광택스티커(도무송),0,칼선,36112,칼선 단순 12개
40017,광택스티커(도무송),0,칼선,36113,칼선 단순 13개
40017,광택스티커(도무송),0,칼선,36114,칼선 단순 14개
40017,광택스티커(도무송),0,칼선,36115,칼선 단순 15개
40017,광택스티커(도무송),0,칼선,36116,칼선 단순 16개
40017,광택스티커(도무송),0,칼선,36117,칼선 단순 17개
40017,광택스티커(도무송),0,칼선,36118,칼선 단순 18개
40017,광택스티커(도무송),0,칼선,36119,칼선 단순 19개
40017,광택스티커(도무송),0,칼선,36101,칼선 단순 1개
40017,광택스티커(도무송),0,칼선,36120,칼선 단순 20개
40017,광택스티커(도무송),0,칼선,11440,칼선 단순 21개
40017,광택스티커(도무송),0,칼선,11437,칼선 단순 22개
40017,광택스티커(도무송),0,칼선,11438,칼선 단순 23개
40017,광택스티커(도무송),0,칼선,11439,칼선 단순 24개
40017,광택스티커(도무송),0,칼선,11436,칼선 단순 25개
40017,광택스티커(도무송),0,칼선,11435,칼선 단순 26개
40017,광택스티커(도무송),0,칼선,11431,칼선 단순 27개
40017,광택스티커(도무송),0,칼선,11432,칼선 단순 28개
40017,광택스티커(도무송),0,칼선,11433,칼선 단순 29개
40017,광택스티커(도무송),0,칼선,36102,칼선 단순 2개
40017,광택스티커(도무송),0,칼선,11434,칼선 단순 30개
40017,광택스티커(도무송),0,칼선,36103,칼선 단순 3개
40017,광택스티커(도무송),0,칼선,36104,칼선 단순 4개
40017,광택스티커(도무송),0,칼선,36105,칼선 단순 5개
40017,광택스티커(도무송),0,칼선,36106,칼선 단순 6개
40017,광택스티커(도무송),0,칼선,36107,칼선 단순 7개
40017,광택스티커(도무송),0,칼선,36108,칼선 단순 8개
40017,광택스티커(도무송),0,칼선,36109,칼선 단순 9개
40018,종이스티커(사각),0,칼선방향,36510,칼선 가로방향
40018,종이스티커(사각),0,칼선방향,36511,칼선 세로방향
40019,종이스티커(도무송),0,칼선,36110,칼선 단순 10개
40019,종이스티커(도무송),0,칼선,36111,칼선 단순 11개
40019,종이스티커(도무송),0,칼선,36112,칼선 단순 12개
40019,종이스티커(도무송),0,칼선,36113,칼선 단순 13개
40019,종이스티커(도무송),0,칼선,36114,칼선 단순 14개
40019,종이스티커(도무송),0,칼선,36115,칼선 단순 15개
40019,종이스티커(도무송),0,칼선,36116,칼선 단순 16개
40019,종이스티커(도무송),0,칼선,36117,칼선 단순 17개
40019,종이스티커(도무송),0,칼선,36118,칼선 단순 18개
40019,종이스티커(도무송),0,칼선,36119,칼선 단순 19개
40019,종이스티커(도무송),0,칼선,36101,칼선 단순 1개
40019,종이스티커(도무송),0,칼선,36120,칼선 단순 20개
40019,종이스티커(도무송),0,칼선,11440,칼선 단순 21개
40019,종이스티커(도무송),0,칼선,11437,칼선 단순 22개
40019,종이스티커(도무송),0,칼선,11438,칼선 단순 23개
40019,종이스티커(도무송),0,칼선,11439,칼선 단순 24개
40019,종이스티커(도무송),0,칼선,11436,칼선 단순 25개
40019,종이스티커(도무송),0,칼선,11435,칼선 단순 26개
40019,종이스티커(도무송),0,칼선,11431,칼선 단순 27개
40019,종이스티커(도무송),0,칼선,11432,칼선 단순 28개
40019,종이스티커(도무송),0,칼선,11433,칼선 단순 29개
40019,종이스티커(도무송),0,칼선,36102,칼선 단순 2개
40019,종이스티커(도무송),0,칼선,11434,칼선 단순 30개
40019,종이스티커(도무송),0,칼선,36103,칼선 단순 3개
40019,종이스티커(도무송),0,칼선,36104,칼선 단순 4개
40019,종이스티커(도무송),0,칼선,36105,칼선 단순 5개
40019,종이스티커(도무송),0,칼선,36106,칼선 단순 6개
40019,종이스티커(도무송),0,칼선,36107,칼선 단순 7개
40019,종이스티커(도무송),0,칼선,36108,칼선 단순 8개
40019,종이스티커(도무송),0,칼선,36109,칼선 단순 9개
40020,배달스티커,0,칼선방향,36510,칼선 가로방향
40020,배달스티커,0,칼선방향,36511,칼선 세로방향
40022,대량포스터,0,재단,29010,규격재단
40022,대량포스터,0,재단,29020,비규격재단
40022,대량포스터,0,재단,42111,재단없음
40022,대량포스터,0,코팅,31104,단면 UV무광코팅
40022,대량포스터,0,코팅,31103,단면 UV유광코팅
40022,대량포스터,0,코팅,31102,단면 무광코팅
40022,대량포스터,0,코팅,31101,단면 유광코팅
40022,대량포스터,0,코팅,31204,양면 UV무광코팅
40022,대량포스터,0,코팅,31203,양면 UV유광코팅
40022,대량포스터,0,코팅,31202,양면 무광코팅
40022,대량포스터,0,코팅,31201,양면 유광코팅
40022,대량포스터,0,에폭시,32020,단면 에폭시
40022,대량포스터,0,에폭시,32010,양면 에폭시
40026,합판전단,0,미싱,11359,미싱1줄(가로)
40026,합판전단,0,미싱,11388,미싱1줄(세로)
40026,합판전단,0,미싱,11360,미싱2줄(가로)
40026,합판전단,0,미싱,11361,미싱2줄(세로)
40026,합판전단,0,미싱,11362,미싱3줄(가로)
40026,합판전단,0,미싱,11363,미싱3줄(세로)
40026,합판전단,0,접지,28001,2단접지
40026,합판전단,0,접지,28002,3단접지
40026,합판전단,0,접지,28003,4단접지
40026,합판전단,0,접지,28009,N접지
40026,합판전단,0,재단,29032,2등분재단
40026,합판전단,0,재단,29033,3등분재단
40026,합판전단,0,재단,29034,4등분재단
40026,합판전단,0,재단,29035,5등분재단
40026,합판전단,0,재단,29036,6등분재단
40026,합판전단,0,재단,29039,별도재단
40027,소량독판전단_UV옵셋,0,오시,11347,오시1줄(가로)
40027,소량독판전단_UV옵셋,0,오시,11345,오시1줄(가로중앙)
40027,소량독판전단_UV옵셋,0,오시,11385,오시1줄(세로)
40027,소량독판전단_UV옵셋,0,오시,11346,오시1줄(세로중앙)
40027,소량독판전단_UV옵셋,0,오시,11348,오시2줄(가로)
40027,소량독판전단_UV옵셋,0,오시,11349,오시2줄(세로)
40027,소량독판전단_UV옵셋,0,오시,11350,오시3줄(가로)
40027,소량독판전단_UV옵셋,0,오시,11351,오시3줄(세로)
40027,소량독판전단_UV옵셋,0,미싱,11359,미싱1줄(가로)
40027,소량독판전단_UV옵셋,0,미싱,11357,미싱1줄(가로중앙)
40027,소량독판전단_UV옵셋,0,미싱,11388,미싱1줄(세로)
40027,소량독판전단_UV옵셋,0,미싱,11358,미싱1줄(세로중앙)
40027,소량독판전단_UV옵셋,0,미싱,11360,미싱2줄(가로)
40027,소량독판전단_UV옵셋,0,미싱,11361,미싱2줄(세로)
40027,소량독판전단_UV옵셋,0,미싱,11362,미싱3줄(가로)
40027,소량독판전단_UV옵셋,0,미싱,11363,미싱3줄(세로)
40027,소량독판전단_UV옵셋,0,타공,11367,타공1개(3mm)
40027,소량독판전단_UV옵셋,0,타공,11368,타공1개(4mm)
40027,소량독판전단_UV옵셋,0,타공,11369,타공1개(5mm)
40027,소량독판전단_UV옵셋,0,타공,11370,타공1개(6mm)
40027,소량독판전단_UV옵셋,0,타공,11371,타공1개(7mm)
40027,소량독판전단_UV옵셋,0,타공,11372,타공1개(8mm)
40027,소량독판전단_UV옵셋,0,타공,11373,타공2개(3mm)
40027,소량독판전단_UV옵셋,0,타공,11374,타공2개(4mm)
40027,소량독판전단_UV옵셋,0,타공,11375,타공2개(5mm)
40027,소량독판전단_UV옵셋,0,타공,11376,타공2개(6mm)
40027,소량독판전단_UV옵셋,0,타공,11377,타공2개(7mm)
40027,소량독판전단_UV옵셋,0,타공,11378,타공2개(8mm)
40027,소량독판전단_UV옵셋,0,타공,11379,타공3개(3mm)
40027,소량독판전단_UV옵셋,0,타공,11380,타공3개(4mm)
40027,소량독판전단_UV옵셋,0,타공,11381,타공3개(5mm)
40027,소량독판전단_UV옵셋,0,타공,11382,타공3개(6mm)
40027,소량독판전단_UV옵셋,0,타공,11383,타공3개(7mm)
40027,소량독판전단_UV옵셋,0,타공,11384,타공3개(8mm)
40027,소량독판전단_UV옵셋,0,박(앞면),11622,금박무광(앞면) 100x150mm이하
40027,소량독판전단_UV옵셋,0,박(앞면),11620,금박무광(앞면) 10x10~50x100mm이하
40027,소량독판전단_UV옵셋,0,박(앞면),11623,금박무광(앞면) 210x297mm이하
40027,소량독판전단_UV옵셋,0,박(앞면),11621,금박무광(앞면) 80x120mm이하
40027,소량독판전단_UV옵셋,0,박(앞면),11618,금박유광(앞면) 100x150mm이하
40027,소량독판전단_UV옵셋,0,박(앞면),11616,금박유광(앞면) 10x10~50x100mm이하
40027,소량독판전단_UV옵셋,0,박(앞면),11619,금박유광(앞면) 210x297mm이하
40027,소량독판전단_UV옵셋,0,박(앞면),11617,금박유광(앞면) 80x120mm이하
40027,소량독판전단_UV옵셋,0,박(앞면),11640,녹박(앞면) 100x150mm이하
40027,소량독판전단_UV옵셋,0,박(앞면),11642,녹박(앞면) 10x10~50x100mm이하
40027,소량독판전단_UV옵셋,0,박(앞면),11643,녹박(앞면) 210x297mm이하
40027,소량독판전단_UV옵셋,0,박(앞면),11641,녹박(앞면) 80x120mm이하
40027,소량독판전단_UV옵셋,0,박(앞면),11644,먹박(앞면) 100x150mm이하
40027,소량독판전단_UV옵셋,0,박(앞면),11646,먹박(앞면) 10x10~50x100mm이하
40027,소량독판전단_UV옵셋,0,박(앞면),11647,먹박(앞면) 210x297mm이하
40027,소량독판전단_UV옵셋,0,박(앞면),11645,먹박(앞면) 80x120mm이하
40027,소량독판전단_UV옵셋,0,박(앞면),11630,은박무광(앞면) 100x150mm이하
40027,소량독판전단_UV옵셋,0,박(앞면),11628,은박무광(앞면) 10x10~50x100mm이하
40027,소량독판전단_UV옵셋,0,박(앞면),11629,은박무광(앞면) 210x297mm이하
40027,소량독판전단_UV옵셋,0,박(앞면),11631,은박무광(앞면) 80x120mm이하
40027,소량독판전단_UV옵셋,0,박(앞면),11626,은박유광(앞면) 100x150mm이하
40027,소량독판전단_UV옵셋,0,박(앞면),11624,은박유광(앞면) 10x10~50x100mm이하
40027,소량독판전단_UV옵셋,0,박(앞면),11627,은박유광(앞면) 210x297mm이하
40027,소량독판전단_UV옵셋,0,박(앞면),11625,은박유광(앞면) 80x120mm이하
40027,소량독판전단_UV옵셋,0,박(앞면),11632,적박(앞면) 100x150mm이하
40027,소량독판전단_UV옵셋,0,박(앞면),11634,적박(앞면) 10x10~50x100mm이하
40027,소량독판전단_UV옵셋,0,박(앞면),11635,적박(앞면) 210x297mm이하
40027,소량독판전단_UV옵셋,0,박(앞면),11633,적박(앞면) 80x120mm이하
40027,소량독판전단_UV옵셋,0,박(앞면),11639,청박(앞면) 100x150mm이하
40027,소량독판전단_UV옵셋,0,박(앞면),11637,청박(앞면) 10x10~50x100mm이하
40027,소량독판전단_UV옵셋,0,박(앞면),11638,청박(앞면) 210x297mm이하
40027,소량독판전단_UV옵셋,0,박(앞면),11636,청박(앞면) 80x120mm이하
40027,소량독판전단_UV옵셋,0,박(앞면),11649,홀로그램박(앞면) 100x150mm이하
40027,소량독판전단_UV옵셋,0,박(앞면),11651,홀로그램박(앞면) 10x10~50x100mm이하
40027,소량독판전단_UV옵셋,0,박(앞면),11648,홀로그램박(앞면) 210x297mm이하
40027,소량독판전단_UV옵셋,0,박(앞면),11650,홀로그램박(앞면) 80x120mm이하
40027,소량독판전단_UV옵셋,0,형압,11654,형압 100x150mm이하
40027,소량독판전단_UV옵셋,0,형압,11652,형압 10x10~50x100mm이하
40027,소량독판전단_UV옵셋,0,형압,11653,형압 210x297mm이하
40027,소량독판전단_UV옵셋,0,형압,11655,형압 80x120mm이하
40027,소량독판전단_UV옵셋,0,박(뒷면),11708,금박무광(뒷면) 100x150mm이하
40027,소량독판전단_UV옵셋,0,박(뒷면),11706,금박무광(뒷면) 10x10~50x100mm이하
40027,소량독판전단_UV옵셋,0,박(뒷면),11709,금박무광(뒷면) 210x297mm이하
40027,소량독판전단_UV옵셋,0,박(뒷면),11707,금박무광(뒷면) 80x120mm이하
40027,소량독판전단_UV옵셋,0,박(뒷면),11699,금박유광(뒷면) 100x150mm이하
40027,소량독판전단_UV옵셋,0,박(뒷면),11697,금박유광(뒷면) 10x10~50x100mm이하
40027,소량독판전단_UV옵셋,0,박(뒷면),11700,금박유광(뒷면) 210x297mm이하
40027,소량독판전단_UV옵셋,0,박(뒷면),11698,금박유광(뒷면) 80x120mm이하
40027,소량독판전단_UV옵셋,0,박(뒷면),11754,녹박(뒷면) 100x150mm이하
40027,소량독판전단_UV옵셋,0,박(뒷면),11752,녹박(뒷면) 10x10~50x100mm이하
40027,소량독판전단_UV옵셋,0,박(뒷면),11755,녹박(뒷면) 210x297mm이하
40027,소량독판전단_UV옵셋,0,박(뒷면),11753,녹박(뒷면) 80x120mm이하
40027,소량독판전단_UV옵셋,0,박(뒷면),11763,먹박(뒷면) 100x150mm이하
40027,소량독판전단_UV옵셋,0,박(뒷면),11761,먹박(뒷면) 10x10~50x100mm이하
40027,소량독판전단_UV옵셋,0,박(뒷면),11764,먹박(뒷면) 210x297mm이하
40027,소량독판전단_UV옵셋,0,박(뒷면),11762,먹박(뒷면) 80x120mm이하
40027,소량독판전단_UV옵셋,0,박(뒷면),11726,은박무광(뒷면) 100x150mm이하
40027,소량독판전단_UV옵셋,0,박(뒷면),11724,은박무광(뒷면) 10x10~50x100mm이하
40027,소량독판전단_UV옵셋,0,박(뒷면),11727,은박무광(뒷면) 210x297mm이하
40027,소량독판전단_UV옵셋,0,박(뒷면),11725,은박무광(뒷면) 80x120mm이하
40027,소량독판전단_UV옵셋,0,박(뒷면),11717,은박유광(뒷면) 100x150mm이하
40027,소량독판전단_UV옵셋,0,박(뒷면),11715,은박유광(뒷면) 10x10~50x100mm이하
40027,소량독판전단_UV옵셋,0,박(뒷면),11718,은박유광(뒷면) 210x297mm이하
40027,소량독판전단_UV옵셋,0,박(뒷면),11716,은박유광(뒷면) 80x120mm이하
40027,소량독판전단_UV옵셋,0,박(뒷면),11735,적박(뒷면) 100x150mm이하
40027,소량독판전단_UV옵셋,0,박(뒷면),11733,적박(뒷면) 10x10~50x100mm이하
40027,소량독판전단_UV옵셋,0,박(뒷면),11736,적박(뒷면) 210x297mm이하
40027,소량독판전단_UV옵셋,0,박(뒷면),11734,적박(뒷면) 80x120mm이하
40027,소량독판전단_UV옵셋,0,박(뒷면),11744,청박(뒷면) 100x150mm이하
40027,소량독판전단_UV옵셋,0,박(뒷면),11742,청박(뒷면) 10x10~50x100mm이하
40027,소량독판전단_UV옵셋,0,박(뒷면),11745,청박(뒷면) 210x297mm이하
40027,소량독판전단_UV옵셋,0,박(뒷면),11743,청박(뒷면) 80x120mm이하
40027,소량독판전단_UV옵셋,0,박(뒷면),11772,홀로그램박(뒷면) 100x150mm이하
40027,소량독판전단_UV옵셋,0,박(뒷면),11771,홀로그램박(뒷면) 10x10~50x100mm이하
40027,소량독판전단_UV옵셋,0,박(뒷면),11773,홀로그램박(뒷면) 210x297mm이하
40027,소량독판전단_UV옵셋,0,박(뒷면),11770,홀로그램박(뒷면) 80x120mm이하
40027,소량독판전단_UV옵셋,0,라운딩,23010,전체라운딩
40027,소량독판전단_UV옵셋,0,접지,28001,2단접지
40027,소량독판전단_UV옵셋,0,접지,28002,3단접지
40027,소량독판전단_UV옵셋,0,접지,28004,4단대문접지
40027,소량독판전단_UV옵셋,0,접지,28005,4단병풍접지
40027,소량독판전단_UV옵셋,0,접지,28003,4단접지
40027,소량독판전단_UV옵셋,0,접지,28009,N접지
40027,소량독판전단_UV옵셋,0,접지,28012,십자접지
40027,소량독판전단_UV옵셋,0,코팅,31104,단면 UV무광코팅
40027,소량독판전단_UV옵셋,0,코팅,31103,단면 UV유광코팅
40027,소량독판전단_UV옵셋,0,코팅,31102,단면 무광코팅
40027,소량독판전단_UV옵셋,0,코팅,31101,단면 유광코팅
40027,소량독판전단_UV옵셋,0,코팅,31204,양면 UV무광코팅
40027,소량독판전단_UV옵셋,0,코팅,31203,양면 UV유광코팅
40027,소량독판전단_UV옵셋,0,코팅,31202,양면 무광코팅
40027,소량독판전단_UV옵셋,0,코팅,31201,양면 유광코팅
40027,소량독판전단_UV옵셋,0,재단,29032,2등분재단
40027,소량독판전단_UV옵셋,0,재단,29033,3등분재단
40027,소량독판전단_UV옵셋,0,재단,29034,4등분재단
40027,소량독판전단_UV옵셋,0,재단,29035,5등분재단
40027,소량독판전단_UV옵셋,0,재단,29036,6등분재단
40027,소량독판전단_UV옵셋,0,재단,29010,규격재단
40027,소량독판전단_UV옵셋,0,재단,29039,별도재단
40027,소량독판전단_UV옵셋,0,재단,29020,비규격재단
40027,소량독판전단_UV옵셋,0,재단,42111,재단없음
40029,소량포스터,0,재단,29032,2등분재단
40029,소량포스터,0,재단,29033,3등분재단
40029,소량포스터,0,재단,29034,4등분재단
40029,소량포스터,0,재단,29035,5등분재단
40029,소량포스터,0,재단,29036,6등분재단
40029,소량포스터,0,재단,29010,규격재단
40029,소량포스터,0,재단,29039,별도재단
40029,소량포스터,0,재단,29020,비규격재단
40029,소량포스터,0,재단,42111,재단없음
40029,소량포스터,0,코팅,31102,단면 무광코팅
40029,소량포스터,0,코팅,31101,단면 유광코팅
40029,소량포스터,0,코팅,31202,양면 무광코팅
40029,소량포스터,0,코팅,31201,양면 유광코팅
40031,테이블세팅지,0,재단,29032,2등분재단
40031,테이블세팅지,0,재단,29033,3등분재단
40031,테이블세팅지,0,재단,29034,4등분재단
40031,테이블세팅지,0,재단,29035,5등분재단
40031,테이블세팅지,0,재단,29036,6등분재단
40031,테이블세팅지,0,재단,29039,별도재단
40032,패키지,0,코팅,31102,단면 무광코팅
40032,패키지,0,코팅,31101,단면 유광코팅
40033,스탠드POP,0,코팅,11675,유광코팅
40034,칼라봉투,0,양면테잎,37010,양면테잎 폭10mm
40034,칼라봉투,0,창문가공,38100,창문가공 30 x 135
40034,칼라봉투,0,창문가공,38101,창문가공 35 x 100
40034,칼라봉투,0,창문가공,38102,창문가공 35 x 105
40034,칼라봉투,0,창문가공,38103,창문가공 35 x 110
40034,칼라봉투,0,창문가공,38104,창문가공 35 x 125
40034,칼라봉투,0,창문가공,38105,창문가공 35 x 130
40034,칼라봉투,0,창문가공,38106,창문가공 40 x 120
40034,칼라봉투,0,창문가공,38107,창문가공 40 x 125
40034,칼라봉투,0,창문가공,38108,창문가공 40 x 140
40034,칼라봉투,0,창문가공,38109,창문가공 42 x 85
40034,칼라봉투,0,창문가공,38111,창문가공 45 x 105
40034,칼라봉투,0,창문가공,38112,창문가공 45 x 120
40034,칼라봉투,0,창문가공,38113,창문가공 45 x 125
40034,칼라봉투,0,창문가공,38114,창문가공 45 x 130
40034,칼라봉투,0,창문가공,38110,창문가공 45 x 90
40034,칼라봉투,0,창문가공,38115,창문가공 50 x 120
40034,칼라봉투,0,창문가공,38116,창문가공 50 x 140
40037,대량리플렛,0,오시,11347,오시1줄(가로)
40037,대량리플렛,0,오시,11345,오시1줄(가로중앙)
40037,대량리플렛,0,오시,11385,오시1줄(세로)
40037,대량리플렛,0,오시,11346,오시1줄(세로중앙)
40037,대량리플렛,0,오시,11348,오시2줄(가로)
40037,대량리플렛,0,오시,11349,오시2줄(세로)
40037,대량리플렛,0,오시,11350,오시3줄(가로)
40037,대량리플렛,0,오시,11351,오시3줄(세로)
40037,대량리플렛,0,오시,11668,오시4줄(가로)
40037,대량리플렛,0,오시,11669,오시4줄(세로)
40037,대량리플렛,0,미싱,11359,미싱1줄(가로)
40037,대량리플렛,0,미싱,11357,미싱1줄(가로중앙)
40037,대량리플렛,0,미싱,11388,미싱1줄(세로)
40037,대량리플렛,0,미싱,11358,미싱1줄(세로중앙)
40037,대량리플렛,0,미싱,11360,미싱2줄(가로)
40037,대량리플렛,0,미싱,11361,미싱2줄(세로)
40037,대량리플렛,0,미싱,11362,미싱3줄(가로)
40037,대량리플렛,0,미싱,11363,미싱3줄(세로)
40037,대량리플렛,0,박(앞면),11622,금박무광(앞면) 100x150mm이하
40037,대량리플렛,0,박(앞면),11620,금박무광(앞면) 10x10~50x100mm이하
40037,대량리플렛,0,박(앞면),11623,금박무광(앞면) 210x297mm이하
40037,대량리플렛,0,박(앞면),11621,금박무광(앞면) 80x120mm이하
40037,대량리플렛,0,박(앞면),11618,금박유광(앞면) 100x150mm이하
40037,대량리플렛,0,박(앞면),11616,금박유광(앞면) 10x10~50x100mm이하
40037,대량리플렛,0,박(앞면),11619,금박유광(앞면) 210x297mm이하
40037,대량리플렛,0,박(앞면),11617,금박유광(앞면) 80x120mm이하
40037,대량리플렛,0,박(앞면),11640,녹박(앞면) 100x150mm이하
40037,대량리플렛,0,박(앞면),11642,녹박(앞면) 10x10~50x100mm이하
40037,대량리플렛,0,박(앞면),11643,녹박(앞면) 210x297mm이하
40037,대량리플렛,0,박(앞면),11641,녹박(앞면) 80x120mm이하
40037,대량리플렛,0,박(앞면),11644,먹박(앞면) 100x150mm이하
40037,대량리플렛,0,박(앞면),11646,먹박(앞면) 10x10~50x100mm이하
40037,대량리플렛,0,박(앞면),11647,먹박(앞면) 210x297mm이하
40037,대량리플렛,0,박(앞면),11645,먹박(앞면) 80x120mm이하
40037,대량리플렛,0,박(앞면),11630,은박무광(앞면) 100x150mm이하
40037,대량리플렛,0,박(앞면),11628,은박무광(앞면) 10x10~50x100mm이하
40037,대량리플렛,0,박(앞면),11629,은박무광(앞면) 210x297mm이하
40037,대량리플렛,0,박(앞면),11631,은박무광(앞면) 80x120mm이하
40037,대량리플렛,0,박(앞면),11626,은박유광(앞면) 100x150mm이하
40037,대량리플렛,0,박(앞면),11624,은박유광(앞면) 10x10~50x100mm이하
40037,대량리플렛,0,박(앞면),11627,은박유광(앞면) 210x297mm이하
40037,대량리플렛,0,박(앞면),11625,은박유광(앞면) 80x120mm이하
40037,대량리플렛,0,박(앞면),11632,적박(앞면) 100x150mm이하
40037,대량리플렛,0,박(앞면),11634,적박(앞면) 10x10~50x100mm이하
40037,대량리플렛,0,박(앞면),11635,적박(앞면) 210x297mm이하
40037,대량리플렛,0,박(앞면),11633,적박(앞면) 80x120mm이하
40037,대량리플렛,0,박(앞면),11639,청박(앞면) 100x150mm이하
40037,대량리플렛,0,박(앞면),11637,청박(앞면) 10x10~50x100mm이하
40037,대량리플렛,0,박(앞면),11638,청박(앞면) 210x297mm이하
40037,대량리플렛,0,박(앞면),11636,청박(앞면) 80x120mm이하
40037,대량리플렛,0,박(앞면),11649,홀로그램박(앞면) 100x150mm이하
40037,대량리플렛,0,박(앞면),11651,홀로그램박(앞면) 10x10~50x100mm이하
40037,대량리플렛,0,박(앞면),11648,홀로그램박(앞면) 210x297mm이하
40037,대량리플렛,0,박(앞면),11650,홀로그램박(앞면) 80x120mm이하
40037,대량리플렛,0,형압,11654,형압 100x150mm이하
40037,대량리플렛,0,형압,11652,형압 10x10~50x100mm이하
40037,대량리플렛,0,형압,11653,형압 210x297mm이하
40037,대량리플렛,0,형압,11655,형압 80x120mm이하
40037,대량리플렛,0,박(뒷면),11708,금박무광(뒷면) 100x150mm이하
40037,대량리플렛,0,박(뒷면),11706,금박무광(뒷면) 10x10~50x100mm이하
40037,대량리플렛,0,박(뒷면),11709,금박무광(뒷면) 210x297mm이하
40037,대량리플렛,0,박(뒷면),11707,금박무광(뒷면) 80x120mm이하
40037,대량리플렛,0,박(뒷면),11699,금박유광(뒷면) 100x150mm이하
40037,대량리플렛,0,박(뒷면),11697,금박유광(뒷면) 10x10~50x100mm이하
40037,대량리플렛,0,박(뒷면),11700,금박유광(뒷면) 210x297mm이하
40037,대량리플렛,0,박(뒷면),11698,금박유광(뒷면) 80x120mm이하
40037,대량리플렛,0,박(뒷면),11754,녹박(뒷면) 100x150mm이하
40037,대량리플렛,0,박(뒷면),11752,녹박(뒷면) 10x10~50x100mm이하
40037,대량리플렛,0,박(뒷면),11755,녹박(뒷면) 210x297mm이하
40037,대량리플렛,0,박(뒷면),11753,녹박(뒷면) 80x120mm이하
40037,대량리플렛,0,박(뒷면),11763,먹박(뒷면) 100x150mm이하
40037,대량리플렛,0,박(뒷면),11761,먹박(뒷면) 10x10~50x100mm이하
40037,대량리플렛,0,박(뒷면),11764,먹박(뒷면) 210x297mm이하
40037,대량리플렛,0,박(뒷면),11762,먹박(뒷면) 80x120mm이하
40037,대량리플렛,0,박(뒷면),11726,은박무광(뒷면) 100x150mm이하
40037,대량리플렛,0,박(뒷면),11724,은박무광(뒷면) 10x10~50x100mm이하
40037,대량리플렛,0,박(뒷면),11727,은박무광(뒷면) 210x297mm이하
40037,대량리플렛,0,박(뒷면),11725,은박무광(뒷면) 80x120mm이하
40037,대량리플렛,0,박(뒷면),11717,은박유광(뒷면) 100x150mm이하
40037,대량리플렛,0,박(뒷면),11715,은박유광(뒷면) 10x10~50x100mm이하
40037,대량리플렛,0,박(뒷면),11718,은박유광(뒷면) 210x297mm이하
40037,대량리플렛,0,박(뒷면),11716,은박유광(뒷면) 80x120mm이하
40037,대량리플렛,0,박(뒷면),11735,적박(뒷면) 100x150mm이하
40037,대량리플렛,0,박(뒷면),11733,적박(뒷면) 10x10~50x100mm이하
40037,대량리플렛,0,박(뒷면),11736,적박(뒷면) 210x297mm이하
40037,대량리플렛,0,박(뒷면),11734,적박(뒷면) 80x120mm이하
40037,대량리플렛,0,박(뒷면),11744,청박(뒷면) 100x150mm이하
40037,대량리플렛,0,박(뒷면),11742,청박(뒷면) 10x10~50x100mm이하
40037,대량리플렛,0,박(뒷면),11745,청박(뒷면) 210x297mm이하
40037,대량리플렛,0,박(뒷면),11743,청박(뒷면) 80x120mm이하
40037,대량리플렛,0,박(뒷면),11772,홀로그램박(뒷면) 100x150mm이하
40037,대량리플렛,0,박(뒷면),11771,홀로그램박(뒷면) 10x10~50x100mm이하
40037,대량리플렛,0,박(뒷면),11773,홀로그램박(뒷면) 210x297mm이하
40037,대량리플렛,0,박(뒷면),11770,홀로그램박(뒷면) 80x120mm이하
40037,대량리플렛,0,라운딩,23010,전체라운딩
40037,대량리플렛,0,접지,28001,2단접지
40037,대량리플렛,0,접지,28002,3단접지
40037,대량리플렛,0,접지,28004,4단대문접지
40037,대량리플렛,0,접지,28005,4단병풍접지
40037,대량리플렛,0,접지,28003,4단접지
40037,대량리플렛,0,접지,28009,N접지
40037,대량리플렛,0,접지,28012,십자접지
40037,대량리플렛,0,재단,29010,규격재단
40037,대량리플렛,0,재단,29020,비규격재단
40037,대량리플렛,0,재단,42111,재단없음
40037,대량리플렛,0,코팅,31104,단면 UV무광코팅
40037,대량리플렛,0,코팅,31103,단면 UV유광코팅
40037,대량리플렛,0,코팅,31102,단면 무광코팅
40037,대량리플렛,0,코팅,31101,단면 유광코팅
40037,대량리플렛,0,코팅,31204,양면 UV무광코팅
40037,대량리플렛,0,코팅,31203,양면 UV유광코팅
40037,대량리플렛,0,코팅,31202,양면 무광코팅
40037,대량리플렛,0,코팅,31201,양면 유광코팅
40037,대량리플렛,0,에폭시,32020,단면 에폭시
40037,대량리플렛,0,에폭시,32010,양면 에폭시
40038,상품권/티켓,0,오시,11347,오시1줄(가로)
40038,상품권/티켓,0,오시,11345,오시1줄(가로중앙)
40038,상품권/티켓,0,오시,11385,오시1줄(세로)
40038,상품권/티켓,0,오시,11346,오시1줄(세로중앙)
40038,상품권/티켓,0,오시,11348,오시2줄(가로)
40038,상품권/티켓,0,오시,11349,오시2줄(세로)
40038,상품권/티켓,0,오시,11350,오시3줄(가로)
40038,상품권/티켓,0,오시,11351,오시3줄(세로)
40038,상품권/티켓,0,박(앞면),11543,금박무광(앞면) 15mm이하
40038,상품권/티켓,0,박(앞면),11544,금박무광(앞면) 30mm이하
40038,상품권/티켓,0,박(앞면),11545,금박무광(앞면) 70mm이하
40038,상품권/티켓,0,박(앞면),11546,금박무광(앞면) 90mm미만
40038,상품권/티켓,0,박(앞면),11538,금박유광(앞면) 15mm이하
40038,상품권/티켓,0,박(앞면),11539,금박유광(앞면) 30mm이하
40038,상품권/티켓,0,박(앞면),11540,금박유광(앞면) 70mm이하
40038,상품권/티켓,0,박(앞면),11541,금박유광(앞면) 90mm미만
40038,상품권/티켓,0,박(앞면),11568,녹박(앞면) 15mm이하
40038,상품권/티켓,0,박(앞면),11569,녹박(앞면) 30mm이하
40038,상품권/티켓,0,박(앞면),11570,녹박(앞면) 70mm이하
40038,상품권/티켓,0,박(앞면),11571,녹박(앞면) 90mm미만
40038,상품권/티켓,0,박(앞면),11574,먹박(앞면) 15mm이하
40038,상품권/티켓,0,박(앞면),11575,먹박(앞면) 30mm이하
40038,상품권/티켓,0,박(앞면),11576,먹박(앞면) 70mm이하
40038,상품권/티켓,0,박(앞면),11577,먹박(앞면) 90mm미만
40038,상품권/티켓,0,박(앞면),11553,은박무광(앞면) 15mm이하
40038,상품권/티켓,0,박(앞면),11554,은박무광(앞면) 30mm이하
40038,상품권/티켓,0,박(앞면),11555,은박무광(앞면) 70mm이하
40038,상품권/티켓,0,박(앞면),11556,은박무광(앞면) 90mm미만
40038,상품권/티켓,0,박(앞면),11548,은박유광(앞면) 15mm이하
40038,상품권/티켓,0,박(앞면),11549,은박유광(앞면) 30mm이하
40038,상품권/티켓,0,박(앞면),11550,은박유광(앞면) 70mm이하
40038,상품권/티켓,0,박(앞면),11551,은박유광(앞면) 90mm미만
40038,상품권/티켓,0,박(앞면),11558,적박(앞면) 15mm이하
40038,상품권/티켓,0,박(앞면),11559,적박(앞면) 30mm이하
40038,상품권/티켓,0,박(앞면),11560,적박(앞면) 70mm이하
40038,상품권/티켓,0,박(앞면),11561,적박(앞면) 90mm미만
40038,상품권/티켓,0,박(앞면),11563,청박(앞면) 15mm이하
40038,상품권/티켓,0,박(앞면),11564,청박(앞면) 30mm이하
40038,상품권/티켓,0,박(앞면),11565,청박(앞면) 70mm이하
40038,상품권/티켓,0,박(앞면),11566,청박(앞면) 90mm미만
40038,상품권/티켓,0,박(앞면),11579,홀로그램박(앞면) 15mm이하
40038,상품권/티켓,0,박(앞면),11580,홀로그램박(앞면) 30mm이하
40038,상품권/티켓,0,박(앞면),11581,홀로그램박(앞면) 70mm이하
40038,상품권/티켓,0,박(앞면),11582,홀로그램박(앞면) 90mm미만
40038,상품권/티켓,0,박(뒷면),11701,금박무광(뒷면) 15mm이하
40038,상품권/티켓,0,박(뒷면),11702,금박무광(뒷면) 30mm이하
40038,상품권/티켓,0,박(뒷면),11703,금박무광(뒷면) 70mm이하
40038,상품권/티켓,0,박(뒷면),11704,금박무광(뒷면) 90mm미만
40038,상품권/티켓,0,박(뒷면),11692,금박유광(뒷면) 15mm이하
40038,상품권/티켓,0,박(뒷면),11693,금박유광(뒷면) 30mm이하
40038,상품권/티켓,0,박(뒷면),11694,금박유광(뒷면) 70mm이하
40038,상품권/티켓,0,박(뒷면),11695,금박유광(뒷면) 90mm미만
40038,상품권/티켓,0,박(뒷면),11747,녹박(뒷면) 15mm이하
40038,상품권/티켓,0,박(뒷면),11748,녹박(뒷면) 30mm이하
40038,상품권/티켓,0,박(뒷면),11749,녹박(뒷면) 70mm이하
40038,상품권/티켓,0,박(뒷면),11750,녹박(뒷면) 90mm미만
40038,상품권/티켓,0,박(뒷면),11756,먹박(뒷면) 15mm이하
40038,상품권/티켓,0,박(뒷면),11757,먹박(뒷면) 30mm이하
40038,상품권/티켓,0,박(뒷면),11758,먹박(뒷면) 70mm이하
40038,상품권/티켓,0,박(뒷면),11759,먹박(뒷면) 90mm미만
40038,상품권/티켓,0,박(뒷면),11719,은박무광(뒷면) 15mm이하
40038,상품권/티켓,0,박(뒷면),11720,은박무광(뒷면) 30mm이하
40038,상품권/티켓,0,박(뒷면),11721,은박무광(뒷면) 70mm이하
40038,상품권/티켓,0,박(뒷면),11722,은박무광(뒷면) 90mm미만
40038,상품권/티켓,0,박(뒷면),11710,은박유광(뒷면) 15mm이하
40038,상품권/티켓,0,박(뒷면),11712,은박유광(뒷면) 30mm이하
40038,상품권/티켓,0,박(뒷면),11711,은박유광(뒷면) 70mm이하
40038,상품권/티켓,0,박(뒷면),11713,은박유광(뒷면) 90mm미만
40038,상품권/티켓,0,박(뒷면),11728,적박(뒷면) 15mm이하
40038,상품권/티켓,0,박(뒷면),11729,적박(뒷면) 30mm이하
40038,상품권/티켓,0,박(뒷면),11730,적박(뒷면) 70mm이하
40038,상품권/티켓,0,박(뒷면),11731,적박(뒷면) 90mm미만
40038,상품권/티켓,0,박(뒷면),11737,청박(뒷면) 15mm이하
40038,상품권/티켓,0,박(뒷면),11738,청박(뒷면) 30mm이하
40038,상품권/티켓,0,박(뒷면),11739,청박(뒷면) 70mm이하
40038,상품권/티켓,0,박(뒷면),11740,청박(뒷면) 90mm미만
40038,상품권/티켓,0,박(뒷면),11765,홀로그램박(뒷면) 15mm이하
40038,상품권/티켓,0,박(뒷면),11766,홀로그램박(뒷면) 30mm이하
40038,상품권/티켓,0,박(뒷면),11767,홀로그램박(뒷면) 70mm이하
40038,상품권/티켓,0,박(뒷면),11768,홀로그램박(뒷면) 90mm미만
40038,상품권/티켓,0,미싱,11359,미싱1줄(가로)
40038,상품권/티켓,0,미싱,11357,미싱1줄(가로중앙)
40038,상품권/티켓,0,미싱,11388,미싱1줄(세로)
40038,상품권/티켓,0,미싱,11358,미싱1줄(세로중앙)
40038,상품권/티켓,0,미싱,11360,미싱2줄(가로)
40038,상품권/티켓,0,미싱,11361,미싱2줄(세로)
40038,상품권/티켓,0,미싱,11362,미싱3줄(가로)
40038,상품권/티켓,0,미싱,11363,미싱3줄(세로)
40038,상품권/티켓,0,타공,11367,타공1개(3mm)
40038,상품권/티켓,0,타공,11368,타공1개(4mm)
40038,상품권/티켓,0,타공,11369,타공1개(5mm)
40038,상품권/티켓,0,타공,11370,타공1개(6mm)
40038,상품권/티켓,0,타공,11371,타공1개(7mm)
40038,상품권/티켓,0,타공,11372,타공1개(8mm)
40038,상품권/티켓,0,타공,11373,타공2개(3mm)
40038,상품권/티켓,0,타공,11374,타공2개(4mm)
40038,상품권/티켓,0,타공,11375,타공2개(5mm)
40038,상품권/티켓,0,타공,11376,타공2개(6mm)
40038,상품권/티켓,0,타공,11377,타공2개(7mm)
40038,상품권/티켓,0,타공,11378,타공2개(8mm)
40038,상품권/티켓,0,타공,11379,타공3개(3mm)
40038,상품권/티켓,0,타공,11380,타공3개(4mm)
40038,상품권/티켓,0,타공,11381,타공3개(5mm)
40038,상품권/티켓,0,타공,11382,타공3개(6mm)
40038,상품권/티켓,0,타공,11383,타공3개(7mm)
40038,상품권/티켓,0,타공,11384,타공3개(8mm)
40038,상품권/티켓,0,형압,11585,형압 15mm이하
40038,상품권/티켓,0,형압,11586,형압 30mm이하
40038,상품권/티켓,0,형압,11587,형압 70mm이하
40038,상품권/티켓,0,형압,11588,형압 90mm미만
40038,상품권/티켓,0,라운딩,23011,부분라운딩
40038,상품권/티켓,0,라운딩,23010,전체라운딩
40038,상품권/티켓,0,넘버링,11457,일반넘버링 1개
40038,상품권/티켓,0,넘버링,11458,일반넘버링 2개
40039,2단접지형,0,오시,11387,오시1줄
40039,2단접지형,0,미싱,11359,미싱1줄(가로)
40039,2단접지형,0,미싱,11357,미싱1줄(가로중앙)
40039,2단접지형,0,미싱,11388,미싱1줄(세로)
40039,2단접지형,0,미싱,11358,미싱1줄(세로중앙)
40039,2단접지형,0,미싱,11360,미싱2줄(가로)
40039,2단접지형,0,미싱,11361,미싱2줄(세로)
40039,2단접지형,0,미싱,11362,미싱3줄(가로)
40039,2단접지형,0,미싱,11363,미싱3줄(세로)
40039,2단접지형,0,박(앞면),11543,금박무광(앞면) 15mm이하
40039,2단접지형,0,박(앞면),11544,금박무광(앞면) 30mm이하
40039,2단접지형,0,박(앞면),11545,금박무광(앞면) 70mm이하
40039,2단접지형,0,박(앞면),11546,금박무광(앞면) 90mm미만
40039,2단접지형,0,박(앞면),11538,금박유광(앞면) 15mm이하
40039,2단접지형,0,박(앞면),11539,금박유광(앞면) 30mm이하
40039,2단접지형,0,박(앞면),11540,금박유광(앞면) 70mm이하
40039,2단접지형,0,박(앞면),11541,금박유광(앞면) 90mm미만
40039,2단접지형,0,박(앞면),11568,녹박(앞면) 15mm이하
40039,2단접지형,0,박(앞면),11569,녹박(앞면) 30mm이하
40039,2단접지형,0,박(앞면),11570,녹박(앞면) 70mm이하
40039,2단접지형,0,박(앞면),11571,녹박(앞면) 90mm미만
40039,2단접지형,0,박(앞면),11574,먹박(앞면) 15mm이하
40039,2단접지형,0,박(앞면),11575,먹박(앞면) 30mm이하
40039,2단접지형,0,박(앞면),11576,먹박(앞면) 70mm이하
40039,2단접지형,0,박(앞면),11577,먹박(앞면) 90mm미만
40039,2단접지형,0,박(앞면),11553,은박무광(앞면) 15mm이하
40039,2단접지형,0,박(앞면),11554,은박무광(앞면) 30mm이하
40039,2단접지형,0,박(앞면),11555,은박무광(앞면) 70mm이하
40039,2단접지형,0,박(앞면),11556,은박무광(앞면) 90mm미만
40039,2단접지형,0,박(앞면),11548,은박유광(앞면) 15mm이하
40039,2단접지형,0,박(앞면),11549,은박유광(앞면) 30mm이하
40039,2단접지형,0,박(앞면),11550,은박유광(앞면) 70mm이하
40039,2단접지형,0,박(앞면),11551,은박유광(앞면) 90mm미만
40039,2단접지형,0,박(앞면),11558,적박(앞면) 15mm이하
40039,2단접지형,0,박(앞면),11559,적박(앞면) 30mm이하
40039,2단접지형,0,박(앞면),11560,적박(앞면) 70mm이하
40039,2단접지형,0,박(앞면),11561,적박(앞면) 90mm미만
40039,2단접지형,0,박(앞면),11563,청박(앞면) 15mm이하
40039,2단접지형,0,박(앞면),11564,청박(앞면) 30mm이하
40039,2단접지형,0,박(앞면),11565,청박(앞면) 70mm이하
40039,2단접지형,0,박(앞면),11566,청박(앞면) 90mm미만
40039,2단접지형,0,박(앞면),11579,홀로그램박(앞면) 15mm이하
40039,2단접지형,0,박(앞면),11580,홀로그램박(앞면) 30mm이하
40039,2단접지형,0,박(앞면),11581,홀로그램박(앞면) 70mm이하
40039,2단접지형,0,박(앞면),11582,홀로그램박(앞면) 90mm미만
40039,2단접지형,0,형압,11585,형압 15mm이하
40039,2단접지형,0,형압,11586,형압 30mm이하
40039,2단접지형,0,형압,11587,형압 70mm이하
40039,2단접지형,0,형압,11588,형압 90mm미만
40039,2단접지형,0,박(뒷면),11701,금박무광(뒷면) 15mm이하
40039,2단접지형,0,박(뒷면),11702,금박무광(뒷면) 30mm이하
40039,2단접지형,0,박(뒷면),11703,금박무광(뒷면) 70mm이하
40039,2단접지형,0,박(뒷면),11704,금박무광(뒷면) 90mm미만
40039,2단접지형,0,박(뒷면),11692,금박유광(뒷면) 15mm이하
40039,2단접지형,0,박(뒷면),11693,금박유광(뒷면) 30mm이하
40039,2단접지형,0,박(뒷면),11694,금박유광(뒷면) 70mm이하
40039,2단접지형,0,박(뒷면),11695,금박유광(뒷면) 90mm미만
40039,2단접지형,0,박(뒷면),11747,녹박(뒷면) 15mm이하
40039,2단접지형,0,박(뒷면),11748,녹박(뒷면) 30mm이하
40039,2단접지형,0,박(뒷면),11749,녹박(뒷면) 70mm이하
40039,2단접지형,0,박(뒷면),11750,녹박(뒷면) 90mm미만
40039,2단접지형,0,박(뒷면),11756,먹박(뒷면) 15mm이하
40039,2단접지형,0,박(뒷면),11757,먹박(뒷면) 30mm이하
40039,2단접지형,0,박(뒷면),11758,먹박(뒷면) 70mm이하
40039,2단접지형,0,박(뒷면),11759,먹박(뒷면) 90mm미만
40039,2단접지형,0,박(뒷면),11719,은박무광(뒷면) 15mm이하
40039,2단접지형,0,박(뒷면),11720,은박무광(뒷면) 30mm이하
40039,2단접지형,0,박(뒷면),11721,은박무광(뒷면) 70mm이하
40039,2단접지형,0,박(뒷면),11722,은박무광(뒷면) 90mm미만
40039,2단접지형,0,박(뒷면),11710,은박유광(뒷면) 15mm이하
40039,2단접지형,0,박(뒷면),11712,은박유광(뒷면) 30mm이하
40039,2단접지형,0,박(뒷면),11711,은박유광(뒷면) 70mm이하
40039,2단접지형,0,박(뒷면),11713,은박유광(뒷면) 90mm미만
40039,2단접지형,0,박(뒷면),11728,적박(뒷면) 15mm이하
40039,2단접지형,0,박(뒷면),11729,적박(뒷면) 30mm이하
40039,2단접지형,0,박(뒷면),11730,적박(뒷면) 70mm이하
40039,2단접지형,0,박(뒷면),11731,적박(뒷면) 90mm미만
40039,2단접지형,0,박(뒷면),11737,청박(뒷면) 15mm이하
40039,2단접지형,0,박(뒷면),11738,청박(뒷면) 30mm이하
40039,2단접지형,0,박(뒷면),11739,청박(뒷면) 70mm이하
40039,2단접지형,0,박(뒷면),11740,청박(뒷면) 90mm미만
40039,2단접지형,0,박(뒷면),11765,홀로그램박(뒷면) 15mm이하
40039,2단접지형,0,박(뒷면),11766,홀로그램박(뒷면) 30mm이하
40039,2단접지형,0,박(뒷면),11767,홀로그램박(뒷면) 70mm이하
40039,2단접지형,0,박(뒷면),11768,홀로그램박(뒷면) 90mm미만
40039,2단접지형,0,타공,11367,타공1개(3mm)
40039,2단접지형,0,타공,11368,타공1개(4mm)
40039,2단접지형,0,타공,11369,타공1개(5mm)
40039,2단접지형,0,타공,11370,타공1개(6mm)
40039,2단접지형,0,타공,11371,타공1개(7mm)
40039,2단접지형,0,타공,11372,타공1개(8mm)
40039,2단접지형,0,타공,11373,타공2개(3mm)
40039,2단접지형,0,타공,11374,타공2개(4mm)
40039,2단접지형,0,타공,11375,타공2개(5mm)
40039,2단접지형,0,타공,11376,타공2개(6mm)
40039,2단접지형,0,타공,11377,타공2개(7mm)
40039,2단접지형,0,타공,11378,타공2개(8mm)
40039,2단접지형,0,타공,11379,타공3개(3mm)
40039,2단접지형,0,타공,11380,타공3개(4mm)
40039,2단접지형,0,타공,11381,타공3개(5mm)
40039,2단접지형,0,타공,11382,타공3개(6mm)
40039,2단접지형,0,타공,11383,타공3개(7mm)
40039,2단접지형,0,타공,11384,타공3개(8mm)
40039,2단접지형,0,라운딩,23011,부분라운딩
40039,2단접지형,0,라운딩,23010,전체라운딩
40040,종이자석광고지(UV코팅),0,자석추가,35010,자석추가 1개
40040,종이자석광고지(UV코팅),0,자석추가,42110,자석추가 1개(무료)
40040,종이자석광고지(UV코팅),0,자석추가,35020,자석추가 2개
40040,종이자석광고지(UV코팅),0,자석추가,35030,자석추가 3개
40040,종이자석광고지(UV코팅),0,자석추가,11424,자석추가 4개
40040,종이자석광고지(UV코팅),0,자석추가,11425,자석추가 5개
40040,종이자석광고지(UV코팅),0,자석추가,42114,자석추가 없음
40041,종이홀더,0,박(앞면),11622,금박무광(앞면) 100x150mm이하
40041,종이홀더,0,박(앞면),11620,금박무광(앞면) 10x10~50x100mm이하
40041,종이홀더,0,박(앞면),11623,금박무광(앞면) 210x297mm이하
40041,종이홀더,0,박(앞면),11621,금박무광(앞면) 80x120mm이하
40041,종이홀더,0,박(앞면),11618,금박유광(앞면) 100x150mm이하
40041,종이홀더,0,박(앞면),11616,금박유광(앞면) 10x10~50x100mm이하
40041,종이홀더,0,박(앞면),11619,금박유광(앞면) 210x297mm이하
40041,종이홀더,0,박(앞면),11617,금박유광(앞면) 80x120mm이하
40041,종이홀더,0,박(앞면),11640,녹박(앞면) 100x150mm이하
40041,종이홀더,0,박(앞면),11642,녹박(앞면) 10x10~50x100mm이하
40041,종이홀더,0,박(앞면),11643,녹박(앞면) 210x297mm이하
40041,종이홀더,0,박(앞면),11641,녹박(앞면) 80x120mm이하
40041,종이홀더,0,박(앞면),11644,먹박(앞면) 100x150mm이하
40041,종이홀더,0,박(앞면),11646,먹박(앞면) 10x10~50x100mm이하
40041,종이홀더,0,박(앞면),11647,먹박(앞면) 210x297mm이하
40041,종이홀더,0,박(앞면),11645,먹박(앞면) 80x120mm이하
40041,종이홀더,0,박(앞면),11630,은박무광(앞면) 100x150mm이하
40041,종이홀더,0,박(앞면),11628,은박무광(앞면) 10x10~50x100mm이하
40041,종이홀더,0,박(앞면),11629,은박무광(앞면) 210x297mm이하
40041,종이홀더,0,박(앞면),11631,은박무광(앞면) 80x120mm이하
40041,종이홀더,0,박(앞면),11626,은박유광(앞면) 100x150mm이하
40041,종이홀더,0,박(앞면),11624,은박유광(앞면) 10x10~50x100mm이하
40041,종이홀더,0,박(앞면),11627,은박유광(앞면) 210x297mm이하
40041,종이홀더,0,박(앞면),11625,은박유광(앞면) 80x120mm이하
40041,종이홀더,0,박(앞면),11632,적박(앞면) 100x150mm이하
40041,종이홀더,0,박(앞면),11634,적박(앞면) 10x10~50x100mm이하
40041,종이홀더,0,박(앞면),11635,적박(앞면) 210x297mm이하
40041,종이홀더,0,박(앞면),11633,적박(앞면) 80x120mm이하
40041,종이홀더,0,박(앞면),11639,청박(앞면) 100x150mm이하
40041,종이홀더,0,박(앞면),11637,청박(앞면) 10x10~50x100mm이하
40041,종이홀더,0,박(앞면),11638,청박(앞면) 210x297mm이하
40041,종이홀더,0,박(앞면),11636,청박(앞면) 80x120mm이하
40041,종이홀더,0,박(앞면),11649,홀로그램박(앞면) 100x150mm이하
40041,종이홀더,0,박(앞면),11651,홀로그램박(앞면) 10x10~50x100mm이하
40041,종이홀더,0,박(앞면),11648,홀로그램박(앞면) 210x297mm이하
40041,종이홀더,0,박(앞면),11650,홀로그램박(앞면) 80x120mm이하
40041,종이홀더,0,형압,11654,형압 100x150mm이하
40041,종이홀더,0,형압,11652,형압 10x10~50x100mm이하
40041,종이홀더,0,형압,11653,형압 210x297mm이하
40041,종이홀더,0,형압,11655,형압 80x120mm이하
40041,종이홀더,0,코팅,31102,단면 무광코팅
40041,종이홀더,0,코팅,31101,단면 유광코팅
40041,종이홀더,0,코팅,31202,양면 무광코팅
40041,종이홀더,0,코팅,31201,양면 유광코팅
40041,종이홀더,0,코팅,31098,코팅없음
40042,캔버스액자,0,고리,10418,고리(가로방향)
40042,캔버스액자,0,고리,10419,고리(세로방향)
40043,사원증,0,상단타공,11802,상단타공 없음
40043,사원증,0,상단타공,11801,상단타공 있음
40043,사원증,0,사원증 케이스,43187,메탈 케이스(세로형)
40043,사원증,0,사원증 케이스,43192,칼라케이스(검은색)
40043,사원증,0,사원증 케이스,43190,칼라케이스(빨간색)
40043,사원증,0,사원증 케이스,43191,칼라케이스(파란색)
40043,사원증,0,사원증 케이스,43193,칼라케이스(하얀색)
40043,사원증,0,사원증 케이스,43194,칼라케이스(회색)
40043,사원증,0,사원증 케이스,43195,프리미엄 케이스(검은색)
40043,사원증,0,사원증 케이스,43196,프리미엄 케이스(하얀색)
40043,사원증,0,사원증 케이스,43186,플라스틱 케이스(가로형)
40043,사원증,0,사원증 케이스,43185,플라스틱 케이스(세로형)
40043,사원증,0,목걸이/집게,43181,릴홀더목걸이(검은색)
40043,사원증,0,목걸이/집게,43179,릴홀더목걸이(빨간색)
40043,사원증,0,목걸이/집게,43180,릴홀더목걸이(파란색)
40043,사원증,0,목걸이/집게,43182,릴홀더목걸이(하얀색)
40043,사원증,0,목걸이/집게,43183,릴홀더목걸이(회색)
40043,사원증,0,목걸이/집게,43200,선택안함
40043,사원증,0,목걸이/집게,12314,일반목걸이(검은색)
40043,사원증,0,목걸이/집게,12309,일반목걸이(남색)
40043,사원증,0,목걸이/집게,12312,일반목걸이(노란색)
40043,사원증,0,목걸이/집게,12311,일반목걸이(빨간색)
40043,사원증,0,목걸이/집게,12315,일반목걸이(초록색)
40043,사원증,0,목걸이/집게,12310,일반목걸이(파란색)
40043,사원증,0,목걸이/집게,12322,일반목걸이+집게(검은색)
40043,사원증,0,목걸이/집게,12321,일반목걸이+집게(남색)
40043,사원증,0,목걸이/집게,12317,일반목걸이+집게(노란색)
40043,사원증,0,목걸이/집게,12316,일반목걸이+집게(빨간색)
40043,사원증,0,목걸이/집게,12319,일반목걸이+집게(초록색)
40043,사원증,0,목걸이/집게,12320,일반목걸이+집게(파란색)
40043,사원증,0,목걸이/집게,12305,집게
40044,소량전단_KM-1,0,오시,11347,오시1줄(가로)
40044,소량전단_KM-1,0,오시,11345,오시1줄(가로중앙)
40044,소량전단_KM-1,0,오시,11385,오시1줄(세로)
40044,소량전단_KM-1,0,오시,11346,오시1줄(세로중앙)
40044,소량전단_KM-1,0,오시,11348,오시2줄(가로)
40044,소량전단_KM-1,0,오시,11349,오시2줄(세로)
40044,소량전단_KM-1,0,오시,11350,오시3줄(가로)
40044,소량전단_KM-1,0,오시,11351,오시3줄(세로)
40044,소량전단_KM-1,0,접지,28001,2단접지
40044,소량전단_KM-1,0,접지,28002,3단접지
40044,소량전단_KM-1,0,접지,28004,4단대문접지
40044,소량전단_KM-1,0,접지,28005,4단병풍접지
40044,소량전단_KM-1,0,접지,28003,4단접지
40044,소량전단_KM-1,0,재단,29032,2등분재단
40044,소량전단_KM-1,0,재단,29033,3등분재단
40044,소량전단_KM-1,0,재단,29034,4등분재단
40044,소량전단_KM-1,0,재단,29035,5등분재단
40044,소량전단_KM-1,0,재단,29036,6등분재단
40044,소량전단_KM-1,0,재단,29010,규격재단
40044,소량전단_KM-1,0,재단,29039,별도재단
40044,소량전단_KM-1,0,재단,29020,비규격재단
40044,소량전단_KM-1,0,재단,42111,재단없음
40044,소량전단_KM-1,0,코팅,31102,단면 무광코팅
40044,소량전단_KM-1,0,코팅,31101,단면 유광코팅
40044,소량전단_KM-1,0,코팅,31202,양면 무광코팅
40044,소량전단_KM-1,0,코팅,31201,양면 유광코팅
40045,소량전단_AP(구.넥스),0,오시,11347,오시1줄(가로)
40045,소량전단_AP(구.넥스),0,오시,11345,오시1줄(가로중앙)
40045,소량전단_AP(구.넥스),0,오시,11385,오시1줄(세로)
40045,소량전단_AP(구.넥스),0,오시,11346,오시1줄(세로중앙)
40045,소량전단_AP(구.넥스),0,오시,11348,오시2줄(가로)
40045,소량전단_AP(구.넥스),0,오시,11349,오시2줄(세로)
40045,소량전단_AP(구.넥스),0,오시,11350,오시3줄(가로)
40045,소량전단_AP(구.넥스),0,오시,11351,오시3줄(세로)
40045,소량전단_AP(구.넥스),0,미싱,11359,미싱1줄(가로)
40045,소량전단_AP(구.넥스),0,미싱,11357,미싱1줄(가로중앙)
40045,소량전단_AP(구.넥스),0,미싱,11388,미싱1줄(세로)
40045,소량전단_AP(구.넥스),0,미싱,11358,미싱1줄(세로중앙)
40045,소량전단_AP(구.넥스),0,미싱,11360,미싱2줄(가로)
40045,소량전단_AP(구.넥스),0,미싱,11361,미싱2줄(세로)
40045,소량전단_AP(구.넥스),0,미싱,11362,미싱3줄(가로)
40045,소량전단_AP(구.넥스),0,미싱,11363,미싱3줄(세로)
40045,소량전단_AP(구.넥스),0,박(앞면),11622,금박무광(앞면) 100x150mm이하
40045,소량전단_AP(구.넥스),0,박(앞면),11620,금박무광(앞면) 10x10~50x100mm이하
40045,소량전단_AP(구.넥스),0,박(앞면),11623,금박무광(앞면) 210x297mm이하
40045,소량전단_AP(구.넥스),0,박(앞면),11621,금박무광(앞면) 80x120mm이하
40045,소량전단_AP(구.넥스),0,박(앞면),11618,금박유광(앞면) 100x150mm이하
40045,소량전단_AP(구.넥스),0,박(앞면),11616,금박유광(앞면) 10x10~50x100mm이하
40045,소량전단_AP(구.넥스),0,박(앞면),11619,금박유광(앞면) 210x297mm이하
40045,소량전단_AP(구.넥스),0,박(앞면),11617,금박유광(앞면) 80x120mm이하
40045,소량전단_AP(구.넥스),0,박(앞면),11640,녹박(앞면) 100x150mm이하
40045,소량전단_AP(구.넥스),0,박(앞면),11642,녹박(앞면) 10x10~50x100mm이하
40045,소량전단_AP(구.넥스),0,박(앞면),11643,녹박(앞면) 210x297mm이하
40045,소량전단_AP(구.넥스),0,박(앞면),11641,녹박(앞면) 80x120mm이하
40045,소량전단_AP(구.넥스),0,박(앞면),11644,먹박(앞면) 100x150mm이하
40045,소량전단_AP(구.넥스),0,박(앞면),11646,먹박(앞면) 10x10~50x100mm이하
40045,소량전단_AP(구.넥스),0,박(앞면),11647,먹박(앞면) 210x297mm이하
40045,소량전단_AP(구.넥스),0,박(앞면),11645,먹박(앞면) 80x120mm이하
40045,소량전단_AP(구.넥스),0,박(앞면),11630,은박무광(앞면) 100x150mm이하
40045,소량전단_AP(구.넥스),0,박(앞면),11628,은박무광(앞면) 10x10~50x100mm이하
40045,소량전단_AP(구.넥스),0,박(앞면),11629,은박무광(앞면) 210x297mm이하
40045,소량전단_AP(구.넥스),0,박(앞면),11631,은박무광(앞면) 80x120mm이하
40045,소량전단_AP(구.넥스),0,박(앞면),11626,은박유광(앞면) 100x150mm이하
40045,소량전단_AP(구.넥스),0,박(앞면),11624,은박유광(앞면) 10x10~50x100mm이하
40045,소량전단_AP(구.넥스),0,박(앞면),11627,은박유광(앞면) 210x297mm이하
40045,소량전단_AP(구.넥스),0,박(앞면),11625,은박유광(앞면) 80x120mm이하
40045,소량전단_AP(구.넥스),0,박(앞면),11632,적박(앞면) 100x150mm이하
40045,소량전단_AP(구.넥스),0,박(앞면),11634,적박(앞면) 10x10~50x100mm이하
40045,소량전단_AP(구.넥스),0,박(앞면),11635,적박(앞면) 210x297mm이하
40045,소량전단_AP(구.넥스),0,박(앞면),11633,적박(앞면) 80x120mm이하
40045,소량전단_AP(구.넥스),0,박(앞면),11639,청박(앞면) 100x150mm이하
40045,소량전단_AP(구.넥스),0,박(앞면),11637,청박(앞면) 10x10~50x100mm이하
40045,소량전단_AP(구.넥스),0,박(앞면),11638,청박(앞면) 210x297mm이하
40045,소량전단_AP(구.넥스),0,박(앞면),11636,청박(앞면) 80x120mm이하
40045,소량전단_AP(구.넥스),0,박(앞면),11649,홀로그램박(앞면) 100x150mm이하
40045,소량전단_AP(구.넥스),0,박(앞면),11651,홀로그램박(앞면) 10x10~50x100mm이하
40045,소량전단_AP(구.넥스),0,박(앞면),11648,홀로그램박(앞면) 210x297mm이하
40045,소량전단_AP(구.넥스),0,박(앞면),11650,홀로그램박(앞면) 80x120mm이하
40045,소량전단_AP(구.넥스),0,형압,11654,형압 100x150mm이하
40045,소량전단_AP(구.넥스),0,형압,11652,형압 10x10~50x100mm이하
40045,소량전단_AP(구.넥스),0,형압,11653,형압 210x297mm이하
40045,소량전단_AP(구.넥스),0,형압,11655,형압 80x120mm이하
40045,소량전단_AP(구.넥스),0,박(뒷면),11708,금박무광(뒷면) 100x150mm이하
40045,소량전단_AP(구.넥스),0,박(뒷면),11706,금박무광(뒷면) 10x10~50x100mm이하
40045,소량전단_AP(구.넥스),0,박(뒷면),11709,금박무광(뒷면) 210x297mm이하
40045,소량전단_AP(구.넥스),0,박(뒷면),11707,금박무광(뒷면) 80x120mm이하
40045,소량전단_AP(구.넥스),0,박(뒷면),11699,금박유광(뒷면) 100x150mm이하
40045,소량전단_AP(구.넥스),0,박(뒷면),11697,금박유광(뒷면) 10x10~50x100mm이하
40045,소량전단_AP(구.넥스),0,박(뒷면),11700,금박유광(뒷면) 210x297mm이하
40045,소량전단_AP(구.넥스),0,박(뒷면),11698,금박유광(뒷면) 80x120mm이하
40045,소량전단_AP(구.넥스),0,박(뒷면),11754,녹박(뒷면) 100x150mm이하
40045,소량전단_AP(구.넥스),0,박(뒷면),11752,녹박(뒷면) 10x10~50x100mm이하
40045,소량전단_AP(구.넥스),0,박(뒷면),11755,녹박(뒷면) 210x297mm이하
40045,소량전단_AP(구.넥스),0,박(뒷면),11753,녹박(뒷면) 80x120mm이하
40045,소량전단_AP(구.넥스),0,박(뒷면),11763,먹박(뒷면) 100x150mm이하
40045,소량전단_AP(구.넥스),0,박(뒷면),11761,먹박(뒷면) 10x10~50x100mm이하
40045,소량전단_AP(구.넥스),0,박(뒷면),11764,먹박(뒷면) 210x297mm이하
40045,소량전단_AP(구.넥스),0,박(뒷면),11762,먹박(뒷면) 80x120mm이하
40045,소량전단_AP(구.넥스),0,박(뒷면),11726,은박무광(뒷면) 100x150mm이하
40045,소량전단_AP(구.넥스),0,박(뒷면),11724,은박무광(뒷면) 10x10~50x100mm이하
40045,소량전단_AP(구.넥스),0,박(뒷면),11727,은박무광(뒷면) 210x297mm이하
40045,소량전단_AP(구.넥스),0,박(뒷면),11725,은박무광(뒷면) 80x120mm이하
40045,소량전단_AP(구.넥스),0,박(뒷면),11717,은박유광(뒷면) 100x150mm이하
40045,소량전단_AP(구.넥스),0,박(뒷면),11715,은박유광(뒷면) 10x10~50x100mm이하
40045,소량전단_AP(구.넥스),0,박(뒷면),11718,은박유광(뒷면) 210x297mm이하
40045,소량전단_AP(구.넥스),0,박(뒷면),11716,은박유광(뒷면) 80x120mm이하
40045,소량전단_AP(구.넥스),0,박(뒷면),11735,적박(뒷면) 100x150mm이하
40045,소량전단_AP(구.넥스),0,박(뒷면),11733,적박(뒷면) 10x10~50x100mm이하
40045,소량전단_AP(구.넥스),0,박(뒷면),11736,적박(뒷면) 210x297mm이하
40045,소량전단_AP(구.넥스),0,박(뒷면),11734,적박(뒷면) 80x120mm이하
40045,소량전단_AP(구.넥스),0,박(뒷면),11744,청박(뒷면) 100x150mm이하
40045,소량전단_AP(구.넥스),0,박(뒷면),11742,청박(뒷면) 10x10~50x100mm이하
40045,소량전단_AP(구.넥스),0,박(뒷면),11745,청박(뒷면) 210x297mm이하
40045,소량전단_AP(구.넥스),0,박(뒷면),11743,청박(뒷면) 80x120mm이하
40045,소량전단_AP(구.넥스),0,박(뒷면),11772,홀로그램박(뒷면) 100x150mm이하
40045,소량전단_AP(구.넥스),0,박(뒷면),11771,홀로그램박(뒷면) 10x10~50x100mm이하
40045,소량전단_AP(구.넥스),0,박(뒷면),11773,홀로그램박(뒷면) 210x297mm이하
40045,소량전단_AP(구.넥스),0,박(뒷면),11770,홀로그램박(뒷면) 80x120mm이하
40045,소량전단_AP(구.넥스),0,라운딩,23010,전체라운딩
40045,소량전단_AP(구.넥스),0,접지,28001,2단접지
40045,소량전단_AP(구.넥스),0,접지,28002,3단접지
40045,소량전단_AP(구.넥스),0,접지,28004,4단대문접지
40045,소량전단_AP(구.넥스),0,접지,28005,4단병풍접지
40045,소량전단_AP(구.넥스),0,접지,28003,4단접지
40045,소량전단_AP(구.넥스),0,재단,29032,2등분재단
40045,소량전단_AP(구.넥스),0,재단,29033,3등분재단
40045,소량전단_AP(구.넥스),0,재단,29034,4등분재단
40045,소량전단_AP(구.넥스),0,재단,29035,5등분재단
40045,소량전단_AP(구.넥스),0,재단,29036,6등분재단
40045,소량전단_AP(구.넥스),0,재단,29010,규격재단
40045,소량전단_AP(구.넥스),0,재단,29039,별도재단
40045,소량전단_AP(구.넥스),0,재단,29020,비규격재단
40045,소량전단_AP(구.넥스),0,재단,42111,재단없음
40045,소량전단_AP(구.넥스),0,코팅,31102,단면 무광코팅
40045,소량전단_AP(구.넥스),0,코팅,31101,단면 유광코팅
40045,소량전단_AP(구.넥스),0,코팅,31202,양면 무광코팅
40045,소량전단_AP(구.넥스),0,코팅,31201,양면 유광코팅
40053,반사시트지,0,재단,12357,도무송재단 10개
40053,반사시트지,0,재단,12348,도무송재단 1개
40053,반사시트지,0,재단,12349,도무송재단 2개
40053,반사시트지,0,재단,12350,도무송재단 3개
40053,반사시트지,0,재단,12351,도무송재단 4개
40053,반사시트지,0,재단,12352,도무송재단 5개
40053,반사시트지,0,재단,12353,도무송재단 6개
40053,반사시트지,0,재단,12354,도무송재단 7개
40053,반사시트지,0,재단,12355,도무송재단 8개
40053,반사시트지,0,재단,12356,도무송재단 9개
40053,반사시트지,0,재단,12347,사각재단 10개
40053,반사시트지,0,재단,12338,사각재단 1개
40053,반사시트지,0,재단,12339,사각재단 2개
40053,반사시트지,0,재단,12340,사각재단 3개
40053,반사시트지,0,재단,12341,사각재단 4개
40053,반사시트지,0,재단,12342,사각재단 5개
40053,반사시트지,0,재단,12343,사각재단 6개
40053,반사시트지,0,재단,12344,사각재단 7개
40053,반사시트지,0,재단,12345,사각재단 8개
40053,반사시트지,0,재단,12346,사각재단 9개
40054,독판전단,0,오시,11347,오시1줄(가로)
40054,독판전단,0,오시,11345,오시1줄(가로중앙)
40054,독판전단,0,오시,11385,오시1줄(세로)
40054,독판전단,0,오시,11346,오시1줄(세로중앙)
40054,독판전단,0,오시,11348,오시2줄(가로)
40054,독판전단,0,오시,11349,오시2줄(세로)
40054,독판전단,0,오시,11350,오시3줄(가로)
40054,독판전단,0,오시,11351,오시3줄(세로)
40054,독판전단,0,오시,11668,오시4줄(가로)
40054,독판전단,0,오시,11669,오시4줄(세로)
40054,독판전단,0,미싱,11359,미싱1줄(가로)
40054,독판전단,0,미싱,11357,미싱1줄(가로중앙)
40054,독판전단,0,미싱,11388,미싱1줄(세로)
40054,독판전단,0,미싱,11358,미싱1줄(세로중앙)
40054,독판전단,0,미싱,11360,미싱2줄(가로)
40054,독판전단,0,미싱,11361,미싱2줄(세로)
40054,독판전단,0,미싱,11362,미싱3줄(가로)
40054,독판전단,0,미싱,11363,미싱3줄(세로)
40054,독판전단,0,타공,11367,타공1개(3mm)
40054,독판전단,0,타공,11368,타공1개(4mm)
40054,독판전단,0,타공,11369,타공1개(5mm)
40054,독판전단,0,타공,11370,타공1개(6mm)
40054,독판전단,0,타공,11371,타공1개(7mm)
40054,독판전단,0,타공,11372,타공1개(8mm)
40054,독판전단,0,타공,11373,타공2개(3mm)
40054,독판전단,0,타공,11374,타공2개(4mm)
40054,독판전단,0,타공,11375,타공2개(5mm)
40054,독판전단,0,타공,11376,타공2개(6mm)
40054,독판전단,0,타공,11377,타공2개(7mm)
40054,독판전단,0,타공,11378,타공2개(8mm)
40054,독판전단,0,타공,11379,타공3개(3mm)
40054,독판전단,0,타공,11380,타공3개(4mm)
40054,독판전단,0,타공,11381,타공3개(5mm)
40054,독판전단,0,타공,11382,타공3개(6mm)
40054,독판전단,0,타공,11383,타공3개(7mm)
40054,독판전단,0,타공,11384,타공3개(8mm)
40054,독판전단,0,박(앞면),11622,금박무광(앞면) 100x150mm이하
40054,독판전단,0,박(앞면),11620,금박무광(앞면) 10x10~50x100mm이하
40054,독판전단,0,박(앞면),11623,금박무광(앞면) 210x297mm이하
40054,독판전단,0,박(앞면),11621,금박무광(앞면) 80x120mm이하
40054,독판전단,0,박(앞면),11618,금박유광(앞면) 100x150mm이하
40054,독판전단,0,박(앞면),11616,금박유광(앞면) 10x10~50x100mm이하
40054,독판전단,0,박(앞면),11619,금박유광(앞면) 210x297mm이하
40054,독판전단,0,박(앞면),11617,금박유광(앞면) 80x120mm이하
40054,독판전단,0,박(앞면),11640,녹박(앞면) 100x150mm이하
40054,독판전단,0,박(앞면),11642,녹박(앞면) 10x10~50x100mm이하
40054,독판전단,0,박(앞면),11643,녹박(앞면) 210x297mm이하
40054,독판전단,0,박(앞면),11641,녹박(앞면) 80x120mm이하
40054,독판전단,0,박(앞면),11644,먹박(앞면) 100x150mm이하
40054,독판전단,0,박(앞면),11646,먹박(앞면) 10x10~50x100mm이하
40054,독판전단,0,박(앞면),11647,먹박(앞면) 210x297mm이하
40054,독판전단,0,박(앞면),11645,먹박(앞면) 80x120mm이하
40054,독판전단,0,박(앞면),11630,은박무광(앞면) 100x150mm이하
40054,독판전단,0,박(앞면),11628,은박무광(앞면) 10x10~50x100mm이하
40054,독판전단,0,박(앞면),11629,은박무광(앞면) 210x297mm이하
40054,독판전단,0,박(앞면),11631,은박무광(앞면) 80x120mm이하
40054,독판전단,0,박(앞면),11626,은박유광(앞면) 100x150mm이하
40054,독판전단,0,박(앞면),11624,은박유광(앞면) 10x10~50x100mm이하
40054,독판전단,0,박(앞면),11627,은박유광(앞면) 210x297mm이하
40054,독판전단,0,박(앞면),11625,은박유광(앞면) 80x120mm이하
40054,독판전단,0,박(앞면),11632,적박(앞면) 100x150mm이하
40054,독판전단,0,박(앞면),11634,적박(앞면) 10x10~50x100mm이하
40054,독판전단,0,박(앞면),11635,적박(앞면) 210x297mm이하
40054,독판전단,0,박(앞면),11633,적박(앞면) 80x120mm이하
40054,독판전단,0,박(앞면),11639,청박(앞면) 100x150mm이하
40054,독판전단,0,박(앞면),11637,청박(앞면) 10x10~50x100mm이하
40054,독판전단,0,박(앞면),11638,청박(앞면) 210x297mm이하
40054,독판전단,0,박(앞면),11636,청박(앞면) 80x120mm이하
40054,독판전단,0,박(앞면),11649,홀로그램박(앞면) 100x150mm이하
40054,독판전단,0,박(앞면),11651,홀로그램박(앞면) 10x10~50x100mm이하
40054,독판전단,0,박(앞면),11648,홀로그램박(앞면) 210x297mm이하
40054,독판전단,0,박(앞면),11650,홀로그램박(앞면) 80x120mm이하
40054,독판전단,0,형압,11654,형압 100x150mm이하
40054,독판전단,0,형압,11652,형압 10x10~50x100mm이하
40054,독판전단,0,형압,11653,형압 210x297mm이하
40054,독판전단,0,형압,11655,형압 80x120mm이하
40054,독판전단,0,박(뒷면),11708,금박무광(뒷면) 100x150mm이하
40054,독판전단,0,박(뒷면),11706,금박무광(뒷면) 10x10~50x100mm이하
40054,독판전단,0,박(뒷면),11709,금박무광(뒷면) 210x297mm이하
40054,독판전단,0,박(뒷면),11707,금박무광(뒷면) 80x120mm이하
40054,독판전단,0,박(뒷면),11699,금박유광(뒷면) 100x150mm이하
40054,독판전단,0,박(뒷면),11697,금박유광(뒷면) 10x10~50x100mm이하
40054,독판전단,0,박(뒷면),11700,금박유광(뒷면) 210x297mm이하
40054,독판전단,0,박(뒷면),11698,금박유광(뒷면) 80x120mm이하
40054,독판전단,0,박(뒷면),11754,녹박(뒷면) 100x150mm이하
40054,독판전단,0,박(뒷면),11752,녹박(뒷면) 10x10~50x100mm이하
40054,독판전단,0,박(뒷면),11755,녹박(뒷면) 210x297mm이하
40054,독판전단,0,박(뒷면),11753,녹박(뒷면) 80x120mm이하
40054,독판전단,0,박(뒷면),11763,먹박(뒷면) 100x150mm이하
40054,독판전단,0,박(뒷면),11761,먹박(뒷면) 10x10~50x100mm이하
40054,독판전단,0,박(뒷면),11764,먹박(뒷면) 210x297mm이하
40054,독판전단,0,박(뒷면),11762,먹박(뒷면) 80x120mm이하
40054,독판전단,0,박(뒷면),11726,은박무광(뒷면) 100x150mm이하
40054,독판전단,0,박(뒷면),11724,은박무광(뒷면) 10x10~50x100mm이하
40054,독판전단,0,박(뒷면),11727,은박무광(뒷면) 210x297mm이하
40054,독판전단,0,박(뒷면),11725,은박무광(뒷면) 80x120mm이하
40054,독판전단,0,박(뒷면),11717,은박유광(뒷면) 100x150mm이하
40054,독판전단,0,박(뒷면),11715,은박유광(뒷면) 10x10~50x100mm이하
40054,독판전단,0,박(뒷면),11718,은박유광(뒷면) 210x297mm이하
40054,독판전단,0,박(뒷면),11716,은박유광(뒷면) 80x120mm이하
40054,독판전단,0,박(뒷면),11735,적박(뒷면) 100x150mm이하
40054,독판전단,0,박(뒷면),11733,적박(뒷면) 10x10~50x100mm이하
40054,독판전단,0,박(뒷면),11736,적박(뒷면) 210x297mm이하
40054,독판전단,0,박(뒷면),11734,적박(뒷면) 80x120mm이하
40054,독판전단,0,박(뒷면),11744,청박(뒷면) 100x150mm이하
40054,독판전단,0,박(뒷면),11742,청박(뒷면) 10x10~50x100mm이하
40054,독판전단,0,박(뒷면),11745,청박(뒷면) 210x297mm이하
40054,독판전단,0,박(뒷면),11743,청박(뒷면) 80x120mm이하
40054,독판전단,0,박(뒷면),11772,홀로그램박(뒷면) 100x150mm이하
40054,독판전단,0,박(뒷면),11771,홀로그램박(뒷면) 10x10~50x100mm이하
40054,독판전단,0,박(뒷면),11773,홀로그램박(뒷면) 210x297mm이하
40054,독판전단,0,박(뒷면),11770,홀로그램박(뒷면) 80x120mm이하
40054,독판전단,0,라운딩,23010,전체라운딩
40054,독판전단,0,접지,28001,2단접지
40054,독판전단,0,접지,28002,3단접지
40054,독판전단,0,접지,28004,4단대문접지
40054,독판전단,0,접지,28005,4단병풍접지
40054,독판전단,0,접지,28003,4단접지
40054,독판전단,0,접지,28009,N접지
40054,독판전단,0,접지,28012,십자접지
40054,독판전단,0,코팅,31104,단면 UV무광코팅
40054,독판전단,0,코팅,31103,단면 UV유광코팅
40054,독판전단,0,코팅,31102,단면 무광코팅
40054,독판전단,0,코팅,31101,단면 유광코팅
40054,독판전단,0,코팅,31204,양면 UV무광코팅
40054,독판전단,0,코팅,31203,양면 UV유광코팅
40054,독판전단,0,코팅,31202,양면 무광코팅
40054,독판전단,0,코팅,31201,양면 유광코팅
40054,독판전단,0,에폭시,32020,단면 에폭시
40054,독판전단,0,에폭시,32010,양면 에폭시
40054,독판전단,0,재단,29032,2등분재단
40054,독판전단,0,재단,29033,3등분재단
40054,독판전단,0,재단,29034,4등분재단
40054,독판전단,0,재단,29035,5등분재단
40054,독판전단,0,재단,29036,6등분재단
40054,독판전단,0,재단,29010,규격재단
40054,독판전단,0,재단,29039,별도재단
40054,독판전단,0,재단,29020,비규격재단
40054,독판전단,0,재단,42111,재단없음
40055,소량전단_인디고,0,오시,11347,오시1줄(가로)
40055,소량전단_인디고,0,오시,11345,오시1줄(가로중앙)
40055,소량전단_인디고,0,오시,11385,오시1줄(세로)
40055,소량전단_인디고,0,오시,11346,오시1줄(세로중앙)
40055,소량전단_인디고,0,오시,11348,오시2줄(가로)
40055,소량전단_인디고,0,오시,11349,오시2줄(세로)
40055,소량전단_인디고,0,오시,11350,오시3줄(가로)
40055,소량전단_인디고,0,오시,11351,오시3줄(세로)
40055,소량전단_인디고,0,미싱,11359,미싱1줄(가로)
40055,소량전단_인디고,0,미싱,11357,미싱1줄(가로중앙)
40055,소량전단_인디고,0,미싱,11388,미싱1줄(세로)
40055,소량전단_인디고,0,미싱,11358,미싱1줄(세로중앙)
40055,소량전단_인디고,0,미싱,11360,미싱2줄(가로)
40055,소량전단_인디고,0,미싱,11361,미싱2줄(세로)
40055,소량전단_인디고,0,미싱,11362,미싱3줄(가로)
40055,소량전단_인디고,0,미싱,11363,미싱3줄(세로)
40055,소량전단_인디고,0,박(앞면),11622,금박무광(앞면) 100x150mm이하
40055,소량전단_인디고,0,박(앞면),11620,금박무광(앞면) 10x10~50x100mm이하
40055,소량전단_인디고,0,박(앞면),11623,금박무광(앞면) 210x297mm이하
40055,소량전단_인디고,0,박(앞면),11621,금박무광(앞면) 80x120mm이하
40055,소량전단_인디고,0,박(앞면),11618,금박유광(앞면) 100x150mm이하
40055,소량전단_인디고,0,박(앞면),11616,금박유광(앞면) 10x10~50x100mm이하
40055,소량전단_인디고,0,박(앞면),11619,금박유광(앞면) 210x297mm이하
40055,소량전단_인디고,0,박(앞면),11617,금박유광(앞면) 80x120mm이하
40055,소량전단_인디고,0,박(앞면),11640,녹박(앞면) 100x150mm이하
40055,소량전단_인디고,0,박(앞면),11642,녹박(앞면) 10x10~50x100mm이하
40055,소량전단_인디고,0,박(앞면),11643,녹박(앞면) 210x297mm이하
40055,소량전단_인디고,0,박(앞면),11641,녹박(앞면) 80x120mm이하
40055,소량전단_인디고,0,박(앞면),11644,먹박(앞면) 100x150mm이하
40055,소량전단_인디고,0,박(앞면),11646,먹박(앞면) 10x10~50x100mm이하
40055,소량전단_인디고,0,박(앞면),11647,먹박(앞면) 210x297mm이하
40055,소량전단_인디고,0,박(앞면),11645,먹박(앞면) 80x120mm이하
40055,소량전단_인디고,0,박(앞면),11630,은박무광(앞면) 100x150mm이하
40055,소량전단_인디고,0,박(앞면),11628,은박무광(앞면) 10x10~50x100mm이하
40055,소량전단_인디고,0,박(앞면),11629,은박무광(앞면) 210x297mm이하
40055,소량전단_인디고,0,박(앞면),11631,은박무광(앞면) 80x120mm이하
40055,소량전단_인디고,0,박(앞면),11626,은박유광(앞면) 100x150mm이하
40055,소량전단_인디고,0,박(앞면),11624,은박유광(앞면) 10x10~50x100mm이하
40055,소량전단_인디고,0,박(앞면),11627,은박유광(앞면) 210x297mm이하
40055,소량전단_인디고,0,박(앞면),11625,은박유광(앞면) 80x120mm이하
40055,소량전단_인디고,0,박(앞면),11632,적박(앞면) 100x150mm이하
40055,소량전단_인디고,0,박(앞면),11634,적박(앞면) 10x10~50x100mm이하
40055,소량전단_인디고,0,박(앞면),11635,적박(앞면) 210x297mm이하
40055,소량전단_인디고,0,박(앞면),11633,적박(앞면) 80x120mm이하
40055,소량전단_인디고,0,박(앞면),11639,청박(앞면) 100x150mm이하
40055,소량전단_인디고,0,박(앞면),11637,청박(앞면) 10x10~50x100mm이하
40055,소량전단_인디고,0,박(앞면),11638,청박(앞면) 210x297mm이하
40055,소량전단_인디고,0,박(앞면),11636,청박(앞면) 80x120mm이하
40055,소량전단_인디고,0,박(앞면),11649,홀로그램박(앞면) 100x150mm이하
40055,소량전단_인디고,0,박(앞면),11651,홀로그램박(앞면) 10x10~50x100mm이하
40055,소량전단_인디고,0,박(앞면),11648,홀로그램박(앞면) 210x297mm이하
40055,소량전단_인디고,0,박(앞면),11650,홀로그램박(앞면) 80x120mm이하
40055,소량전단_인디고,0,형압,11654,형압 100x150mm이하
40055,소량전단_인디고,0,형압,11652,형압 10x10~50x100mm이하
40055,소량전단_인디고,0,형압,11653,형압 210x297mm이하
40055,소량전단_인디고,0,형압,11655,형압 80x120mm이하
40055,소량전단_인디고,0,박(뒷면),11708,금박무광(뒷면) 100x150mm이하
40055,소량전단_인디고,0,박(뒷면),11706,금박무광(뒷면) 10x10~50x100mm이하
40055,소량전단_인디고,0,박(뒷면),11709,금박무광(뒷면) 210x297mm이하
40055,소량전단_인디고,0,박(뒷면),11707,금박무광(뒷면) 80x120mm이하
40055,소량전단_인디고,0,박(뒷면),11699,금박유광(뒷면) 100x150mm이하
40055,소량전단_인디고,0,박(뒷면),11697,금박유광(뒷면) 10x10~50x100mm이하
40055,소량전단_인디고,0,박(뒷면),11700,금박유광(뒷면) 210x297mm이하
40055,소량전단_인디고,0,박(뒷면),11698,금박유광(뒷면) 80x120mm이하
40055,소량전단_인디고,0,박(뒷면),11754,녹박(뒷면) 100x150mm이하
40055,소량전단_인디고,0,박(뒷면),11752,녹박(뒷면) 10x10~50x100mm이하
40055,소량전단_인디고,0,박(뒷면),11755,녹박(뒷면) 210x297mm이하
40055,소량전단_인디고,0,박(뒷면),11753,녹박(뒷면) 80x120mm이하
40055,소량전단_인디고,0,박(뒷면),11763,먹박(뒷면) 100x150mm이하
40055,소량전단_인디고,0,박(뒷면),11761,먹박(뒷면) 10x10~50x100mm이하
40055,소량전단_인디고,0,박(뒷면),11764,먹박(뒷면) 210x297mm이하
40055,소량전단_인디고,0,박(뒷면),11762,먹박(뒷면) 80x120mm이하
40055,소량전단_인디고,0,박(뒷면),11726,은박무광(뒷면) 100x150mm이하
40055,소량전단_인디고,0,박(뒷면),11724,은박무광(뒷면) 10x10~50x100mm이하
40055,소량전단_인디고,0,박(뒷면),11727,은박무광(뒷면) 210x297mm이하
40055,소량전단_인디고,0,박(뒷면),11725,은박무광(뒷면) 80x120mm이하
40055,소량전단_인디고,0,박(뒷면),11717,은박유광(뒷면) 100x150mm이하
40055,소량전단_인디고,0,박(뒷면),11715,은박유광(뒷면) 10x10~50x100mm이하
40055,소량전단_인디고,0,박(뒷면),11718,은박유광(뒷면) 210x297mm이하
40055,소량전단_인디고,0,박(뒷면),11716,은박유광(뒷면) 80x120mm이하
40055,소량전단_인디고,0,박(뒷면),11735,적박(뒷면) 100x150mm이하
40055,소량전단_인디고,0,박(뒷면),11733,적박(뒷면) 10x10~50x100mm이하
40055,소량전단_인디고,0,박(뒷면),11736,적박(뒷면) 210x297mm이하
40055,소량전단_인디고,0,박(뒷면),11734,적박(뒷면) 80x120mm이하
40055,소량전단_인디고,0,박(뒷면),11744,청박(뒷면) 100x150mm이하
40055,소량전단_인디고,0,박(뒷면),11742,청박(뒷면) 10x10~50x100mm이하
40055,소량전단_인디고,0,박(뒷면),11745,청박(뒷면) 210x297mm이하
40055,소량전단_인디고,0,박(뒷면),11743,청박(뒷면) 80x120mm이하
40055,소량전단_인디고,0,박(뒷면),11772,홀로그램박(뒷면) 100x150mm이하
40055,소량전단_인디고,0,박(뒷면),11771,홀로그램박(뒷면) 10x10~50x100mm이하
40055,소량전단_인디고,0,박(뒷면),11773,홀로그램박(뒷면) 210x297mm이하
40055,소량전단_인디고,0,박(뒷면),11770,홀로그램박(뒷면) 80x120mm이하
40055,소량전단_인디고,0,라운딩,23010,전체라운딩
40055,소량전단_인디고,0,접지,28001,2단접지
40055,소량전단_인디고,0,접지,28002,3단접지
40055,소량전단_인디고,0,접지,28004,4단대문접지
40055,소량전단_인디고,0,접지,28005,4단병풍접지
40055,소량전단_인디고,0,접지,28003,4단접지
40055,소량전단_인디고,0,코팅,31102,단면 무광코팅
40055,소량전단_인디고,0,코팅,31101,단면 유광코팅
40055,소량전단_인디고,0,코팅,31202,양면 무광코팅
40055,소량전단_인디고,0,코팅,31201,양면 유광코팅
40055,소량전단_인디고,0,레이저가공,11808,단순 150x210mm이하
40055,소량전단_인디고,0,레이저가공,11807,단순 80x120mm이하
40055,소량전단_인디고,0,레이저가공,11809,단순 전면사이즈
40055,소량전단_인디고,0,레이저가공,11816,복잡 150x210mm
40055,소량전단_인디고,0,레이저가공,11815,복잡 80x120mm
40055,소량전단_인디고,0,레이저가공,11817,복잡 전면사이즈
40055,소량전단_인디고,0,레이저가공,11812,중간 150x210mm이하
40055,소량전단_인디고,0,레이저가공,11811,중간 80x120mm이하
40055,소량전단_인디고,0,레이저가공,11813,중간 전면사이즈
40055,소량전단_인디고,0,엠보싱박,43279,엠보싱 단면 금박
40055,소량전단_인디고,0,엠보싱박,43280,엠보싱 단면 은박
40055,소량전단_인디고,0,엠보싱박,43281,엠보싱 단면 홀로그램박
40055,소량전단_인디고,0,엠보싱박,43282,엠보싱 양면 금박
40055,소량전단_인디고,0,엠보싱박,43283,엠보싱 양면 은박
40055,소량전단_인디고,0,엠보싱박,43284,엠보싱 양면 홀로그램박
40055,소량전단_인디고,0,재단,29032,2등분재단
40055,소량전단_인디고,0,재단,29033,3등분재단
40055,소량전단_인디고,0,재단,29034,4등분재단
40055,소량전단_인디고,0,재단,29035,5등분재단
40055,소량전단_인디고,0,재단,29036,6등분재단
40055,소량전단_인디고,0,재단,29010,규격재단
40055,소량전단_인디고,0,재단,29039,별도재단
40055,소량전단_인디고,0,재단,29020,비규격재단
40055,소량전단_인디고,0,재단,42111,재단없음
40055,소량전단_인디고,0,투명엠보싱,43276,단면 투명엠보싱
40055,소량전단_인디고,0,투명엠보싱,43277,양면 투명엠보싱
40056,레이저마킹명함,0,레이저가공,34010,레이저컷팅 단순
40056,레이저마킹명함,0,레이저가공,34030,레이저컷팅 복잡
40056,레이저마킹명함,0,레이저가공,34020,레이저컷팅 중간
40057,패턴명함,0,패턴,11591,패턴있음
40057,패턴명함,0,라운딩,23011,부분라운딩
40057,패턴명함,0,라운딩,23010,전체라운딩
40059,레이저컷팅명함,0,레이저가공,34010,레이저컷팅 단순
40059,레이저컷팅명함,0,레이저가공,34030,레이저컷팅 복잡
40059,레이저컷팅명함,0,레이저가공,34020,레이저컷팅 중간
40060,모양명함,0,박(앞면),11543,금박무광(앞면) 15mm이하
40060,모양명함,0,박(앞면),11544,금박무광(앞면) 30mm이하
40060,모양명함,0,박(앞면),11545,금박무광(앞면) 70mm이하
40060,모양명함,0,박(앞면),11546,금박무광(앞면) 90mm미만
40060,모양명함,0,박(앞면),11538,금박유광(앞면) 15mm이하
40060,모양명함,0,박(앞면),11539,금박유광(앞면) 30mm이하
40060,모양명함,0,박(앞면),11540,금박유광(앞면) 70mm이하
40060,모양명함,0,박(앞면),11541,금박유광(앞면) 90mm미만
40060,모양명함,0,박(앞면),11568,녹박(앞면) 15mm이하
40060,모양명함,0,박(앞면),11569,녹박(앞면) 30mm이하
40060,모양명함,0,박(앞면),11570,녹박(앞면) 70mm이하
40060,모양명함,0,박(앞면),11571,녹박(앞면) 90mm미만
40060,모양명함,0,박(앞면),11574,먹박(앞면) 15mm이하
40060,모양명함,0,박(앞면),11575,먹박(앞면) 30mm이하
40060,모양명함,0,박(앞면),11576,먹박(앞면) 70mm이하
40060,모양명함,0,박(앞면),11577,먹박(앞면) 90mm미만
40060,모양명함,0,박(앞면),11553,은박무광(앞면) 15mm이하
40060,모양명함,0,박(앞면),11554,은박무광(앞면) 30mm이하
40060,모양명함,0,박(앞면),11555,은박무광(앞면) 70mm이하
40060,모양명함,0,박(앞면),11556,은박무광(앞면) 90mm미만
40060,모양명함,0,박(앞면),11548,은박유광(앞면) 15mm이하
40060,모양명함,0,박(앞면),11549,은박유광(앞면) 30mm이하
40060,모양명함,0,박(앞면),11550,은박유광(앞면) 70mm이하
40060,모양명함,0,박(앞면),11551,은박유광(앞면) 90mm미만
40060,모양명함,0,박(앞면),11558,적박(앞면) 15mm이하
40060,모양명함,0,박(앞면),11559,적박(앞면) 30mm이하
40060,모양명함,0,박(앞면),11560,적박(앞면) 70mm이하
40060,모양명함,0,박(앞면),11561,적박(앞면) 90mm미만
40060,모양명함,0,박(앞면),11563,청박(앞면) 15mm이하
40060,모양명함,0,박(앞면),11564,청박(앞면) 30mm이하
40060,모양명함,0,박(앞면),11565,청박(앞면) 70mm이하
40060,모양명함,0,박(앞면),11566,청박(앞면) 90mm미만
40060,모양명함,0,박(앞면),11579,홀로그램박(앞면) 15mm이하
40060,모양명함,0,박(앞면),11580,홀로그램박(앞면) 30mm이하
40060,모양명함,0,박(앞면),11581,홀로그램박(앞면) 70mm이하
40060,모양명함,0,박(앞면),11582,홀로그램박(앞면) 90mm미만
40060,모양명함,0,형압,11585,형압 15mm이하
40060,모양명함,0,형압,11586,형압 30mm이하
40060,모양명함,0,형압,11587,형압 70mm이하
40060,모양명함,0,형압,11588,형압 90mm미만
40060,모양명함,0,박(뒷면),11701,금박무광(뒷면) 15mm이하
40060,모양명함,0,박(뒷면),11702,금박무광(뒷면) 30mm이하
40060,모양명함,0,박(뒷면),11703,금박무광(뒷면) 70mm이하
40060,모양명함,0,박(뒷면),11704,금박무광(뒷면) 90mm미만
40060,모양명함,0,박(뒷면),11692,금박유광(뒷면) 15mm이하
40060,모양명함,0,박(뒷면),11693,금박유광(뒷면) 30mm이하
40060,모양명함,0,박(뒷면),11694,금박유광(뒷면) 70mm이하
40060,모양명함,0,박(뒷면),11695,금박유광(뒷면) 90mm미만
40060,모양명함,0,박(뒷면),11747,녹박(뒷면) 15mm이하
40060,모양명함,0,박(뒷면),11748,녹박(뒷면) 30mm이하
40060,모양명함,0,박(뒷면),11749,녹박(뒷면) 70mm이하
40060,모양명함,0,박(뒷면),11750,녹박(뒷면) 90mm미만
40060,모양명함,0,박(뒷면),11756,먹박(뒷면) 15mm이하
40060,모양명함,0,박(뒷면),11757,먹박(뒷면) 30mm이하
40060,모양명함,0,박(뒷면),11758,먹박(뒷면) 70mm이하
40060,모양명함,0,박(뒷면),11759,먹박(뒷면) 90mm미만
40060,모양명함,0,박(뒷면),11719,은박무광(뒷면) 15mm이하
40060,모양명함,0,박(뒷면),11720,은박무광(뒷면) 30mm이하
40060,모양명함,0,박(뒷면),11721,은박무광(뒷면) 70mm이하
40060,모양명함,0,박(뒷면),11722,은박무광(뒷면) 90mm미만
40060,모양명함,0,박(뒷면),11710,은박유광(뒷면) 15mm이하
40060,모양명함,0,박(뒷면),11712,은박유광(뒷면) 30mm이하
40060,모양명함,0,박(뒷면),11711,은박유광(뒷면) 70mm이하
40060,모양명함,0,박(뒷면),11713,은박유광(뒷면) 90mm미만
40060,모양명함,0,박(뒷면),11728,적박(뒷면) 15mm이하
40060,모양명함,0,박(뒷면),11729,적박(뒷면) 30mm이하
40060,모양명함,0,박(뒷면),11730,적박(뒷면) 70mm이하
40060,모양명함,0,박(뒷면),11731,적박(뒷면) 90mm미만
40060,모양명함,0,박(뒷면),11737,청박(뒷면) 15mm이하
40060,모양명함,0,박(뒷면),11738,청박(뒷면) 30mm이하
40060,모양명함,0,박(뒷면),11739,청박(뒷면) 70mm이하
40060,모양명함,0,박(뒷면),11740,청박(뒷면) 90mm미만
40060,모양명함,0,박(뒷면),11765,홀로그램박(뒷면) 15mm이하
40060,모양명함,0,박(뒷면),11766,홀로그램박(뒷면) 30mm이하
40060,모양명함,0,박(뒷면),11767,홀로그램박(뒷면) 70mm이하
40060,모양명함,0,박(뒷면),11768,홀로그램박(뒷면) 90mm미만
40061,디지털인디고명함,0,오시,11347,오시1줄(가로)
40061,디지털인디고명함,0,오시,11345,오시1줄(가로중앙)
40061,디지털인디고명함,0,오시,11385,오시1줄(세로)
40061,디지털인디고명함,0,오시,11346,오시1줄(세로중앙)
40061,디지털인디고명함,0,오시,11348,오시2줄(가로)
40061,디지털인디고명함,0,오시,11349,오시2줄(세로)
40061,디지털인디고명함,0,오시,11350,오시3줄(가로)
40061,디지털인디고명함,0,오시,11351,오시3줄(세로)
40061,디지털인디고명함,0,미싱,11359,미싱1줄(가로)
40061,디지털인디고명함,0,미싱,11357,미싱1줄(가로중앙)
40061,디지털인디고명함,0,미싱,11388,미싱1줄(세로)
40061,디지털인디고명함,0,미싱,11358,미싱1줄(세로중앙)
40061,디지털인디고명함,0,미싱,11360,미싱2줄(가로)
40061,디지털인디고명함,0,미싱,11361,미싱2줄(세로)
40061,디지털인디고명함,0,미싱,11362,미싱3줄(가로)
40061,디지털인디고명함,0,미싱,11363,미싱3줄(세로)
40061,디지털인디고명함,0,타공,11367,타공1개(3mm)
40061,디지털인디고명함,0,타공,11368,타공1개(4mm)
40061,디지털인디고명함,0,타공,11369,타공1개(5mm)
40061,디지털인디고명함,0,타공,11370,타공1개(6mm)
40061,디지털인디고명함,0,타공,11371,타공1개(7mm)
40061,디지털인디고명함,0,타공,11372,타공1개(8mm)
40061,디지털인디고명함,0,타공,11373,타공2개(3mm)
40061,디지털인디고명함,0,타공,11374,타공2개(4mm)
40061,디지털인디고명함,0,타공,11375,타공2개(5mm)
40061,디지털인디고명함,0,타공,11376,타공2개(6mm)
40061,디지털인디고명함,0,타공,11377,타공2개(7mm)
40061,디지털인디고명함,0,타공,11378,타공2개(8mm)
40061,디지털인디고명함,0,타공,11379,타공3개(3mm)
40061,디지털인디고명함,0,타공,11380,타공3개(4mm)
40061,디지털인디고명함,0,타공,11381,타공3개(5mm)
40061,디지털인디고명함,0,타공,11382,타공3개(6mm)
40061,디지털인디고명함,0,타공,11383,타공3개(7mm)
40061,디지털인디고명함,0,타공,11384,타공3개(8mm)
40061,디지털인디고명함,0,박(앞면),11543,금박무광(앞면) 15mm이하
40061,디지털인디고명함,0,박(앞면),11544,금박무광(앞면) 30mm이하
40061,디지털인디고명함,0,박(앞면),11545,금박무광(앞면) 70mm이하
40061,디지털인디고명함,0,박(앞면),11546,금박무광(앞면) 90mm미만
40061,디지털인디고명함,0,박(앞면),11538,금박유광(앞면) 15mm이하
40061,디지털인디고명함,0,박(앞면),11539,금박유광(앞면) 30mm이하
40061,디지털인디고명함,0,박(앞면),11540,금박유광(앞면) 70mm이하
40061,디지털인디고명함,0,박(앞면),11541,금박유광(앞면) 90mm미만
40061,디지털인디고명함,0,박(앞면),11568,녹박(앞면) 15mm이하
40061,디지털인디고명함,0,박(앞면),11569,녹박(앞면) 30mm이하
40061,디지털인디고명함,0,박(앞면),11570,녹박(앞면) 70mm이하
40061,디지털인디고명함,0,박(앞면),11571,녹박(앞면) 90mm미만
40061,디지털인디고명함,0,박(앞면),11574,먹박(앞면) 15mm이하
40061,디지털인디고명함,0,박(앞면),11575,먹박(앞면) 30mm이하
40061,디지털인디고명함,0,박(앞면),11576,먹박(앞면) 70mm이하
40061,디지털인디고명함,0,박(앞면),11577,먹박(앞면) 90mm미만
40061,디지털인디고명함,0,박(앞면),11553,은박무광(앞면) 15mm이하
40061,디지털인디고명함,0,박(앞면),11554,은박무광(앞면) 30mm이하
40061,디지털인디고명함,0,박(앞면),11555,은박무광(앞면) 70mm이하
40061,디지털인디고명함,0,박(앞면),11556,은박무광(앞면) 90mm미만
40061,디지털인디고명함,0,박(앞면),11548,은박유광(앞면) 15mm이하
40061,디지털인디고명함,0,박(앞면),11549,은박유광(앞면) 30mm이하
40061,디지털인디고명함,0,박(앞면),11550,은박유광(앞면) 70mm이하
40061,디지털인디고명함,0,박(앞면),11551,은박유광(앞면) 90mm미만
40061,디지털인디고명함,0,박(앞면),11558,적박(앞면) 15mm이하
40061,디지털인디고명함,0,박(앞면),11559,적박(앞면) 30mm이하
40061,디지털인디고명함,0,박(앞면),11560,적박(앞면) 70mm이하
40061,디지털인디고명함,0,박(앞면),11561,적박(앞면) 90mm미만
40061,디지털인디고명함,0,박(앞면),11563,청박(앞면) 15mm이하
40061,디지털인디고명함,0,박(앞면),11564,청박(앞면) 30mm이하
40061,디지털인디고명함,0,박(앞면),11565,청박(앞면) 70mm이하
40061,디지털인디고명함,0,박(앞면),11566,청박(앞면) 90mm미만
40061,디지털인디고명함,0,박(앞면),11579,홀로그램박(앞면) 15mm이하
40061,디지털인디고명함,0,박(앞면),11580,홀로그램박(앞면) 30mm이하
40061,디지털인디고명함,0,박(앞면),11581,홀로그램박(앞면) 70mm이하
40061,디지털인디고명함,0,박(앞면),11582,홀로그램박(앞면) 90mm미만
40061,디지털인디고명함,0,박(뒷면),11701,금박무광(뒷면) 15mm이하
40061,디지털인디고명함,0,박(뒷면),11702,금박무광(뒷면) 30mm이하
40061,디지털인디고명함,0,박(뒷면),11703,금박무광(뒷면) 70mm이하
40061,디지털인디고명함,0,박(뒷면),11704,금박무광(뒷면) 90mm미만
40061,디지털인디고명함,0,박(뒷면),11692,금박유광(뒷면) 15mm이하
40061,디지털인디고명함,0,박(뒷면),11693,금박유광(뒷면) 30mm이하
40061,디지털인디고명함,0,박(뒷면),11694,금박유광(뒷면) 70mm이하
40061,디지털인디고명함,0,박(뒷면),11695,금박유광(뒷면) 90mm미만
40061,디지털인디고명함,0,박(뒷면),11747,녹박(뒷면) 15mm이하
40061,디지털인디고명함,0,박(뒷면),11748,녹박(뒷면) 30mm이하
40061,디지털인디고명함,0,박(뒷면),11749,녹박(뒷면) 70mm이하
40061,디지털인디고명함,0,박(뒷면),11750,녹박(뒷면) 90mm미만
40061,디지털인디고명함,0,박(뒷면),11756,먹박(뒷면) 15mm이하
40061,디지털인디고명함,0,박(뒷면),11757,먹박(뒷면) 30mm이하
40061,디지털인디고명함,0,박(뒷면),11758,먹박(뒷면) 70mm이하
40061,디지털인디고명함,0,박(뒷면),11759,먹박(뒷면) 90mm미만
40061,디지털인디고명함,0,박(뒷면),11719,은박무광(뒷면) 15mm이하
40061,디지털인디고명함,0,박(뒷면),11720,은박무광(뒷면) 30mm이하
40061,디지털인디고명함,0,박(뒷면),11721,은박무광(뒷면) 70mm이하
40061,디지털인디고명함,0,박(뒷면),11722,은박무광(뒷면) 90mm미만
40061,디지털인디고명함,0,박(뒷면),11710,은박유광(뒷면) 15mm이하
40061,디지털인디고명함,0,박(뒷면),11712,은박유광(뒷면) 30mm이하
40061,디지털인디고명함,0,박(뒷면),11711,은박유광(뒷면) 70mm이하
40061,디지털인디고명함,0,박(뒷면),11713,은박유광(뒷면) 90mm미만
40061,디지털인디고명함,0,박(뒷면),11728,적박(뒷면) 15mm이하
40061,디지털인디고명함,0,박(뒷면),11729,적박(뒷면) 30mm이하
40061,디지털인디고명함,0,박(뒷면),11730,적박(뒷면) 70mm이하
40061,디지털인디고명함,0,박(뒷면),11731,적박(뒷면) 90mm미만
40061,디지털인디고명함,0,박(뒷면),11737,청박(뒷면) 15mm이하
40061,디지털인디고명함,0,박(뒷면),11738,청박(뒷면) 30mm이하
40061,디지털인디고명함,0,박(뒷면),11739,청박(뒷면) 70mm이하
40061,디지털인디고명함,0,박(뒷면),11740,청박(뒷면) 90mm미만
40061,디지털인디고명함,0,박(뒷면),11765,홀로그램박(뒷면) 15mm이하
40061,디지털인디고명함,0,박(뒷면),11766,홀로그램박(뒷면) 30mm이하
40061,디지털인디고명함,0,박(뒷면),11767,홀로그램박(뒷면) 70mm이하
40061,디지털인디고명함,0,박(뒷면),11768,홀로그램박(뒷면) 90mm미만
40061,디지털인디고명함,0,형압,11585,형압 15mm이하
40061,디지털인디고명함,0,형압,11586,형압 30mm이하
40061,디지털인디고명함,0,형압,11587,형압 70mm이하
40061,디지털인디고명함,0,형압,11588,형압 90mm미만
40061,디지털인디고명함,0,라운딩,23011,부분라운딩
40061,디지털인디고명함,0,라운딩,23010,전체라운딩
40062,일반명함(핫딜),0,박(앞면),11543,금박무광(앞면) 15mm이하
40062,일반명함(핫딜),0,박(앞면),11544,금박무광(앞면) 30mm이하
40062,일반명함(핫딜),0,박(앞면),11545,금박무광(앞면) 70mm이하
40062,일반명함(핫딜),0,박(앞면),11546,금박무광(앞면) 90mm미만
40062,일반명함(핫딜),0,박(앞면),11538,금박유광(앞면) 15mm이하
40062,일반명함(핫딜),0,박(앞면),11539,금박유광(앞면) 30mm이하
40062,일반명함(핫딜),0,박(앞면),11540,금박유광(앞면) 70mm이하
40062,일반명함(핫딜),0,박(앞면),11541,금박유광(앞면) 90mm미만
40062,일반명함(핫딜),0,박(앞면),11568,녹박(앞면) 15mm이하
40062,일반명함(핫딜),0,박(앞면),11569,녹박(앞면) 30mm이하
40062,일반명함(핫딜),0,박(앞면),11570,녹박(앞면) 70mm이하
40062,일반명함(핫딜),0,박(앞면),11571,녹박(앞면) 90mm미만
40062,일반명함(핫딜),0,박(앞면),11574,먹박(앞면) 15mm이하
40062,일반명함(핫딜),0,박(앞면),11575,먹박(앞면) 30mm이하
40062,일반명함(핫딜),0,박(앞면),11576,먹박(앞면) 70mm이하
40062,일반명함(핫딜),0,박(앞면),11577,먹박(앞면) 90mm미만
40062,일반명함(핫딜),0,박(앞면),11553,은박무광(앞면) 15mm이하
40062,일반명함(핫딜),0,박(앞면),11554,은박무광(앞면) 30mm이하
40062,일반명함(핫딜),0,박(앞면),11555,은박무광(앞면) 70mm이하
40062,일반명함(핫딜),0,박(앞면),11556,은박무광(앞면) 90mm미만
40062,일반명함(핫딜),0,박(앞면),11548,은박유광(앞면) 15mm이하
40062,일반명함(핫딜),0,박(앞면),11549,은박유광(앞면) 30mm이하
40062,일반명함(핫딜),0,박(앞면),11550,은박유광(앞면) 70mm이하
40062,일반명함(핫딜),0,박(앞면),11551,은박유광(앞면) 90mm미만
40062,일반명함(핫딜),0,박(앞면),11558,적박(앞면) 15mm이하
40062,일반명함(핫딜),0,박(앞면),11559,적박(앞면) 30mm이하
40062,일반명함(핫딜),0,박(앞면),11560,적박(앞면) 70mm이하
40062,일반명함(핫딜),0,박(앞면),11561,적박(앞면) 90mm미만
40062,일반명함(핫딜),0,박(앞면),11563,청박(앞면) 15mm이하
40062,일반명함(핫딜),0,박(앞면),11564,청박(앞면) 30mm이하
40062,일반명함(핫딜),0,박(앞면),11565,청박(앞면) 70mm이하
40062,일반명함(핫딜),0,박(앞면),11566,청박(앞면) 90mm미만
40062,일반명함(핫딜),0,박(앞면),11579,홀로그램박(앞면) 15mm이하
40062,일반명함(핫딜),0,박(앞면),11580,홀로그램박(앞면) 30mm이하
40062,일반명함(핫딜),0,박(앞면),11581,홀로그램박(앞면) 70mm이하
40062,일반명함(핫딜),0,박(앞면),11582,홀로그램박(앞면) 90mm미만
40062,일반명함(핫딜),0,형압,11585,형압 15mm이하
40062,일반명함(핫딜),0,형압,11586,형압 30mm이하
40062,일반명함(핫딜),0,형압,11587,형압 70mm이하
40062,일반명함(핫딜),0,형압,11588,형압 90mm미만
40062,일반명함(핫딜),0,박(뒷면),11701,금박무광(뒷면) 15mm이하
40062,일반명함(핫딜),0,박(뒷면),11702,금박무광(뒷면) 30mm이하
40062,일반명함(핫딜),0,박(뒷면),11703,금박무광(뒷면) 70mm이하
40062,일반명함(핫딜),0,박(뒷면),11704,금박무광(뒷면) 90mm미만
40062,일반명함(핫딜),0,박(뒷면),11692,금박유광(뒷면) 15mm이하
40062,일반명함(핫딜),0,박(뒷면),11693,금박유광(뒷면) 30mm이하
40062,일반명함(핫딜),0,박(뒷면),11694,금박유광(뒷면) 70mm이하
40062,일반명함(핫딜),0,박(뒷면),11695,금박유광(뒷면) 90mm미만
40062,일반명함(핫딜),0,박(뒷면),11747,녹박(뒷면) 15mm이하
40062,일반명함(핫딜),0,박(뒷면),11748,녹박(뒷면) 30mm이하
40062,일반명함(핫딜),0,박(뒷면),11749,녹박(뒷면) 70mm이하
40062,일반명함(핫딜),0,박(뒷면),11750,녹박(뒷면) 90mm미만
40062,일반명함(핫딜),0,박(뒷면),11756,먹박(뒷면) 15mm이하
40062,일반명함(핫딜),0,박(뒷면),11757,먹박(뒷면) 30mm이하
40062,일반명함(핫딜),0,박(뒷면),11758,먹박(뒷면) 70mm이하
40062,일반명함(핫딜),0,박(뒷면),11759,먹박(뒷면) 90mm미만
40062,일반명함(핫딜),0,박(뒷면),11719,은박무광(뒷면) 15mm이하
40062,일반명함(핫딜),0,박(뒷면),11720,은박무광(뒷면) 30mm이하
40062,일반명함(핫딜),0,박(뒷면),11721,은박무광(뒷면) 70mm이하
40062,일반명함(핫딜),0,박(뒷면),11722,은박무광(뒷면) 90mm미만
40062,일반명함(핫딜),0,박(뒷면),11710,은박유광(뒷면) 15mm이하
40062,일반명함(핫딜),0,박(뒷면),11712,은박유광(뒷면) 30mm이하
40062,일반명함(핫딜),0,박(뒷면),11711,은박유광(뒷면) 70mm이하
40062,일반명함(핫딜),0,박(뒷면),11713,은박유광(뒷면) 90mm미만
40062,일반명함(핫딜),0,박(뒷면),11728,적박(뒷면) 15mm이하
40062,일반명함(핫딜),0,박(뒷면),11729,적박(뒷면) 30mm이하
40062,일반명함(핫딜),0,박(뒷면),11730,적박(뒷면) 70mm이하
40062,일반명함(핫딜),0,박(뒷면),11731,적박(뒷면) 90mm미만
40062,일반명함(핫딜),0,박(뒷면),11737,청박(뒷면) 15mm이하
40062,일반명함(핫딜),0,박(뒷면),11738,청박(뒷면) 30mm이하
40062,일반명함(핫딜),0,박(뒷면),11739,청박(뒷면) 70mm이하
40062,일반명함(핫딜),0,박(뒷면),11740,청박(뒷면) 90mm미만
40062,일반명함(핫딜),0,박(뒷면),11765,홀로그램박(뒷면) 15mm이하
40062,일반명함(핫딜),0,박(뒷면),11766,홀로그램박(뒷면) 30mm이하
40062,일반명함(핫딜),0,박(뒷면),11767,홀로그램박(뒷면) 70mm이하
40062,일반명함(핫딜),0,박(뒷면),11768,홀로그램박(뒷면) 90mm미만
40062,일반명함(핫딜),0,라운딩,23011,부분라운딩
40062,일반명함(핫딜),0,라운딩,23010,전체라운딩
40063,은별색명함,0,오시,11347,오시1줄(가로)
40063,은별색명함,0,오시,11345,오시1줄(가로중앙)
40063,은별색명함,0,오시,11385,오시1줄(세로)
40063,은별색명함,0,오시,11346,오시1줄(세로중앙)
40063,은별색명함,0,오시,11348,오시2줄(가로)
40063,은별색명함,0,오시,11349,오시2줄(세로)
40063,은별색명함,0,오시,11350,오시3줄(가로)
40063,은별색명함,0,오시,11351,오시3줄(세로)
40063,은별색명함,0,박(앞면),11543,금박무광(앞면) 15mm이하
40063,은별색명함,0,박(앞면),11544,금박무광(앞면) 30mm이하
40063,은별색명함,0,박(앞면),11545,금박무광(앞면) 70mm이하
40063,은별색명함,0,박(앞면),11546,금박무광(앞면) 90mm미만
40063,은별색명함,0,박(앞면),11538,금박유광(앞면) 15mm이하
40063,은별색명함,0,박(앞면),11539,금박유광(앞면) 30mm이하
40063,은별색명함,0,박(앞면),11540,금박유광(앞면) 70mm이하
40063,은별색명함,0,박(앞면),11541,금박유광(앞면) 90mm미만
40063,은별색명함,0,박(앞면),11568,녹박(앞면) 15mm이하
40063,은별색명함,0,박(앞면),11569,녹박(앞면) 30mm이하
40063,은별색명함,0,박(앞면),11570,녹박(앞면) 70mm이하
40063,은별색명함,0,박(앞면),11571,녹박(앞면) 90mm미만
40063,은별색명함,0,박(앞면),11574,먹박(앞면) 15mm이하
40063,은별색명함,0,박(앞면),11575,먹박(앞면) 30mm이하
40063,은별색명함,0,박(앞면),11576,먹박(앞면) 70mm이하
40063,은별색명함,0,박(앞면),11577,먹박(앞면) 90mm미만
40063,은별색명함,0,박(앞면),11553,은박무광(앞면) 15mm이하
40063,은별색명함,0,박(앞면),11554,은박무광(앞면) 30mm이하
40063,은별색명함,0,박(앞면),11555,은박무광(앞면) 70mm이하
40063,은별색명함,0,박(앞면),11556,은박무광(앞면) 90mm미만
40063,은별색명함,0,박(앞면),11548,은박유광(앞면) 15mm이하
40063,은별색명함,0,박(앞면),11549,은박유광(앞면) 30mm이하
40063,은별색명함,0,박(앞면),11550,은박유광(앞면) 70mm이하
40063,은별색명함,0,박(앞면),11551,은박유광(앞면) 90mm미만
40063,은별색명함,0,박(앞면),11558,적박(앞면) 15mm이하
40063,은별색명함,0,박(앞면),11559,적박(앞면) 30mm이하
40063,은별색명함,0,박(앞면),11560,적박(앞면) 70mm이하
40063,은별색명함,0,박(앞면),11561,적박(앞면) 90mm미만
40063,은별색명함,0,박(앞면),11563,청박(앞면) 15mm이하
40063,은별색명함,0,박(앞면),11564,청박(앞면) 30mm이하
40063,은별색명함,0,박(앞면),11565,청박(앞면) 70mm이하
40063,은별색명함,0,박(앞면),11566,청박(앞면) 90mm미만
40063,은별색명함,0,박(앞면),11579,홀로그램박(앞면) 15mm이하
40063,은별색명함,0,박(앞면),11580,홀로그램박(앞면) 30mm이하
40063,은별색명함,0,박(앞면),11581,홀로그램박(앞면) 70mm이하
40063,은별색명함,0,박(앞면),11582,홀로그램박(앞면) 90mm미만
40063,은별색명함,0,박(뒷면),11701,금박무광(뒷면) 15mm이하
40063,은별색명함,0,박(뒷면),11702,금박무광(뒷면) 30mm이하
40063,은별색명함,0,박(뒷면),11703,금박무광(뒷면) 70mm이하
40063,은별색명함,0,박(뒷면),11704,금박무광(뒷면) 90mm미만
40063,은별색명함,0,박(뒷면),11692,금박유광(뒷면) 15mm이하
40063,은별색명함,0,박(뒷면),11693,금박유광(뒷면) 30mm이하
40063,은별색명함,0,박(뒷면),11694,금박유광(뒷면) 70mm이하
40063,은별색명함,0,박(뒷면),11695,금박유광(뒷면) 90mm미만
40063,은별색명함,0,박(뒷면),11747,녹박(뒷면) 15mm이하
40063,은별색명함,0,박(뒷면),11748,녹박(뒷면) 30mm이하
40063,은별색명함,0,박(뒷면),11749,녹박(뒷면) 70mm이하
40063,은별색명함,0,박(뒷면),11750,녹박(뒷면) 90mm미만
40063,은별색명함,0,박(뒷면),11756,먹박(뒷면) 15mm이하
40063,은별색명함,0,박(뒷면),11757,먹박(뒷면) 30mm이하
40063,은별색명함,0,박(뒷면),11758,먹박(뒷면) 70mm이하
40063,은별색명함,0,박(뒷면),11759,먹박(뒷면) 90mm미만
40063,은별색명함,0,박(뒷면),11719,은박무광(뒷면) 15mm이하
40063,은별색명함,0,박(뒷면),11720,은박무광(뒷면) 30mm이하
40063,은별색명함,0,박(뒷면),11721,은박무광(뒷면) 70mm이하
40063,은별색명함,0,박(뒷면),11722,은박무광(뒷면) 90mm미만
40063,은별색명함,0,박(뒷면),11710,은박유광(뒷면) 15mm이하
40063,은별색명함,0,박(뒷면),11712,은박유광(뒷면) 30mm이하
40063,은별색명함,0,박(뒷면),11711,은박유광(뒷면) 70mm이하
40063,은별색명함,0,박(뒷면),11713,은박유광(뒷면) 90mm미만
40063,은별색명함,0,박(뒷면),11728,적박(뒷면) 15mm이하
40063,은별색명함,0,박(뒷면),11729,적박(뒷면) 30mm이하
40063,은별색명함,0,박(뒷면),11730,적박(뒷면) 70mm이하
40063,은별색명함,0,박(뒷면),11731,적박(뒷면) 90mm미만
40063,은별색명함,0,박(뒷면),11737,청박(뒷면) 15mm이하
40063,은별색명함,0,박(뒷면),11738,청박(뒷면) 30mm이하
40063,은별색명함,0,박(뒷면),11739,청박(뒷면) 70mm이하
40063,은별색명함,0,박(뒷면),11740,청박(뒷면) 90mm미만
40063,은별색명함,0,박(뒷면),11765,홀로그램박(뒷면) 15mm이하
40063,은별색명함,0,박(뒷면),11766,홀로그램박(뒷면) 30mm이하
40063,은별색명함,0,박(뒷면),11767,홀로그램박(뒷면) 70mm이하
40063,은별색명함,0,박(뒷면),11768,홀로그램박(뒷면) 90mm미만
40063,은별색명함,0,미싱,11359,미싱1줄(가로)
40063,은별색명함,0,미싱,11357,미싱1줄(가로중앙)
40063,은별색명함,0,미싱,11388,미싱1줄(세로)
40063,은별색명함,0,미싱,11358,미싱1줄(세로중앙)
40063,은별색명함,0,미싱,11360,미싱2줄(가로)
40063,은별색명함,0,미싱,11361,미싱2줄(세로)
40063,은별색명함,0,미싱,11362,미싱3줄(가로)
40063,은별색명함,0,미싱,11363,미싱3줄(세로)
40063,은별색명함,0,타공,11367,타공1개(3mm)
40063,은별색명함,0,타공,11368,타공1개(4mm)
40063,은별색명함,0,타공,11369,타공1개(5mm)
40063,은별색명함,0,타공,11370,타공1개(6mm)
40063,은별색명함,0,타공,11371,타공1개(7mm)
40063,은별색명함,0,타공,11372,타공1개(8mm)
40063,은별색명함,0,타공,11373,타공2개(3mm)
40063,은별색명함,0,타공,11374,타공2개(4mm)
40063,은별색명함,0,타공,11375,타공2개(5mm)
40063,은별색명함,0,타공,11376,타공2개(6mm)
40063,은별색명함,0,타공,11377,타공2개(7mm)
40063,은별색명함,0,타공,11378,타공2개(8mm)
40063,은별색명함,0,타공,11379,타공3개(3mm)
40063,은별색명함,0,타공,11380,타공3개(4mm)
40063,은별색명함,0,타공,11381,타공3개(5mm)
40063,은별색명함,0,타공,11382,타공3개(6mm)
40063,은별색명함,0,타공,11383,타공3개(7mm)
40063,은별색명함,0,타공,11384,타공3개(8mm)
40063,은별색명함,0,형압,11585,형압 15mm이하
40063,은별색명함,0,형압,11586,형압 30mm이하
40063,은별색명함,0,형압,11587,형압 70mm이하
40063,은별색명함,0,형압,11588,형압 90mm미만
40063,은별색명함,0,라운딩,23011,부분라운딩
40063,은별색명함,0,라운딩,23010,전체라운딩
40064,디지털AP명함(구.넥스),0,오시,11347,오시1줄(가로)
40064,디지털AP명함(구.넥스),0,오시,11345,오시1줄(가로중앙)
40064,디지털AP명함(구.넥스),0,오시,11385,오시1줄(세로)
40064,디지털AP명함(구.넥스),0,오시,11346,오시1줄(세로중앙)
40064,디지털AP명함(구.넥스),0,오시,11348,오시2줄(가로)
40064,디지털AP명함(구.넥스),0,오시,11349,오시2줄(세로)
40064,디지털AP명함(구.넥스),0,오시,11350,오시3줄(가로)
40064,디지털AP명함(구.넥스),0,오시,11351,오시3줄(세로)
40064,디지털AP명함(구.넥스),0,미싱,11359,미싱1줄(가로)
40064,디지털AP명함(구.넥스),0,미싱,11357,미싱1줄(가로중앙)
40064,디지털AP명함(구.넥스),0,미싱,11388,미싱1줄(세로)
40064,디지털AP명함(구.넥스),0,미싱,11358,미싱1줄(세로중앙)
40064,디지털AP명함(구.넥스),0,미싱,11360,미싱2줄(가로)
40064,디지털AP명함(구.넥스),0,미싱,11361,미싱2줄(세로)
40064,디지털AP명함(구.넥스),0,미싱,11362,미싱3줄(가로)
40064,디지털AP명함(구.넥스),0,미싱,11363,미싱3줄(세로)
40064,디지털AP명함(구.넥스),0,타공,11367,타공1개(3mm)
40064,디지털AP명함(구.넥스),0,타공,11368,타공1개(4mm)
40064,디지털AP명함(구.넥스),0,타공,11369,타공1개(5mm)
40064,디지털AP명함(구.넥스),0,타공,11370,타공1개(6mm)
40064,디지털AP명함(구.넥스),0,타공,11371,타공1개(7mm)
40064,디지털AP명함(구.넥스),0,타공,11372,타공1개(8mm)
40064,디지털AP명함(구.넥스),0,타공,11373,타공2개(3mm)
40064,디지털AP명함(구.넥스),0,타공,11374,타공2개(4mm)
40064,디지털AP명함(구.넥스),0,타공,11375,타공2개(5mm)
40064,디지털AP명함(구.넥스),0,타공,11376,타공2개(6mm)
40064,디지털AP명함(구.넥스),0,타공,11377,타공2개(7mm)
40064,디지털AP명함(구.넥스),0,타공,11378,타공2개(8mm)
40064,디지털AP명함(구.넥스),0,타공,11379,타공3개(3mm)
40064,디지털AP명함(구.넥스),0,타공,11380,타공3개(4mm)
40064,디지털AP명함(구.넥스),0,타공,11381,타공3개(5mm)
40064,디지털AP명함(구.넥스),0,타공,11382,타공3개(6mm)
40064,디지털AP명함(구.넥스),0,타공,11383,타공3개(7mm)
40064,디지털AP명함(구.넥스),0,타공,11384,타공3개(8mm)
40064,디지털AP명함(구.넥스),0,박(앞면),11543,금박무광(앞면) 15mm이하
40064,디지털AP명함(구.넥스),0,박(앞면),11544,금박무광(앞면) 30mm이하
40064,디지털AP명함(구.넥스),0,박(앞면),11545,금박무광(앞면) 70mm이하
40064,디지털AP명함(구.넥스),0,박(앞면),11546,금박무광(앞면) 90mm미만
40064,디지털AP명함(구.넥스),0,박(앞면),11538,금박유광(앞면) 15mm이하
40064,디지털AP명함(구.넥스),0,박(앞면),11539,금박유광(앞면) 30mm이하
40064,디지털AP명함(구.넥스),0,박(앞면),11540,금박유광(앞면) 70mm이하
40064,디지털AP명함(구.넥스),0,박(앞면),11541,금박유광(앞면) 90mm미만
40064,디지털AP명함(구.넥스),0,박(앞면),11568,녹박(앞면) 15mm이하
40064,디지털AP명함(구.넥스),0,박(앞면),11569,녹박(앞면) 30mm이하
40064,디지털AP명함(구.넥스),0,박(앞면),11570,녹박(앞면) 70mm이하
40064,디지털AP명함(구.넥스),0,박(앞면),11571,녹박(앞면) 90mm미만
40064,디지털AP명함(구.넥스),0,박(앞면),11574,먹박(앞면) 15mm이하
40064,디지털AP명함(구.넥스),0,박(앞면),11575,먹박(앞면) 30mm이하
40064,디지털AP명함(구.넥스),0,박(앞면),11576,먹박(앞면) 70mm이하
40064,디지털AP명함(구.넥스),0,박(앞면),11577,먹박(앞면) 90mm미만
40064,디지털AP명함(구.넥스),0,박(앞면),11553,은박무광(앞면) 15mm이하
40064,디지털AP명함(구.넥스),0,박(앞면),11554,은박무광(앞면) 30mm이하
40064,디지털AP명함(구.넥스),0,박(앞면),11555,은박무광(앞면) 70mm이하
40064,디지털AP명함(구.넥스),0,박(앞면),11556,은박무광(앞면) 90mm미만
40064,디지털AP명함(구.넥스),0,박(앞면),11548,은박유광(앞면) 15mm이하
40064,디지털AP명함(구.넥스),0,박(앞면),11549,은박유광(앞면) 30mm이하
40064,디지털AP명함(구.넥스),0,박(앞면),11550,은박유광(앞면) 70mm이하
40064,디지털AP명함(구.넥스),0,박(앞면),11551,은박유광(앞면) 90mm미만
40064,디지털AP명함(구.넥스),0,박(앞면),11558,적박(앞면) 15mm이하
40064,디지털AP명함(구.넥스),0,박(앞면),11559,적박(앞면) 30mm이하
40064,디지털AP명함(구.넥스),0,박(앞면),11560,적박(앞면) 70mm이하
40064,디지털AP명함(구.넥스),0,박(앞면),11561,적박(앞면) 90mm미만
40064,디지털AP명함(구.넥스),0,박(앞면),11563,청박(앞면) 15mm이하
40064,디지털AP명함(구.넥스),0,박(앞면),11564,청박(앞면) 30mm이하
40064,디지털AP명함(구.넥스),0,박(앞면),11565,청박(앞면) 70mm이하
40064,디지털AP명함(구.넥스),0,박(앞면),11566,청박(앞면) 90mm미만
40064,디지털AP명함(구.넥스),0,박(앞면),11579,홀로그램박(앞면) 15mm이하
40064,디지털AP명함(구.넥스),0,박(앞면),11580,홀로그램박(앞면) 30mm이하
40064,디지털AP명함(구.넥스),0,박(앞면),11581,홀로그램박(앞면) 70mm이하
40064,디지털AP명함(구.넥스),0,박(앞면),11582,홀로그램박(앞면) 90mm미만
40064,디지털AP명함(구.넥스),0,박(뒷면),11701,금박무광(뒷면) 15mm이하
40064,디지털AP명함(구.넥스),0,박(뒷면),11702,금박무광(뒷면) 30mm이하
40064,디지털AP명함(구.넥스),0,박(뒷면),11703,금박무광(뒷면) 70mm이하
40064,디지털AP명함(구.넥스),0,박(뒷면),11704,금박무광(뒷면) 90mm미만
40064,디지털AP명함(구.넥스),0,박(뒷면),11692,금박유광(뒷면) 15mm이하
40064,디지털AP명함(구.넥스),0,박(뒷면),11693,금박유광(뒷면) 30mm이하
40064,디지털AP명함(구.넥스),0,박(뒷면),11694,금박유광(뒷면) 70mm이하
40064,디지털AP명함(구.넥스),0,박(뒷면),11695,금박유광(뒷면) 90mm미만
40064,디지털AP명함(구.넥스),0,박(뒷면),11747,녹박(뒷면) 15mm이하
40064,디지털AP명함(구.넥스),0,박(뒷면),11748,녹박(뒷면) 30mm이하
40064,디지털AP명함(구.넥스),0,박(뒷면),11749,녹박(뒷면) 70mm이하
40064,디지털AP명함(구.넥스),0,박(뒷면),11750,녹박(뒷면) 90mm미만
40064,디지털AP명함(구.넥스),0,박(뒷면),11756,먹박(뒷면) 15mm이하
40064,디지털AP명함(구.넥스),0,박(뒷면),11757,먹박(뒷면) 30mm이하
40064,디지털AP명함(구.넥스),0,박(뒷면),11758,먹박(뒷면) 70mm이하
40064,디지털AP명함(구.넥스),0,박(뒷면),11759,먹박(뒷면) 90mm미만
40064,디지털AP명함(구.넥스),0,박(뒷면),11719,은박무광(뒷면) 15mm이하
40064,디지털AP명함(구.넥스),0,박(뒷면),11720,은박무광(뒷면) 30mm이하
40064,디지털AP명함(구.넥스),0,박(뒷면),11721,은박무광(뒷면) 70mm이하
40064,디지털AP명함(구.넥스),0,박(뒷면),11722,은박무광(뒷면) 90mm미만
40064,디지털AP명함(구.넥스),0,박(뒷면),11710,은박유광(뒷면) 15mm이하
40064,디지털AP명함(구.넥스),0,박(뒷면),11712,은박유광(뒷면) 30mm이하
40064,디지털AP명함(구.넥스),0,박(뒷면),11711,은박유광(뒷면) 70mm이하
40064,디지털AP명함(구.넥스),0,박(뒷면),11713,은박유광(뒷면) 90mm미만
40064,디지털AP명함(구.넥스),0,박(뒷면),11728,적박(뒷면) 15mm이하
40064,디지털AP명함(구.넥스),0,박(뒷면),11729,적박(뒷면) 30mm이하
40064,디지털AP명함(구.넥스),0,박(뒷면),11730,적박(뒷면) 70mm이하
40064,디지털AP명함(구.넥스),0,박(뒷면),11731,적박(뒷면) 90mm미만
40064,디지털AP명함(구.넥스),0,박(뒷면),11737,청박(뒷면) 15mm이하
40064,디지털AP명함(구.넥스),0,박(뒷면),11738,청박(뒷면) 30mm이하
40064,디지털AP명함(구.넥스),0,박(뒷면),11739,청박(뒷면) 70mm이하
40064,디지털AP명함(구.넥스),0,박(뒷면),11740,청박(뒷면) 90mm미만
40064,디지털AP명함(구.넥스),0,박(뒷면),11765,홀로그램박(뒷면) 15mm이하
40064,디지털AP명함(구.넥스),0,박(뒷면),11766,홀로그램박(뒷면) 30mm이하
40064,디지털AP명함(구.넥스),0,박(뒷면),11767,홀로그램박(뒷면) 70mm이하
40064,디지털AP명함(구.넥스),0,박(뒷면),11768,홀로그램박(뒷면) 90mm미만
40064,디지털AP명함(구.넥스),0,형압,11585,형압 15mm이하
40064,디지털AP명함(구.넥스),0,형압,11586,형압 30mm이하
40064,디지털AP명함(구.넥스),0,형압,11587,형압 70mm이하
40064,디지털AP명함(구.넥스),0,형압,11588,형압 90mm미만
40064,디지털AP명함(구.넥스),0,라운딩,23011,부분라운딩
40064,디지털AP명함(구.넥스),0,라운딩,23010,전체라운딩
40065,UV코팅명함,0,라운딩,23011,부분라운딩
40065,UV코팅명함,0,라운딩,23010,전체라운딩
40066,고평량명함,0,오시,11347,오시1줄(가로)
40066,고평량명함,0,오시,11345,오시1줄(가로중앙)
40066,고평량명함,0,오시,11385,오시1줄(세로)
40066,고평량명함,0,오시,11346,오시1줄(세로중앙)
40066,고평량명함,0,오시,11348,오시2줄(가로)
40066,고평량명함,0,오시,11349,오시2줄(세로)
40066,고평량명함,0,오시,11350,오시3줄(가로)
40066,고평량명함,0,오시,11351,오시3줄(세로)
40066,고평량명함,0,타공,11367,타공1개(3mm)
40066,고평량명함,0,타공,11368,타공1개(4mm)
40066,고평량명함,0,타공,11369,타공1개(5mm)
40066,고평량명함,0,타공,11370,타공1개(6mm)
40066,고평량명함,0,타공,11371,타공1개(7mm)
40066,고평량명함,0,타공,11372,타공1개(8mm)
40066,고평량명함,0,타공,11373,타공2개(3mm)
40066,고평량명함,0,타공,11374,타공2개(4mm)
40066,고평량명함,0,타공,11375,타공2개(5mm)
40066,고평량명함,0,타공,11376,타공2개(6mm)
40066,고평량명함,0,타공,11377,타공2개(7mm)
40066,고평량명함,0,타공,11378,타공2개(8mm)
40066,고평량명함,0,타공,11379,타공3개(3mm)
40066,고평량명함,0,타공,11380,타공3개(4mm)
40066,고평량명함,0,타공,11381,타공3개(5mm)
40066,고평량명함,0,타공,11382,타공3개(6mm)
40066,고평량명함,0,타공,11383,타공3개(7mm)
40066,고평량명함,0,타공,11384,타공3개(8mm)
40066,고평량명함,0,박(앞면),11543,금박무광(앞면) 15mm이하
40066,고평량명함,0,박(앞면),11544,금박무광(앞면) 30mm이하
40066,고평량명함,0,박(앞면),11545,금박무광(앞면) 70mm이하
40066,고평량명함,0,박(앞면),11546,금박무광(앞면) 90mm미만
40066,고평량명함,0,박(앞면),11538,금박유광(앞면) 15mm이하
40066,고평량명함,0,박(앞면),11539,금박유광(앞면) 30mm이하
40066,고평량명함,0,박(앞면),11540,금박유광(앞면) 70mm이하
40066,고평량명함,0,박(앞면),11541,금박유광(앞면) 90mm미만
40066,고평량명함,0,박(앞면),11568,녹박(앞면) 15mm이하
40066,고평량명함,0,박(앞면),11569,녹박(앞면) 30mm이하
40066,고평량명함,0,박(앞면),11570,녹박(앞면) 70mm이하
40066,고평량명함,0,박(앞면),11571,녹박(앞면) 90mm미만
40066,고평량명함,0,박(앞면),11574,먹박(앞면) 15mm이하
40066,고평량명함,0,박(앞면),11575,먹박(앞면) 30mm이하
40066,고평량명함,0,박(앞면),11576,먹박(앞면) 70mm이하
40066,고평량명함,0,박(앞면),11577,먹박(앞면) 90mm미만
40066,고평량명함,0,박(앞면),11553,은박무광(앞면) 15mm이하
40066,고평량명함,0,박(앞면),11554,은박무광(앞면) 30mm이하
40066,고평량명함,0,박(앞면),11555,은박무광(앞면) 70mm이하
40066,고평량명함,0,박(앞면),11556,은박무광(앞면) 90mm미만
40066,고평량명함,0,박(앞면),11548,은박유광(앞면) 15mm이하
40066,고평량명함,0,박(앞면),11549,은박유광(앞면) 30mm이하
40066,고평량명함,0,박(앞면),11550,은박유광(앞면) 70mm이하
40066,고평량명함,0,박(앞면),11551,은박유광(앞면) 90mm미만
40066,고평량명함,0,박(앞면),11558,적박(앞면) 15mm이하
40066,고평량명함,0,박(앞면),11559,적박(앞면) 30mm이하
40066,고평량명함,0,박(앞면),11560,적박(앞면) 70mm이하
40066,고평량명함,0,박(앞면),11561,적박(앞면) 90mm미만
40066,고평량명함,0,박(앞면),11563,청박(앞면) 15mm이하
40066,고평량명함,0,박(앞면),11564,청박(앞면) 30mm이하
40066,고평량명함,0,박(앞면),11565,청박(앞면) 70mm이하
40066,고평량명함,0,박(앞면),11566,청박(앞면) 90mm미만
40066,고평량명함,0,박(앞면),11579,홀로그램박(앞면) 15mm이하
40066,고평량명함,0,박(앞면),11580,홀로그램박(앞면) 30mm이하
40066,고평량명함,0,박(앞면),11581,홀로그램박(앞면) 70mm이하
40066,고평량명함,0,박(앞면),11582,홀로그램박(앞면) 90mm미만
40066,고평량명함,0,박(뒷면),11701,금박무광(뒷면) 15mm이하
40066,고평량명함,0,박(뒷면),11702,금박무광(뒷면) 30mm이하
40066,고평량명함,0,박(뒷면),11703,금박무광(뒷면) 70mm이하
40066,고평량명함,0,박(뒷면),11704,금박무광(뒷면) 90mm미만
40066,고평량명함,0,박(뒷면),11692,금박유광(뒷면) 15mm이하
40066,고평량명함,0,박(뒷면),11693,금박유광(뒷면) 30mm이하
40066,고평량명함,0,박(뒷면),11694,금박유광(뒷면) 70mm이하
40066,고평량명함,0,박(뒷면),11695,금박유광(뒷면) 90mm미만
40066,고평량명함,0,박(뒷면),11747,녹박(뒷면) 15mm이하
40066,고평량명함,0,박(뒷면),11748,녹박(뒷면) 30mm이하
40066,고평량명함,0,박(뒷면),11749,녹박(뒷면) 70mm이하
40066,고평량명함,0,박(뒷면),11750,녹박(뒷면) 90mm미만
40066,고평량명함,0,박(뒷면),11756,먹박(뒷면) 15mm이하
40066,고평량명함,0,박(뒷면),11757,먹박(뒷면) 30mm이하
40066,고평량명함,0,박(뒷면),11758,먹박(뒷면) 70mm이하
40066,고평량명함,0,박(뒷면),11759,먹박(뒷면) 90mm미만
40066,고평량명함,0,박(뒷면),11719,은박무광(뒷면) 15mm이하
40066,고평량명함,0,박(뒷면),11720,은박무광(뒷면) 30mm이하
40066,고평량명함,0,박(뒷면),11721,은박무광(뒷면) 70mm이하
40066,고평량명함,0,박(뒷면),11722,은박무광(뒷면) 90mm미만
40066,고평량명함,0,박(뒷면),11710,은박유광(뒷면) 15mm이하
40066,고평량명함,0,박(뒷면),11712,은박유광(뒷면) 30mm이하
40066,고평량명함,0,박(뒷면),11711,은박유광(뒷면) 70mm이하
40066,고평량명함,0,박(뒷면),11713,은박유광(뒷면) 90mm미만
40066,고평량명함,0,박(뒷면),11728,적박(뒷면) 15mm이하
40066,고평량명함,0,박(뒷면),11729,적박(뒷면) 30mm이하
40066,고평량명함,0,박(뒷면),11730,적박(뒷면) 70mm이하
40066,고평량명함,0,박(뒷면),11731,적박(뒷면) 90mm미만
40066,고평량명함,0,박(뒷면),11737,청박(뒷면) 15mm이하
40066,고평량명함,0,박(뒷면),11738,청박(뒷면) 30mm이하
40066,고평량명함,0,박(뒷면),11739,청박(뒷면) 70mm이하
40066,고평량명함,0,박(뒷면),11740,청박(뒷면) 90mm미만
40066,고평량명함,0,박(뒷면),11765,홀로그램박(뒷면) 15mm이하
40066,고평량명함,0,박(뒷면),11766,홀로그램박(뒷면) 30mm이하
40066,고평량명함,0,박(뒷면),11767,홀로그램박(뒷면) 70mm이하
40066,고평량명함,0,박(뒷면),11768,홀로그램박(뒷면) 90mm미만
40066,고평량명함,0,형압,11585,형압 15mm이하
40066,고평량명함,0,형압,11586,형압 30mm이하
40066,고평량명함,0,형압,11587,형압 70mm이하
40066,고평량명함,0,형압,11588,형압 90mm미만
40066,고평량명함,0,라운딩,23011,부분라운딩
40066,고평량명함,0,라운딩,23010,전체라운딩
40069,색지명함,0,오시,11347,오시1줄(가로)
40069,색지명함,0,오시,11345,오시1줄(가로중앙)
40069,색지명함,0,오시,11385,오시1줄(세로)
40069,색지명함,0,오시,11346,오시1줄(세로중앙)
40069,색지명함,0,오시,11348,오시2줄(가로)
40069,색지명함,0,오시,11349,오시2줄(세로)
40069,색지명함,0,오시,11350,오시3줄(가로)
40069,색지명함,0,오시,11351,오시3줄(세로)
40069,색지명함,0,미싱,11359,미싱1줄(가로)
40069,색지명함,0,미싱,11357,미싱1줄(가로중앙)
40069,색지명함,0,미싱,11388,미싱1줄(세로)
40069,색지명함,0,미싱,11358,미싱1줄(세로중앙)
40069,색지명함,0,미싱,11360,미싱2줄(가로)
40069,색지명함,0,미싱,11361,미싱2줄(세로)
40069,색지명함,0,미싱,11362,미싱3줄(가로)
40069,색지명함,0,미싱,11363,미싱3줄(세로)
40069,색지명함,0,타공,11367,타공1개(3mm)
40069,색지명함,0,타공,11368,타공1개(4mm)
40069,색지명함,0,타공,11369,타공1개(5mm)
40069,색지명함,0,타공,11370,타공1개(6mm)
40069,색지명함,0,타공,11371,타공1개(7mm)
40069,색지명함,0,타공,11372,타공1개(8mm)
40069,색지명함,0,타공,11373,타공2개(3mm)
40069,색지명함,0,타공,11374,타공2개(4mm)
40069,색지명함,0,타공,11375,타공2개(5mm)
40069,색지명함,0,타공,11376,타공2개(6mm)
40069,색지명함,0,타공,11377,타공2개(7mm)
40069,색지명함,0,타공,11378,타공2개(8mm)
40069,색지명함,0,타공,11379,타공3개(3mm)
40069,색지명함,0,타공,11380,타공3개(4mm)
40069,색지명함,0,타공,11381,타공3개(5mm)
40069,색지명함,0,타공,11382,타공3개(6mm)
40069,색지명함,0,타공,11383,타공3개(7mm)
40069,색지명함,0,타공,11384,타공3개(8mm)
40069,색지명함,0,박(앞면),11543,금박무광(앞면) 15mm이하
40069,색지명함,0,박(앞면),11544,금박무광(앞면) 30mm이하
40069,색지명함,0,박(앞면),11545,금박무광(앞면) 70mm이하
40069,색지명함,0,박(앞면),11546,금박무광(앞면) 90mm미만
40069,색지명함,0,박(앞면),11538,금박유광(앞면) 15mm이하
40069,색지명함,0,박(앞면),11539,금박유광(앞면) 30mm이하
40069,색지명함,0,박(앞면),11540,금박유광(앞면) 70mm이하
40069,색지명함,0,박(앞면),11541,금박유광(앞면) 90mm미만
40069,색지명함,0,박(앞면),11568,녹박(앞면) 15mm이하
40069,색지명함,0,박(앞면),11569,녹박(앞면) 30mm이하
40069,색지명함,0,박(앞면),11570,녹박(앞면) 70mm이하
40069,색지명함,0,박(앞면),11571,녹박(앞면) 90mm미만
40069,색지명함,0,박(앞면),11574,먹박(앞면) 15mm이하
40069,색지명함,0,박(앞면),11575,먹박(앞면) 30mm이하
40069,색지명함,0,박(앞면),11576,먹박(앞면) 70mm이하
40069,색지명함,0,박(앞면),11577,먹박(앞면) 90mm미만
40069,색지명함,0,박(앞면),11553,은박무광(앞면) 15mm이하
40069,색지명함,0,박(앞면),11554,은박무광(앞면) 30mm이하
40069,색지명함,0,박(앞면),11555,은박무광(앞면) 70mm이하
40069,색지명함,0,박(앞면),11556,은박무광(앞면) 90mm미만
40069,색지명함,0,박(앞면),11548,은박유광(앞면) 15mm이하
40069,색지명함,0,박(앞면),11549,은박유광(앞면) 30mm이하
40069,색지명함,0,박(앞면),11550,은박유광(앞면) 70mm이하
40069,색지명함,0,박(앞면),11551,은박유광(앞면) 90mm미만
40069,색지명함,0,박(앞면),11558,적박(앞면) 15mm이하
40069,색지명함,0,박(앞면),11559,적박(앞면) 30mm이하
40069,색지명함,0,박(앞면),11560,적박(앞면) 70mm이하
40069,색지명함,0,박(앞면),11561,적박(앞면) 90mm미만
40069,색지명함,0,박(앞면),11563,청박(앞면) 15mm이하
40069,색지명함,0,박(앞면),11564,청박(앞면) 30mm이하
40069,색지명함,0,박(앞면),11565,청박(앞면) 70mm이하
40069,색지명함,0,박(앞면),11566,청박(앞면) 90mm미만
40069,색지명함,0,박(앞면),11579,홀로그램박(앞면) 15mm이하
40069,색지명함,0,박(앞면),11580,홀로그램박(앞면) 30mm이하
40069,색지명함,0,박(앞면),11581,홀로그램박(앞면) 70mm이하
40069,색지명함,0,박(앞면),11582,홀로그램박(앞면) 90mm미만
40069,색지명함,0,박(뒷면),11701,금박무광(뒷면) 15mm이하
40069,색지명함,0,박(뒷면),11702,금박무광(뒷면) 30mm이하
40069,색지명함,0,박(뒷면),11703,금박무광(뒷면) 70mm이하
40069,색지명함,0,박(뒷면),11704,금박무광(뒷면) 90mm미만
40069,색지명함,0,박(뒷면),11692,금박유광(뒷면) 15mm이하
40069,색지명함,0,박(뒷면),11693,금박유광(뒷면) 30mm이하
40069,색지명함,0,박(뒷면),11694,금박유광(뒷면) 70mm이하
40069,색지명함,0,박(뒷면),11695,금박유광(뒷면) 90mm미만
40069,색지명함,0,박(뒷면),11747,녹박(뒷면) 15mm이하
40069,색지명함,0,박(뒷면),11748,녹박(뒷면) 30mm이하
40069,색지명함,0,박(뒷면),11749,녹박(뒷면) 70mm이하
40069,색지명함,0,박(뒷면),11750,녹박(뒷면) 90mm미만
40069,색지명함,0,박(뒷면),11756,먹박(뒷면) 15mm이하
40069,색지명함,0,박(뒷면),11757,먹박(뒷면) 30mm이하
40069,색지명함,0,박(뒷면),11758,먹박(뒷면) 70mm이하
40069,색지명함,0,박(뒷면),11759,먹박(뒷면) 90mm미만
40069,색지명함,0,박(뒷면),11719,은박무광(뒷면) 15mm이하
40069,색지명함,0,박(뒷면),11720,은박무광(뒷면) 30mm이하
40069,색지명함,0,박(뒷면),11721,은박무광(뒷면) 70mm이하
40069,색지명함,0,박(뒷면),11722,은박무광(뒷면) 90mm미만
40069,색지명함,0,박(뒷면),11710,은박유광(뒷면) 15mm이하
40069,색지명함,0,박(뒷면),11712,은박유광(뒷면) 30mm이하
40069,색지명함,0,박(뒷면),11711,은박유광(뒷면) 70mm이하
40069,색지명함,0,박(뒷면),11713,은박유광(뒷면) 90mm미만
40069,색지명함,0,박(뒷면),11728,적박(뒷면) 15mm이하
40069,색지명함,0,박(뒷면),11729,적박(뒷면) 30mm이하
40069,색지명함,0,박(뒷면),11730,적박(뒷면) 70mm이하
40069,색지명함,0,박(뒷면),11731,적박(뒷면) 90mm미만
40069,색지명함,0,박(뒷면),11737,청박(뒷면) 15mm이하
40069,색지명함,0,박(뒷면),11738,청박(뒷면) 30mm이하
40069,색지명함,0,박(뒷면),11739,청박(뒷면) 70mm이하
40069,색지명함,0,박(뒷면),11740,청박(뒷면) 90mm미만
40069,색지명함,0,박(뒷면),11765,홀로그램박(뒷면) 15mm이하
40069,색지명함,0,박(뒷면),11766,홀로그램박(뒷면) 30mm이하
40069,색지명함,0,박(뒷면),11767,홀로그램박(뒷면) 70mm이하
40069,색지명함,0,박(뒷면),11768,홀로그램박(뒷면) 90mm미만
40069,색지명함,0,형압,11585,형압 15mm이하
40069,색지명함,0,형압,11586,형압 30mm이하
40069,색지명함,0,형압,11587,형압 70mm이하
40069,색지명함,0,형압,11588,형압 90mm미만
40069,색지명함,0,라운딩,23011,부분라운딩
40069,색지명함,0,라운딩,23010,전체라운딩
40070,특수지명함,0,오시,11347,오시1줄(가로)
40070,특수지명함,0,오시,11345,오시1줄(가로중앙)
40070,특수지명함,0,오시,11385,오시1줄(세로)
40070,특수지명함,0,오시,11346,오시1줄(세로중앙)
40070,특수지명함,0,오시,11348,오시2줄(가로)
40070,특수지명함,0,오시,11349,오시2줄(세로)
40070,특수지명함,0,오시,11350,오시3줄(가로)
40070,특수지명함,0,오시,11351,오시3줄(세로)
40070,특수지명함,0,박(앞면),11543,금박무광(앞면) 15mm이하
40070,특수지명함,0,박(앞면),11544,금박무광(앞면) 30mm이하
40070,특수지명함,0,박(앞면),11545,금박무광(앞면) 70mm이하
40070,특수지명함,0,박(앞면),11546,금박무광(앞면) 90mm미만
40070,특수지명함,0,박(앞면),11538,금박유광(앞면) 15mm이하
40070,특수지명함,0,박(앞면),11539,금박유광(앞면) 30mm이하
40070,특수지명함,0,박(앞면),11540,금박유광(앞면) 70mm이하
40070,특수지명함,0,박(앞면),11541,금박유광(앞면) 90mm미만
40070,특수지명함,0,박(앞면),11568,녹박(앞면) 15mm이하
40070,특수지명함,0,박(앞면),11569,녹박(앞면) 30mm이하
40070,특수지명함,0,박(앞면),11570,녹박(앞면) 70mm이하
40070,특수지명함,0,박(앞면),11571,녹박(앞면) 90mm미만
40070,특수지명함,0,박(앞면),11574,먹박(앞면) 15mm이하
40070,특수지명함,0,박(앞면),11575,먹박(앞면) 30mm이하
40070,특수지명함,0,박(앞면),11576,먹박(앞면) 70mm이하
40070,특수지명함,0,박(앞면),11577,먹박(앞면) 90mm미만
40070,특수지명함,0,박(앞면),11553,은박무광(앞면) 15mm이하
40070,특수지명함,0,박(앞면),11554,은박무광(앞면) 30mm이하
40070,특수지명함,0,박(앞면),11555,은박무광(앞면) 70mm이하
40070,특수지명함,0,박(앞면),11556,은박무광(앞면) 90mm미만
40070,특수지명함,0,박(앞면),11548,은박유광(앞면) 15mm이하
40070,특수지명함,0,박(앞면),11549,은박유광(앞면) 30mm이하
40070,특수지명함,0,박(앞면),11550,은박유광(앞면) 70mm이하
40070,특수지명함,0,박(앞면),11551,은박유광(앞면) 90mm미만
40070,특수지명함,0,박(앞면),11558,적박(앞면) 15mm이하
40070,특수지명함,0,박(앞면),11559,적박(앞면) 30mm이하
40070,특수지명함,0,박(앞면),11560,적박(앞면) 70mm이하
40070,특수지명함,0,박(앞면),11561,적박(앞면) 90mm미만
40070,특수지명함,0,박(앞면),11563,청박(앞면) 15mm이하
40070,특수지명함,0,박(앞면),11564,청박(앞면) 30mm이하
40070,특수지명함,0,박(앞면),11565,청박(앞면) 70mm이하
40070,특수지명함,0,박(앞면),11566,청박(앞면) 90mm미만
40070,특수지명함,0,박(앞면),11579,홀로그램박(앞면) 15mm이하
40070,특수지명함,0,박(앞면),11580,홀로그램박(앞면) 30mm이하
40070,특수지명함,0,박(앞면),11581,홀로그램박(앞면) 70mm이하
40070,특수지명함,0,박(앞면),11582,홀로그램박(앞면) 90mm미만
40070,특수지명함,0,박(뒷면),11701,금박무광(뒷면) 15mm이하
40070,특수지명함,0,박(뒷면),11702,금박무광(뒷면) 30mm이하
40070,특수지명함,0,박(뒷면),11703,금박무광(뒷면) 70mm이하
40070,특수지명함,0,박(뒷면),11704,금박무광(뒷면) 90mm미만
40070,특수지명함,0,박(뒷면),11692,금박유광(뒷면) 15mm이하
40070,특수지명함,0,박(뒷면),11693,금박유광(뒷면) 30mm이하
40070,특수지명함,0,박(뒷면),11694,금박유광(뒷면) 70mm이하
40070,특수지명함,0,박(뒷면),11695,금박유광(뒷면) 90mm미만
40070,특수지명함,0,박(뒷면),11747,녹박(뒷면) 15mm이하
40070,특수지명함,0,박(뒷면),11748,녹박(뒷면) 30mm이하
40070,특수지명함,0,박(뒷면),11749,녹박(뒷면) 70mm이하
40070,특수지명함,0,박(뒷면),11750,녹박(뒷면) 90mm미만
40070,특수지명함,0,박(뒷면),11756,먹박(뒷면) 15mm이하
40070,특수지명함,0,박(뒷면),11757,먹박(뒷면) 30mm이하
40070,특수지명함,0,박(뒷면),11758,먹박(뒷면) 70mm이하
40070,특수지명함,0,박(뒷면),11759,먹박(뒷면) 90mm미만
40070,특수지명함,0,박(뒷면),11719,은박무광(뒷면) 15mm이하
40070,특수지명함,0,박(뒷면),11720,은박무광(뒷면) 30mm이하
40070,특수지명함,0,박(뒷면),11721,은박무광(뒷면) 70mm이하
40070,특수지명함,0,박(뒷면),11722,은박무광(뒷면) 90mm미만
40070,특수지명함,0,박(뒷면),11710,은박유광(뒷면) 15mm이하
40070,특수지명함,0,박(뒷면),11712,은박유광(뒷면) 30mm이하
40070,특수지명함,0,박(뒷면),11711,은박유광(뒷면) 70mm이하
40070,특수지명함,0,박(뒷면),11713,은박유광(뒷면) 90mm미만
40070,특수지명함,0,박(뒷면),11728,적박(뒷면) 15mm이하
40070,특수지명함,0,박(뒷면),11729,적박(뒷면) 30mm이하
40070,특수지명함,0,박(뒷면),11730,적박(뒷면) 70mm이하
40070,특수지명함,0,박(뒷면),11731,적박(뒷면) 90mm미만
40070,특수지명함,0,박(뒷면),11737,청박(뒷면) 15mm이하
40070,특수지명함,0,박(뒷면),11738,청박(뒷면) 30mm이하
40070,특수지명함,0,박(뒷면),11739,청박(뒷면) 70mm이하
40070,특수지명함,0,박(뒷면),11740,청박(뒷면) 90mm미만
40070,특수지명함,0,박(뒷면),11765,홀로그램박(뒷면) 15mm이하
40070,특수지명함,0,박(뒷면),11766,홀로그램박(뒷면) 30mm이하
40070,특수지명함,0,박(뒷면),11767,홀로그램박(뒷면) 70mm이하
40070,특수지명함,0,박(뒷면),11768,홀로그램박(뒷면) 90mm미만
40070,특수지명함,0,미싱,11359,미싱1줄(가로)
40070,특수지명함,0,미싱,11357,미싱1줄(가로중앙)
40070,특수지명함,0,미싱,11388,미싱1줄(세로)
40070,특수지명함,0,미싱,11358,미싱1줄(세로중앙)
40070,특수지명함,0,미싱,11360,미싱2줄(가로)
40070,특수지명함,0,미싱,11361,미싱2줄(세로)
40070,특수지명함,0,미싱,11362,미싱3줄(가로)
40070,특수지명함,0,미싱,11363,미싱3줄(세로)
40070,특수지명함,0,타공,11367,타공1개(3mm)
40070,특수지명함,0,타공,11368,타공1개(4mm)
40070,특수지명함,0,타공,11369,타공1개(5mm)
40070,특수지명함,0,타공,11370,타공1개(6mm)
40070,특수지명함,0,타공,11371,타공1개(7mm)
40070,특수지명함,0,타공,11372,타공1개(8mm)
40070,특수지명함,0,타공,11373,타공2개(3mm)
40070,특수지명함,0,타공,11374,타공2개(4mm)
40070,특수지명함,0,타공,11375,타공2개(5mm)
40070,특수지명함,0,타공,11376,타공2개(6mm)
40070,특수지명함,0,타공,11377,타공2개(7mm)
40070,특수지명함,0,타공,11378,타공2개(8mm)
40070,특수지명함,0,타공,11379,타공3개(3mm)
40070,특수지명함,0,타공,11380,타공3개(4mm)
40070,특수지명함,0,타공,11381,타공3개(5mm)
40070,특수지명함,0,타공,11382,타공3개(6mm)
40070,특수지명함,0,타공,11383,타공3개(7mm)
40070,특수지명함,0,타공,11384,타공3개(8mm)
40070,특수지명함,0,형압,11585,형압 15mm이하
40070,특수지명함,0,형압,11586,형압 30mm이하
40070,특수지명함,0,형압,11587,형압 70mm이하
40070,특수지명함,0,형압,11588,형압 90mm미만
40070,특수지명함,0,라운딩,23011,부분라운딩
40070,특수지명함,0,라운딩,23010,전체라운딩
40072,기존-NCR지,0,미싱,11359,미싱1줄(가로)
40072,기존-NCR지,0,미싱,11357,미싱1줄(가로중앙)
40072,기존-NCR지,0,미싱,11388,미싱1줄(세로)
40072,기존-NCR지,0,미싱,11358,미싱1줄(세로중앙)
40072,기존-NCR지,0,미싱,11360,미싱2줄(가로)
40072,기존-NCR지,0,미싱,11361,미싱2줄(세로)
40072,기존-NCR지,0,미싱,11362,미싱3줄(가로)
40072,기존-NCR지,0,미싱,11363,미싱3줄(세로)
40072,기존-NCR지,0,풀발이,11417,상단 풀발이
40072,기존-NCR지,0,풀발이,11416,좌측 풀발이
40072,기존-NCR지,0,타공,11367,타공1개(3mm)
40072,기존-NCR지,0,타공,11368,타공1개(4mm)
40072,기존-NCR지,0,타공,11369,타공1개(5mm)
40072,기존-NCR지,0,타공,11370,타공1개(6mm)
40072,기존-NCR지,0,타공,11371,타공1개(7mm)
40072,기존-NCR지,0,타공,11372,타공1개(8mm)
40072,기존-NCR지,0,타공,11373,타공2개(3mm)
40072,기존-NCR지,0,타공,11374,타공2개(4mm)
40072,기존-NCR지,0,타공,11375,타공2개(5mm)
40072,기존-NCR지,0,타공,11376,타공2개(6mm)
40072,기존-NCR지,0,타공,11377,타공2개(7mm)
40072,기존-NCR지,0,타공,11378,타공2개(8mm)
40072,기존-NCR지,0,타공,11379,타공3개(3mm)
40072,기존-NCR지,0,타공,11380,타공3개(4mm)
40072,기존-NCR지,0,타공,11381,타공3개(5mm)
40072,기존-NCR지,0,타공,11382,타공3개(6mm)
40072,기존-NCR지,0,타공,11383,타공3개(7mm)
40072,기존-NCR지,0,타공,11384,타공3개(8mm)
40073,일반명함,0,오시,11347,오시1줄(가로)
40073,일반명함,0,오시,11345,오시1줄(가로중앙)
40073,일반명함,0,오시,11385,오시1줄(세로)
40073,일반명함,0,오시,11346,오시1줄(세로중앙)
40073,일반명함,0,오시,11348,오시2줄(가로)
40073,일반명함,0,오시,11349,오시2줄(세로)
40073,일반명함,0,오시,11350,오시3줄(가로)
40073,일반명함,0,오시,11351,오시3줄(세로)
40073,일반명함,0,박(앞면),11543,금박무광(앞면) 15mm이하
40073,일반명함,0,박(앞면),11544,금박무광(앞면) 30mm이하
40073,일반명함,0,박(앞면),11545,금박무광(앞면) 70mm이하
40073,일반명함,0,박(앞면),11546,금박무광(앞면) 90mm미만
40073,일반명함,0,박(앞면),11538,금박유광(앞면) 15mm이하
40073,일반명함,0,박(앞면),11539,금박유광(앞면) 30mm이하
40073,일반명함,0,박(앞면),11540,금박유광(앞면) 70mm이하
40073,일반명함,0,박(앞면),11541,금박유광(앞면) 90mm미만
40073,일반명함,0,박(앞면),11568,녹박(앞면) 15mm이하
40073,일반명함,0,박(앞면),11569,녹박(앞면) 30mm이하
40073,일반명함,0,박(앞면),11570,녹박(앞면) 70mm이하
40073,일반명함,0,박(앞면),11571,녹박(앞면) 90mm미만
40073,일반명함,0,박(앞면),11574,먹박(앞면) 15mm이하
40073,일반명함,0,박(앞면),11575,먹박(앞면) 30mm이하
40073,일반명함,0,박(앞면),11576,먹박(앞면) 70mm이하
40073,일반명함,0,박(앞면),11577,먹박(앞면) 90mm미만
40073,일반명함,0,박(앞면),11553,은박무광(앞면) 15mm이하
40073,일반명함,0,박(앞면),11554,은박무광(앞면) 30mm이하
40073,일반명함,0,박(앞면),11555,은박무광(앞면) 70mm이하
40073,일반명함,0,박(앞면),11556,은박무광(앞면) 90mm미만
40073,일반명함,0,박(앞면),11548,은박유광(앞면) 15mm이하
40073,일반명함,0,박(앞면),11549,은박유광(앞면) 30mm이하
40073,일반명함,0,박(앞면),11550,은박유광(앞면) 70mm이하
40073,일반명함,0,박(앞면),11551,은박유광(앞면) 90mm미만
40073,일반명함,0,박(앞면),11558,적박(앞면) 15mm이하
40073,일반명함,0,박(앞면),11559,적박(앞면) 30mm이하
40073,일반명함,0,박(앞면),11560,적박(앞면) 70mm이하
40073,일반명함,0,박(앞면),11561,적박(앞면) 90mm미만
40073,일반명함,0,박(앞면),11563,청박(앞면) 15mm이하
40073,일반명함,0,박(앞면),11564,청박(앞면) 30mm이하
40073,일반명함,0,박(앞면),11565,청박(앞면) 70mm이하
40073,일반명함,0,박(앞면),11566,청박(앞면) 90mm미만
40073,일반명함,0,박(앞면),11579,홀로그램박(앞면) 15mm이하
40073,일반명함,0,박(앞면),11580,홀로그램박(앞면) 30mm이하
40073,일반명함,0,박(앞면),11581,홀로그램박(앞면) 70mm이하
40073,일반명함,0,박(앞면),11582,홀로그램박(앞면) 90mm미만
40073,일반명함,0,박(뒷면),11701,금박무광(뒷면) 15mm이하
40073,일반명함,0,박(뒷면),11702,금박무광(뒷면) 30mm이하
40073,일반명함,0,박(뒷면),11703,금박무광(뒷면) 70mm이하
40073,일반명함,0,박(뒷면),11704,금박무광(뒷면) 90mm미만
40073,일반명함,0,박(뒷면),11692,금박유광(뒷면) 15mm이하
40073,일반명함,0,박(뒷면),11693,금박유광(뒷면) 30mm이하
40073,일반명함,0,박(뒷면),11694,금박유광(뒷면) 70mm이하
40073,일반명함,0,박(뒷면),11695,금박유광(뒷면) 90mm미만
40073,일반명함,0,박(뒷면),11747,녹박(뒷면) 15mm이하
40073,일반명함,0,박(뒷면),11748,녹박(뒷면) 30mm이하
40073,일반명함,0,박(뒷면),11749,녹박(뒷면) 70mm이하
40073,일반명함,0,박(뒷면),11750,녹박(뒷면) 90mm미만
40073,일반명함,0,박(뒷면),11756,먹박(뒷면) 15mm이하
40073,일반명함,0,박(뒷면),11757,먹박(뒷면) 30mm이하
40073,일반명함,0,박(뒷면),11758,먹박(뒷면) 70mm이하
40073,일반명함,0,박(뒷면),11759,먹박(뒷면) 90mm미만
40073,일반명함,0,박(뒷면),11719,은박무광(뒷면) 15mm이하
40073,일반명함,0,박(뒷면),11720,은박무광(뒷면) 30mm이하
40073,일반명함,0,박(뒷면),11721,은박무광(뒷면) 70mm이하
40073,일반명함,0,박(뒷면),11722,은박무광(뒷면) 90mm미만
40073,일반명함,0,박(뒷면),11710,은박유광(뒷면) 15mm이하
40073,일반명함,0,박(뒷면),11712,은박유광(뒷면) 30mm이하
40073,일반명함,0,박(뒷면),11711,은박유광(뒷면) 70mm이하
40073,일반명함,0,박(뒷면),11713,은박유광(뒷면) 90mm미만
40073,일반명함,0,박(뒷면),11728,적박(뒷면) 15mm이하
40073,일반명함,0,박(뒷면),11729,적박(뒷면) 30mm이하
40073,일반명함,0,박(뒷면),11730,적박(뒷면) 70mm이하
40073,일반명함,0,박(뒷면),11731,적박(뒷면) 90mm미만
40073,일반명함,0,박(뒷면),11737,청박(뒷면) 15mm이하
40073,일반명함,0,박(뒷면),11738,청박(뒷면) 30mm이하
40073,일반명함,0,박(뒷면),11739,청박(뒷면) 70mm이하
40073,일반명함,0,박(뒷면),11740,청박(뒷면) 90mm미만
40073,일반명함,0,박(뒷면),11765,홀로그램박(뒷면) 15mm이하
40073,일반명함,0,박(뒷면),11766,홀로그램박(뒷면) 30mm이하
40073,일반명함,0,박(뒷면),11767,홀로그램박(뒷면) 70mm이하
40073,일반명함,0,박(뒷면),11768,홀로그램박(뒷면) 90mm미만
40073,일반명함,0,미싱,11359,미싱1줄(가로)
40073,일반명함,0,미싱,11357,미싱1줄(가로중앙)
40073,일반명함,0,미싱,11388,미싱1줄(세로)
40073,일반명함,0,미싱,11358,미싱1줄(세로중앙)
40073,일반명함,0,미싱,11360,미싱2줄(가로)
40073,일반명함,0,미싱,11361,미싱2줄(세로)
40073,일반명함,0,미싱,11362,미싱3줄(가로)
40073,일반명함,0,미싱,11363,미싱3줄(세로)
40073,일반명함,0,타공,11367,타공1개(3mm)
40073,일반명함,0,타공,11368,타공1개(4mm)
40073,일반명함,0,타공,11369,타공1개(5mm)
40073,일반명함,0,타공,11370,타공1개(6mm)
40073,일반명함,0,타공,11371,타공1개(7mm)
40073,일반명함,0,타공,11372,타공1개(8mm)
40073,일반명함,0,타공,11373,타공2개(3mm)
40073,일반명함,0,타공,11374,타공2개(4mm)
40073,일반명함,0,타공,11375,타공2개(5mm)
40073,일반명함,0,타공,11376,타공2개(6mm)
40073,일반명함,0,타공,11377,타공2개(7mm)
40073,일반명함,0,타공,11378,타공2개(8mm)
40073,일반명함,0,타공,11379,타공3개(3mm)
40073,일반명함,0,타공,11380,타공3개(4mm)
40073,일반명함,0,타공,11381,타공3개(5mm)
40073,일반명함,0,타공,11382,타공3개(6mm)
40073,일반명함,0,타공,11383,타공3개(7mm)
40073,일반명함,0,타공,11384,타공3개(8mm)
40073,일반명함,0,형압,11585,형압 15mm이하
40073,일반명함,0,형압,11586,형압 30mm이하
40073,일반명함,0,형압,11587,형압 70mm이하
40073,일반명함,0,형압,11588,형압 90mm미만
40073,일반명함,0,라운딩,23011,부분라운딩
40073,일반명함,0,라운딩,23010,전체라운딩
40073,일반명함,0,넘버링,11457,일반넘버링 1개
40073,일반명함,0,넘버링,11458,일반넘버링 2개
40083,떡메모지,0,떡제본,43286,떡제본(상철)
40083,떡메모지,0,떡제본,43287,떡제본(좌철)
40084,종이슬로건,0,코팅,31102,단면 무광코팅
40084,종이슬로건,0,코팅,31101,단면 유광코팅
40084,종이슬로건,0,코팅,31202,양면 무광코팅
40084,종이슬로건,0,코팅,31201,양면 유광코팅
40088,종이썬캡,0,코팅,31102,단면 무광코팅
40088,종이썬캡,0,코팅,31101,단면 유광코팅
40090,명찰,0,명찰부착,43198,명찰(옷핀집게)
40090,명찰,0,명찰부착,43199,명찰(자석)
40098,기존-양식지,0,미싱,11359,미싱1줄(가로)
40098,기존-양식지,0,미싱,11357,미싱1줄(가로중앙)
40098,기존-양식지,0,미싱,11388,미싱1줄(세로)
40098,기존-양식지,0,미싱,11358,미싱1줄(세로중앙)
40098,기존-양식지,0,미싱,11360,미싱2줄(가로)
40098,기존-양식지,0,미싱,11361,미싱2줄(세로)
40098,기존-양식지,0,미싱,11362,미싱3줄(가로)
40098,기존-양식지,0,미싱,11363,미싱3줄(세로)
40098,기존-양식지,0,타공,11369,타공1개(5mm)
40098,기존-양식지,0,타공,11370,타공1개(6mm)
40098,기존-양식지,0,타공,11375,타공2개(5mm)
40098,기존-양식지,0,타공,11376,타공2개(6mm)
40098,기존-양식지,0,타공,11381,타공3개(5mm)
40098,기존-양식지,0,타공,11382,타공3개(6mm)
40098,기존-양식지,0,접지,28001,2단접지
40098,기존-양식지,0,접지,28002,3단접지
40098,기존-양식지,0,접지,28003,4단접지
40098,기존-양식지,0,재단,29032,2등분재단
40098,기존-양식지,0,재단,29033,3등분재단
40098,기존-양식지,0,재단,29034,4등분재단
40098,기존-양식지,0,재단,29035,5등분재단
40098,기존-양식지,0,재단,29036,6등분재단
40098,기존-양식지,0,재단,29039,별도재단
40099,기존-영수증,0,미싱,11359,미싱1줄(가로)
40099,기존-영수증,0,미싱,11357,미싱1줄(가로중앙)
40099,기존-영수증,0,미싱,11388,미싱1줄(세로)
40099,기존-영수증,0,미싱,11358,미싱1줄(세로중앙)
40099,기존-영수증,0,미싱,11360,미싱2줄(가로)
40099,기존-영수증,0,미싱,11361,미싱2줄(세로)
40099,기존-영수증,0,미싱,11362,미싱3줄(가로)
40099,기존-영수증,0,미싱,11363,미싱3줄(세로)
40099,기존-영수증,0,타공,11369,타공1개(5mm)
40099,기존-영수증,0,타공,11370,타공1개(6mm)
40099,기존-영수증,0,타공,11375,타공2개(5mm)
40099,기존-영수증,0,타공,11376,타공2개(6mm)
40099,기존-영수증,0,타공,11381,타공3개(5mm)
40099,기존-영수증,0,타공,11382,타공3개(6mm)
40099,기존-영수증,0,풀발이,11417,상단 풀발이
40099,기존-영수증,0,풀발이,11416,좌측 풀발이
40104,대형현수막,0,줄미싱,11394,줄미싱(사방)
40104,대형현수막,0,아일렛,42104,아일렛 10개
40104,대형현수막,0,아일렛,42105,아일렛 12개
40104,대형현수막,0,아일렛,42106,아일렛 14개
40104,대형현수막,0,아일렛,42107,아일렛 16개
40104,대형현수막,0,아일렛,42108,아일렛 18개
40104,대형현수막,0,아일렛,42109,아일렛 20개
40104,대형현수막,0,아일렛,42101,아일렛 4개
40104,대형현수막,0,아일렛,42102,아일렛 6개
40104,대형현수막,0,아일렛,42103,아일렛 8개
40105,미니배너,0,사방타공,11805,사방타공 없음
40105,미니배너,0,사방타공,11804,사방타공 있음
40106,PET배너,0,쿨코팅,12302,단면무광 쿨코팅
40106,PET배너,0,쿨코팅,12301,단면유광 쿨코팅
40106,PET배너,0,아일렛,42101,아일렛 4개
40106,PET배너,0,아일렛,11408,아일렛 없음
40108,엽서형,0,미싱,11359,미싱1줄(가로)
40108,엽서형,0,미싱,11357,미싱1줄(가로중앙)
40108,엽서형,0,미싱,11388,미싱1줄(세로)
40108,엽서형,0,미싱,11358,미싱1줄(세로중앙)
40108,엽서형,0,미싱,11360,미싱2줄(가로)
40108,엽서형,0,미싱,11361,미싱2줄(세로)
40108,엽서형,0,미싱,11362,미싱3줄(가로)
40108,엽서형,0,미싱,11363,미싱3줄(세로)
40108,엽서형,0,박(앞면),11543,금박무광(앞면) 15mm이하
40108,엽서형,0,박(앞면),11544,금박무광(앞면) 30mm이하
40108,엽서형,0,박(앞면),11545,금박무광(앞면) 70mm이하
40108,엽서형,0,박(앞면),11546,금박무광(앞면) 90mm미만
40108,엽서형,0,박(앞면),11538,금박유광(앞면) 15mm이하
40108,엽서형,0,박(앞면),11539,금박유광(앞면) 30mm이하
40108,엽서형,0,박(앞면),11540,금박유광(앞면) 70mm이하
40108,엽서형,0,박(앞면),11541,금박유광(앞면) 90mm미만
40108,엽서형,0,박(앞면),11568,녹박(앞면) 15mm이하
40108,엽서형,0,박(앞면),11569,녹박(앞면) 30mm이하
40108,엽서형,0,박(앞면),11570,녹박(앞면) 70mm이하
40108,엽서형,0,박(앞면),11571,녹박(앞면) 90mm미만
40108,엽서형,0,박(앞면),11574,먹박(앞면) 15mm이하
40108,엽서형,0,박(앞면),11575,먹박(앞면) 30mm이하
40108,엽서형,0,박(앞면),11576,먹박(앞면) 70mm이하
40108,엽서형,0,박(앞면),11577,먹박(앞면) 90mm미만
40108,엽서형,0,박(앞면),11553,은박무광(앞면) 15mm이하
40108,엽서형,0,박(앞면),11554,은박무광(앞면) 30mm이하
40108,엽서형,0,박(앞면),11555,은박무광(앞면) 70mm이하
40108,엽서형,0,박(앞면),11556,은박무광(앞면) 90mm미만
40108,엽서형,0,박(앞면),11548,은박유광(앞면) 15mm이하
40108,엽서형,0,박(앞면),11549,은박유광(앞면) 30mm이하
40108,엽서형,0,박(앞면),11550,은박유광(앞면) 70mm이하
40108,엽서형,0,박(앞면),11551,은박유광(앞면) 90mm미만
40108,엽서형,0,박(앞면),11558,적박(앞면) 15mm이하
40108,엽서형,0,박(앞면),11559,적박(앞면) 30mm이하
40108,엽서형,0,박(앞면),11560,적박(앞면) 70mm이하
40108,엽서형,0,박(앞면),11561,적박(앞면) 90mm미만
40108,엽서형,0,박(앞면),11563,청박(앞면) 15mm이하
40108,엽서형,0,박(앞면),11564,청박(앞면) 30mm이하
40108,엽서형,0,박(앞면),11565,청박(앞면) 70mm이하
40108,엽서형,0,박(앞면),11566,청박(앞면) 90mm미만
40108,엽서형,0,박(앞면),11579,홀로그램박(앞면) 15mm이하
40108,엽서형,0,박(앞면),11580,홀로그램박(앞면) 30mm이하
40108,엽서형,0,박(앞면),11581,홀로그램박(앞면) 70mm이하
40108,엽서형,0,박(앞면),11582,홀로그램박(앞면) 90mm미만
40108,엽서형,0,박(뒷면),11701,금박무광(뒷면) 15mm이하
40108,엽서형,0,박(뒷면),11702,금박무광(뒷면) 30mm이하
40108,엽서형,0,박(뒷면),11703,금박무광(뒷면) 70mm이하
40108,엽서형,0,박(뒷면),11704,금박무광(뒷면) 90mm미만
40108,엽서형,0,박(뒷면),11692,금박유광(뒷면) 15mm이하
40108,엽서형,0,박(뒷면),11693,금박유광(뒷면) 30mm이하
40108,엽서형,0,박(뒷면),11694,금박유광(뒷면) 70mm이하
40108,엽서형,0,박(뒷면),11695,금박유광(뒷면) 90mm미만
40108,엽서형,0,박(뒷면),11747,녹박(뒷면) 15mm이하
40108,엽서형,0,박(뒷면),11748,녹박(뒷면) 30mm이하
40108,엽서형,0,박(뒷면),11749,녹박(뒷면) 70mm이하
40108,엽서형,0,박(뒷면),11750,녹박(뒷면) 90mm미만
40108,엽서형,0,박(뒷면),11756,먹박(뒷면) 15mm이하
40108,엽서형,0,박(뒷면),11757,먹박(뒷면) 30mm이하
40108,엽서형,0,박(뒷면),11758,먹박(뒷면) 70mm이하
40108,엽서형,0,박(뒷면),11759,먹박(뒷면) 90mm미만
40108,엽서형,0,박(뒷면),11719,은박무광(뒷면) 15mm이하
40108,엽서형,0,박(뒷면),11720,은박무광(뒷면) 30mm이하
40108,엽서형,0,박(뒷면),11721,은박무광(뒷면) 70mm이하
40108,엽서형,0,박(뒷면),11722,은박무광(뒷면) 90mm미만
40108,엽서형,0,박(뒷면),11710,은박유광(뒷면) 15mm이하
40108,엽서형,0,박(뒷면),11712,은박유광(뒷면) 30mm이하
40108,엽서형,0,박(뒷면),11711,은박유광(뒷면) 70mm이하
40108,엽서형,0,박(뒷면),11713,은박유광(뒷면) 90mm미만
40108,엽서형,0,박(뒷면),11728,적박(뒷면) 15mm이하
40108,엽서형,0,박(뒷면),11729,적박(뒷면) 30mm이하
40108,엽서형,0,박(뒷면),11730,적박(뒷면) 70mm이하
40108,엽서형,0,박(뒷면),11731,적박(뒷면) 90mm미만
40108,엽서형,0,박(뒷면),11737,청박(뒷면) 15mm이하
40108,엽서형,0,박(뒷면),11738,청박(뒷면) 30mm이하
40108,엽서형,0,박(뒷면),11739,청박(뒷면) 70mm이하
40108,엽서형,0,박(뒷면),11740,청박(뒷면) 90mm미만
40108,엽서형,0,박(뒷면),11765,홀로그램박(뒷면) 15mm이하
40108,엽서형,0,박(뒷면),11766,홀로그램박(뒷면) 30mm이하
40108,엽서형,0,박(뒷면),11767,홀로그램박(뒷면) 70mm이하
40108,엽서형,0,박(뒷면),11768,홀로그램박(뒷면) 90mm미만
40108,엽서형,0,타공,11367,타공1개(3mm)
40108,엽서형,0,타공,11368,타공1개(4mm)
40108,엽서형,0,타공,11369,타공1개(5mm)
40108,엽서형,0,타공,11370,타공1개(6mm)
40108,엽서형,0,타공,11371,타공1개(7mm)
40108,엽서형,0,타공,11372,타공1개(8mm)
40108,엽서형,0,타공,11373,타공2개(3mm)
40108,엽서형,0,타공,11374,타공2개(4mm)
40108,엽서형,0,타공,11375,타공2개(5mm)
40108,엽서형,0,타공,11376,타공2개(6mm)
40108,엽서형,0,타공,11377,타공2개(7mm)
40108,엽서형,0,타공,11378,타공2개(8mm)
40108,엽서형,0,타공,11379,타공3개(3mm)
40108,엽서형,0,타공,11380,타공3개(4mm)
40108,엽서형,0,타공,11381,타공3개(5mm)
40108,엽서형,0,타공,11382,타공3개(6mm)
40108,엽서형,0,타공,11383,타공3개(7mm)
40108,엽서형,0,타공,11384,타공3개(8mm)
40108,엽서형,0,형압,11585,형압 15mm이하
40108,엽서형,0,형압,11586,형압 30mm이하
40108,엽서형,0,형압,11587,형압 70mm이하
40108,엽서형,0,형압,11588,형압 90mm미만
40108,엽서형,0,라운딩,23011,부분라운딩
40108,엽서형,0,라운딩,23010,전체라운딩
40110,쿠폰,0,오시,11347,오시1줄(가로)
40110,쿠폰,0,오시,11345,오시1줄(가로중앙)
40110,쿠폰,0,오시,11385,오시1줄(세로)
40110,쿠폰,0,오시,11346,오시1줄(세로중앙)
40110,쿠폰,0,오시,11348,오시2줄(가로)
40110,쿠폰,0,오시,11349,오시2줄(세로)
40110,쿠폰,0,오시,11350,오시3줄(가로)
40110,쿠폰,0,오시,11351,오시3줄(세로)
40110,쿠폰,0,미싱,11359,미싱1줄(가로)
40110,쿠폰,0,미싱,11357,미싱1줄(가로중앙)
40110,쿠폰,0,미싱,11388,미싱1줄(세로)
40110,쿠폰,0,미싱,11358,미싱1줄(세로중앙)
40110,쿠폰,0,미싱,11360,미싱2줄(가로)
40110,쿠폰,0,미싱,11361,미싱2줄(세로)
40110,쿠폰,0,미싱,11362,미싱3줄(가로)
40110,쿠폰,0,미싱,11363,미싱3줄(세로)
40110,쿠폰,0,박(앞면),11543,금박무광(앞면) 15mm이하
40110,쿠폰,0,박(앞면),11544,금박무광(앞면) 30mm이하
40110,쿠폰,0,박(앞면),11545,금박무광(앞면) 70mm이하
40110,쿠폰,0,박(앞면),11546,금박무광(앞면) 90mm미만
40110,쿠폰,0,박(앞면),11538,금박유광(앞면) 15mm이하
40110,쿠폰,0,박(앞면),11539,금박유광(앞면) 30mm이하
40110,쿠폰,0,박(앞면),11540,금박유광(앞면) 70mm이하
40110,쿠폰,0,박(앞면),11541,금박유광(앞면) 90mm미만
40110,쿠폰,0,박(앞면),11568,녹박(앞면) 15mm이하
40110,쿠폰,0,박(앞면),11569,녹박(앞면) 30mm이하
40110,쿠폰,0,박(앞면),11570,녹박(앞면) 70mm이하
40110,쿠폰,0,박(앞면),11571,녹박(앞면) 90mm미만
40110,쿠폰,0,박(앞면),11574,먹박(앞면) 15mm이하
40110,쿠폰,0,박(앞면),11575,먹박(앞면) 30mm이하
40110,쿠폰,0,박(앞면),11576,먹박(앞면) 70mm이하
40110,쿠폰,0,박(앞면),11577,먹박(앞면) 90mm미만
40110,쿠폰,0,박(앞면),11553,은박무광(앞면) 15mm이하
40110,쿠폰,0,박(앞면),11554,은박무광(앞면) 30mm이하
40110,쿠폰,0,박(앞면),11555,은박무광(앞면) 70mm이하
40110,쿠폰,0,박(앞면),11556,은박무광(앞면) 90mm미만
40110,쿠폰,0,박(앞면),11548,은박유광(앞면) 15mm이하
40110,쿠폰,0,박(앞면),11549,은박유광(앞면) 30mm이하
40110,쿠폰,0,박(앞면),11550,은박유광(앞면) 70mm이하
40110,쿠폰,0,박(앞면),11551,은박유광(앞면) 90mm미만
40110,쿠폰,0,박(앞면),11558,적박(앞면) 15mm이하
40110,쿠폰,0,박(앞면),11559,적박(앞면) 30mm이하
40110,쿠폰,0,박(앞면),11560,적박(앞면) 70mm이하
40110,쿠폰,0,박(앞면),11561,적박(앞면) 90mm미만
40110,쿠폰,0,박(앞면),11563,청박(앞면) 15mm이하
40110,쿠폰,0,박(앞면),11564,청박(앞면) 30mm이하
40110,쿠폰,0,박(앞면),11565,청박(앞면) 70mm이하
40110,쿠폰,0,박(앞면),11566,청박(앞면) 90mm미만
40110,쿠폰,0,박(앞면),11579,홀로그램박(앞면) 15mm이하
40110,쿠폰,0,박(앞면),11580,홀로그램박(앞면) 30mm이하
40110,쿠폰,0,박(앞면),11581,홀로그램박(앞면) 70mm이하
40110,쿠폰,0,박(앞면),11582,홀로그램박(앞면) 90mm미만
40110,쿠폰,0,형압,11585,형압 15mm이하
40110,쿠폰,0,형압,11586,형압 30mm이하
40110,쿠폰,0,형압,11587,형압 70mm이하
40110,쿠폰,0,형압,11588,형압 90mm미만
40110,쿠폰,0,박(뒷면),11701,금박무광(뒷면) 15mm이하
40110,쿠폰,0,박(뒷면),11702,금박무광(뒷면) 30mm이하
40110,쿠폰,0,박(뒷면),11703,금박무광(뒷면) 70mm이하
40110,쿠폰,0,박(뒷면),11704,금박무광(뒷면) 90mm미만
40110,쿠폰,0,박(뒷면),11692,금박유광(뒷면) 15mm이하
40110,쿠폰,0,박(뒷면),11693,금박유광(뒷면) 30mm이하
40110,쿠폰,0,박(뒷면),11694,금박유광(뒷면) 70mm이하
40110,쿠폰,0,박(뒷면),11695,금박유광(뒷면) 90mm미만
40110,쿠폰,0,박(뒷면),11747,녹박(뒷면) 15mm이하
40110,쿠폰,0,박(뒷면),11748,녹박(뒷면) 30mm이하
40110,쿠폰,0,박(뒷면),11749,녹박(뒷면) 70mm이하
40110,쿠폰,0,박(뒷면),11750,녹박(뒷면) 90mm미만
40110,쿠폰,0,박(뒷면),11756,먹박(뒷면) 15mm이하
40110,쿠폰,0,박(뒷면),11757,먹박(뒷면) 30mm이하
40110,쿠폰,0,박(뒷면),11758,먹박(뒷면) 70mm이하
40110,쿠폰,0,박(뒷면),11759,먹박(뒷면) 90mm미만
40110,쿠폰,0,박(뒷면),11719,은박무광(뒷면) 15mm이하
40110,쿠폰,0,박(뒷면),11720,은박무광(뒷면) 30mm이하
40110,쿠폰,0,박(뒷면),11721,은박무광(뒷면) 70mm이하
40110,쿠폰,0,박(뒷면),11722,은박무광(뒷면) 90mm미만
40110,쿠폰,0,박(뒷면),11710,은박유광(뒷면) 15mm이하
40110,쿠폰,0,박(뒷면),11712,은박유광(뒷면) 30mm이하
40110,쿠폰,0,박(뒷면),11711,은박유광(뒷면) 70mm이하
40110,쿠폰,0,박(뒷면),11713,은박유광(뒷면) 90mm미만
40110,쿠폰,0,박(뒷면),11728,적박(뒷면) 15mm이하
40110,쿠폰,0,박(뒷면),11729,적박(뒷면) 30mm이하
40110,쿠폰,0,박(뒷면),11730,적박(뒷면) 70mm이하
40110,쿠폰,0,박(뒷면),11731,적박(뒷면) 90mm미만
40110,쿠폰,0,박(뒷면),11737,청박(뒷면) 15mm이하
40110,쿠폰,0,박(뒷면),11738,청박(뒷면) 30mm이하
40110,쿠폰,0,박(뒷면),11739,청박(뒷면) 70mm이하
40110,쿠폰,0,박(뒷면),11740,청박(뒷면) 90mm미만
40110,쿠폰,0,박(뒷면),11765,홀로그램박(뒷면) 15mm이하
40110,쿠폰,0,박(뒷면),11766,홀로그램박(뒷면) 30mm이하
40110,쿠폰,0,박(뒷면),11767,홀로그램박(뒷면) 70mm이하
40110,쿠폰,0,박(뒷면),11768,홀로그램박(뒷면) 90mm미만
40110,쿠폰,0,라운딩,23011,부분라운딩
40110,쿠폰,0,라운딩,23010,전체라운딩
40110,쿠폰,0,타공,11367,타공1개(3mm)
40110,쿠폰,0,타공,11368,타공1개(4mm)
40110,쿠폰,0,타공,11369,타공1개(5mm)
40110,쿠폰,0,타공,11370,타공1개(6mm)
40110,쿠폰,0,타공,11371,타공1개(7mm)
40110,쿠폰,0,타공,11372,타공1개(8mm)
40110,쿠폰,0,타공,11373,타공2개(3mm)
40110,쿠폰,0,타공,11374,타공2개(4mm)
40110,쿠폰,0,타공,11375,타공2개(5mm)
40110,쿠폰,0,타공,11376,타공2개(6mm)
40110,쿠폰,0,타공,11377,타공2개(7mm)
40110,쿠폰,0,타공,11378,타공2개(8mm)
40110,쿠폰,0,타공,11379,타공3개(3mm)
40110,쿠폰,0,타공,11380,타공3개(4mm)
40110,쿠폰,0,타공,11381,타공3개(5mm)
40110,쿠폰,0,타공,11382,타공3개(6mm)
40110,쿠폰,0,타공,11383,타공3개(7mm)
40110,쿠폰,0,타공,11384,타공3개(8mm)
40114,족자형현수막,0,나무+로프,11391,나무+로프(상하 900)
40114,족자형현수막,0,반달걸이,40001,반달걸이 1개
40115,일반현수막,0,나무+로프,11390,나무+로프(상하 700)
40115,일반현수막,0,나무+로프,11391,나무+로프(상하 900)
40115,일반현수막,0,나무+로프,11788,나무+로프(좌우 700)
40115,일반현수막,0,나무+로프,11789,나무+로프(좌우 900)
40115,일반현수막,0,테두리마감,11414,현수막 미싱(사방)
40115,일반현수막,0,테두리마감,11412,현수막 미싱(상하)
40115,일반현수막,0,테두리마감,11413,현수막 미싱(좌우)
40115,일반현수막,0,테두리마감,11411,현수막 열재단(사방)
40115,일반현수막,0,테두리마감,11409,현수막 열재단(상하)
40115,일반현수막,0,테두리마감,11410,현수막 열재단(좌우)
40115,일반현수막,0,아일렛,42104,아일렛 10개
40115,일반현수막,0,아일렛,42105,아일렛 12개
40115,일반현수막,0,아일렛,42106,아일렛 14개
40115,일반현수막,0,아일렛,42107,아일렛 16개
40115,일반현수막,0,아일렛,42108,아일렛 18개
40115,일반현수막,0,아일렛,42109,아일렛 20개
40115,일반현수막,0,아일렛,42101,아일렛 4개
40115,일반현수막,0,아일렛,42102,아일렛 6개
40115,일반현수막,0,아일렛,42103,아일렛 8개
40137,3단접지형,0,오시,11389,오시2줄
40137,3단접지형,0,미싱,11359,미싱1줄(가로)
40137,3단접지형,0,미싱,11357,미싱1줄(가로중앙)
40137,3단접지형,0,미싱,11388,미싱1줄(세로)
40137,3단접지형,0,미싱,11358,미싱1줄(세로중앙)
40137,3단접지형,0,미싱,11360,미싱2줄(가로)
40137,3단접지형,0,미싱,11361,미싱2줄(세로)
40137,3단접지형,0,미싱,11362,미싱3줄(가로)
40137,3단접지형,0,미싱,11363,미싱3줄(세로)
40137,3단접지형,0,타공,11367,타공1개(3mm)
40137,3단접지형,0,타공,11368,타공1개(4mm)
40137,3단접지형,0,타공,11369,타공1개(5mm)
40137,3단접지형,0,타공,11370,타공1개(6mm)
40137,3단접지형,0,타공,11371,타공1개(7mm)
40137,3단접지형,0,타공,11372,타공1개(8mm)
40137,3단접지형,0,타공,11373,타공2개(3mm)
40137,3단접지형,0,타공,11374,타공2개(4mm)
40137,3단접지형,0,타공,11375,타공2개(5mm)
40137,3단접지형,0,타공,11376,타공2개(6mm)
40137,3단접지형,0,타공,11377,타공2개(7mm)
40137,3단접지형,0,타공,11378,타공2개(8mm)
40137,3단접지형,0,타공,11379,타공3개(3mm)
40137,3단접지형,0,타공,11380,타공3개(4mm)
40137,3단접지형,0,타공,11381,타공3개(5mm)
40137,3단접지형,0,타공,11382,타공3개(6mm)
40137,3단접지형,0,타공,11383,타공3개(7mm)
40137,3단접지형,0,타공,11384,타공3개(8mm)
40137,3단접지형,0,박(앞면),11543,금박무광(앞면) 15mm이하
40137,3단접지형,0,박(앞면),11544,금박무광(앞면) 30mm이하
40137,3단접지형,0,박(앞면),11545,금박무광(앞면) 70mm이하
40137,3단접지형,0,박(앞면),11546,금박무광(앞면) 90mm미만
40137,3단접지형,0,박(앞면),11538,금박유광(앞면) 15mm이하
40137,3단접지형,0,박(앞면),11539,금박유광(앞면) 30mm이하
40137,3단접지형,0,박(앞면),11540,금박유광(앞면) 70mm이하
40137,3단접지형,0,박(앞면),11541,금박유광(앞면) 90mm미만
40137,3단접지형,0,박(앞면),11568,녹박(앞면) 15mm이하
40137,3단접지형,0,박(앞면),11569,녹박(앞면) 30mm이하
40137,3단접지형,0,박(앞면),11570,녹박(앞면) 70mm이하
40137,3단접지형,0,박(앞면),11571,녹박(앞면) 90mm미만
40137,3단접지형,0,박(앞면),11574,먹박(앞면) 15mm이하
40137,3단접지형,0,박(앞면),11575,먹박(앞면) 30mm이하
40137,3단접지형,0,박(앞면),11576,먹박(앞면) 70mm이하
40137,3단접지형,0,박(앞면),11577,먹박(앞면) 90mm미만
40137,3단접지형,0,박(앞면),11553,은박무광(앞면) 15mm이하
40137,3단접지형,0,박(앞면),11554,은박무광(앞면) 30mm이하
40137,3단접지형,0,박(앞면),11555,은박무광(앞면) 70mm이하
40137,3단접지형,0,박(앞면),11556,은박무광(앞면) 90mm미만
40137,3단접지형,0,박(앞면),11548,은박유광(앞면) 15mm이하
40137,3단접지형,0,박(앞면),11549,은박유광(앞면) 30mm이하
40137,3단접지형,0,박(앞면),11550,은박유광(앞면) 70mm이하
40137,3단접지형,0,박(앞면),11551,은박유광(앞면) 90mm미만
40137,3단접지형,0,박(앞면),11558,적박(앞면) 15mm이하
40137,3단접지형,0,박(앞면),11559,적박(앞면) 30mm이하
40137,3단접지형,0,박(앞면),11560,적박(앞면) 70mm이하
40137,3단접지형,0,박(앞면),11561,적박(앞면) 90mm미만
40137,3단접지형,0,박(앞면),11563,청박(앞면) 15mm이하
40137,3단접지형,0,박(앞면),11564,청박(앞면) 30mm이하
40137,3단접지형,0,박(앞면),11565,청박(앞면) 70mm이하
40137,3단접지형,0,박(앞면),11566,청박(앞면) 90mm미만
40137,3단접지형,0,박(앞면),11579,홀로그램박(앞면) 15mm이하
40137,3단접지형,0,박(앞면),11580,홀로그램박(앞면) 30mm이하
40137,3단접지형,0,박(앞면),11581,홀로그램박(앞면) 70mm이하
40137,3단접지형,0,박(앞면),11582,홀로그램박(앞면) 90mm미만
40137,3단접지형,0,형압,11585,형압 15mm이하
40137,3단접지형,0,형압,11586,형압 30mm이하
40137,3단접지형,0,형압,11587,형압 70mm이하
40137,3단접지형,0,형압,11588,형압 90mm미만
40137,3단접지형,0,박(뒷면),11701,금박무광(뒷면) 15mm이하
40137,3단접지형,0,박(뒷면),11702,금박무광(뒷면) 30mm이하
40137,3단접지형,0,박(뒷면),11703,금박무광(뒷면) 70mm이하
40137,3단접지형,0,박(뒷면),11704,금박무광(뒷면) 90mm미만
40137,3단접지형,0,박(뒷면),11692,금박유광(뒷면) 15mm이하
40137,3단접지형,0,박(뒷면),11693,금박유광(뒷면) 30mm이하
40137,3단접지형,0,박(뒷면),11694,금박유광(뒷면) 70mm이하
40137,3단접지형,0,박(뒷면),11695,금박유광(뒷면) 90mm미만
40137,3단접지형,0,박(뒷면),11747,녹박(뒷면) 15mm이하
40137,3단접지형,0,박(뒷면),11748,녹박(뒷면) 30mm이하
40137,3단접지형,0,박(뒷면),11749,녹박(뒷면) 70mm이하
40137,3단접지형,0,박(뒷면),11750,녹박(뒷면) 90mm미만
40137,3단접지형,0,박(뒷면),11756,먹박(뒷면) 15mm이하
40137,3단접지형,0,박(뒷면),11757,먹박(뒷면) 30mm이하
40137,3단접지형,0,박(뒷면),11758,먹박(뒷면) 70mm이하
40137,3단접지형,0,박(뒷면),11759,먹박(뒷면) 90mm미만
40137,3단접지형,0,박(뒷면),11719,은박무광(뒷면) 15mm이하
40137,3단접지형,0,박(뒷면),11720,은박무광(뒷면) 30mm이하
40137,3단접지형,0,박(뒷면),11721,은박무광(뒷면) 70mm이하
40137,3단접지형,0,박(뒷면),11722,은박무광(뒷면) 90mm미만
40137,3단접지형,0,박(뒷면),11710,은박유광(뒷면) 15mm이하
40137,3단접지형,0,박(뒷면),11712,은박유광(뒷면) 30mm이하
40137,3단접지형,0,박(뒷면),11711,은박유광(뒷면) 70mm이하
40137,3단접지형,0,박(뒷면),11713,은박유광(뒷면) 90mm미만
40137,3단접지형,0,박(뒷면),11728,적박(뒷면) 15mm이하
40137,3단접지형,0,박(뒷면),11729,적박(뒷면) 30mm이하
40137,3단접지형,0,박(뒷면),11730,적박(뒷면) 70mm이하
40137,3단접지형,0,박(뒷면),11731,적박(뒷면) 90mm미만
40137,3단접지형,0,박(뒷면),11737,청박(뒷면) 15mm이하
40137,3단접지형,0,박(뒷면),11738,청박(뒷면) 30mm이하
40137,3단접지형,0,박(뒷면),11739,청박(뒷면) 70mm이하
40137,3단접지형,0,박(뒷면),11740,청박(뒷면) 90mm미만
40137,3단접지형,0,박(뒷면),11765,홀로그램박(뒷면) 15mm이하
40137,3단접지형,0,박(뒷면),11766,홀로그램박(뒷면) 30mm이하
40137,3단접지형,0,박(뒷면),11767,홀로그램박(뒷면) 70mm이하
40137,3단접지형,0,박(뒷면),11768,홀로그램박(뒷면) 90mm미만
40137,3단접지형,0,라운딩,23011,부분라운딩
40137,3단접지형,0,라운딩,23010,전체라운딩
40142,UV코팅명함(핫딜),0,라운딩,23011,부분라운딩
40142,UV코팅명함(핫딜),0,라운딩,23010,전체라운딩
40145,핫딜스티커,0,칼선,36101,칼선 단순 1개
40145,핫딜스티커,0,칼선방향,36510,칼선 가로방향
40145,핫딜스티커,0,칼선방향,36511,칼선 세로방향
40147,메시지카드,0,타공,11367,타공1개(3mm)
40147,메시지카드,0,타공,11368,타공1개(4mm)
40147,메시지카드,0,타공,11369,타공1개(5mm)
40147,메시지카드,0,타공,11370,타공1개(6mm)
40147,메시지카드,0,타공,11371,타공1개(7mm)
40147,메시지카드,0,타공,11372,타공1개(8mm)
40147,메시지카드,0,타공,11373,타공2개(3mm)
40147,메시지카드,0,타공,11374,타공2개(4mm)
40147,메시지카드,0,타공,11375,타공2개(5mm)
40147,메시지카드,0,타공,11376,타공2개(6mm)
40147,메시지카드,0,타공,11377,타공2개(7mm)
40147,메시지카드,0,타공,11378,타공2개(8mm)
40147,메시지카드,0,타공,11379,타공3개(3mm)
40147,메시지카드,0,타공,11380,타공3개(4mm)
40147,메시지카드,0,타공,11381,타공3개(5mm)
40147,메시지카드,0,타공,11382,타공3개(6mm)
40147,메시지카드,0,타공,11383,타공3개(7mm)
40147,메시지카드,0,타공,11384,타공3개(8mm)
40147,메시지카드,0,박(앞면),11543,금박무광(앞면) 15mm이하
40147,메시지카드,0,박(앞면),11544,금박무광(앞면) 30mm이하
40147,메시지카드,0,박(앞면),11545,금박무광(앞면) 70mm이하
40147,메시지카드,0,박(앞면),11546,금박무광(앞면) 90mm미만
40147,메시지카드,0,박(앞면),11538,금박유광(앞면) 15mm이하
40147,메시지카드,0,박(앞면),11539,금박유광(앞면) 30mm이하
40147,메시지카드,0,박(앞면),11540,금박유광(앞면) 70mm이하
40147,메시지카드,0,박(앞면),11541,금박유광(앞면) 90mm미만
40147,메시지카드,0,박(앞면),11568,녹박(앞면) 15mm이하
40147,메시지카드,0,박(앞면),11569,녹박(앞면) 30mm이하
40147,메시지카드,0,박(앞면),11570,녹박(앞면) 70mm이하
40147,메시지카드,0,박(앞면),11571,녹박(앞면) 90mm미만
40147,메시지카드,0,박(앞면),11574,먹박(앞면) 15mm이하
40147,메시지카드,0,박(앞면),11575,먹박(앞면) 30mm이하
40147,메시지카드,0,박(앞면),11576,먹박(앞면) 70mm이하
40147,메시지카드,0,박(앞면),11577,먹박(앞면) 90mm미만
40147,메시지카드,0,박(앞면),11553,은박무광(앞면) 15mm이하
40147,메시지카드,0,박(앞면),11554,은박무광(앞면) 30mm이하
40147,메시지카드,0,박(앞면),11555,은박무광(앞면) 70mm이하
40147,메시지카드,0,박(앞면),11556,은박무광(앞면) 90mm미만
40147,메시지카드,0,박(앞면),11548,은박유광(앞면) 15mm이하
40147,메시지카드,0,박(앞면),11549,은박유광(앞면) 30mm이하
40147,메시지카드,0,박(앞면),11550,은박유광(앞면) 70mm이하
40147,메시지카드,0,박(앞면),11551,은박유광(앞면) 90mm미만
40147,메시지카드,0,박(앞면),11558,적박(앞면) 15mm이하
40147,메시지카드,0,박(앞면),11559,적박(앞면) 30mm이하
40147,메시지카드,0,박(앞면),11560,적박(앞면) 70mm이하
40147,메시지카드,0,박(앞면),11561,적박(앞면) 90mm미만
40147,메시지카드,0,박(앞면),11563,청박(앞면) 15mm이하
40147,메시지카드,0,박(앞면),11564,청박(앞면) 30mm이하
40147,메시지카드,0,박(앞면),11565,청박(앞면) 70mm이하
40147,메시지카드,0,박(앞면),11566,청박(앞면) 90mm미만
40147,메시지카드,0,박(앞면),11579,홀로그램박(앞면) 15mm이하
40147,메시지카드,0,박(앞면),11580,홀로그램박(앞면) 30mm이하
40147,메시지카드,0,박(앞면),11581,홀로그램박(앞면) 70mm이하
40147,메시지카드,0,박(앞면),11582,홀로그램박(앞면) 90mm미만
40147,메시지카드,0,박(뒷면),11701,금박무광(뒷면) 15mm이하
40147,메시지카드,0,박(뒷면),11702,금박무광(뒷면) 30mm이하
40147,메시지카드,0,박(뒷면),11703,금박무광(뒷면) 70mm이하
40147,메시지카드,0,박(뒷면),11704,금박무광(뒷면) 90mm미만
40147,메시지카드,0,박(뒷면),11692,금박유광(뒷면) 15mm이하
40147,메시지카드,0,박(뒷면),11693,금박유광(뒷면) 30mm이하
40147,메시지카드,0,박(뒷면),11694,금박유광(뒷면) 70mm이하
40147,메시지카드,0,박(뒷면),11695,금박유광(뒷면) 90mm미만
40147,메시지카드,0,박(뒷면),11747,녹박(뒷면) 15mm이하
40147,메시지카드,0,박(뒷면),11748,녹박(뒷면) 30mm이하
40147,메시지카드,0,박(뒷면),11749,녹박(뒷면) 70mm이하
40147,메시지카드,0,박(뒷면),11750,녹박(뒷면) 90mm미만
40147,메시지카드,0,박(뒷면),11756,먹박(뒷면) 15mm이하
40147,메시지카드,0,박(뒷면),11757,먹박(뒷면) 30mm이하
40147,메시지카드,0,박(뒷면),11758,먹박(뒷면) 70mm이하
40147,메시지카드,0,박(뒷면),11759,먹박(뒷면) 90mm미만
40147,메시지카드,0,박(뒷면),11719,은박무광(뒷면) 15mm이하
40147,메시지카드,0,박(뒷면),11720,은박무광(뒷면) 30mm이하
40147,메시지카드,0,박(뒷면),11721,은박무광(뒷면) 70mm이하
40147,메시지카드,0,박(뒷면),11722,은박무광(뒷면) 90mm미만
40147,메시지카드,0,박(뒷면),11710,은박유광(뒷면) 15mm이하
40147,메시지카드,0,박(뒷면),11712,은박유광(뒷면) 30mm이하
40147,메시지카드,0,박(뒷면),11711,은박유광(뒷면) 70mm이하
40147,메시지카드,0,박(뒷면),11713,은박유광(뒷면) 90mm미만
40147,메시지카드,0,박(뒷면),11728,적박(뒷면) 15mm이하
40147,메시지카드,0,박(뒷면),11729,적박(뒷면) 30mm이하
40147,메시지카드,0,박(뒷면),11730,적박(뒷면) 70mm이하
40147,메시지카드,0,박(뒷면),11731,적박(뒷면) 90mm미만
40147,메시지카드,0,박(뒷면),11737,청박(뒷면) 15mm이하
40147,메시지카드,0,박(뒷면),11738,청박(뒷면) 30mm이하
40147,메시지카드,0,박(뒷면),11739,청박(뒷면) 70mm이하
40147,메시지카드,0,박(뒷면),11740,청박(뒷면) 90mm미만
40147,메시지카드,0,박(뒷면),11765,홀로그램박(뒷면) 15mm이하
40147,메시지카드,0,박(뒷면),11766,홀로그램박(뒷면) 30mm이하
40147,메시지카드,0,박(뒷면),11767,홀로그램박(뒷면) 70mm이하
40147,메시지카드,0,박(뒷면),11768,홀로그램박(뒷면) 90mm미만
40147,메시지카드,0,형압,11585,형압 15mm이하
40147,메시지카드,0,형압,11586,형압 30mm이하
40147,메시지카드,0,형압,11587,형압 70mm이하
40147,메시지카드,0,형압,11588,형압 90mm미만
40147,메시지카드,0,라운딩,23011,부분라운딩
40147,메시지카드,0,라운딩,23010,전체라운딩
40148,인스,0,칼선방향,36510,칼선 가로방향
40148,인스,0,칼선방향,36511,칼선 세로방향
40149,도무송,0,칼선,36110,칼선 단순 10개
40149,도무송,0,칼선,36111,칼선 단순 11개
40149,도무송,0,칼선,36112,칼선 단순 12개
40149,도무송,0,칼선,36113,칼선 단순 13개
40149,도무송,0,칼선,36114,칼선 단순 14개
40149,도무송,0,칼선,36115,칼선 단순 15개
40149,도무송,0,칼선,36116,칼선 단순 16개
40149,도무송,0,칼선,36117,칼선 단순 17개
40149,도무송,0,칼선,36118,칼선 단순 18개
40149,도무송,0,칼선,36119,칼선 단순 19개
40149,도무송,0,칼선,36101,칼선 단순 1개
40149,도무송,0,칼선,36120,칼선 단순 20개
40149,도무송,0,칼선,11440,칼선 단순 21개
40149,도무송,0,칼선,11437,칼선 단순 22개
40149,도무송,0,칼선,11438,칼선 단순 23개
40149,도무송,0,칼선,11439,칼선 단순 24개
40149,도무송,0,칼선,11436,칼선 단순 25개
40149,도무송,0,칼선,11435,칼선 단순 26개
40149,도무송,0,칼선,11431,칼선 단순 27개
40149,도무송,0,칼선,11432,칼선 단순 28개
40149,도무송,0,칼선,11433,칼선 단순 29개
40149,도무송,0,칼선,36102,칼선 단순 2개
40149,도무송,0,칼선,11434,칼선 단순 30개
40149,도무송,0,칼선,36103,칼선 단순 3개
40149,도무송,0,칼선,36104,칼선 단순 4개
40149,도무송,0,칼선,36105,칼선 단순 5개
40149,도무송,0,칼선,36106,칼선 단순 6개
40149,도무송,0,칼선,36107,칼선 단순 7개
40149,도무송,0,칼선,36108,칼선 단순 8개
40149,도무송,0,칼선,36109,칼선 단순 9개
40159,유포시트지,0,재단,29032,2등분재단
40159,유포시트지,0,재단,29033,3등분재단
40159,유포시트지,0,재단,29034,4등분재단
40159,유포시트지,0,재단,29035,5등분재단
40159,유포시트지,0,재단,29036,6등분재단
40159,유포시트지,0,재단,29010,규격재단
40160,메쉬배너,0,아일렛,42101,아일렛 4개
40160,메쉬배너,0,아일렛,11408,아일렛 없음
40161,투명배너,0,아일렛,42101,아일렛 4개
40161,투명배너,0,아일렛,11408,아일렛 없음
40162,미니 투명배너,0,사방타공,11805,사방타공 없음
40162,미니 투명배너,0,사방타공,11804,사방타공 있음
40164,포맥스보드,0,보드타공,43342,10개
40164,포맥스보드,0,보드타공,43343,11개
40164,포맥스보드,0,보드타공,43344,12개
40164,포맥스보드,0,보드타공,43345,13개
40164,포맥스보드,0,보드타공,43346,14개
40164,포맥스보드,0,보드타공,43347,15개
40164,포맥스보드,0,보드타공,43348,16개
40164,포맥스보드,0,보드타공,43349,17개
40164,포맥스보드,0,보드타공,43350,18개
40164,포맥스보드,0,보드타공,43351,19개
40164,포맥스보드,0,보드타공,43333,1개
40164,포맥스보드,0,보드타공,43352,20개
40164,포맥스보드,0,보드타공,43334,2개
40164,포맥스보드,0,보드타공,43335,3개
40164,포맥스보드,0,보드타공,43336,4개
40164,포맥스보드,0,보드타공,43337,5개
40164,포맥스보드,0,보드타공,43338,6개
40164,포맥스보드,0,보드타공,43339,7개
40164,포맥스보드,0,보드타공,43340,8개
40164,포맥스보드,0,보드타공,43341,9개
40165,PVC시트지(수성잉크),0,재단,29032,2등분재단
40165,PVC시트지(수성잉크),0,재단,29033,3등분재단
40165,PVC시트지(수성잉크),0,재단,29034,4등분재단
40165,PVC시트지(수성잉크),0,재단,29035,5등분재단
40165,PVC시트지(수성잉크),0,재단,29036,6등분재단
40165,PVC시트지(수성잉크),0,재단,29010,규격재단
40166,PVC시트지(UV잉크),0,재단,29032,2등분재단
40166,PVC시트지(UV잉크),0,재단,29033,3등분재단
40166,PVC시트지(UV잉크),0,재단,29034,4등분재단
40166,PVC시트지(UV잉크),0,재단,29035,5등분재단
40166,PVC시트지(UV잉크),0,재단,29036,6등분재단
40166,PVC시트지(UV잉크),0,재단,29010,규격재단
40167,투명시트지,0,재단,29032,2등분재단
40167,투명시트지,0,재단,29033,3등분재단
40167,투명시트지,0,재단,29034,4등분재단
40167,투명시트지,0,재단,29035,5등분재단
40167,투명시트지,0,재단,29036,6등분재단
40167,투명시트지,0,재단,29010,규격재단
40168,반투명시트지,0,재단,29032,2등분재단
40168,반투명시트지,0,재단,29033,3등분재단
40168,반투명시트지,0,재단,29034,4등분재단
40168,반투명시트지,0,재단,29035,5등분재단
40168,반투명시트지,0,재단,29036,6등분재단
40168,반투명시트지,0,재단,29010,규격재단
40172,PP홀더(박),0,박(앞면),43353,금박유광(앞면)10x10~30x100mm이하
40172,PP홀더(박),0,박(앞면),43354,은박유광(앞면) 10x10~30x100mm이하
40172,PP홀더(박),0,박(뒷면),43355,금박유광(뒷면) 10x10~30x100mm이하
40172,PP홀더(박),0,박(뒷면),43356,은박유광(뒷면) 10x10~30x100mm이하
40179,종이슬로건,0,코팅,31102,단면 무광코팅
40179,종이슬로건,0,코팅,31101,단면 유광코팅
40179,종이슬로건,0,코팅,31202,양면 무광코팅
40179,종이슬로건,0,코팅,31201,양면 유광코팅
40180,미니배너,0,사방타공,11805,사방타공 없음
40180,미니배너,0,사방타공,11804,사방타공 있음
40181,미니 투명배너,0,사방타공,11805,사방타공 없음
40181,미니 투명배너,0,사방타공,11804,사방타공 있음
40182,소량포스터,0,재단,29010,규격재단
40182,소량포스터,0,재단,29020,비규격재단
40182,소량포스터,0,재단,42111,재단없음
40182,소량포스터,0,코팅,31102,단면 무광코팅
40182,소량포스터,0,코팅,31101,단면 유광코팅
40182,소량포스터,0,코팅,31202,양면 무광코팅
40182,소량포스터,0,코팅,31201,양면 유광코팅
40184,캔버스액자,0,고리,10418,고리(가로방향)
40184,캔버스액자,0,고리,10419,고리(세로방향)
40189,떡메모지,0,떡제본,43286,떡제본(상철)
40189,떡메모지,0,떡제본,43287,떡제본(좌철)
40192,합지명함,0,박(앞면),11543,금박무광(앞면) 15mm이하
40192,합지명함,0,박(앞면),11544,금박무광(앞면) 30mm이하
40192,합지명함,0,박(앞면),11545,금박무광(앞면) 70mm이하
40192,합지명함,0,박(앞면),11546,금박무광(앞면) 90mm미만
40192,합지명함,0,박(앞면),11538,금박유광(앞면) 15mm이하
40192,합지명함,0,박(앞면),11539,금박유광(앞면) 30mm이하
40192,합지명함,0,박(앞면),11540,금박유광(앞면) 70mm이하
40192,합지명함,0,박(앞면),11541,금박유광(앞면) 90mm미만
40192,합지명함,0,박(앞면),11568,녹박(앞면) 15mm이하
40192,합지명함,0,박(앞면),11569,녹박(앞면) 30mm이하
40192,합지명함,0,박(앞면),11570,녹박(앞면) 70mm이하
40192,합지명함,0,박(앞면),11571,녹박(앞면) 90mm미만
40192,합지명함,0,박(앞면),11574,먹박(앞면) 15mm이하
40192,합지명함,0,박(앞면),11575,먹박(앞면) 30mm이하
40192,합지명함,0,박(앞면),11576,먹박(앞면) 70mm이하
40192,합지명함,0,박(앞면),11577,먹박(앞면) 90mm미만
40192,합지명함,0,박(앞면),11553,은박무광(앞면) 15mm이하
40192,합지명함,0,박(앞면),11554,은박무광(앞면) 30mm이하
40192,합지명함,0,박(앞면),11555,은박무광(앞면) 70mm이하
40192,합지명함,0,박(앞면),11556,은박무광(앞면) 90mm미만
40192,합지명함,0,박(앞면),11548,은박유광(앞면) 15mm이하
40192,합지명함,0,박(앞면),11549,은박유광(앞면) 30mm이하
40192,합지명함,0,박(앞면),11550,은박유광(앞면) 70mm이하
40192,합지명함,0,박(앞면),11551,은박유광(앞면) 90mm미만
40192,합지명함,0,박(앞면),11558,적박(앞면) 15mm이하
40192,합지명함,0,박(앞면),11559,적박(앞면) 30mm이하
40192,합지명함,0,박(앞면),11560,적박(앞면) 70mm이하
40192,합지명함,0,박(앞면),11561,적박(앞면) 90mm미만
40192,합지명함,0,박(앞면),11563,청박(앞면) 15mm이하
40192,합지명함,0,박(앞면),11564,청박(앞면) 30mm이하
40192,합지명함,0,박(앞면),11565,청박(앞면) 70mm이하
40192,합지명함,0,박(앞면),11566,청박(앞면) 90mm미만
40192,합지명함,0,박(앞면),11579,홀로그램박(앞면) 15mm이하
40192,합지명함,0,박(앞면),11580,홀로그램박(앞면) 30mm이하
40192,합지명함,0,박(앞면),11581,홀로그램박(앞면) 70mm이하
40192,합지명함,0,박(앞면),11582,홀로그램박(앞면) 90mm미만
40192,합지명함,0,형압,11585,형압 15mm이하
40192,합지명함,0,형압,11586,형압 30mm이하
40192,합지명함,0,형압,11587,형압 70mm이하
40192,합지명함,0,형압,11588,형압 90mm미만
40192,합지명함,0,박(뒷면),11701,금박무광(뒷면) 15mm이하
40192,합지명함,0,박(뒷면),11702,금박무광(뒷면) 30mm이하
40192,합지명함,0,박(뒷면),11703,금박무광(뒷면) 70mm이하
40192,합지명함,0,박(뒷면),11704,금박무광(뒷면) 90mm미만
40192,합지명함,0,박(뒷면),11692,금박유광(뒷면) 15mm이하
40192,합지명함,0,박(뒷면),11693,금박유광(뒷면) 30mm이하
40192,합지명함,0,박(뒷면),11694,금박유광(뒷면) 70mm이하
40192,합지명함,0,박(뒷면),11695,금박유광(뒷면) 90mm미만
40192,합지명함,0,박(뒷면),11747,녹박(뒷면) 15mm이하
40192,합지명함,0,박(뒷면),11748,녹박(뒷면) 30mm이하
40192,합지명함,0,박(뒷면),11749,녹박(뒷면) 70mm이하
40192,합지명함,0,박(뒷면),11750,녹박(뒷면) 90mm미만
40192,합지명함,0,박(뒷면),11756,먹박(뒷면) 15mm이하
40192,합지명함,0,박(뒷면),11757,먹박(뒷면) 30mm이하
40192,합지명함,0,박(뒷면),11758,먹박(뒷면) 70mm이하
40192,합지명함,0,박(뒷면),11759,먹박(뒷면) 90mm미만
40192,합지명함,0,박(뒷면),11719,은박무광(뒷면) 15mm이하
40192,합지명함,0,박(뒷면),11720,은박무광(뒷면) 30mm이하
40192,합지명함,0,박(뒷면),11721,은박무광(뒷면) 70mm이하
40192,합지명함,0,박(뒷면),11722,은박무광(뒷면) 90mm미만
40192,합지명함,0,박(뒷면),11710,은박유광(뒷면) 15mm이하
40192,합지명함,0,박(뒷면),11712,은박유광(뒷면) 30mm이하
40192,합지명함,0,박(뒷면),11711,은박유광(뒷면) 70mm이하
40192,합지명함,0,박(뒷면),11713,은박유광(뒷면) 90mm미만
40192,합지명함,0,박(뒷면),11728,적박(뒷면) 15mm이하
40192,합지명함,0,박(뒷면),11729,적박(뒷면) 30mm이하
40192,합지명함,0,박(뒷면),11730,적박(뒷면) 70mm이하
40192,합지명함,0,박(뒷면),11731,적박(뒷면) 90mm미만
40192,합지명함,0,박(뒷면),11737,청박(뒷면) 15mm이하
40192,합지명함,0,박(뒷면),11738,청박(뒷면) 30mm이하
40192,합지명함,0,박(뒷면),11739,청박(뒷면) 70mm이하
40192,합지명함,0,박(뒷면),11740,청박(뒷면) 90mm미만
40192,합지명함,0,박(뒷면),11765,홀로그램박(뒷면) 15mm이하
40192,합지명함,0,박(뒷면),11766,홀로그램박(뒷면) 30mm이하
40192,합지명함,0,박(뒷면),11767,홀로그램박(뒷면) 70mm이하
40192,합지명함,0,박(뒷면),11768,홀로그램박(뒷면) 90mm미만
40192,합지명함,0,라운딩,23011,부분라운딩
40192,합지명함,0,라운딩,23010,전체라운딩
40193,종이자석광고지(패턴),0,패턴,11591,패턴있음
40193,종이자석광고지(패턴),0,자석추가,35010,자석추가 1개
40193,종이자석광고지(패턴),0,자석추가,42110,자석추가 1개(무료)
40193,종이자석광고지(패턴),0,자석추가,35020,자석추가 2개
40193,종이자석광고지(패턴),0,자석추가,35030,자석추가 3개
40193,종이자석광고지(패턴),0,자석추가,11424,자석추가 4개
40193,종이자석광고지(패턴),0,자석추가,11425,자석추가 5개
40193,종이자석광고지(패턴),0,자석추가,42114,자석추가 없음
40194,하이브리드명함,0,라운딩,23011,부분라운딩
40194,하이브리드명함,0,라운딩,23010,전체라운딩
40196,무선책자,1,오시,11386,책등오시
40196,무선책자,1,박(앞면),11622,금박무광(앞면) 100x150mm이하
40196,무선책자,1,박(앞면),11620,금박무광(앞면) 10x10~50x100mm이하
40196,무선책자,1,박(앞면),11623,금박무광(앞면) 210x297mm이하
40196,무선책자,1,박(앞면),11621,금박무광(앞면) 80x120mm이하
40196,무선책자,1,박(앞면),11618,금박유광(앞면) 100x150mm이하
40196,무선책자,1,박(앞면),11616,금박유광(앞면) 10x10~50x100mm이하
40196,무선책자,1,박(앞면),11619,금박유광(앞면) 210x297mm이하
40196,무선책자,1,박(앞면),11617,금박유광(앞면) 80x120mm이하
40196,무선책자,1,박(앞면),11640,녹박(앞면) 100x150mm이하
40196,무선책자,1,박(앞면),11642,녹박(앞면) 10x10~50x100mm이하
40196,무선책자,1,박(앞면),11643,녹박(앞면) 210x297mm이하
40196,무선책자,1,박(앞면),11641,녹박(앞면) 80x120mm이하
40196,무선책자,1,박(앞면),11644,먹박(앞면) 100x150mm이하
40196,무선책자,1,박(앞면),11646,먹박(앞면) 10x10~50x100mm이하
40196,무선책자,1,박(앞면),11647,먹박(앞면) 210x297mm이하
40196,무선책자,1,박(앞면),11645,먹박(앞면) 80x120mm이하
40196,무선책자,1,박(앞면),11630,은박무광(앞면) 100x150mm이하
40196,무선책자,1,박(앞면),11628,은박무광(앞면) 10x10~50x100mm이하
40196,무선책자,1,박(앞면),11629,은박무광(앞면) 210x297mm이하
40196,무선책자,1,박(앞면),11631,은박무광(앞면) 80x120mm이하
40196,무선책자,1,박(앞면),11626,은박유광(앞면) 100x150mm이하
40196,무선책자,1,박(앞면),11624,은박유광(앞면) 10x10~50x100mm이하
40196,무선책자,1,박(앞면),11627,은박유광(앞면) 210x297mm이하
40196,무선책자,1,박(앞면),11625,은박유광(앞면) 80x120mm이하
40196,무선책자,1,박(앞면),11632,적박(앞면) 100x150mm이하
40196,무선책자,1,박(앞면),11634,적박(앞면) 10x10~50x100mm이하
40196,무선책자,1,박(앞면),11635,적박(앞면) 210x297mm이하
40196,무선책자,1,박(앞면),11633,적박(앞면) 80x120mm이하
40196,무선책자,1,박(앞면),11639,청박(앞면) 100x150mm이하
40196,무선책자,1,박(앞면),11637,청박(앞면) 10x10~50x100mm이하
40196,무선책자,1,박(앞면),11638,청박(앞면) 210x297mm이하
40196,무선책자,1,박(앞면),11636,청박(앞면) 80x120mm이하
40196,무선책자,1,박(앞면),11649,홀로그램박(앞면) 100x150mm이하
40196,무선책자,1,박(앞면),11651,홀로그램박(앞면) 10x10~50x100mm이하
40196,무선책자,1,박(앞면),11648,홀로그램박(앞면) 210x297mm이하
40196,무선책자,1,박(앞면),11650,홀로그램박(앞면) 80x120mm이하
40196,무선책자,1,형압,11654,형압 100x150mm이하
40196,무선책자,1,형압,11652,형압 10x10~50x100mm이하
40196,무선책자,1,형압,11653,형압 210x297mm이하
40196,무선책자,1,형압,11655,형압 80x120mm이하
40196,무선책자,1,라운딩,11340,책자라운딩
40196,무선책자,1,제본,11303,무선제본 가로상철
40196,무선책자,1,제본,11302,무선제본 가로좌철
40196,무선책자,1,제본,11301,무선제본 세로상철
40196,무선책자,1,제본,11300,무선제본 세로좌철
40196,무선책자,1,코팅,31102,단면 무광코팅
40196,무선책자,1,코팅,31101,단면 유광코팅
40196,무선책자,1,에폭시,32020,단면 에폭시
40196,무선책자,1,에폭시,32010,양면 에폭시
40196,무선책자,1,투명엠보싱,43276,단면 투명엠보싱
40196,무선책자,1,엠보싱박,43279,엠보싱 단면 금박
40196,무선책자,1,엠보싱박,43280,엠보싱 단면 은박
40196,무선책자,1,엠보싱박,43281,엠보싱 단면 홀로그램박
40198,중철책자,1,오시,11387,오시1줄
40198,중철책자,1,박(앞면),11622,금박무광(앞면) 100x150mm이하
40198,중철책자,1,박(앞면),11620,금박무광(앞면) 10x10~50x100mm이하
40198,중철책자,1,박(앞면),11623,금박무광(앞면) 210x297mm이하
40198,중철책자,1,박(앞면),11621,금박무광(앞면) 80x120mm이하
40198,중철책자,1,박(앞면),11618,금박유광(앞면) 100x150mm이하
40198,중철책자,1,박(앞면),11616,금박유광(앞면) 10x10~50x100mm이하
40198,중철책자,1,박(앞면),11619,금박유광(앞면) 210x297mm이하
40198,중철책자,1,박(앞면),11617,금박유광(앞면) 80x120mm이하
40198,중철책자,1,박(앞면),11640,녹박(앞면) 100x150mm이하
40198,중철책자,1,박(앞면),11642,녹박(앞면) 10x10~50x100mm이하
40198,중철책자,1,박(앞면),11643,녹박(앞면) 210x297mm이하
40198,중철책자,1,박(앞면),11641,녹박(앞면) 80x120mm이하
40198,중철책자,1,박(앞면),11644,먹박(앞면) 100x150mm이하
40198,중철책자,1,박(앞면),11646,먹박(앞면) 10x10~50x100mm이하
40198,중철책자,1,박(앞면),11647,먹박(앞면) 210x297mm이하
40198,중철책자,1,박(앞면),11645,먹박(앞면) 80x120mm이하
40198,중철책자,1,박(앞면),11630,은박무광(앞면) 100x150mm이하
40198,중철책자,1,박(앞면),11628,은박무광(앞면) 10x10~50x100mm이하
40198,중철책자,1,박(앞면),11629,은박무광(앞면) 210x297mm이하
40198,중철책자,1,박(앞면),11631,은박무광(앞면) 80x120mm이하
40198,중철책자,1,박(앞면),11626,은박유광(앞면) 100x150mm이하
40198,중철책자,1,박(앞면),11624,은박유광(앞면) 10x10~50x100mm이하
40198,중철책자,1,박(앞면),11627,은박유광(앞면) 210x297mm이하
40198,중철책자,1,박(앞면),11625,은박유광(앞면) 80x120mm이하
40198,중철책자,1,박(앞면),11632,적박(앞면) 100x150mm이하
40198,중철책자,1,박(앞면),11634,적박(앞면) 10x10~50x100mm이하
40198,중철책자,1,박(앞면),11635,적박(앞면) 210x297mm이하
40198,중철책자,1,박(앞면),11633,적박(앞면) 80x120mm이하
40198,중철책자,1,박(앞면),11639,청박(앞면) 100x150mm이하
40198,중철책자,1,박(앞면),11637,청박(앞면) 10x10~50x100mm이하
40198,중철책자,1,박(앞면),11638,청박(앞면) 210x297mm이하
40198,중철책자,1,박(앞면),11636,청박(앞면) 80x120mm이하
40198,중철책자,1,박(앞면),11649,홀로그램박(앞면) 100x150mm이하
40198,중철책자,1,박(앞면),11651,홀로그램박(앞면) 10x10~50x100mm이하
40198,중철책자,1,박(앞면),11648,홀로그램박(앞면) 210x297mm이하
40198,중철책자,1,박(앞면),11650,홀로그램박(앞면) 80x120mm이하
40198,중철책자,1,형압,11654,형압 100x150mm이하
40198,중철책자,1,형압,11652,형압 10x10~50x100mm이하
40198,중철책자,1,형압,11653,형압 210x297mm이하
40198,중철책자,1,형압,11655,형압 80x120mm이하
40198,중철책자,1,라운딩,11340,책자라운딩
40198,중철책자,1,제본,11307,중철제본 가로상철
40198,중철책자,1,제본,11306,중철제본 가로좌철
40198,중철책자,1,제본,11305,중철제본 세로상철
40198,중철책자,1,제본,11304,중철제본 세로좌철
40198,중철책자,1,코팅,31102,단면 무광코팅
40198,중철책자,1,코팅,31101,단면 유광코팅
40198,중철책자,1,코팅,31202,양면 무광코팅
40198,중철책자,1,코팅,31201,양면 유광코팅
40198,중철책자,1,에폭시,32020,단면 에폭시
40198,중철책자,1,에폭시,32010,양면 에폭시
40198,중철책자,1,투명엠보싱,43276,단면 투명엠보싱
40198,중철책자,1,투명엠보싱,43277,양면 투명엠보싱
40198,중철책자,1,엠보싱박,43279,엠보싱 단면 금박
40198,중철책자,1,엠보싱박,43280,엠보싱 단면 은박
40198,중철책자,1,엠보싱박,43281,엠보싱 단면 홀로그램박
40198,중철책자,1,엠보싱박,43282,엠보싱 양면 금박
40198,중철책자,1,엠보싱박,43283,엠보싱 양면 은박
40198,중철책자,1,엠보싱박,43284,엠보싱 양면 홀로그램박
40198,중철책자,2,오시,11387,오시1줄
40198,중철책자,2,코팅,31202,양면 무광코팅
40198,중철책자,2,코팅,31201,양면 유광코팅
40200,특가책자(무선),1,제본,11303,무선제본 가로상철
40200,특가책자(무선),1,제본,11300,무선제본 세로좌철
40200,특가책자(무선),1,코팅,31102,단면 무광코팅
40200,특가책자(무선),1,코팅,31101,단면 유광코팅
40200,특가책자(무선),1,투명엠보싱,43276,단면 투명엠보싱
40200,특가책자(무선),1,엠보싱박,43279,엠보싱 단면 금박
40200,특가책자(무선),1,엠보싱박,43280,엠보싱 단면 은박
40200,특가책자(무선),1,엠보싱박,43281,엠보싱 단면 홀로그램박
40201,윤전책자,1,스프링색상,11796,스프링색상 화이트
40201,윤전책자,1,PP커버,11799,PP커버 반투명
40201,윤전책자,1,PP커버,11798,PP커버 사선투명
40201,윤전책자,1,제본,11300,무선제본 세로좌철
40201,윤전책자,1,제본,11793,스프링제본 가로상철
40201,윤전책자,1,제본,11790,스프링제본 세로좌철
40201,윤전책자,1,코팅,31102,단면 무광코팅
40201,윤전책자,1,코팅,31101,단면 유광코팅
40204,소량리플렛(인디고),0,오시,11347,오시1줄(가로)
40204,소량리플렛(인디고),0,오시,11345,오시1줄(가로중앙)
40204,소량리플렛(인디고),0,오시,11385,오시1줄(세로)
40204,소량리플렛(인디고),0,오시,11346,오시1줄(세로중앙)
40204,소량리플렛(인디고),0,오시,11348,오시2줄(가로)
40204,소량리플렛(인디고),0,오시,11349,오시2줄(세로)
40204,소량리플렛(인디고),0,오시,11350,오시3줄(가로)
40204,소량리플렛(인디고),0,오시,11351,오시3줄(세로)
40204,소량리플렛(인디고),0,미싱,11359,미싱1줄(가로)
40204,소량리플렛(인디고),0,미싱,11357,미싱1줄(가로중앙)
40204,소량리플렛(인디고),0,미싱,11388,미싱1줄(세로)
40204,소량리플렛(인디고),0,미싱,11358,미싱1줄(세로중앙)
40204,소량리플렛(인디고),0,미싱,11360,미싱2줄(가로)
40204,소량리플렛(인디고),0,미싱,11361,미싱2줄(세로)
40204,소량리플렛(인디고),0,미싱,11362,미싱3줄(가로)
40204,소량리플렛(인디고),0,미싱,11363,미싱3줄(세로)
40204,소량리플렛(인디고),0,박(앞면),11622,금박무광(앞면) 100x150mm이하
40204,소량리플렛(인디고),0,박(앞면),11620,금박무광(앞면) 10x10~50x100mm이하
40204,소량리플렛(인디고),0,박(앞면),11623,금박무광(앞면) 210x297mm이하
40204,소량리플렛(인디고),0,박(앞면),11621,금박무광(앞면) 80x120mm이하
40204,소량리플렛(인디고),0,박(앞면),11618,금박유광(앞면) 100x150mm이하
40204,소량리플렛(인디고),0,박(앞면),11616,금박유광(앞면) 10x10~50x100mm이하
40204,소량리플렛(인디고),0,박(앞면),11619,금박유광(앞면) 210x297mm이하
40204,소량리플렛(인디고),0,박(앞면),11617,금박유광(앞면) 80x120mm이하
40204,소량리플렛(인디고),0,박(앞면),11640,녹박(앞면) 100x150mm이하
40204,소량리플렛(인디고),0,박(앞면),11642,녹박(앞면) 10x10~50x100mm이하
40204,소량리플렛(인디고),0,박(앞면),11643,녹박(앞면) 210x297mm이하
40204,소량리플렛(인디고),0,박(앞면),11641,녹박(앞면) 80x120mm이하
40204,소량리플렛(인디고),0,박(앞면),11644,먹박(앞면) 100x150mm이하
40204,소량리플렛(인디고),0,박(앞면),11646,먹박(앞면) 10x10~50x100mm이하
40204,소량리플렛(인디고),0,박(앞면),11647,먹박(앞면) 210x297mm이하
40204,소량리플렛(인디고),0,박(앞면),11645,먹박(앞면) 80x120mm이하
40204,소량리플렛(인디고),0,박(앞면),11630,은박무광(앞면) 100x150mm이하
40204,소량리플렛(인디고),0,박(앞면),11628,은박무광(앞면) 10x10~50x100mm이하
40204,소량리플렛(인디고),0,박(앞면),11629,은박무광(앞면) 210x297mm이하
40204,소량리플렛(인디고),0,박(앞면),11631,은박무광(앞면) 80x120mm이하
40204,소량리플렛(인디고),0,박(앞면),11626,은박유광(앞면) 100x150mm이하
40204,소량리플렛(인디고),0,박(앞면),11624,은박유광(앞면) 10x10~50x100mm이하
40204,소량리플렛(인디고),0,박(앞면),11627,은박유광(앞면) 210x297mm이하
40204,소량리플렛(인디고),0,박(앞면),11625,은박유광(앞면) 80x120mm이하
40204,소량리플렛(인디고),0,박(앞면),11632,적박(앞면) 100x150mm이하
40204,소량리플렛(인디고),0,박(앞면),11634,적박(앞면) 10x10~50x100mm이하
40204,소량리플렛(인디고),0,박(앞면),11635,적박(앞면) 210x297mm이하
40204,소량리플렛(인디고),0,박(앞면),11633,적박(앞면) 80x120mm이하
40204,소량리플렛(인디고),0,박(앞면),11639,청박(앞면) 100x150mm이하
40204,소량리플렛(인디고),0,박(앞면),11637,청박(앞면) 10x10~50x100mm이하
40204,소량리플렛(인디고),0,박(앞면),11638,청박(앞면) 210x297mm이하
40204,소량리플렛(인디고),0,박(앞면),11636,청박(앞면) 80x120mm이하
40204,소량리플렛(인디고),0,박(앞면),11649,홀로그램박(앞면) 100x150mm이하
40204,소량리플렛(인디고),0,박(앞면),11651,홀로그램박(앞면) 10x10~50x100mm이하
40204,소량리플렛(인디고),0,박(앞면),11648,홀로그램박(앞면) 210x297mm이하
40204,소량리플렛(인디고),0,박(앞면),11650,홀로그램박(앞면) 80x120mm이하
40204,소량리플렛(인디고),0,형압,11654,형압 100x150mm이하
40204,소량리플렛(인디고),0,형압,11652,형압 10x10~50x100mm이하
40204,소량리플렛(인디고),0,형압,11653,형압 210x297mm이하
40204,소량리플렛(인디고),0,형압,11655,형압 80x120mm이하
40204,소량리플렛(인디고),0,박(뒷면),11708,금박무광(뒷면) 100x150mm이하
40204,소량리플렛(인디고),0,박(뒷면),11706,금박무광(뒷면) 10x10~50x100mm이하
40204,소량리플렛(인디고),0,박(뒷면),11709,금박무광(뒷면) 210x297mm이하
40204,소량리플렛(인디고),0,박(뒷면),11707,금박무광(뒷면) 80x120mm이하
40204,소량리플렛(인디고),0,박(뒷면),11699,금박유광(뒷면) 100x150mm이하
40204,소량리플렛(인디고),0,박(뒷면),11697,금박유광(뒷면) 10x10~50x100mm이하
40204,소량리플렛(인디고),0,박(뒷면),11700,금박유광(뒷면) 210x297mm이하
40204,소량리플렛(인디고),0,박(뒷면),11698,금박유광(뒷면) 80x120mm이하
40204,소량리플렛(인디고),0,박(뒷면),11754,녹박(뒷면) 100x150mm이하
40204,소량리플렛(인디고),0,박(뒷면),11752,녹박(뒷면) 10x10~50x100mm이하
40204,소량리플렛(인디고),0,박(뒷면),11755,녹박(뒷면) 210x297mm이하
40204,소량리플렛(인디고),0,박(뒷면),11753,녹박(뒷면) 80x120mm이하
40204,소량리플렛(인디고),0,박(뒷면),11763,먹박(뒷면) 100x150mm이하
40204,소량리플렛(인디고),0,박(뒷면),11761,먹박(뒷면) 10x10~50x100mm이하
40204,소량리플렛(인디고),0,박(뒷면),11764,먹박(뒷면) 210x297mm이하
40204,소량리플렛(인디고),0,박(뒷면),11762,먹박(뒷면) 80x120mm이하
40204,소량리플렛(인디고),0,박(뒷면),11726,은박무광(뒷면) 100x150mm이하
40204,소량리플렛(인디고),0,박(뒷면),11724,은박무광(뒷면) 10x10~50x100mm이하
40204,소량리플렛(인디고),0,박(뒷면),11727,은박무광(뒷면) 210x297mm이하
40204,소량리플렛(인디고),0,박(뒷면),11725,은박무광(뒷면) 80x120mm이하
40204,소량리플렛(인디고),0,박(뒷면),11717,은박유광(뒷면) 100x150mm이하
40204,소량리플렛(인디고),0,박(뒷면),11715,은박유광(뒷면) 10x10~50x100mm이하
40204,소량리플렛(인디고),0,박(뒷면),11718,은박유광(뒷면) 210x297mm이하
40204,소량리플렛(인디고),0,박(뒷면),11716,은박유광(뒷면) 80x120mm이하
40204,소량리플렛(인디고),0,박(뒷면),11735,적박(뒷면) 100x150mm이하
40204,소량리플렛(인디고),0,박(뒷면),11733,적박(뒷면) 10x10~50x100mm이하
40204,소량리플렛(인디고),0,박(뒷면),11736,적박(뒷면) 210x297mm이하
40204,소량리플렛(인디고),0,박(뒷면),11734,적박(뒷면) 80x120mm이하
40204,소량리플렛(인디고),0,박(뒷면),11744,청박(뒷면) 100x150mm이하
40204,소량리플렛(인디고),0,박(뒷면),11742,청박(뒷면) 10x10~50x100mm이하
40204,소량리플렛(인디고),0,박(뒷면),11745,청박(뒷면) 210x297mm이하
40204,소량리플렛(인디고),0,박(뒷면),11743,청박(뒷면) 80x120mm이하
40204,소량리플렛(인디고),0,박(뒷면),11772,홀로그램박(뒷면) 100x150mm이하
40204,소량리플렛(인디고),0,박(뒷면),11771,홀로그램박(뒷면) 10x10~50x100mm이하
40204,소량리플렛(인디고),0,박(뒷면),11773,홀로그램박(뒷면) 210x297mm이하
40204,소량리플렛(인디고),0,박(뒷면),11770,홀로그램박(뒷면) 80x120mm이하
40204,소량리플렛(인디고),0,라운딩,23010,전체라운딩
40204,소량리플렛(인디고),0,접지,28001,2단접지
40204,소량리플렛(인디고),0,접지,28002,3단접지
40204,소량리플렛(인디고),0,접지,28004,4단대문접지
40204,소량리플렛(인디고),0,접지,28005,4단병풍접지
40204,소량리플렛(인디고),0,접지,28003,4단접지
40204,소량리플렛(인디고),0,재단,29010,규격재단
40204,소량리플렛(인디고),0,재단,29020,비규격재단
40204,소량리플렛(인디고),0,재단,42111,재단없음
40204,소량리플렛(인디고),0,코팅,31102,단면 무광코팅
40204,소량리플렛(인디고),0,코팅,31101,단면 유광코팅
40204,소량리플렛(인디고),0,코팅,31202,양면 무광코팅
40204,소량리플렛(인디고),0,코팅,31201,양면 유광코팅
40204,소량리플렛(인디고),0,레이저가공,11808,단순 150x210mm이하
40204,소량리플렛(인디고),0,레이저가공,11807,단순 80x120mm이하
40204,소량리플렛(인디고),0,레이저가공,11809,단순 전면사이즈
40204,소량리플렛(인디고),0,레이저가공,11816,복잡 150x210mm
40204,소량리플렛(인디고),0,레이저가공,11815,복잡 80x120mm
40204,소량리플렛(인디고),0,레이저가공,11817,복잡 전면사이즈
40204,소량리플렛(인디고),0,레이저가공,11812,중간 150x210mm이하
40204,소량리플렛(인디고),0,레이저가공,11811,중간 80x120mm이하
40204,소량리플렛(인디고),0,레이저가공,11813,중간 전면사이즈
40204,소량리플렛(인디고),0,엠보싱박,43279,엠보싱 단면 금박
40204,소량리플렛(인디고),0,엠보싱박,43280,엠보싱 단면 은박
40204,소량리플렛(인디고),0,엠보싱박,43281,엠보싱 단면 홀로그램박
40204,소량리플렛(인디고),0,엠보싱박,43282,엠보싱 양면 금박
40204,소량리플렛(인디고),0,엠보싱박,43283,엠보싱 양면 은박
40204,소량리플렛(인디고),0,엠보싱박,43284,엠보싱 양면 홀로그램박
40204,소량리플렛(인디고),0,투명엠보싱,43276,단면 투명엠보싱
40204,소량리플렛(인디고),0,투명엠보싱,43277,양면 투명엠보싱
40208,한장 포스터 캘린더,0,재단,29010,규격재단
40208,한장 포스터 캘린더,0,재단,42111,재단없음
40208,한장 포스터 캘린더,0,코팅,31102,단면 무광코팅
40208,한장 포스터 캘린더,0,코팅,31101,단면 유광코팅
40210,우드 스탠드 캘린더,0,라운딩,23010,전체라운딩
40232,소량 탁상용캘린더,0,스프링색상,11795,스프링색상 블랙
40232,소량 탁상용캘린더,0,스프링색상,11796,스프링색상 화이트
40232,소량 탁상용캘린더,0,삼각대색상,43113,삼각대 색상(블랙)
40293,방수포스터,0,아일렛,43316,아일렛 4개
40293,방수포스터,0,아일렛,43317,아일렛 6개
40293,방수포스터,0,아일렛,43318,아일렛 8개
40294,반투명 떡메모지,0,떡제본,43286,떡제본(상철)
40294,반투명 떡메모지,0,떡제본,43287,떡제본(좌철)
40295,반투명 떡메모지,0,떡제본,43286,떡제본(상철)
40295,반투명 떡메모지,0,떡제본,43287,떡제본(좌철)
40346,고평량엽서,0,오시,11347,오시1줄(가로)
40346,고평량엽서,0,오시,11345,오시1줄(가로중앙)
40346,고평량엽서,0,오시,11385,오시1줄(세로)
40346,고평량엽서,0,오시,11346,오시1줄(세로중앙)
40346,고평량엽서,0,오시,11348,오시2줄(가로)
40346,고평량엽서,0,오시,11349,오시2줄(세로)
40346,고평량엽서,0,오시,11350,오시3줄(가로)
40346,고평량엽서,0,오시,11351,오시3줄(세로)
40346,고평량엽서,0,박(앞면),11543,금박무광(앞면) 15mm이하
40346,고평량엽서,0,박(앞면),11544,금박무광(앞면) 30mm이하
40346,고평량엽서,0,박(앞면),11545,금박무광(앞면) 70mm이하
40346,고평량엽서,0,박(앞면),11546,금박무광(앞면) 90mm미만
40346,고평량엽서,0,박(앞면),11538,금박유광(앞면) 15mm이하
40346,고평량엽서,0,박(앞면),11539,금박유광(앞면) 30mm이하
40346,고평량엽서,0,박(앞면),11540,금박유광(앞면) 70mm이하
40346,고평량엽서,0,박(앞면),11541,금박유광(앞면) 90mm미만
40346,고평량엽서,0,박(앞면),11568,녹박(앞면) 15mm이하
40346,고평량엽서,0,박(앞면),11569,녹박(앞면) 30mm이하
40346,고평량엽서,0,박(앞면),11570,녹박(앞면) 70mm이하
40346,고평량엽서,0,박(앞면),11571,녹박(앞면) 90mm미만
40346,고평량엽서,0,박(앞면),11574,먹박(앞면) 15mm이하
40346,고평량엽서,0,박(앞면),11575,먹박(앞면) 30mm이하
40346,고평량엽서,0,박(앞면),11576,먹박(앞면) 70mm이하
40346,고평량엽서,0,박(앞면),11577,먹박(앞면) 90mm미만
40346,고평량엽서,0,박(앞면),11553,은박무광(앞면) 15mm이하
40346,고평량엽서,0,박(앞면),11554,은박무광(앞면) 30mm이하
40346,고평량엽서,0,박(앞면),11555,은박무광(앞면) 70mm이하
40346,고평량엽서,0,박(앞면),11556,은박무광(앞면) 90mm미만
40346,고평량엽서,0,박(앞면),11548,은박유광(앞면) 15mm이하
40346,고평량엽서,0,박(앞면),11549,은박유광(앞면) 30mm이하
40346,고평량엽서,0,박(앞면),11550,은박유광(앞면) 70mm이하
40346,고평량엽서,0,박(앞면),11551,은박유광(앞면) 90mm미만
40346,고평량엽서,0,박(앞면),11558,적박(앞면) 15mm이하
40346,고평량엽서,0,박(앞면),11559,적박(앞면) 30mm이하
40346,고평량엽서,0,박(앞면),11560,적박(앞면) 70mm이하
40346,고평량엽서,0,박(앞면),11561,적박(앞면) 90mm미만
40346,고평량엽서,0,박(앞면),11563,청박(앞면) 15mm이하
40346,고평량엽서,0,박(앞면),11564,청박(앞면) 30mm이하
40346,고평량엽서,0,박(앞면),11565,청박(앞면) 70mm이하
40346,고평량엽서,0,박(앞면),11566,청박(앞면) 90mm미만
40346,고평량엽서,0,박(앞면),11579,홀로그램박(앞면) 15mm이하
40346,고평량엽서,0,박(앞면),11580,홀로그램박(앞면) 30mm이하
40346,고평량엽서,0,박(앞면),11581,홀로그램박(앞면) 70mm이하
40346,고평량엽서,0,박(앞면),11582,홀로그램박(앞면) 90mm미만
40346,고평량엽서,0,형압,11585,형압 15mm이하
40346,고평량엽서,0,형압,11586,형압 30mm이하
40346,고평량엽서,0,형압,11587,형압 70mm이하
40346,고평량엽서,0,형압,11588,형압 90mm미만
40346,고평량엽서,0,박(뒷면),11701,금박무광(뒷면) 15mm이하
40346,고평량엽서,0,박(뒷면),11702,금박무광(뒷면) 30mm이하
40346,고평량엽서,0,박(뒷면),11703,금박무광(뒷면) 70mm이하
40346,고평량엽서,0,박(뒷면),11704,금박무광(뒷면) 90mm미만
40346,고평량엽서,0,박(뒷면),11692,금박유광(뒷면) 15mm이하
40346,고평량엽서,0,박(뒷면),11693,금박유광(뒷면) 30mm이하
40346,고평량엽서,0,박(뒷면),11694,금박유광(뒷면) 70mm이하
40346,고평량엽서,0,박(뒷면),11695,금박유광(뒷면) 90mm미만
40346,고평량엽서,0,박(뒷면),11747,녹박(뒷면) 15mm이하
40346,고평량엽서,0,박(뒷면),11748,녹박(뒷면) 30mm이하
40346,고평량엽서,0,박(뒷면),11749,녹박(뒷면) 70mm이하
40346,고평량엽서,0,박(뒷면),11750,녹박(뒷면) 90mm미만
40346,고평량엽서,0,박(뒷면),11756,먹박(뒷면) 15mm이하
40346,고평량엽서,0,박(뒷면),11757,먹박(뒷면) 30mm이하
40346,고평량엽서,0,박(뒷면),11758,먹박(뒷면) 70mm이하
40346,고평량엽서,0,박(뒷면),11759,먹박(뒷면) 90mm미만
40346,고평량엽서,0,박(뒷면),11719,은박무광(뒷면) 15mm이하
40346,고평량엽서,0,박(뒷면),11720,은박무광(뒷면) 30mm이하
40346,고평량엽서,0,박(뒷면),11721,은박무광(뒷면) 70mm이하
40346,고평량엽서,0,박(뒷면),11722,은박무광(뒷면) 90mm미만
40346,고평량엽서,0,박(뒷면),11710,은박유광(뒷면) 15mm이하
40346,고평량엽서,0,박(뒷면),11712,은박유광(뒷면) 30mm이하
40346,고평량엽서,0,박(뒷면),11711,은박유광(뒷면) 70mm이하
40346,고평량엽서,0,박(뒷면),11713,은박유광(뒷면) 90mm미만
40346,고평량엽서,0,박(뒷면),11728,적박(뒷면) 15mm이하
40346,고평량엽서,0,박(뒷면),11729,적박(뒷면) 30mm이하
40346,고평량엽서,0,박(뒷면),11730,적박(뒷면) 70mm이하
40346,고평량엽서,0,박(뒷면),11731,적박(뒷면) 90mm미만
40346,고평량엽서,0,박(뒷면),11737,청박(뒷면) 15mm이하
40346,고평량엽서,0,박(뒷면),11738,청박(뒷면) 30mm이하
40346,고평량엽서,0,박(뒷면),11739,청박(뒷면) 70mm이하
40346,고평량엽서,0,박(뒷면),11740,청박(뒷면) 90mm미만
40346,고평량엽서,0,박(뒷면),11765,홀로그램박(뒷면) 15mm이하
40346,고평량엽서,0,박(뒷면),11766,홀로그램박(뒷면) 30mm이하
40346,고평량엽서,0,박(뒷면),11767,홀로그램박(뒷면) 70mm이하
40346,고평량엽서,0,박(뒷면),11768,홀로그램박(뒷면) 90mm미만
40346,고평량엽서,0,라운딩,23011,부분라운딩
40346,고평량엽서,0,라운딩,23010,전체라운딩
40346,고평량엽서,0,타공,11367,타공1개(3mm)
40346,고평량엽서,0,타공,11368,타공1개(4mm)
40346,고평량엽서,0,타공,11369,타공1개(5mm)
40346,고평량엽서,0,타공,11370,타공1개(6mm)
40346,고평량엽서,0,타공,11371,타공1개(7mm)
40346,고평량엽서,0,타공,11372,타공1개(8mm)
40346,고평량엽서,0,타공,11373,타공2개(3mm)
40346,고평량엽서,0,타공,11374,타공2개(4mm)
40346,고평량엽서,0,타공,11375,타공2개(5mm)
40346,고평량엽서,0,타공,11376,타공2개(6mm)
40346,고평량엽서,0,타공,11377,타공2개(7mm)
40346,고평량엽서,0,타공,11378,타공2개(8mm)
40346,고평량엽서,0,타공,11379,타공3개(3mm)
40346,고평량엽서,0,타공,11380,타공3개(4mm)
40346,고평량엽서,0,타공,11381,타공3개(5mm)
40346,고평량엽서,0,타공,11382,타공3개(6mm)
40346,고평량엽서,0,타공,11383,타공3개(7mm)
40346,고평량엽서,0,타공,11384,타공3개(8mm)
40347,색지엽서,0,오시,11347,오시1줄(가로)
40347,색지엽서,0,오시,11345,오시1줄(가로중앙)
40347,색지엽서,0,오시,11385,오시1줄(세로)
40347,색지엽서,0,오시,11346,오시1줄(세로중앙)
40347,색지엽서,0,오시,11348,오시2줄(가로)
40347,색지엽서,0,오시,11349,오시2줄(세로)
40347,색지엽서,0,오시,11350,오시3줄(가로)
40347,색지엽서,0,오시,11351,오시3줄(세로)
40347,색지엽서,0,미싱,11359,미싱1줄(가로)
40347,색지엽서,0,미싱,11357,미싱1줄(가로중앙)
40347,색지엽서,0,미싱,11388,미싱1줄(세로)
40347,색지엽서,0,미싱,11358,미싱1줄(세로중앙)
40347,색지엽서,0,미싱,11360,미싱2줄(가로)
40347,색지엽서,0,미싱,11361,미싱2줄(세로)
40347,색지엽서,0,미싱,11362,미싱3줄(가로)
40347,색지엽서,0,미싱,11363,미싱3줄(세로)
40347,색지엽서,0,박(앞면),11543,금박무광(앞면) 15mm이하
40347,색지엽서,0,박(앞면),11544,금박무광(앞면) 30mm이하
40347,색지엽서,0,박(앞면),11545,금박무광(앞면) 70mm이하
40347,색지엽서,0,박(앞면),11546,금박무광(앞면) 90mm미만
40347,색지엽서,0,박(앞면),11538,금박유광(앞면) 15mm이하
40347,색지엽서,0,박(앞면),11539,금박유광(앞면) 30mm이하
40347,색지엽서,0,박(앞면),11540,금박유광(앞면) 70mm이하
40347,색지엽서,0,박(앞면),11541,금박유광(앞면) 90mm미만
40347,색지엽서,0,박(앞면),11568,녹박(앞면) 15mm이하
40347,색지엽서,0,박(앞면),11569,녹박(앞면) 30mm이하
40347,색지엽서,0,박(앞면),11570,녹박(앞면) 70mm이하
40347,색지엽서,0,박(앞면),11571,녹박(앞면) 90mm미만
40347,색지엽서,0,박(앞면),11574,먹박(앞면) 15mm이하
40347,색지엽서,0,박(앞면),11575,먹박(앞면) 30mm이하
40347,색지엽서,0,박(앞면),11576,먹박(앞면) 70mm이하
40347,색지엽서,0,박(앞면),11577,먹박(앞면) 90mm미만
40347,색지엽서,0,박(앞면),11553,은박무광(앞면) 15mm이하
40347,색지엽서,0,박(앞면),11554,은박무광(앞면) 30mm이하
40347,색지엽서,0,박(앞면),11555,은박무광(앞면) 70mm이하
40347,색지엽서,0,박(앞면),11556,은박무광(앞면) 90mm미만
40347,색지엽서,0,박(앞면),11548,은박유광(앞면) 15mm이하
40347,색지엽서,0,박(앞면),11549,은박유광(앞면) 30mm이하
40347,색지엽서,0,박(앞면),11550,은박유광(앞면) 70mm이하
40347,색지엽서,0,박(앞면),11551,은박유광(앞면) 90mm미만
40347,색지엽서,0,박(앞면),11558,적박(앞면) 15mm이하
40347,색지엽서,0,박(앞면),11559,적박(앞면) 30mm이하
40347,색지엽서,0,박(앞면),11560,적박(앞면) 70mm이하
40347,색지엽서,0,박(앞면),11561,적박(앞면) 90mm미만
40347,색지엽서,0,박(앞면),11563,청박(앞면) 15mm이하
40347,색지엽서,0,박(앞면),11564,청박(앞면) 30mm이하
40347,색지엽서,0,박(앞면),11565,청박(앞면) 70mm이하
40347,색지엽서,0,박(앞면),11566,청박(앞면) 90mm미만
40347,색지엽서,0,박(앞면),11579,홀로그램박(앞면) 15mm이하
40347,색지엽서,0,박(앞면),11580,홀로그램박(앞면) 30mm이하
40347,색지엽서,0,박(앞면),11581,홀로그램박(앞면) 70mm이하
40347,색지엽서,0,박(앞면),11582,홀로그램박(앞면) 90mm미만
40347,색지엽서,0,박(뒷면),11701,금박무광(뒷면) 15mm이하
40347,색지엽서,0,박(뒷면),11702,금박무광(뒷면) 30mm이하
40347,색지엽서,0,박(뒷면),11703,금박무광(뒷면) 70mm이하
40347,색지엽서,0,박(뒷면),11704,금박무광(뒷면) 90mm미만
40347,색지엽서,0,박(뒷면),11692,금박유광(뒷면) 15mm이하
40347,색지엽서,0,박(뒷면),11693,금박유광(뒷면) 30mm이하
40347,색지엽서,0,박(뒷면),11694,금박유광(뒷면) 70mm이하
40347,색지엽서,0,박(뒷면),11695,금박유광(뒷면) 90mm미만
40347,색지엽서,0,박(뒷면),11747,녹박(뒷면) 15mm이하
40347,색지엽서,0,박(뒷면),11748,녹박(뒷면) 30mm이하
40347,색지엽서,0,박(뒷면),11749,녹박(뒷면) 70mm이하
40347,색지엽서,0,박(뒷면),11750,녹박(뒷면) 90mm미만
40347,색지엽서,0,박(뒷면),11756,먹박(뒷면) 15mm이하
40347,색지엽서,0,박(뒷면),11757,먹박(뒷면) 30mm이하
40347,색지엽서,0,박(뒷면),11758,먹박(뒷면) 70mm이하
40347,색지엽서,0,박(뒷면),11759,먹박(뒷면) 90mm미만
40347,색지엽서,0,박(뒷면),11719,은박무광(뒷면) 15mm이하
40347,색지엽서,0,박(뒷면),11720,은박무광(뒷면) 30mm이하
40347,색지엽서,0,박(뒷면),11721,은박무광(뒷면) 70mm이하
40347,색지엽서,0,박(뒷면),11722,은박무광(뒷면) 90mm미만
40347,색지엽서,0,박(뒷면),11710,은박유광(뒷면) 15mm이하
40347,색지엽서,0,박(뒷면),11712,은박유광(뒷면) 30mm이하
40347,색지엽서,0,박(뒷면),11711,은박유광(뒷면) 70mm이하
40347,색지엽서,0,박(뒷면),11713,은박유광(뒷면) 90mm미만
40347,색지엽서,0,박(뒷면),11728,적박(뒷면) 15mm이하
40347,색지엽서,0,박(뒷면),11729,적박(뒷면) 30mm이하
40347,색지엽서,0,박(뒷면),11730,적박(뒷면) 70mm이하
40347,색지엽서,0,박(뒷면),11731,적박(뒷면) 90mm미만
40347,색지엽서,0,박(뒷면),11737,청박(뒷면) 15mm이하
40347,색지엽서,0,박(뒷면),11738,청박(뒷면) 30mm이하
40347,색지엽서,0,박(뒷면),11739,청박(뒷면) 70mm이하
40347,색지엽서,0,박(뒷면),11740,청박(뒷면) 90mm미만
40347,색지엽서,0,박(뒷면),11765,홀로그램박(뒷면) 15mm이하
40347,색지엽서,0,박(뒷면),11766,홀로그램박(뒷면) 30mm이하
40347,색지엽서,0,박(뒷면),11767,홀로그램박(뒷면) 70mm이하
40347,색지엽서,0,박(뒷면),11768,홀로그램박(뒷면) 90mm미만
40347,색지엽서,0,타공,11367,타공1개(3mm)
40347,색지엽서,0,타공,11368,타공1개(4mm)
40347,색지엽서,0,타공,11369,타공1개(5mm)
40347,색지엽서,0,타공,11370,타공1개(6mm)
40347,색지엽서,0,타공,11371,타공1개(7mm)
40347,색지엽서,0,타공,11372,타공1개(8mm)
40347,색지엽서,0,타공,11373,타공2개(3mm)
40347,색지엽서,0,타공,11374,타공2개(4mm)
40347,색지엽서,0,타공,11375,타공2개(5mm)
40347,색지엽서,0,타공,11376,타공2개(6mm)
40347,색지엽서,0,타공,11377,타공2개(7mm)
40347,색지엽서,0,타공,11378,타공2개(8mm)
40347,색지엽서,0,타공,11379,타공3개(3mm)
40347,색지엽서,0,타공,11380,타공3개(4mm)
40347,색지엽서,0,타공,11381,타공3개(5mm)
40347,색지엽서,0,타공,11382,타공3개(6mm)
40347,색지엽서,0,타공,11383,타공3개(7mm)
40347,색지엽서,0,타공,11384,타공3개(8mm)
40347,색지엽서,0,형압,11585,형압 15mm이하
40347,색지엽서,0,형압,11586,형압 30mm이하
40347,색지엽서,0,형압,11587,형압 70mm이하
40347,색지엽서,0,형압,11588,형압 90mm미만
40348,합지엽서,0,박(앞면),11543,금박무광(앞면) 15mm이하
40348,합지엽서,0,박(앞면),11544,금박무광(앞면) 30mm이하
40348,합지엽서,0,박(앞면),11545,금박무광(앞면) 70mm이하
40348,합지엽서,0,박(앞면),11546,금박무광(앞면) 90mm미만
40348,합지엽서,0,박(앞면),11538,금박유광(앞면) 15mm이하
40348,합지엽서,0,박(앞면),11539,금박유광(앞면) 30mm이하
40348,합지엽서,0,박(앞면),11540,금박유광(앞면) 70mm이하
40348,합지엽서,0,박(앞면),11541,금박유광(앞면) 90mm미만
40348,합지엽서,0,박(앞면),11568,녹박(앞면) 15mm이하
40348,합지엽서,0,박(앞면),11569,녹박(앞면) 30mm이하
40348,합지엽서,0,박(앞면),11570,녹박(앞면) 70mm이하
40348,합지엽서,0,박(앞면),11571,녹박(앞면) 90mm미만
40348,합지엽서,0,박(앞면),11574,먹박(앞면) 15mm이하
40348,합지엽서,0,박(앞면),11575,먹박(앞면) 30mm이하
40348,합지엽서,0,박(앞면),11576,먹박(앞면) 70mm이하
40348,합지엽서,0,박(앞면),11577,먹박(앞면) 90mm미만
40348,합지엽서,0,박(앞면),11553,은박무광(앞면) 15mm이하
40348,합지엽서,0,박(앞면),11554,은박무광(앞면) 30mm이하
40348,합지엽서,0,박(앞면),11555,은박무광(앞면) 70mm이하
40348,합지엽서,0,박(앞면),11556,은박무광(앞면) 90mm미만
40348,합지엽서,0,박(앞면),11548,은박유광(앞면) 15mm이하
40348,합지엽서,0,박(앞면),11549,은박유광(앞면) 30mm이하
40348,합지엽서,0,박(앞면),11550,은박유광(앞면) 70mm이하
40348,합지엽서,0,박(앞면),11551,은박유광(앞면) 90mm미만
40348,합지엽서,0,박(앞면),11558,적박(앞면) 15mm이하
40348,합지엽서,0,박(앞면),11559,적박(앞면) 30mm이하
40348,합지엽서,0,박(앞면),11560,적박(앞면) 70mm이하
40348,합지엽서,0,박(앞면),11561,적박(앞면) 90mm미만
40348,합지엽서,0,박(앞면),11563,청박(앞면) 15mm이하
40348,합지엽서,0,박(앞면),11564,청박(앞면) 30mm이하
40348,합지엽서,0,박(앞면),11565,청박(앞면) 70mm이하
40348,합지엽서,0,박(앞면),11566,청박(앞면) 90mm미만
40348,합지엽서,0,박(앞면),11579,홀로그램박(앞면) 15mm이하
40348,합지엽서,0,박(앞면),11580,홀로그램박(앞면) 30mm이하
40348,합지엽서,0,박(앞면),11581,홀로그램박(앞면) 70mm이하
40348,합지엽서,0,박(앞면),11582,홀로그램박(앞면) 90mm미만
40348,합지엽서,0,형압,11585,형압 15mm이하
40348,합지엽서,0,형압,11586,형압 30mm이하
40348,합지엽서,0,형압,11587,형압 70mm이하
40348,합지엽서,0,형압,11588,형압 90mm미만
40348,합지엽서,0,박(뒷면),11701,금박무광(뒷면) 15mm이하
40348,합지엽서,0,박(뒷면),11702,금박무광(뒷면) 30mm이하
40348,합지엽서,0,박(뒷면),11703,금박무광(뒷면) 70mm이하
40348,합지엽서,0,박(뒷면),11704,금박무광(뒷면) 90mm미만
40348,합지엽서,0,박(뒷면),11692,금박유광(뒷면) 15mm이하
40348,합지엽서,0,박(뒷면),11693,금박유광(뒷면) 30mm이하
40348,합지엽서,0,박(뒷면),11694,금박유광(뒷면) 70mm이하
40348,합지엽서,0,박(뒷면),11695,금박유광(뒷면) 90mm미만
40348,합지엽서,0,박(뒷면),11747,녹박(뒷면) 15mm이하
40348,합지엽서,0,박(뒷면),11748,녹박(뒷면) 30mm이하
40348,합지엽서,0,박(뒷면),11749,녹박(뒷면) 70mm이하
40348,합지엽서,0,박(뒷면),11750,녹박(뒷면) 90mm미만
40348,합지엽서,0,박(뒷면),11756,먹박(뒷면) 15mm이하
40348,합지엽서,0,박(뒷면),11757,먹박(뒷면) 30mm이하
40348,합지엽서,0,박(뒷면),11758,먹박(뒷면) 70mm이하
40348,합지엽서,0,박(뒷면),11759,먹박(뒷면) 90mm미만
40348,합지엽서,0,박(뒷면),11719,은박무광(뒷면) 15mm이하
40348,합지엽서,0,박(뒷면),11720,은박무광(뒷면) 30mm이하
40348,합지엽서,0,박(뒷면),11721,은박무광(뒷면) 70mm이하
40348,합지엽서,0,박(뒷면),11722,은박무광(뒷면) 90mm미만
40348,합지엽서,0,박(뒷면),11710,은박유광(뒷면) 15mm이하
40348,합지엽서,0,박(뒷면),11712,은박유광(뒷면) 30mm이하
40348,합지엽서,0,박(뒷면),11711,은박유광(뒷면) 70mm이하
40348,합지엽서,0,박(뒷면),11713,은박유광(뒷면) 90mm미만
40348,합지엽서,0,박(뒷면),11728,적박(뒷면) 15mm이하
40348,합지엽서,0,박(뒷면),11729,적박(뒷면) 30mm이하
40348,합지엽서,0,박(뒷면),11730,적박(뒷면) 70mm이하
40348,합지엽서,0,박(뒷면),11731,적박(뒷면) 90mm미만
40348,합지엽서,0,박(뒷면),11737,청박(뒷면) 15mm이하
40348,합지엽서,0,박(뒷면),11738,청박(뒷면) 30mm이하
40348,합지엽서,0,박(뒷면),11739,청박(뒷면) 70mm이하
40348,합지엽서,0,박(뒷면),11740,청박(뒷면) 90mm미만
40348,합지엽서,0,박(뒷면),11765,홀로그램박(뒷면) 15mm이하
40348,합지엽서,0,박(뒷면),11766,홀로그램박(뒷면) 30mm이하
40348,합지엽서,0,박(뒷면),11767,홀로그램박(뒷면) 70mm이하
40348,합지엽서,0,박(뒷면),11768,홀로그램박(뒷면) 90mm미만
40348,합지엽서,0,라운딩,23011,부분라운딩
40348,합지엽서,0,라운딩,23010,전체라운딩
40433,특가책자(스프링),1,스프링색상,11795,스프링색상 블랙
40433,특가책자(스프링),1,스프링색상,11796,스프링색상 화이트
40433,특가책자(스프링),1,PP커버,11799,PP커버 반투명
40433,특가책자(스프링),1,PP커버,11798,PP커버 사선투명
40433,특가책자(스프링),1,제본,11793,스프링제본 가로상철
40433,특가책자(스프링),1,제본,11792,스프링제본 가로좌철
40433,특가책자(스프링),1,제본,11791,스프링제본 세로상철
40433,특가책자(스프링),1,제본,11790,스프링제본 세로좌철
40433,특가책자(스프링),1,코팅,31102,단면 무광코팅
40433,특가책자(스프링),1,코팅,31101,단면 유광코팅
40433,특가책자(스프링),1,투명엠보싱,43276,단면 투명엠보싱
40433,특가책자(스프링),1,엠보싱박,43279,엠보싱 단면 금박
40433,특가책자(스프링),1,엠보싱박,43280,엠보싱 단면 은박
40433,특가책자(스프링),1,엠보싱박,43281,엠보싱 단면 홀로그램박
40437,미니현수막,0,테두리마감,11414,현수막 미싱(사방)
40437,미니현수막,0,테두리마감,11412,현수막 미싱(상하)
40437,미니현수막,0,테두리마감,11413,현수막 미싱(좌우)
40437,미니현수막,0,테두리마감,11411,현수막 열재단(사방)
40437,미니현수막,0,테두리마감,11409,현수막 열재단(상하)
40437,미니현수막,0,테두리마감,11410,현수막 열재단(좌우)
40437,미니현수막,0,아일렛,42104,아일렛 10개
40437,미니현수막,0,아일렛,42105,아일렛 12개
40437,미니현수막,0,아일렛,42106,아일렛 14개
40437,미니현수막,0,아일렛,42107,아일렛 16개
40437,미니현수막,0,아일렛,42108,아일렛 18개
40437,미니현수막,0,아일렛,42109,아일렛 20개
40437,미니현수막,0,아일렛,42101,아일렛 4개
40437,미니현수막,0,아일렛,42102,아일렛 6개
40437,미니현수막,0,아일렛,42103,아일렛 8개
40446,고평량 에코명함,0,오시,11347,오시1줄(가로)
40446,고평량 에코명함,0,오시,11345,오시1줄(가로중앙)
40446,고평량 에코명함,0,오시,11385,오시1줄(세로)
40446,고평량 에코명함,0,오시,11346,오시1줄(세로중앙)
40446,고평량 에코명함,0,오시,11348,오시2줄(가로)
40446,고평량 에코명함,0,오시,11349,오시2줄(세로)
40446,고평량 에코명함,0,오시,11350,오시3줄(가로)
40446,고평량 에코명함,0,오시,11351,오시3줄(세로)
40446,고평량 에코명함,0,타공,11367,타공1개(3mm)
40446,고평량 에코명함,0,타공,11368,타공1개(4mm)
40446,고평량 에코명함,0,타공,11369,타공1개(5mm)
40446,고평량 에코명함,0,타공,11370,타공1개(6mm)
40446,고평량 에코명함,0,타공,11371,타공1개(7mm)
40446,고평량 에코명함,0,타공,11372,타공1개(8mm)
40446,고평량 에코명함,0,타공,11373,타공2개(3mm)
40446,고평량 에코명함,0,타공,11374,타공2개(4mm)
40446,고평량 에코명함,0,타공,11375,타공2개(5mm)
40446,고평량 에코명함,0,타공,11376,타공2개(6mm)
40446,고평량 에코명함,0,타공,11377,타공2개(7mm)
40446,고평량 에코명함,0,타공,11378,타공2개(8mm)
40446,고평량 에코명함,0,타공,11379,타공3개(3mm)
40446,고평량 에코명함,0,타공,11380,타공3개(4mm)
40446,고평량 에코명함,0,타공,11381,타공3개(5mm)
40446,고평량 에코명함,0,타공,11382,타공3개(6mm)
40446,고평량 에코명함,0,타공,11383,타공3개(7mm)
40446,고평량 에코명함,0,타공,11384,타공3개(8mm)
40446,고평량 에코명함,0,형압,11585,형압 15mm이하
40446,고평량 에코명함,0,형압,11586,형압 30mm이하
40446,고평량 에코명함,0,형압,11587,형압 70mm이하
40446,고평량 에코명함,0,형압,11588,형압 90mm미만
40446,고평량 에코명함,0,라운딩,23011,부분라운딩
40446,고평량 에코명함,0,라운딩,23010,전체라운딩
40448,현수막,0,나무+로프,11390,나무+로프(상하 700)
40448,현수막,0,나무+로프,11391,나무+로프(상하 900)
40448,현수막,0,나무+로프,11788,나무+로프(좌우 700)
40448,현수막,0,나무+로프,11789,나무+로프(좌우 900)
40448,현수막,0,테두리마감,11414,현수막 미싱(사방)
40448,현수막,0,테두리마감,11412,현수막 미싱(상하)
40448,현수막,0,테두리마감,11413,현수막 미싱(좌우)
40448,현수막,0,테두리마감,11411,현수막 열재단(사방)
40448,현수막,0,테두리마감,11409,현수막 열재단(상하)
40448,현수막,0,테두리마감,11410,현수막 열재단(좌우)
40448,현수막,0,아일렛,42104,아일렛 10개
40448,현수막,0,아일렛,42105,아일렛 12개
40448,현수막,0,아일렛,42106,아일렛 14개
40448,현수막,0,아일렛,42107,아일렛 16개
40448,현수막,0,아일렛,42108,아일렛 18개
40448,현수막,0,아일렛,42109,아일렛 20개
40448,현수막,0,아일렛,42101,아일렛 4개
40448,현수막,0,아일렛,42102,아일렛 6개
40448,현수막,0,아일렛,42103,아일렛 8개
40450,종이썬캡,0,코팅,31102,단면 무광코팅
40450,종이썬캡,0,코팅,31101,단면 유광코팅
40457,소량종이부채,0,코팅,31202,양면 무광코팅
40458,소량종이부채,0,코팅,31202,양면 무광코팅
40469,소량떡메모지,0,떡제본,43286,떡제본(상철)
40469,소량떡메모지,0,떡제본,43287,떡제본(좌철)
40470,소량떡메모지,0,떡제본,43286,떡제본(상철)
40470,소량떡메모지,0,떡제본,43287,떡제본(좌철)
40472,정밀도무송스티커,0,정밀도무송 칼선,43254,칼선 10개
40472,정밀도무송스티커,0,정밀도무송 칼선,43255,칼선 11개
40472,정밀도무송스티커,0,정밀도무송 칼선,43256,칼선 12개
40472,정밀도무송스티커,0,정밀도무송 칼선,43257,칼선 13개
40472,정밀도무송스티커,0,정밀도무송 칼선,43258,칼선 14개
40472,정밀도무송스티커,0,정밀도무송 칼선,43259,칼선 15개
40472,정밀도무송스티커,0,정밀도무송 칼선,43260,칼선 16개
40472,정밀도무송스티커,0,정밀도무송 칼선,43261,칼선 17개
40472,정밀도무송스티커,0,정밀도무송 칼선,43262,칼선 18개
40472,정밀도무송스티커,0,정밀도무송 칼선,43263,칼선 19개
40472,정밀도무송스티커,0,정밀도무송 칼선,43245,칼선 1개
40472,정밀도무송스티커,0,정밀도무송 칼선,43264,칼선 20개
40472,정밀도무송스티커,0,정밀도무송 칼선,43265,칼선 21개
40472,정밀도무송스티커,0,정밀도무송 칼선,43266,칼선 22개
40472,정밀도무송스티커,0,정밀도무송 칼선,43267,칼선 23개
40472,정밀도무송스티커,0,정밀도무송 칼선,43268,칼선 24개
40472,정밀도무송스티커,0,정밀도무송 칼선,43269,칼선 25개
40472,정밀도무송스티커,0,정밀도무송 칼선,43270,칼선 26개
40472,정밀도무송스티커,0,정밀도무송 칼선,43271,칼선 27개
40472,정밀도무송스티커,0,정밀도무송 칼선,43272,칼선 28개
40472,정밀도무송스티커,0,정밀도무송 칼선,43273,칼선 29개
40472,정밀도무송스티커,0,정밀도무송 칼선,43246,칼선 2개
40472,정밀도무송스티커,0,정밀도무송 칼선,43274,칼선 30개
40472,정밀도무송스티커,0,정밀도무송 칼선,43247,칼선 3개
40472,정밀도무송스티커,0,정밀도무송 칼선,43248,칼선 4개
40472,정밀도무송스티커,0,정밀도무송 칼선,43249,칼선 5개
40472,정밀도무송스티커,0,정밀도무송 칼선,43250,칼선 6개
40472,정밀도무송스티커,0,정밀도무송 칼선,43251,칼선 7개
40472,정밀도무송스티커,0,정밀도무송 칼선,43252,칼선 8개
40472,정밀도무송스티커,0,정밀도무송 칼선,43253,칼선 9개
40504,투명엠보싱엽서,0,오시,11347,오시1줄(가로)
40504,투명엠보싱엽서,0,오시,11345,오시1줄(가로중앙)
40504,투명엠보싱엽서,0,오시,11385,오시1줄(세로)
40504,투명엠보싱엽서,0,오시,11346,오시1줄(세로중앙)
40504,투명엠보싱엽서,0,오시,11348,오시2줄(가로)
40504,투명엠보싱엽서,0,오시,11349,오시2줄(세로)
40504,투명엠보싱엽서,0,오시,11350,오시3줄(가로)
40504,투명엠보싱엽서,0,오시,11351,오시3줄(세로)
40505,엠보싱금박엽서,0,오시,11347,오시1줄(가로)
40505,엠보싱금박엽서,0,오시,11345,오시1줄(가로중앙)
40505,엠보싱금박엽서,0,오시,11385,오시1줄(세로)
40505,엠보싱금박엽서,0,오시,11346,오시1줄(세로중앙)
40505,엠보싱금박엽서,0,오시,11348,오시2줄(가로)
40505,엠보싱금박엽서,0,오시,11349,오시2줄(세로)
40505,엠보싱금박엽서,0,오시,11350,오시3줄(가로)
40505,엠보싱금박엽서,0,오시,11351,오시3줄(세로)
40506,엠보싱은박엽서,0,오시,11347,오시1줄(가로)
40506,엠보싱은박엽서,0,오시,11345,오시1줄(가로중앙)
40506,엠보싱은박엽서,0,오시,11385,오시1줄(세로)
40506,엠보싱은박엽서,0,오시,11346,오시1줄(세로중앙)
40506,엠보싱은박엽서,0,오시,11348,오시2줄(가로)
40506,엠보싱은박엽서,0,오시,11349,오시2줄(세로)
40506,엠보싱은박엽서,0,오시,11350,오시3줄(가로)
40506,엠보싱은박엽서,0,오시,11351,오시3줄(세로)
40507,엠보싱홀로그램박엽서,0,오시,11347,오시1줄(가로)
40507,엠보싱홀로그램박엽서,0,오시,11345,오시1줄(가로중앙)
40507,엠보싱홀로그램박엽서,0,오시,11385,오시1줄(세로)
40507,엠보싱홀로그램박엽서,0,오시,11346,오시1줄(세로중앙)
40507,엠보싱홀로그램박엽서,0,오시,11348,오시2줄(가로)
40507,엠보싱홀로그램박엽서,0,오시,11349,오시2줄(세로)
40507,엠보싱홀로그램박엽서,0,오시,11350,오시3줄(가로)
40507,엠보싱홀로그램박엽서,0,오시,11351,오시3줄(세로)
40508,칼라옵셋-NCR지(2매1조),0,미싱,11359,미싱1줄(가로)
40508,칼라옵셋-NCR지(2매1조),0,미싱,11357,미싱1줄(가로중앙)
40508,칼라옵셋-NCR지(2매1조),0,미싱,11388,미싱1줄(세로)
40508,칼라옵셋-NCR지(2매1조),0,미싱,11358,미싱1줄(세로중앙)
40508,칼라옵셋-NCR지(2매1조),0,미싱,11360,미싱2줄(가로)
40508,칼라옵셋-NCR지(2매1조),0,미싱,11361,미싱2줄(세로)
40508,칼라옵셋-NCR지(2매1조),0,미싱,11362,미싱3줄(가로)
40508,칼라옵셋-NCR지(2매1조),0,미싱,11363,미싱3줄(세로)
40508,칼라옵셋-NCR지(2매1조),0,풀발이,11417,상단 풀발이
40508,칼라옵셋-NCR지(2매1조),0,풀발이,11416,좌측 풀발이
40508,칼라옵셋-NCR지(2매1조),0,타공,11367,타공1개(3mm)
40508,칼라옵셋-NCR지(2매1조),0,타공,11368,타공1개(4mm)
40508,칼라옵셋-NCR지(2매1조),0,타공,11369,타공1개(5mm)
40508,칼라옵셋-NCR지(2매1조),0,타공,11370,타공1개(6mm)
40508,칼라옵셋-NCR지(2매1조),0,타공,11371,타공1개(7mm)
40508,칼라옵셋-NCR지(2매1조),0,타공,11372,타공1개(8mm)
40508,칼라옵셋-NCR지(2매1조),0,타공,11373,타공2개(3mm)
40508,칼라옵셋-NCR지(2매1조),0,타공,11374,타공2개(4mm)
40508,칼라옵셋-NCR지(2매1조),0,타공,11375,타공2개(5mm)
40508,칼라옵셋-NCR지(2매1조),0,타공,11376,타공2개(6mm)
40508,칼라옵셋-NCR지(2매1조),0,타공,11377,타공2개(7mm)
40508,칼라옵셋-NCR지(2매1조),0,타공,11378,타공2개(8mm)
40508,칼라옵셋-NCR지(2매1조),0,타공,11379,타공3개(3mm)
40508,칼라옵셋-NCR지(2매1조),0,타공,11380,타공3개(4mm)
40508,칼라옵셋-NCR지(2매1조),0,타공,11381,타공3개(5mm)
40508,칼라옵셋-NCR지(2매1조),0,타공,11382,타공3개(6mm)
40508,칼라옵셋-NCR지(2매1조),0,타공,11383,타공3개(7mm)
40508,칼라옵셋-NCR지(2매1조),0,타공,11384,타공3개(8mm)
40509,벨벳코팅명함,0,투명엠보싱,43276,단면 투명엠보싱
40509,벨벳코팅명함,0,투명엠보싱,43277,양면 투명엠보싱
40509,벨벳코팅명함,0,엠보싱박,43279,엠보싱 단면 금박
40509,벨벳코팅명함,0,엠보싱박,43280,엠보싱 단면 은박
40509,벨벳코팅명함,0,엠보싱박,43281,엠보싱 단면 홀로그램박
40509,벨벳코팅명함,0,엠보싱박,43282,엠보싱 양면 금박
40509,벨벳코팅명함,0,엠보싱박,43283,엠보싱 양면 은박
40509,벨벳코팅명함,0,엠보싱박,43284,엠보싱 양면 홀로그램박
40510,칼라옵셋-NCR지(3매1조),0,미싱,11359,미싱1줄(가로)
40510,칼라옵셋-NCR지(3매1조),0,미싱,11357,미싱1줄(가로중앙)
40510,칼라옵셋-NCR지(3매1조),0,미싱,11388,미싱1줄(세로)
40510,칼라옵셋-NCR지(3매1조),0,미싱,11358,미싱1줄(세로중앙)
40510,칼라옵셋-NCR지(3매1조),0,미싱,11360,미싱2줄(가로)
40510,칼라옵셋-NCR지(3매1조),0,미싱,11361,미싱2줄(세로)
40510,칼라옵셋-NCR지(3매1조),0,미싱,11362,미싱3줄(가로)
40510,칼라옵셋-NCR지(3매1조),0,미싱,11363,미싱3줄(세로)
40510,칼라옵셋-NCR지(3매1조),0,풀발이,11417,상단 풀발이
40510,칼라옵셋-NCR지(3매1조),0,풀발이,11416,좌측 풀발이
40510,칼라옵셋-NCR지(3매1조),0,타공,11367,타공1개(3mm)
40510,칼라옵셋-NCR지(3매1조),0,타공,11368,타공1개(4mm)
40510,칼라옵셋-NCR지(3매1조),0,타공,11369,타공1개(5mm)
40510,칼라옵셋-NCR지(3매1조),0,타공,11370,타공1개(6mm)
40510,칼라옵셋-NCR지(3매1조),0,타공,11371,타공1개(7mm)
40510,칼라옵셋-NCR지(3매1조),0,타공,11372,타공1개(8mm)
40510,칼라옵셋-NCR지(3매1조),0,타공,11373,타공2개(3mm)
40510,칼라옵셋-NCR지(3매1조),0,타공,11374,타공2개(4mm)
40510,칼라옵셋-NCR지(3매1조),0,타공,11375,타공2개(5mm)
40510,칼라옵셋-NCR지(3매1조),0,타공,11376,타공2개(6mm)
40510,칼라옵셋-NCR지(3매1조),0,타공,11377,타공2개(7mm)
40510,칼라옵셋-NCR지(3매1조),0,타공,11378,타공2개(8mm)
40510,칼라옵셋-NCR지(3매1조),0,타공,11379,타공3개(3mm)
40510,칼라옵셋-NCR지(3매1조),0,타공,11380,타공3개(4mm)
40510,칼라옵셋-NCR지(3매1조),0,타공,11381,타공3개(5mm)
40510,칼라옵셋-NCR지(3매1조),0,타공,11382,타공3개(6mm)
40510,칼라옵셋-NCR지(3매1조),0,타공,11383,타공3개(7mm)
40510,칼라옵셋-NCR지(3매1조),0,타공,11384,타공3개(8mm)
40511,칼라옵셋-NCR지(4매1조),0,미싱,11359,미싱1줄(가로)
40511,칼라옵셋-NCR지(4매1조),0,미싱,11357,미싱1줄(가로중앙)
40511,칼라옵셋-NCR지(4매1조),0,미싱,11388,미싱1줄(세로)
40511,칼라옵셋-NCR지(4매1조),0,미싱,11358,미싱1줄(세로중앙)
40511,칼라옵셋-NCR지(4매1조),0,미싱,11360,미싱2줄(가로)
40511,칼라옵셋-NCR지(4매1조),0,미싱,11361,미싱2줄(세로)
40511,칼라옵셋-NCR지(4매1조),0,미싱,11362,미싱3줄(가로)
40511,칼라옵셋-NCR지(4매1조),0,미싱,11363,미싱3줄(세로)
40511,칼라옵셋-NCR지(4매1조),0,풀발이,11417,상단 풀발이
40511,칼라옵셋-NCR지(4매1조),0,풀발이,11416,좌측 풀발이
40511,칼라옵셋-NCR지(4매1조),0,타공,11367,타공1개(3mm)
40511,칼라옵셋-NCR지(4매1조),0,타공,11368,타공1개(4mm)
40511,칼라옵셋-NCR지(4매1조),0,타공,11369,타공1개(5mm)
40511,칼라옵셋-NCR지(4매1조),0,타공,11370,타공1개(6mm)
40511,칼라옵셋-NCR지(4매1조),0,타공,11371,타공1개(7mm)
40511,칼라옵셋-NCR지(4매1조),0,타공,11372,타공1개(8mm)
40511,칼라옵셋-NCR지(4매1조),0,타공,11373,타공2개(3mm)
40511,칼라옵셋-NCR지(4매1조),0,타공,11374,타공2개(4mm)
40511,칼라옵셋-NCR지(4매1조),0,타공,11375,타공2개(5mm)
40511,칼라옵셋-NCR지(4매1조),0,타공,11376,타공2개(6mm)
40511,칼라옵셋-NCR지(4매1조),0,타공,11377,타공2개(7mm)
40511,칼라옵셋-NCR지(4매1조),0,타공,11378,타공2개(8mm)
40511,칼라옵셋-NCR지(4매1조),0,타공,11379,타공3개(3mm)
40511,칼라옵셋-NCR지(4매1조),0,타공,11380,타공3개(4mm)
40511,칼라옵셋-NCR지(4매1조),0,타공,11381,타공3개(5mm)
40511,칼라옵셋-NCR지(4매1조),0,타공,11382,타공3개(6mm)
40511,칼라옵셋-NCR지(4매1조),0,타공,11383,타공3개(7mm)
40511,칼라옵셋-NCR지(4매1조),0,타공,11384,타공3개(8mm)
40512,칼라옵셋-양식지,0,미싱,11359,미싱1줄(가로)
40512,칼라옵셋-양식지,0,미싱,11357,미싱1줄(가로중앙)
40512,칼라옵셋-양식지,0,미싱,11388,미싱1줄(세로)
40512,칼라옵셋-양식지,0,미싱,11358,미싱1줄(세로중앙)
40512,칼라옵셋-양식지,0,미싱,11360,미싱2줄(가로)
40512,칼라옵셋-양식지,0,미싱,11361,미싱2줄(세로)
40512,칼라옵셋-양식지,0,미싱,11362,미싱3줄(가로)
40512,칼라옵셋-양식지,0,미싱,11363,미싱3줄(세로)
40512,칼라옵셋-양식지,0,타공,11369,타공1개(5mm)
40512,칼라옵셋-양식지,0,타공,11370,타공1개(6mm)
40512,칼라옵셋-양식지,0,타공,11375,타공2개(5mm)
40512,칼라옵셋-양식지,0,타공,11376,타공2개(6mm)
40512,칼라옵셋-양식지,0,타공,11381,타공3개(5mm)
40512,칼라옵셋-양식지,0,타공,11382,타공3개(6mm)
40512,칼라옵셋-양식지,0,접지,28001,2단접지
40512,칼라옵셋-양식지,0,접지,28002,3단접지
40512,칼라옵셋-양식지,0,접지,28003,4단접지
40512,칼라옵셋-양식지,0,재단,29032,2등분재단
40512,칼라옵셋-양식지,0,재단,29033,3등분재단
40512,칼라옵셋-양식지,0,재단,29034,4등분재단
40512,칼라옵셋-양식지,0,재단,29035,5등분재단
40512,칼라옵셋-양식지,0,재단,29036,6등분재단
40512,칼라옵셋-양식지,0,재단,29039,별도재단
40513,칼라옵셋-영수증,0,미싱,11359,미싱1줄(가로)
40513,칼라옵셋-영수증,0,미싱,11357,미싱1줄(가로중앙)
40513,칼라옵셋-영수증,0,미싱,11388,미싱1줄(세로)
40513,칼라옵셋-영수증,0,미싱,11358,미싱1줄(세로중앙)
40513,칼라옵셋-영수증,0,미싱,11360,미싱2줄(가로)
40513,칼라옵셋-영수증,0,미싱,11361,미싱2줄(세로)
40513,칼라옵셋-영수증,0,미싱,11362,미싱3줄(가로)
40513,칼라옵셋-영수증,0,미싱,11363,미싱3줄(세로)
40513,칼라옵셋-영수증,0,타공,11369,타공1개(5mm)
40513,칼라옵셋-영수증,0,타공,11370,타공1개(6mm)
40513,칼라옵셋-영수증,0,타공,11375,타공2개(5mm)
40513,칼라옵셋-영수증,0,타공,11376,타공2개(6mm)
40513,칼라옵셋-영수증,0,타공,11381,타공3개(5mm)
40513,칼라옵셋-영수증,0,타공,11382,타공3개(6mm)
40513,칼라옵셋-영수증,0,풀발이,11417,상단 풀발이
40513,칼라옵셋-영수증,0,풀발이,11416,좌측 풀발이
40525,PVC커버노트,1,제본,43289,PVC제본 세로좌철
40525,PVC커버노트,1,코팅,31102,단면 무광코팅
40525,PVC커버노트,1,코팅,31101,단면 유광코팅
40527,일반명함,0,라운딩,23011,부분라운딩
40527,일반명함,0,라운딩,23010,전체라운딩
40528,특수지명함,0,라운딩,23011,부분라운딩
40528,특수지명함,0,라운딩,23010,전체라운딩
40529,디지털AP명함,0,라운딩,23011,부분라운딩
40529,디지털AP명함,0,라운딩,23010,전체라운딩
40530,디지털인디고명함,0,라운딩,23011,부분라운딩
40530,디지털인디고명함,0,라운딩,23010,전체라운딩
40531,고평량명함,0,라운딩,23011,부분라운딩
40531,고평량명함,0,라운딩,23010,전체라운딩
40534,조각스티커(도무송),0,칼선,43297,칼선 11~20개
40534,조각스티커(도무송),0,칼선,43296,칼선 1~10개
40534,조각스티커(도무송),0,칼선,43298,칼선 21~30개
40534,조각스티커(도무송),0,칼선,43299,칼선 31~40개
40567,1도옵셋-NCR지(2매1조),0,미싱,11359,미싱1줄(가로)
40567,1도옵셋-NCR지(2매1조),0,미싱,11357,미싱1줄(가로중앙)
40567,1도옵셋-NCR지(2매1조),0,미싱,11388,미싱1줄(세로)
40567,1도옵셋-NCR지(2매1조),0,미싱,11358,미싱1줄(세로중앙)
40567,1도옵셋-NCR지(2매1조),0,미싱,11360,미싱2줄(가로)
40567,1도옵셋-NCR지(2매1조),0,미싱,11361,미싱2줄(세로)
40567,1도옵셋-NCR지(2매1조),0,미싱,11362,미싱3줄(가로)
40567,1도옵셋-NCR지(2매1조),0,미싱,11363,미싱3줄(세로)
40567,1도옵셋-NCR지(2매1조),0,풀발이,11417,상단 풀발이
40567,1도옵셋-NCR지(2매1조),0,풀발이,11416,좌측 풀발이
40567,1도옵셋-NCR지(2매1조),0,타공,11367,타공1개(3mm)
40567,1도옵셋-NCR지(2매1조),0,타공,11368,타공1개(4mm)
40567,1도옵셋-NCR지(2매1조),0,타공,11369,타공1개(5mm)
40567,1도옵셋-NCR지(2매1조),0,타공,11370,타공1개(6mm)
40567,1도옵셋-NCR지(2매1조),0,타공,11371,타공1개(7mm)
40567,1도옵셋-NCR지(2매1조),0,타공,11372,타공1개(8mm)
40567,1도옵셋-NCR지(2매1조),0,타공,11373,타공2개(3mm)
40567,1도옵셋-NCR지(2매1조),0,타공,11374,타공2개(4mm)
40567,1도옵셋-NCR지(2매1조),0,타공,11375,타공2개(5mm)
40567,1도옵셋-NCR지(2매1조),0,타공,11376,타공2개(6mm)
40567,1도옵셋-NCR지(2매1조),0,타공,11377,타공2개(7mm)
40567,1도옵셋-NCR지(2매1조),0,타공,11378,타공2개(8mm)
40567,1도옵셋-NCR지(2매1조),0,타공,11379,타공3개(3mm)
40567,1도옵셋-NCR지(2매1조),0,타공,11380,타공3개(4mm)
40567,1도옵셋-NCR지(2매1조),0,타공,11381,타공3개(5mm)
40567,1도옵셋-NCR지(2매1조),0,타공,11382,타공3개(6mm)
40567,1도옵셋-NCR지(2매1조),0,타공,11383,타공3개(7mm)
40567,1도옵셋-NCR지(2매1조),0,타공,11384,타공3개(8mm)
40568,1도옵셋-NCR지(3매1조),0,미싱,11359,미싱1줄(가로)
40568,1도옵셋-NCR지(3매1조),0,미싱,11357,미싱1줄(가로중앙)
40568,1도옵셋-NCR지(3매1조),0,미싱,11388,미싱1줄(세로)
40568,1도옵셋-NCR지(3매1조),0,미싱,11358,미싱1줄(세로중앙)
40568,1도옵셋-NCR지(3매1조),0,미싱,11360,미싱2줄(가로)
40568,1도옵셋-NCR지(3매1조),0,미싱,11361,미싱2줄(세로)
40568,1도옵셋-NCR지(3매1조),0,미싱,11362,미싱3줄(가로)
40568,1도옵셋-NCR지(3매1조),0,미싱,11363,미싱3줄(세로)
40568,1도옵셋-NCR지(3매1조),0,풀발이,11417,상단 풀발이
40568,1도옵셋-NCR지(3매1조),0,풀발이,11416,좌측 풀발이
40568,1도옵셋-NCR지(3매1조),0,타공,11367,타공1개(3mm)
40568,1도옵셋-NCR지(3매1조),0,타공,11368,타공1개(4mm)
40568,1도옵셋-NCR지(3매1조),0,타공,11369,타공1개(5mm)
40568,1도옵셋-NCR지(3매1조),0,타공,11370,타공1개(6mm)
40568,1도옵셋-NCR지(3매1조),0,타공,11371,타공1개(7mm)
40568,1도옵셋-NCR지(3매1조),0,타공,11372,타공1개(8mm)
40568,1도옵셋-NCR지(3매1조),0,타공,11373,타공2개(3mm)
40568,1도옵셋-NCR지(3매1조),0,타공,11374,타공2개(4mm)
40568,1도옵셋-NCR지(3매1조),0,타공,11375,타공2개(5mm)
40568,1도옵셋-NCR지(3매1조),0,타공,11376,타공2개(6mm)
40568,1도옵셋-NCR지(3매1조),0,타공,11377,타공2개(7mm)
40568,1도옵셋-NCR지(3매1조),0,타공,11378,타공2개(8mm)
40568,1도옵셋-NCR지(3매1조),0,타공,11379,타공3개(3mm)
40568,1도옵셋-NCR지(3매1조),0,타공,11380,타공3개(4mm)
40568,1도옵셋-NCR지(3매1조),0,타공,11381,타공3개(5mm)
40568,1도옵셋-NCR지(3매1조),0,타공,11382,타공3개(6mm)
40568,1도옵셋-NCR지(3매1조),0,타공,11383,타공3개(7mm)
40568,1도옵셋-NCR지(3매1조),0,타공,11384,타공3개(8mm)
40569,1도옵셋-NCR지(4매1조),0,미싱,11359,미싱1줄(가로)
40569,1도옵셋-NCR지(4매1조),0,미싱,11357,미싱1줄(가로중앙)
40569,1도옵셋-NCR지(4매1조),0,미싱,11388,미싱1줄(세로)
40569,1도옵셋-NCR지(4매1조),0,미싱,11358,미싱1줄(세로중앙)
40569,1도옵셋-NCR지(4매1조),0,미싱,11360,미싱2줄(가로)
40569,1도옵셋-NCR지(4매1조),0,미싱,11361,미싱2줄(세로)
40569,1도옵셋-NCR지(4매1조),0,미싱,11362,미싱3줄(가로)
40569,1도옵셋-NCR지(4매1조),0,미싱,11363,미싱3줄(세로)
40569,1도옵셋-NCR지(4매1조),0,풀발이,11417,상단 풀발이
40569,1도옵셋-NCR지(4매1조),0,풀발이,11416,좌측 풀발이
40569,1도옵셋-NCR지(4매1조),0,타공,11367,타공1개(3mm)
40569,1도옵셋-NCR지(4매1조),0,타공,11368,타공1개(4mm)
40569,1도옵셋-NCR지(4매1조),0,타공,11369,타공1개(5mm)
40569,1도옵셋-NCR지(4매1조),0,타공,11370,타공1개(6mm)
40569,1도옵셋-NCR지(4매1조),0,타공,11371,타공1개(7mm)
40569,1도옵셋-NCR지(4매1조),0,타공,11372,타공1개(8mm)
40569,1도옵셋-NCR지(4매1조),0,타공,11373,타공2개(3mm)
40569,1도옵셋-NCR지(4매1조),0,타공,11374,타공2개(4mm)
40569,1도옵셋-NCR지(4매1조),0,타공,11375,타공2개(5mm)
40569,1도옵셋-NCR지(4매1조),0,타공,11376,타공2개(6mm)
40569,1도옵셋-NCR지(4매1조),0,타공,11377,타공2개(7mm)
40569,1도옵셋-NCR지(4매1조),0,타공,11378,타공2개(8mm)
40569,1도옵셋-NCR지(4매1조),0,타공,11379,타공3개(3mm)
40569,1도옵셋-NCR지(4매1조),0,타공,11380,타공3개(4mm)
40569,1도옵셋-NCR지(4매1조),0,타공,11381,타공3개(5mm)
40569,1도옵셋-NCR지(4매1조),0,타공,11382,타공3개(6mm)
40569,1도옵셋-NCR지(4매1조),0,타공,11383,타공3개(7mm)
40569,1도옵셋-NCR지(4매1조),0,타공,11384,타공3개(8mm)
40570,1도옵셋-양식지,0,미싱,11359,미싱1줄(가로)
40570,1도옵셋-양식지,0,미싱,11357,미싱1줄(가로중앙)
40570,1도옵셋-양식지,0,미싱,11388,미싱1줄(세로)
40570,1도옵셋-양식지,0,미싱,11358,미싱1줄(세로중앙)
40570,1도옵셋-양식지,0,미싱,11360,미싱2줄(가로)
40570,1도옵셋-양식지,0,미싱,11361,미싱2줄(세로)
40570,1도옵셋-양식지,0,미싱,11362,미싱3줄(가로)
40570,1도옵셋-양식지,0,미싱,11363,미싱3줄(세로)
40570,1도옵셋-양식지,0,타공,11369,타공1개(5mm)
40570,1도옵셋-양식지,0,타공,11370,타공1개(6mm)
40570,1도옵셋-양식지,0,타공,11375,타공2개(5mm)
40570,1도옵셋-양식지,0,타공,11376,타공2개(6mm)
40570,1도옵셋-양식지,0,타공,11381,타공3개(5mm)
40570,1도옵셋-양식지,0,타공,11382,타공3개(6mm)
40570,1도옵셋-양식지,0,접지,28001,2단접지
40570,1도옵셋-양식지,0,접지,28002,3단접지
40570,1도옵셋-양식지,0,접지,28003,4단접지
40570,1도옵셋-양식지,0,재단,29032,2등분재단
40570,1도옵셋-양식지,0,재단,29033,3등분재단
40570,1도옵셋-양식지,0,재단,29034,4등분재단
40570,1도옵셋-양식지,0,재단,29035,5등분재단
40570,1도옵셋-양식지,0,재단,29036,6등분재단
40570,1도옵셋-양식지,0,재단,29039,별도재단
40571,1도옵셋-영수증,0,미싱,11359,미싱1줄(가로)
40571,1도옵셋-영수증,0,미싱,11357,미싱1줄(가로중앙)
40571,1도옵셋-영수증,0,미싱,11388,미싱1줄(세로)
40571,1도옵셋-영수증,0,미싱,11358,미싱1줄(세로중앙)
40571,1도옵셋-영수증,0,미싱,11360,미싱2줄(가로)
40571,1도옵셋-영수증,0,미싱,11361,미싱2줄(세로)
40571,1도옵셋-영수증,0,미싱,11362,미싱3줄(가로)
40571,1도옵셋-영수증,0,미싱,11363,미싱3줄(세로)
40571,1도옵셋-영수증,0,타공,11369,타공1개(5mm)
40571,1도옵셋-영수증,0,타공,11370,타공1개(6mm)
40571,1도옵셋-영수증,0,타공,11375,타공2개(5mm)
40571,1도옵셋-영수증,0,타공,11376,타공2개(6mm)
40571,1도옵셋-영수증,0,타공,11381,타공3개(5mm)
40571,1도옵셋-영수증,0,타공,11382,타공3개(6mm)
40571,1도옵셋-영수증,0,풀발이,11417,상단 풀발이
40571,1도옵셋-영수증,0,풀발이,11416,좌측 풀발이
40572,소량 청첩장/초대장,0,오시,11387,오시1줄
40572,소량 청첩장/초대장,0,오시,11389,오시2줄
40572,소량 청첩장/초대장,0,투명엠보싱,43276,단면 투명엠보싱
40572,소량 청첩장/초대장,0,투명엠보싱,43277,양면 투명엠보싱
40572,소량 청첩장/초대장,0,엠보싱박,43279,엠보싱 단면 금박
40572,소량 청첩장/초대장,0,엠보싱박,43280,엠보싱 단면 은박
40572,소량 청첩장/초대장,0,엠보싱박,43281,엠보싱 단면 홀로그램박
40572,소량 청첩장/초대장,0,엠보싱박,43282,엠보싱 양면 금박
40572,소량 청첩장/초대장,0,엠보싱박,43283,엠보싱 양면 은박
40572,소량 청첩장/초대장,0,엠보싱박,43284,엠보싱 양면 홀로그램박
40573,모양보드,0,모양타공,43320,모양타공 1개
40573,모양보드,0,모양타공,43321,모양타공 2개
40573,모양보드,0,모양타공,43322,모양타공 3개
40573,모양보드,0,모양타공,43323,모양타공 4개
40573,모양보드,0,모양타공,43324,모양타공 5개
40574,미니등신대,0,모양타공,43320,모양타공 1개
40574,미니등신대,0,모양타공,43321,모양타공 2개
40574,미니등신대,0,모양타공,43322,모양타공 3개
40574,미니등신대,0,모양타공,43323,모양타공 4개
40574,미니등신대,0,모양타공,43324,모양타공 5개
40575,일반등신대,0,모양타공,43320,모양타공 1개
40575,일반등신대,0,모양타공,43321,모양타공 2개
40575,일반등신대,0,모양타공,43322,모양타공 3개
40575,일반등신대,0,모양타공,43323,모양타공 4개
40575,일반등신대,0,모양타공,43324,모양타공 5개
40579,헤더택,0,오시,11387,오시1줄
40579,헤더택,0,타공,11376,타공2개(6mm)
40583,카드 키홀더,0,코팅,31102,단면 무광코팅
40583,카드 키홀더,0,코팅,31101,단면 유광코팅
40583,카드 키홀더,0,코팅,31202,양면 무광코팅
40583,카드 키홀더,0,코팅,31201,양면 유광코팅
40583,카드 키홀더,0,코팅,31098,코팅없음
40585,현수막배너,0,아일렛,42101,아일렛 4개
40585,현수막배너,0,아일렛,11408,아일렛 없음
40589,메쉬현수막,0,나무+로프,11390,나무+로프(상하 700)
40589,메쉬현수막,0,나무+로프,11391,나무+로프(상하 900)
40589,메쉬현수막,0,나무+로프,11788,나무+로프(좌우 700)
40589,메쉬현수막,0,나무+로프,11789,나무+로프(좌우 900)
40589,메쉬현수막,0,아일렛,42104,아일렛 10개
40589,메쉬현수막,0,아일렛,42105,아일렛 12개
40589,메쉬현수막,0,아일렛,42106,아일렛 14개
40589,메쉬현수막,0,아일렛,42107,아일렛 16개
40589,메쉬현수막,0,아일렛,42108,아일렛 18개
40589,메쉬현수막,0,아일렛,42109,아일렛 20개
40589,메쉬현수막,0,아일렛,42101,아일렛 4개
40589,메쉬현수막,0,아일렛,42102,아일렛 6개
40589,메쉬현수막,0,아일렛,42103,아일렛 8개
40599,미니명함,0,라운딩,23011,부분라운딩
40599,미니명함,0,라운딩,23010,전체라운딩
40599,미니명함,0,투명엠보싱,43276,단면 투명엠보싱
40599,미니명함,0,투명엠보싱,43277,양면 투명엠보싱
40599,미니명함,0,엠보싱박,43279,엠보싱 단면 금박
40599,미니명함,0,엠보싱박,43280,엠보싱 단면 은박
40599,미니명함,0,엠보싱박,43281,엠보싱 단면 홀로그램박
40599,미니명함,0,엠보싱박,43282,엠보싱 양면 금박
40599,미니명함,0,엠보싱박,43283,엠보싱 양면 은박
40599,미니명함,0,엠보싱박,43284,엠보싱 양면 홀로그램박
40607,식권,0,라운딩,23011,부분라운딩
40607,식권,0,라운딩,23010,전체라운딩
40609,모양포스터,0,코팅,31102,단면 무광코팅
40609,모양포스터,0,코팅,31101,단면 유광코팅
40609,모양포스터,0,코팅,31202,양면 무광코팅
40609,모양포스터,0,코팅,31201,양면 유광코팅
40609,모양포스터,0,모양타공,43320,모양타공 1개
40609,모양포스터,0,모양타공,43321,모양타공 2개
40609,모양포스터,0,모양타공,43322,모양타공 3개
40609,모양포스터,0,모양타공,43323,모양타공 4개
40609,모양포스터,0,모양타공,43324,모양타공 5개
40609,모양포스터,0,모양컷팅,43329,모양컷팅단순
40609,모양포스터,0,모양컷팅,43331,모양컷팅복잡
40609,모양포스터,0,모양컷팅,43330,모양컷팅중간
40611,띠지스티커(도무송),0,칼선,36110,칼선 단순 10개
40611,띠지스티커(도무송),0,칼선,36111,칼선 단순 11개
40611,띠지스티커(도무송),0,칼선,36112,칼선 단순 12개
40611,띠지스티커(도무송),0,칼선,36113,칼선 단순 13개
40611,띠지스티커(도무송),0,칼선,36114,칼선 단순 14개
40611,띠지스티커(도무송),0,칼선,36115,칼선 단순 15개
40611,띠지스티커(도무송),0,칼선,36116,칼선 단순 16개
40611,띠지스티커(도무송),0,칼선,36117,칼선 단순 17개
40611,띠지스티커(도무송),0,칼선,36118,칼선 단순 18개
40611,띠지스티커(도무송),0,칼선,36119,칼선 단순 19개
40611,띠지스티커(도무송),0,칼선,36101,칼선 단순 1개
40611,띠지스티커(도무송),0,칼선,36120,칼선 단순 20개
40611,띠지스티커(도무송),0,칼선,11440,칼선 단순 21개
40611,띠지스티커(도무송),0,칼선,11437,칼선 단순 22개
40611,띠지스티커(도무송),0,칼선,11438,칼선 단순 23개
40611,띠지스티커(도무송),0,칼선,11439,칼선 단순 24개
40611,띠지스티커(도무송),0,칼선,11436,칼선 단순 25개
40611,띠지스티커(도무송),0,칼선,11435,칼선 단순 26개
40611,띠지스티커(도무송),0,칼선,11431,칼선 단순 27개
40611,띠지스티커(도무송),0,칼선,11432,칼선 단순 28개
40611,띠지스티커(도무송),0,칼선,11433,칼선 단순 29개
40611,띠지스티커(도무송),0,칼선,36102,칼선 단순 2개
40611,띠지스티커(도무송),0,칼선,11434,칼선 단순 30개
40611,띠지스티커(도무송),0,칼선,36103,칼선 단순 3개
40611,띠지스티커(도무송),0,칼선,36104,칼선 단순 4개
40611,띠지스티커(도무송),0,칼선,36105,칼선 단순 5개
40611,띠지스티커(도무송),0,칼선,36106,칼선 단순 6개
40611,띠지스티커(도무송),0,칼선,36107,칼선 단순 7개
40611,띠지스티커(도무송),0,칼선,36108,칼선 단순 8개
40611,띠지스티커(도무송),0,칼선,36109,칼선 단순 9개
40612,띠지스티커(사각),0,칼선방향,36510,칼선 가로방향
40612,띠지스티커(사각),0,칼선방향,36511,칼선 세로방향
40614,모양엽서,0,모양컷팅,43329,모양컷팅단순
40614,모양엽서,0,모양컷팅,43331,모양컷팅복잡
40614,모양엽서,0,모양컷팅,43330,모양컷팅중간
40615,캔버스엽서,0,오시,11347,오시1줄(가로)
40615,캔버스엽서,0,오시,11345,오시1줄(가로중앙)
40615,캔버스엽서,0,오시,11385,오시1줄(세로)
40615,캔버스엽서,0,오시,11346,오시1줄(세로중앙)
40615,캔버스엽서,0,오시,11348,오시2줄(가로)
40615,캔버스엽서,0,오시,11349,오시2줄(세로)
40615,캔버스엽서,0,오시,11350,오시3줄(가로)
40615,캔버스엽서,0,오시,11351,오시3줄(세로)
40615,캔버스엽서,0,형압,11585,형압 15mm이하
40615,캔버스엽서,0,형압,11586,형압 30mm이하
40615,캔버스엽서,0,형압,11587,형압 70mm이하
40615,캔버스엽서,0,형압,11588,형압 90mm미만
40615,캔버스엽서,0,라운딩,23011,부분라운딩
40615,캔버스엽서,0,라운딩,23010,전체라운딩
40615,캔버스엽서,0,타공,11367,타공1개(3mm)
40615,캔버스엽서,0,타공,11368,타공1개(4mm)
40615,캔버스엽서,0,타공,11369,타공1개(5mm)
40615,캔버스엽서,0,타공,11370,타공1개(6mm)
40615,캔버스엽서,0,타공,11371,타공1개(7mm)
40615,캔버스엽서,0,타공,11372,타공1개(8mm)
40615,캔버스엽서,0,타공,11373,타공2개(3mm)
40615,캔버스엽서,0,타공,11374,타공2개(4mm)
40615,캔버스엽서,0,타공,11375,타공2개(5mm)
40615,캔버스엽서,0,타공,11376,타공2개(6mm)
40615,캔버스엽서,0,타공,11377,타공2개(7mm)
40615,캔버스엽서,0,타공,11378,타공2개(8mm)
40615,캔버스엽서,0,타공,11379,타공3개(3mm)
40615,캔버스엽서,0,타공,11380,타공3개(4mm)
40615,캔버스엽서,0,타공,11381,타공3개(5mm)
40615,캔버스엽서,0,타공,11382,타공3개(6mm)
40615,캔버스엽서,0,타공,11383,타공3개(7mm)
40615,캔버스엽서,0,타공,11384,타공3개(8mm)
