row_id,data_role,track,step,title,std_ids,owner_name,target_date,effort_lb_days,week_plus_cnt,undetermined_cnt,nondev_cnt,open_rows,date_basis,evidence,check_method,prereq,status,data_owner,data_work,api_path,api_evidence,forced_by_impl,api_basis,wait_target,irreversible,note,source
T1-1,top,T1,F1,관리서버(webadmin) Lightsail dev 배포·검증 — F1-1~F1-5,NEW,서희항,미산정(런북 단계 수 5 · 원장 미완 행 없음),0,0,0,0,0,임계경로 미산정 구간,_workspace/huni-launch-runway/07_rebaseline/S/S4-infra/migration-plan.md:36,Lightsail 콘솔을 열어 admin 서비스가 healthy 이고 /healthz 페이지에 접속하면 ok 가 나오는지 조회한다,외부(인프라팀) OIDC 신뢰정책·시크릿 회신,미착수,huni,dev,none,샵바이 비경유,,F1 · 매칭 규칙 없음,,,NEW 사유: 원장은 기능 원장이라 인프라 이전 행이 없다(S4 런북이 원천),top
T1-2,top,T1,F2,DB 반입(PG 18.6→17) 리허설·본반입·검증 4종·vc_ 분리 — F2-1~F2-4,NEW,서희항,미산정(런북 단계 수 4 · 원장 미완 행 없음),0,0,0,0,0,임계경로 미산정 구간,_workspace/huni-launch-runway/07_rebaseline/S/S4-infra/migration-plan.md:46,리허설 결과 로그를 열어 검증 4종이 exit 0 이고 행수 지문 목록이 Railway 와 같은지 조회한다,외부(인프라팀) SSH 터널·PG 17 인스턴스,미착수,huni,dev,none,샵바이 비경유,,F2 · 매칭 규칙 없음,,,NEW 사유: 원장에 행 없음(S4 런북이 원천),top
T1-3,top,T1,F3,운영 전환 12단계(F3-11 Railway 종료는 오픈 테스트 통과 전 금지),NEW,서희항,미산정(런북 단계 수 10 · 원장 미완 행 없음),0,0,0,0,0,임계경로 미산정 구간,_workspace/huni-launch-runway/07_rebaseline/S/S4-infra/migration-plan.md:55,huni-admin.printly.co.kr/healthz 페이지에 접속해 200 을 보고 Railway 콘솔에서 크론이 정지 상태인지 조회한다,T1-2,미착수,huni,dev,none,샵바이 비경유,,F3 · 매칭 규칙 없음,,,NEW 사유: 원장에 행 없음(S4 런북이 원천),top
T1-4,top,T1,F4,스킨 컨테이너화·도메인·소셜 콜백·env 이관(F4-8 Vercel 정지는 오픈 테스트 통과 전 금지) + 로그인 리다이렉트 재검증,STD-SYS-024;STD-SYS-036;STD-SYS-040;STD-SYS-052,김동학,2026-09-17,1,0,0,3,4,가장 이른 완료일(하한) · 런북 8단계 미산정 제외,_workspace/huni-launch-runway/07_rebaseline/S/S4-infra/migration-plan.md:72,shopby.huniprinting.co.kr 로그인 페이지에 접속해 구글·네이버·카카오 버튼을 각각 눌러 마이페이지 화면으로 돌아오는지 조회한다,외부(Vercel 계정 소유자) 접근 · 외부(소셜 3사 콘솔 권한자),미착수,huni,dev,none,샵바이 비경유,,F4 · 매칭 규칙 없음,,,구간=F4·E2,top
T2-1,top,T2,A1,상품·가격 데이터 충전 — 기본사양가 없음 2건·0원 조합 교정,STD-CAT-023;STD-CAT-024;STD-CAT-025;STD-CAT-026;STD-CAT-028;STD-CAT-031;STD-CAT-033;STD-CAT-035;STD-CAT-036;STD-CAT-037;STD-CAT-038;STD-CAT-039;STD-CAT-040;STD-CAT-041;STD-OPT-043;STD-OPT-044;STD-OPT-045;STD-OPT-046;STD-OPT-047;STD-OPT-048;STD-OPT-049;STD-OPT-050;STD-OPT-051;STD-OPT-052;STD-ADP-001;STD-ADP-002;STD-ADP-003;STD-ADP-004;STD-ADP-005;STD-ADP-006;STD-ADP-007;STD-ADP-008;STD-ADP-009;STD-ADP-010;STD-ADP-011;STD-ADP-012;STD-ADP-013;STD-ADP-014;STD-ADP-015;STD-ADP-016;STD-ADP-023;STD-ADP-024;STD-ADP-025;STD-ADP-026;STD-ADP-027;STD-ADP-028;STD-ADP-029;STD-ADP-030;STD-ADP-031;STD-ADP-032;STD-ADP-033;STD-ADP-034;STD-ADP-035;STD-ADP-036;STD-ADP-037,최숙진,2026-09-30,8,0,0,15,20,가장 이른 완료일(하한),_workspace/huni-launch-runway/07_rebaseline/S/S5-plan/status-28.csv:3,webadmin 가격 시뮬레이터 화면을 열어 아크릴키링·무선책자를 조회하고 0원 구성요소가 목록에 없는지 확인한다,—,부분,huni,config,none,샵바이 비경유,,A1 · 매칭 규칙 없음,,,구간=A1·A2,top
T2-2,top,T2,A3,위젯 기본값 미지정 교정·재게시,STD-OPT-001;STD-OPT-002;STD-OPT-003;STD-OPT-004;STD-OPT-005;STD-OPT-006;STD-OPT-007;STD-OPT-037;STD-OPT-038;STD-OPT-039;STD-OPT-040;STD-OPT-041;STD-OPT-042;STD-ADP-017;STD-ADP-018;STD-ADP-019;STD-ADP-020;STD-ADP-021;STD-ADP-022,최숙진,2026-10-01,1,0,0,7,8,가장 이른 완료일(하한),_workspace/huni-launch-runway/07_rebaseline/S/S5-plan/status-28.csv:4,webadmin 위젯빌더 메뉴를 열어 미리보기에서 기본값 상태 가격이 0원이 아닌지 조회하고 게시 목록에 게시됨으로 뜨는지 본다,T2-1 · 결정 10(기본값 지정 주체),부분,huni,config,none,샵바이 비경유,,A3 · 매칭 규칙 없음,,,구간=A3,top
T2-3,top,T2,A4,샵바이 상품 연동 — 시작가 「10원~」 교정·상품 수 296/291/297 불일치 규명,STD-CAT-001;STD-CAT-002;STD-CAT-003;STD-CAT-022;STD-CAT-030;STD-CAT-043,서희항,2026-09-28,6,0,0,1,5,가장 이른 완료일(하한),_workspace/huni-launch-runway/07_rebaseline/S/S5-plan/status-28.csv:5,shopby.huniprinting.co.kr 스티커 카테고리 페이지에 접속해 카드 가격이 10원~ 이 아닌 기본사양가로 나오는지 조회한다,결정 23·29,부분,huni,dev,server-api,product-server-public.endpoints.json PATCH /products/{productNo}/,,A4∈구간집합 · 규칙 /상품 연동|상품 등록|판매가|시작가|전시|판매상태|대표 ?이미지|메인이미지/,,,구간=A4,top
T2-4,top,T2,B2,위젯 견적·원고 업로드·편집기(Edicus) 경로 검증,STD-OPT-008;STD-OPT-009;STD-OPT-010;STD-OPT-011;STD-OPT-012;STD-OPT-013;STD-OPT-014;STD-OPT-015;STD-OPT-016;STD-OPT-017;STD-OPT-018;STD-OPT-019;STD-OPT-020;STD-OPT-021;STD-OPT-022;STD-OPT-023;STD-OPT-024;STD-OPT-025;STD-OPT-026;STD-OPT-027;STD-OPT-028;STD-OPT-029;STD-OPT-030;STD-OPT-031;STD-OPT-032;STD-OPT-033;STD-OPT-034;STD-OPT-035;STD-OPT-036;STD-OPT-053;STD-OPT-054;STD-OPT-055;STD-OPT-056;STD-ART-001;STD-ART-002;STD-ART-003;STD-ART-004;STD-ART-005;STD-ART-006;STD-ART-007;STD-ART-019;STD-ART-020;STD-ART-021;STD-ART-022;STD-ART-023;STD-ART-024;STD-ART-025;STD-ART-030;STD-ART-031;STD-ART-032,서희항,2026-10-13,14,1,0,23,29,가장 이른 완료일(하한),_workspace/huni-launch-runway/07_rebaseline/S/S5-plan/status-28.csv:9,하드커버링책자 상품 페이지에 접속해 편집기 버튼을 눌러 저장 후 위젯 화면에 편집 완료가 표시되는지 조회한다,T3-1(담기 결함),부분,huni,dev,none,샵바이 비경유,,B2 · 매칭 규칙 없음,,,구간=B2·B3,top
T3-1,top,T3,B4,회원 장바구니 인증 결함 수정(서버 프록시 토큰 · D-1) — 결함 1·2·3·5 공통 뿌리,STD-ORD-001;STD-ORD-002;STD-ORD-003;STD-ORD-004;STD-ORD-005;STD-ORD-006;STD-ORD-007;STD-ORD-008,김동학,2026-09-17,1,0,0,0,1,가장 이른 완료일(하한),_workspace/huni-launch-runway/07_rebaseline/S/S6-defects/defect-code-analysis.md:5,로그인 후 상품 페이지에서 장바구니 버튼을 누르고 /cart 페이지에 접속해 담은 항목이 목록에 보이는지 조회한다,서버 로그 「[shop proxy] GET /cart」 1줄(지니),부분,huni,dev,shop-api,order-shop-public.endpoints.json GET /cart,,B4∈구간집합 · 규칙 /장바구니|/cart|카트/,,,구간=B4,top
T3-2,top,T3,B5,로그인 성공인데 오류 문구·리다이렉트 없음 수정(D-2) + 회원 이관 경로 확정,STD-MEM-001;STD-MEM-002;STD-MEM-003;STD-MEM-004;STD-MEM-005;STD-MEM-006;STD-MEM-007;STD-MEM-008;STD-MEM-009;STD-MEM-010;STD-MEM-011;STD-MEM-012;STD-MEM-013;STD-MEM-014;STD-MEM-015;STD-MEM-016;STD-MEM-017;STD-MEM-018;STD-MEM-019;STD-MEM-020;STD-MEM-021;STD-MEM-022;STD-MEM-023;STD-MEM-024,김동학,2026-09-22,3.5,0,0,17,21,가장 이른 완료일(하한),_workspace/huni-launch-runway/07_rebaseline/S/S6-defects/defect-code-analysis.md:24,shopby.huniprinting.co.kr 로그인 페이지에 접속해 정상 계정으로 로그인을 누르면 오류 문구 없이 마이페이지 화면으로 이동하는지 조회한다,결정 8(테스트 회원 계정) · 외부(구 사이트 운영사) DB 접속,부분,huni,dev,server-api,member-server-public.endpoints.json POST /members/external,,B5∈구간집합 · 규칙 /외부회원|회원 이관|회원 일괄|일괄등록|일괄 등록/,,,구간=B5,top
T3-3,top,T3,B6,주문서·결제 — 결제수단 범위 결정 후 스킨 결제 분기·주문 성립 1건 종단,STD-ORD-009;STD-ORD-010;STD-ORD-011;STD-ORD-012;STD-ORD-013;STD-ORD-014;STD-ORD-015;STD-ORD-016;STD-ORD-017;STD-ORD-018;STD-ORD-019;STD-ORD-020;STD-ORD-021;STD-ORD-022;STD-ORD-023;STD-ORD-024;STD-ORD-025;STD-ORD-026;STD-ORD-027;STD-ORD-028;STD-ORD-029;STD-ORD-030;STD-ORD-031;STD-ORD-032;STD-PAY-001;STD-PAY-002;STD-PAY-003;STD-PAY-005;STD-PAY-007;STD-PAY-008;STD-PAY-009;STD-PAY-010;STD-PAY-011;STD-PAY-012;STD-PAY-013;STD-PAY-014;STD-PAY-019;STD-PAY-020;STD-PAY-021;STD-PAY-022;STD-PAY-023;STD-PAY-024;STD-PAY-025;STD-PAY-026;STD-PAY-027;STD-PAY-028;STD-PAY-029;STD-PAY-031,김동학,2027-01-25,34.5,4,0,24,39,가장 이른 완료일(하한),_workspace/huni-launch-runway/07_rebaseline/S/S5-plan/status-28.csv:12,장바구니에서 주문하기를 눌러 주문서 페이지에 접속하고 무통장 결제로 주문 완료 화면까지 가서 입금계좌가 표시되는지 조회한다,T3-1 · T5-1(PG 신청·결제수단 노출) · 결정 3,부분,huni,dev,shop-api,order-shop-public.endpoints.json POST /order-sheets,,사람 판정 260917 — 주문서 생성,,,구간=B6·B7,top
T3-4,top,T3,D2,마이페이지 배송지 결함·비로그인 노출·홈/목록 더미 정리,STD-CAT-004;STD-CAT-005;STD-CAT-006;STD-CAT-007;STD-CAT-008;STD-CAT-009;STD-CAT-010;STD-CAT-011;STD-CAT-012;STD-CAT-013;STD-CAT-014;STD-CAT-015;STD-CAT-016;STD-CAT-017;STD-CAT-018;STD-CAT-021;STD-CAT-027;STD-CAT-029;STD-CAT-034;STD-CAT-019;STD-CAT-020;STD-INF-005;STD-INF-006;STD-INF-007;STD-INF-009;STD-INF-010;STD-INF-011;STD-OPT-057;STD-OPT-058;STD-MYP-001;STD-MYP-002;STD-MYP-003;STD-MYP-004;STD-MYP-005;STD-MYP-010;STD-MYP-011;STD-MYP-012;STD-MYP-013;STD-MYP-016;STD-MYP-017;STD-MYP-018;STD-MYP-019;STD-MYP-030;STD-MYP-031;STD-MYP-032;STD-MYP-040;STD-PRM-001;STD-PRM-002;STD-PRM-003;STD-PRM-004;STD-PRM-005;STD-PRM-006;STD-PRM-007;STD-PRM-008;STD-PRM-009;STD-PRM-010;STD-PRM-011;STD-PRM-015;STD-PRM-016;STD-PRM-018;STD-PRM-019;STD-PRM-020;STD-ADC-001;STD-ADC-002;STD-ADC-003;STD-ADC-004;STD-ADC-005;STD-ADC-006;STD-ADC-007;STD-ADC-008;STD-ADC-009;STD-ADC-010;STD-ADC-011;STD-ADC-012;STD-ADC-013;STD-ADC-014;STD-ADC-015;STD-ADC-016;STD-ADC-017,김동학,2026-12-08,53.5,1,0,35,66,가장 이른 완료일(하한),_workspace/huni-launch-runway/07_rebaseline/S/S6-defects/defect-code-analysis.md:58,로그인 후 마이페이지 배송지 메뉴를 열어 「불러올 수 없습니다」 문구 없이 배송지 목록이 조회되는지 본다,T3-1,부분,huni,dev,shop-api,order-shop-public.endpoints.json GET /profile/shipping-addresses,,D2∈구간집합 · 규칙 /배송지/,,,구간=D2·B1·A5,top
T3-5,top,T3,D3,취소·반품·문의 — 범위 결정 후 스킨 버튼·문의 라우트 구현,STD-CLM-018;STD-CLM-001;STD-CLM-002;STD-CLM-003;STD-CLM-004;STD-CLM-005;STD-CLM-006;STD-CLM-007;STD-CLM-008;STD-CLM-009;STD-CLM-010;STD-CLM-011;STD-CLM-012;STD-CLM-013;STD-CLM-014;STD-CLM-015;STD-CLM-016;STD-CLM-017;STD-CLM-019;STD-CLM-020;STD-CLM-021;STD-CLM-022;STD-CLM-023;STD-CLM-024;STD-CLM-025;STD-CLM-026;STD-ADO-022;STD-ADO-023,신우진,2026-12-29,69,11,0,8,27,가장 이른 완료일(하한),_workspace/huni-launch-runway/07_rebaseline/S/S5-plan/status-28.csv:23,마이페이지 주문 상세 페이지를 열어 취소 신청 버튼이 보이는지 조회하고 1:1 문의 메뉴가 # 이 아닌 화면으로 열리는지 본다,결정 27 · 차단 입력 S1-6,없음,huni,config,shop-api,claim-shop-public.endpoints.json POST /profile/claims/cancel,,D3∈구간집합 · 규칙 /취소|반품|교환|클레임/,,,구간=D3,top
T4-1,top,T4,C1,주문 등록 다리 — 스킨이 결제 직후 order/register 를 부르게 배선(부르는 쪽 0건),NEW,김동학,미산정(원장 미완 행 없음),0,0,0,0,0,임계경로 미산정 구간,_workspace/huni-launch-runway/07_rebaseline/S/S2-pipeline/pipeline-status.csv:2,테스트 주문 후 webadmin 관리자 화면에서 주문 등록 목록을 조회해 방금 주문번호 행이 보이는지 확인한다,차단 입력 S1-5(order/register 계약) · T3-3,부분,huni,dev,none,샵바이 비경유,,C1 · 매칭 규칙 없음,,,NEW 사유: 원장에 이 할 일로 묶을 미완 행이 없다 — 새 행이 필요하다,top
T4-2,top,T4,C2,원고 승격 실파일 1건 종단 + 웹훅 해석 소비자 구현(입금→PAID 전이),STD-ART-026;STD-SYS-007;STD-SYS-008;STD-SYS-009;STD-SYS-010;STD-SYS-011;STD-SYS-012;STD-SYS-013;STD-SYS-014;STD-SYS-015;STD-SYS-023;STD-SYS-029;STD-SYS-030;STD-SYS-031;STD-SYS-039;STD-SYS-041;STD-SYS-045,서희항,2027-02-15,13.5,1,0,5,12,가장 이른 완료일(하한) · 선행 T4-1 미산정/회신 대기분 0 으로 계산,_workspace/huni-launch-runway/07_rebaseline/S/S2-pipeline/pipeline-status.csv:13,webadmin 관리자 화면에서 웹훅 수신 목록을 열어 입금 이벤트 행의 상태가 처리됨으로 조회되는지 본다,T4-1 · 결정 13(웹훅 등록 경로),구현-미검증,huni,dev,none,샵바이 비경유,,C2 · 매칭 규칙 없음,,,구간=C2·C3,top
T4-3,top,T4,C4,파일 검수 경로 결정·구축 — PitStop 조달 또는 사람 검수(D-P1·D-P2),STD-ART-018;STD-ART-033;STD-ART-034;STD-ART-035;STD-ADO-009,서희항,2026-09-18,2,0,0,3,5,가장 이른 완료일(하한),_workspace/huni-launch-runway/07_rebaseline/S/S2-pipeline/pipeline-status.csv:17,webadmin 관리자 메뉴에서 검수 대기 목록 화면을 열어 승격된 주문 파일이 행으로 조회되는지 본다,외부(PitStop 공급사) 견적·라이선스,없음,huni,dev,none,샵바이 비경유,,C4 · 매칭 규칙 없음,,,구간=C4,top
T4-4,top,T4,C5,접수 화면·주문 상태머신·MES 접수 전송(D-P5·D-P6·D-P7),STD-ADO-001;STD-ADO-002;STD-ADO-003;STD-ADO-004;STD-ADO-005;STD-ADO-006;STD-ADO-007;STD-ADO-014;STD-ADO-025;STD-ADO-026;STD-ADO-028;STD-MFG-136,서희항,2026-10-08,11,1,0,3,8,가장 이른 완료일(하한),_workspace/huni-launch-runway/07_rebaseline/S/S2-pipeline/pipeline-status.csv:20,webadmin 관리자 메뉴에서 접수 화면을 열어 주문을 제작대기로 전환한 뒤 MES 화면에서 작업이 조회되는지 본다,T4-3 · 외부(MES 공급사) WCF 스펙,없음,huni,dev,none,샵바이 비경유,,C5 · 매칭 규칙 없음,,,구간=C5,top
T4-5,top,T4,C6,출고·송장 — 셀러어드민 수동 등록 경로 확인 + 생산 상태의 고객 반영 방식 결정,STD-SHP-008;STD-SHP-009;STD-SHP-010;STD-SHP-011;STD-SHP-012;STD-SHP-013;STD-SHP-014;STD-SHP-015;STD-ADO-020;STD-ADO-021,최숙진,2026-10-15,4,0,0,5,7,가장 이른 완료일(하한),_workspace/huni-launch-runway/07_rebaseline/S/S5-plan/status-28.csv:19,셀러어드민 배송준비중 주문 메뉴를 열어 송장번호 저장 버튼과 송장 일괄 업로드 화면이 조회되는지 본다,T4-4,없음,nhn,config,admin-manual,해당 엔드포인트 없음 (셀러어드민 화면으로만 제공),N,nhn · Server API 대응 규칙 없음,,,구간=C6·C7,top
T5-1,top,T5,E1,셀러어드민 기초정보 7항목·대표전화/메일 교체·PG 신청·결제수단 노출·운영자 계정,STD-SHP-001;STD-SHP-002;STD-SHP-003;STD-SHP-004;STD-SHP-005;STD-SHP-006;STD-SHP-007;STD-SHP-017;STD-B2B-001;STD-B2B-002;STD-B2B-003;STD-B2B-006;STD-B2B-007;STD-B2B-010;STD-B2B-011;STD-B2B-013;STD-B2B-014;STD-FIN-001;STD-FIN-002;STD-FIN-003;STD-FIN-004;STD-FIN-005;STD-FIN-006;STD-FIN-008;STD-FIN-009;STD-FIN-010;STD-FIN-011;STD-FIN-012;STD-FIN-013;STD-FIN-020;STD-SYS-001;STD-SYS-002;STD-SYS-003;STD-SYS-004;STD-SYS-005;STD-SYS-006;STD-SYS-025;STD-SYS-028;STD-SYS-034;STD-SYS-035;STD-SYS-037;STD-SYS-038,최숙진,2026-12-03,52,9,0,19,33,가장 이른 완료일(하한),_workspace/huni-launch-runway/07_rebaseline/S/S5-plan/status-28.csv:26,셀러어드민 기초정보 관리 메뉴를 열어 회사명·사업자등록번호 칸이 채워져 있는지 조회하고 결제수단 설정 화면에서 노출이 사용함인지 본다,사업자등록증 기준 번호 확정(지니),부분,nhn,config,admin-manual,해당 엔드포인트 없음 (셀러어드민 화면으로만 제공),N,nhn · Server API 대응 규칙 없음,,,구간=E1,top
T5-2,top,T5,D1,알림 — SMS 사용설정·알림톡 33건 개별 판단 후 켜기·템플릿 카카오 검수,STD-SHP-016;STD-PRM-012;STD-PRM-013;STD-PRM-014;STD-ADO-027,최숙진,2026-09-28,6,0,0,1,4,가장 이른 완료일(하한),_workspace/huni-launch-runway/07_rebaseline/S/S5-plan/status-28.csv:21,셀러어드민 SMS 관리 메뉴를 열어 사용설정이 사용함인지 조회하고 알림톡 템플릿 목록에 검수 승인 행이 있는지 본다,외부(카카오) 템플릿 검수,부분,nhn,config,admin-manual,해당 엔드포인트 없음 (셀러어드민 화면으로만 제공),N,nhn · Server API 대응 규칙 없음,,,구간=D1,top
T5-3,top,T5,E3,법정 표기 단일화(사업자번호 206-29-88022 우세)·증빙 화면 목업 제거(D-5),STD-INF-001;STD-INF-002;STD-INF-003;STD-INF-004;STD-INF-008;STD-PAY-015;STD-PAY-016;STD-PAY-017;STD-PAY-018;STD-PAY-030;STD-MYP-014;STD-MYP-015;STD-MYP-020;STD-MYP-021;STD-MYP-034;STD-MYP-035;STD-MYP-036;STD-MYP-037;STD-MYP-038;STD-MYP-039;STD-B2B-012;STD-ADO-024,김동학,2026-10-21,20.5,1,0,9,19,가장 이른 완료일(하한),_workspace/huni-launch-runway/07_rebaseline/S/S6-defects/defect-code-analysis.md:68,shopby.huniprinting.co.kr 마이페이지 증빙서류발급 페이지에 접속해 가짜 주문 행이 없고 푸터와 같은 사업자번호가 보이는지 조회한다,사업자등록증 원본 확인(지니),부분,huni,dev,none,샵바이 비경유,,E3 · 매칭 규칙 없음,,,구간=E3·D4,top
T5-4,top,T5,D4,현금영수증·세금계산서 발급 주체 결정(Shopby / 자체 / 외부),STD-PAY-015;STD-PAY-016;STD-MYP-014;STD-MYP-015;STD-MYP-035;STD-MYP-039;STD-B2B-012;STD-ADO-024,신우진,2026-12-21,12,1,0,3,8,가장 이른 완료일(하한),_workspace/huni-launch-runway/07_rebaseline/S/S5-plan/status-28.csv:24,결정 기록 문서를 열어 발급 주체 결정 문장이 적혀 있는지 조회하고 셀러어드민 현금영수증 설정 화면 상태를 본다,T5-1(PG 신청),없음,huni,config,none,샵바이 비경유,,사람 판정 260917 — 결정 행,,,구간=D4,top
T6-1,top,T6,D5,프린팅머니 잔액 이관 — 추출 주체·개발 주체 결정 후 6단계,STD-MYP-006;STD-MYP-008;STD-MYP-009;STD-MYP-024;STD-MYP-026;STD-MYP-041;STD-MYP-043;STD-MYP-045;STD-MYP-047;STD-MYP-053;STD-MYP-054;STD-B2B-004;STD-B2B-005;STD-B2B-008;STD-B2B-009,채훈희,2026-11-05,32,6,0,8,15,가장 이른 완료일(하한),_workspace/huni-launch-runway/07_rebaseline/S/S3-migration/migration-status.md:24,결정 기록 문서를 열어 개발 주체 결정 문장을 조회하고 구 사이트 관리자 화면에서 잔액 추출 파일 목록이 보이는지 본다,외부(구 사이트 운영사) DB 접속 · 결정 6,없음,huni,config,none,샵바이 비경유,,D5 · 매칭 규칙 없음,,,구간=D5,top
T6-2,top,T6,D5,Shopby 엔터프라이즈 플랜·외부포인트 정식 적용 회신,STD-MYP-022;STD-MYP-027;STD-MYP-051,외부(NHN커머스),회신 요청 2026-09-18 · 회신 시점 미정,0,0,0,2,2,외부 대기 — 소요 0,_workspace/huni-launch-runway/07_rebaseline/S/S3-migration/migration-status.md:67,NHN커머스 회신 메일을 열어 외부포인트 적용 가능 여부를 조회하고 셀러어드민 앱 스토어 목록에 외부포인트 앱이 보이는지 본다,—,대기,ext,wait,none,샵바이 비경유(외부 벤더 대기),,ext,외부(NHN커머스),,구간=D5,top
T6-3,top,T6,D5,토스페이먼츠 계약 4건 회신(면제·수수료·업종 심사·샌드박스),STD-MYP-007;STD-MYP-022;STD-MYP-023;STD-MYP-025;STD-MYP-028;STD-MYP-029;STD-MYP-042;STD-MYP-044;STD-MYP-046;STD-MYP-048;STD-MYP-049;STD-MYP-050;STD-MYP-052,외부(토스페이먼츠),회신 요청 2026-09-18 · 회신 시점 미정,13.5,1,0,7,13,외부 대기 — 소요 0,_workspace/huni-launch-runway/07_rebaseline/S/S3-migration/migration-status.md:54,토스페이먼츠 가맹점 관리자 콘솔에 접속해 심사 상태 화면에서 승인 여부를 조회한다,—,대기,ext,wait,none,샵바이 비경유(외부 벤더 대기),,ext,외부(토스페이먼츠),,구간=D5,top
T7-1,top,T7,E4,오픈 테스트 진입 조건 9항을 리허설 체크리스트로 승격,STD-SYS-016;STD-SYS-017;STD-SYS-018;STD-SYS-019;STD-SYS-020;STD-SYS-021;STD-SYS-022;STD-SYS-032;STD-SYS-033;STD-SYS-043;STD-SYS-046;STD-SYS-047,신우진,2026-10-07,10.5,0,0,3,11,가장 이른 완료일(하한) · 선행 T1-1·T1-2·T1-3 미산정/회신 대기분 0 으로 계산,_workspace/huni-launch-runway/07_rebaseline/S/S4-infra/migration-plan.md:89,리허설 체크리스트 문서를 열어 9항 각 행의 확인 화면 링크를 눌러 전부 통과로 조회되는지 본다,T1-1·T1-2·T1-3·T1-4,미착수,huni,config,none,샵바이 비경유,,E4 · 매칭 규칙 없음,,,구간=E4,top
T7-2,top,T7,E4,종단 주문 테스트 — 실주문 1건이 결제→접수→MES→송장→고객 조회까지,STD-SYS-032,신우진,2027-01-25,0,0,0,1,1,가장 이른 완료일(하한),_workspace/huni-launch-runway/07_rebaseline/S/S5-plan/status-28.csv:29,테스트 주문번호로 셀러어드민 주문 목록과 마이페이지 주문조회 페이지를 열어 배송중 상태와 송장번호가 양쪽에 조회되는지 본다,T7-1 · T3-3 · T4-4,미착수,huni,config,none,샵바이 비경유,,E4 · 매칭 규칙 없음,,,구간=E4,top
T7-3,top,T7,E4,Go/No-Go 판정 회의·컷오버·롤백 트리거 확정,NEW,채훈희,미산정(원장 미완 행 없음),0,0,0,0,0,임계경로 미산정 구간,_workspace/huni-launch-runway/07_rebaseline/S/S5-plan/status-28.csv:29,Go/No-Go 회의록 문서 페이지를 열어 네 상태 판정과 결정권자 서명 줄을 조회하고 컷오버 표의 비상조치 칸이 채워졌는지 본다,T7-2,미착수,huni,config,none,샵바이 비경유,,E4 · 매칭 규칙 없음,,,NEW 사유: 원장에 이 할 일로 묶을 미완 행이 없다 — 새 행이 필요하다,top
STD-CAT-001,detail,T2,A4,대분류/중분류/소분류 다단 카테고리 트리 노출,STD-CAT-001,김동학,,,,,,,,https://shopby.huniprinting.co.kr/@2026-09-16 21:33,https://shopby.huniprinting.co.kr/ 상단 「인쇄홍보물」에 마우스를 올려 명함·전단지/리플렛·쿠폰/상품권·봉투/홀더 외 4개 중분류가 펼쳐지면 완료.,—,작동,huni,dev,none,샵바이 비경유,,A4 · 매칭 규칙 없음,,,분류=검증 · 오픈차단여부=작업 항목 · 작업량=반일 · 소요 미합산(분류=검증),ledger-v4
STD-CAT-002,detail,T2,A4,카테고리별 상품 리스팅(정렬·페이징),STD-CAT-002,김동학,,,,,,,,huni-skin-shopby/src/lib/api/server/catalog.ts:5 · src/components/shop/shop-list.tsx:18-24,"https://shopby.huniprinting.co.kr/shop/1142983 에서 상품 카드가 나열되고 「신상품/리뷰순/인기순」을 눌러 순서가 바뀌며, 가격이 실제 시작가로 보이면 완료.",—,부분,huni,dev,none,샵바이 비경유,,A4 · 매칭 규칙 없음,,,분류=수정 · 오픈차단여부=작업 항목 · 작업량=1일,ledger-v4
STD-CAT-003,detail,T2,A4,상품군 전용 랜딩(출력/책자/실사/패키지/굿즈),STD-CAT-003,김동학,,,,,,,,F-088/SCOPE-088/IA-088 랜딩페이지 5종(종이·제본·캘린더·파우치·스티커) 미착수,https://shopby.huniprinting.co.kr/ 홈에서 종이/제본/캘린더/파우치/스티커 랜딩 배너를 눌러 각 상품군 소개 페이지가 열리면 완료.,—,미착수,huni,dev,none,샵바이 비경유,,A4 · 매칭 규칙 없음,,,분류=개발 · 오픈차단여부=작업 항목 · 작업량=2-3일,ledger-v4
STD-CAT-004,detail,T3,B1,상품명 통합검색,STD-CAT-004,김동학,,,,,,,,https://shopby.huniprinting.co.kr/search?q=스티커@2026-09-16 21:26,https://shopby.huniprinting.co.kr/ 상단 검색창에 「스티커」를 입력하고 검색을 누르면 「‘스티커’ 검색결과 총 N개」가 나오면 완료.,—,작동,huni,dev,shop-api,product-shop-public.endpoints.json GET /products/search,,B1∈구간집합 · 규칙 /검색/,,,분류=검증 · 오픈차단여부=작업 항목 · 작업량=반일 · 소요 미합산(분류=검증),ledger-v4
STD-CAT-005,detail,T3,B1,종이/소재명 기준 검색(아트지·스노우지 등),STD-CAT-005,김동학,,,,,,,,SCOPE-154 상품 검색·필터 엔진 PARTIAL,https://shopby.huniprinting.co.kr/search?q=아트지 로 검색해 아트지를 쓰는 상품이 결과에 나오면 완료.,—,미착수,huni,dev,shop-api,product-shop-public.endpoints.json GET /products/search,,B1∈구간집합 · 규칙 /검색/,,,분류=개발 · 오픈차단여부=작업 항목 · 작업량=2-3일,ledger-v4
STD-CAT-006,detail,T3,B1,검색어 자동완성·인기검색어,STD-CAT-006,김동학,,,,,,,,huni-skin-shopby/src/app/(main)/search/page.tsx:1 · 인기검색어 src/lib/api/hooks/use-search.ts:13,https://shopby.huniprinting.co.kr/ 검색창에 「명」만 쳐도 아래에 추천/인기 검색어 목록이 뜨면 완료.,—,부분,huni,dev,shop-api,product-shop-public.endpoints.json GET /products/search,,B1∈구간집합 · 규칙 /검색/,,,분류=수정 · 오픈차단여부=작업 항목 · 작업량=1일,ledger-v4
STD-CAT-007,detail,T3,A5,상품 상세페이지 본문(이미지·설명 블록),STD-CAT-007,김동학,,,,,,,,huni-skin-shopby/src/app/(main)/product/[slug]/page.tsx:42-47 · :51-56 · src/components/product/product-sections.tsx:1,https://shopby.huniprinting.co.kr/product/136578124 에서 차별점·디자인보기·유의사항·포장/배송 탭을 차례로 눌러 그 상품에 맞는 내용이 각각 보이면 완료.,—,부분,huni,dev,shop-api,product-shop-public.endpoints.json GET /products/{productNo},,A5∈구간집합 · 규칙 /상품 상세|상세페이지|상품 목록|시작가/,,,분류=수정 · 오픈차단여부=작업 항목 · 작업량=1일,ledger-v4
STD-CAT-008,detail,T3,A5,동일 계열 상품 분기 안내(일반명함/고급지명함/부분UV명함 등),STD-CAT-008,김동학,,,,,,,,print-story/02_capture/order-flow-steps.md §A-0 레드프린팅 상품 분할 전략,https://shopby.huniprinting.co.kr/shop/1142983 에서 상품 하나를 열었을 때 「비슷한 스티커 보기」처럼 계열 상품으로 이동하는 안내가 보이면 완료.,—,미착수,huni,dev,none,샵바이 비경유,,A5 · 매칭 규칙 없음,,,분류=개발 · 오픈차단여부=작업 항목 · 작업량=2-3일,ledger-v4
STD-CAT-009,detail,T3,A5,후가공 용어 설명 툴팁(도무송·오시·형압·귀돌이),STD-CAT-009,김동학,,,,,,,,print-story/02_capture/order-flow-steps.md §E-4 3사 용어 불일치,https://shopby.huniprinting.co.kr/product/136578124 위젯에서 「별색인쇄」 글자 옆 도움말 아이콘에 마우스를 올려 설명이 뜨면 완료.,—,미착수,huni,dev,none,샵바이 비경유,,A5 · 매칭 규칙 없음,,,분류=개발 · 오픈차단여부=작업 항목 · 작업량=1일,ledger-v4
STD-CAT-010,detail,T3,A5,재단사이즈 vs 작업사이즈 설명 가이드,STD-CAT-010,김동학,,,,,,,,https://shopby.huniprinting.co.kr/product/136578124@2026-09-16 21:29,https://shopby.huniprinting.co.kr/product/136578124 에서 사이즈를 고르면 바로 아래 재단 사이즈와 작업 사이즈 두 값이 보이면 완료.,—,작동,huni,dev,none,샵바이 비경유,,A5 · 매칭 규칙 없음,,,분류=검증 · 오픈차단여부=작업 항목 · 작업량=반일 · 소요 미합산(분류=검증),ledger-v4
STD-CAT-011,detail,T3,A5,상품별 제작 소요일/출고 기준 안내,STD-CAT-011,김동학,,,,,,,,print-story/02_capture/order-flow-steps.md §C-6 출고 옵션,https://shopby.huniprinting.co.kr/product/136578124 가격 아래 또는 포장/배송 탭에 「제작 N일 / 출고 기준」 문구가 보이면 완료.,—,미착수,huni,dev,none,샵바이 비경유,,A5 · 매칭 규칙 없음,,,분류=개발 · 오픈차단여부=작업 항목 · 작업량=1일,ledger-v4
STD-CAT-012,detail,T3,A5,재작업 불가 사항 고지(폰트 아웃라인 등),STD-CAT-012,김동학,,,,,,,,"huni-skin-shopby/src/lib/guide-data.ts:41-50,158-202 (대부분 '준비중' 스텁)",https://shopby.huniprinting.co.kr/product/136578124 「유의사항」 탭을 눌러 폰트 아웃라인 등 재작업 불가 사항이 보이면 완료.,—,부분,huni,dev,none,샵바이 비경유,,A5 · 매칭 규칙 없음,,,분류=수정 · 오픈차단여부=작업 항목 · 작업량=1일,ledger-v4
STD-CAT-013,detail,T3,A5,상품 Q&A 게시,STD-CAT-013,김동학,,,,,,,,huni-skin-shopby/src/app/(main) 하위 inquiry/qna 라우트 부재 (SB-056 absent),https://shopby.huniprinting.co.kr/product/136578124 에 「상품 Q&A」 탭이 있고 질문 목록이 보이면 완료.,—,미착수,huni,dev,shop-api,display-shop-public.endpoints.json POST /products/{productNo}/inquiries,,A5∈구간집합 · 규칙 /Q&A|상품문의|상품 문의/,,,분류=개발 · 오픈차단여부=작업 항목 · 작업량=2-3일,ledger-v4
STD-CAT-014,detail,T3,A5,상품 리뷰 목록·평점 노출,STD-CAT-014,김동학,,,,,,,,https://shopby.huniprinting.co.kr/product/136578124@2026-09-16 21:34,https://shopby.huniprinting.co.kr/product/136578124 「상품리뷰」 탭을 눌러 리뷰 목록 영역(없으면 안내문)이 보이면 완료.,—,작동,huni,dev,shop-api,display-shop-public.endpoints.json POST /products/{productNo}/product-reviews,,A5∈구간집합 · 규칙 /리뷰|후기/,,,분류=검증 · 오픈차단여부=작업 항목 · 작업량=반일 · 소요 미합산(분류=검증),ledger-v4
STD-CAT-015,detail,T3,A5,사진 리뷰 갤러리,STD-CAT-015,김동학,,,,,,,,huni-skin-shopby/src/lib/api/hooks/use-product-reviews.ts:41 (목록만),테스트 계정으로 사진 1장 포함 리뷰를 쓴 뒤 상품 상세 「상품리뷰」 탭에 사진 썸네일이 보이면 완료.,—,부분,huni,dev,shop-api,display-shop-public.endpoints.json POST /products/{productNo}/product-reviews,,A5∈구간집합 · 규칙 /리뷰|후기/,,,분류=검증 · 오픈차단여부=작업 항목 · 작업량=반일 · 소요 미합산(분류=검증),ledger-v4
STD-CAT-016,detail,T3,A5,관련상품/함께 주문한 상품 추천,STD-CAT-016,김동학,,,,,,,,print-quote/04_design/ia.md §2.1 리스팅 파생,https://shopby.huniprinting.co.kr/product/136578124 하단에 「함께 보면 좋은 상품」 카드가 보이면 완료.,—,미착수,huni,dev,none,샵바이 비경유,,A5 · 매칭 규칙 없음,,,분류=개발 · 오픈차단여부=작업 항목 · 작업량=2-3일,ledger-v4
STD-CAT-017,detail,T3,A5,최근 본 상품,STD-CAT-017,김동학,,,,,,,,print-quote/04_design/ia.md §2.1 GNB 파생,상품 2개를 연 뒤 홈 또는 헤더에 「최근 본 상품」이 나오면 완료.,—,미착수,huni,dev,none,샵바이 비경유,,A5 · 매칭 규칙 없음,,,분류=개발 · 오픈차단여부=작업 항목 · 작업량=1일,ledger-v4
STD-CAT-018,detail,T3,A5,찜/관심상품,STD-CAT-018,김동학,,,,,,,,print-kb/wiki/policy/mypage.md 파생,상품 상세의 ♡ 버튼을 눌러 마이페이지에 찜 목록이 생기면 완료.,—,미착수,huni,dev,none,샵바이 비경유,,A5 · 매칭 규칙 없음,,,분류=개발 · 오픈차단여부=작업 항목 · 작업량=2-3일,ledger-v4
STD-CAT-021,detail,T3,A5,메인 기획전/배너 영역,STD-CAT-021,김동학,,,,,,,,huni-skin-shopby/src/app/(main)/page.tsx:1 · BEST 큐레이션 stub src/lib/legacy-data/hooks.ts:60,https://shopby.huniprinting.co.kr/ 홈의 배너·베스트 상품을 아무거나 눌렀을 때 404 없이 실제 상품/페이지가 열리면 완료.,—,부분,huni,dev,shop-api,display-shop-public.endpoints.json GET /display/banners/{bannerSectionCodes},,A5∈구간집합 · 규칙 /배너|기획전|팝업/,,,분류=수정 · 오픈차단여부=작업 항목 · 작업량=1일,ledger-v4
STD-CAT-022,detail,T2,A4,품절/판매중지 상품 표시 및 대체 안내,STD-CAT-022,김동학,,,,,,,,huni-shopby/01_research/order-to-delivery-contract.md §4.2 OUT_OF_STOCK,셀러어드민에서 상품 1개를 품절 처리한 뒤 목록·상세에 「품절」 표시와 대체 안내가 보이면 완료.,—,미착수,huni,dev,none,샵바이 비경유,,A4 · 매칭 규칙 없음,,,분류=개발 · 오픈차단여부=작업 항목 · 작업량=1일,ledger-v4
STD-CAT-023,detail,T2,A1,상품 기본정보 세팅·로드(상품코드·주문가능여부·회원전용 노출 게이팅),STD-CAT-023,김동학,,,,,,,,https://shopby.huniprinting.co.kr/product/136578124@2026-09-16 21:29,https://shopby.huniprinting.co.kr/product/136578124 를 열어 옵션 패널과 「부가세 포함 N원」이 3초 안에 나타나면 완료.,—,작동,huni,dev,none,샵바이 비경유,,A1 · 매칭 규칙 없음,,,분류=검증 · 오픈차단여부=작업 항목 · 작업량=반일 · 소요 미합산(분류=검증),ledger-v4
STD-CAT-024,detail,T2,A1,포장재 상품군 주문 경로(전용 옵션·주문 흐름),STD-CAT-024,김동학,,,,,,,,"L3/legacy-normalized.json#F-091,IA-091,SCOPE-091 · _workspace/huni-launch-scope/02_gap/fit-gap-matrix.csv:92 · docs/huni/후니프린팅_통합IA_일정_역할분담_260616.xlsx#02_IA마스터!A92:K92 || P1판정(260902): huni-skin-shopby 에 「포장재」 전용 경로 grep 0건 · 샵바이 카테고리로 흡수됐는지 미확인",https://shopby.huniprinting.co.kr/shop/1168302 를 열어 포장재 상품이 1개 이상 나오고 상세에서 위젯 가격이 뜨면 완료.,—,부분,huni,dev,none,샵바이 비경유,,A1 · 매칭 규칙 없음,,,분류=검증 · 오픈차단여부=작업 항목 · 작업량=반일 · 소요 미합산(분류=검증),ledger-v4
STD-CAT-025,detail,T2,A1,굿즈 상품군 주문 경로(파우치·백 포함),STD-CAT-025,김동학,,,,,,,,"L3/legacy-normalized.json#F-092,IA-092,SCOPE-092 · _workspace/huni-launch-scope/02_gap/fit-gap-matrix.csv:93 · docs/huni/후니프린팅_통합IA_일정_역할분담_260616.xlsx#02_IA마스터!A93:K93 || P1판정(260902): huni-skin-shopby/src/components/home/home-content.ts:120 「아크릴굿즈」 메뉴 실재 — 카탈로그 노출은 됨",https://shopby.huniprinting.co.kr/shop/1168239 (에코백) 상품 하나를 열어 위젯 가격이 뜨면 완료.,—,부분,huni,dev,none,샵바이 비경유,,A1 · 매칭 규칙 없음,,,분류=검증 · 오픈차단여부=작업 항목 · 작업량=반일 · 소요 미합산(분류=검증),ledger-v4
STD-CAT-026,detail,T2,A1,수작 상품 메인·상품페이지 경로,STD-CAT-026,신우진,,,,,,,,"L3/legacy-normalized.json#F-093,IA-093,SCOPE-093 · _workspace/huni-launch-scope/02_gap/fit-gap-matrix.csv:94 · docs/huni/후니프린팅_통합IA_일정_역할분담_260616.xlsx#02_IA마스터!A94:K94 || P1판정(260902): huni-skin-shopby 에 「수작」 grep 0건 · 상품 등록 여부는 셀러어드민 확인 필요","PM이 수작 상품을 10/6 범위에 넣을지 결정하고, 넣으면 셀러어드민에 카테고리가 생겨 홈 메뉴에 보이면 완료.",—,미착수,huni,dev,none,샵바이 비경유,,A1 · 매칭 규칙 없음,,,분류=이슈 · 오픈차단여부=작업 항목 · 작업량=반일 · 소요 미합산(분류=이슈),ledger-v4
STD-CAT-027,detail,T3,A5,홈 더미 콘텐츠 정리(BEST 8종 /product/1 404 · 프로모션 ZONE·새소식 영문 문구),STD-CAT-027,김동학,,,,,,,,https://shopby.huniprinting.co.kr/ @ 2026-09-16 21:26,https://shopby.huniprinting.co.kr/ 홈의 모든 배너·베스트 카드를 눌렀을 때 404 없이 실제 상품이 열리고 영문 더미 문구가 없으면 완료.,—,미착수,huni,dev,shop-api,manage-shop-public.endpoints.json GET /boards/{boardNo}/articles,,A5∈구간집합 · 규칙 /공지|게시판|FAQ|새소식/,,,분류=수정 · 오픈차단여부=작업 항목 · 작업량=1일,ledger-v4
STD-CAT-028,detail,T2,A2,목록·검색 시작가 「10원~」 표시(샵바이 salePrice 더미),STD-CAT-028,최숙진,,,,,,,,https://shopby.huniprinting.co.kr/shop/1142983 @ 2026-09-16 21:26,https://shopby.huniprinting.co.kr/shop/1142983 상품 카드 가격이 위젯 최소 견적가 또는 「옵션 선택 후 견적」 문구로 보이면 완료.,—,미착수,huni,config,none,샵바이 비경유,,A2 · 매칭 규칙 없음,,,분류=설정 · 오픈차단여부=작업 항목 · 작업량=1일 · 소요 미합산(분류=설정),ledger-v4
STD-CAT-029,detail,T3,A5,메뉴 슬러그형 목업 상세(/product/calendar 등) 잔존 — 「(44 Reviews)」·더미 옵션,STD-CAT-029,김동학,,,,,,,,https://shopby.huniprinting.co.kr/product/calendar @ 2026-09-16 21:27,https://shopby.huniprinting.co.kr/product/calendar 를 열면 404 또는 실제 캘린더 상품으로 이동하면 완료.,—,미착수,huni,dev,none,샵바이 비경유,,A5 · 매칭 규칙 없음,,,분류=수정 · 오픈차단여부=작업 항목 · 작업량=반일,ledger-v4
STD-CAT-030,detail,T2,A4,상품 0개 중분류(스티커 팩 0 등) 노출 정리,STD-CAT-030,최숙진,,,,,,,,https://shopby.huniprinting.co.kr/shop/1142983 @ 2026-09-16 21:26,https://shopby.huniprinting.co.kr/shop/1142983 중분류 탭에 (0)인 항목이 없으면 완료.,—,미착수,huni,config,none,샵바이 비경유,,A4 · 매칭 규칙 없음,,,분류=설정 · 오픈차단여부=작업 항목 · 작업량=반일 · 소요 미합산(분류=설정),ledger-v4
STD-CAT-031,detail,T2,A1,캘린더 4종 1차 오픈 포함 확정,STD-CAT-031,최숙진,,,,,,,,후니정기미팅 정리260915.html §디자인 상품·편집기·보관함 · 확정 1 / 후니-오픈잔여작업-실무진안내_260909.html §항목 8 · ④ 완료 기준,"캘린더 카테고리에서 달력 4종(와이드벽걸이·벽걸이·미니탁상형·탁상형)을 열어 규격·수량 선택 시 금액이 뜨는 것을 확인하고, 4종 포함 확정을 회의록에 한 줄 남기면 완료",—,부분,huni,dev,none,샵바이 비경유,,A1 · 매칭 규칙 없음,,,분류=검증 · 오픈차단여부=작업 항목 · 작업량=반일 · 소요 미합산(분류=검증),ledger-v4
STD-CAT-032,detail,T2,A1,포토앨범 1차 오픈 제외 — 전달·문의 멘트 통일,STD-CAT-032,최숙진,,,,,,,,후니정기미팅 정리260915.html §디자인 상품·편집기·보관함 · 확정 1 / 후니-오픈잔여작업-실무진안내_260909.html §항목 7 · ④ 완료 기준,실무진 전원에게 제외 사실이 공유되고 고객 문의용 안내 멘트가 한 가지로 정해져 기록되면 완료,—,부분,huni,dev,none,샵바이 비경유,,A1 · 매칭 규칙 없음,,,분류=이슈 · 오픈차단여부=오픈 무관 · 작업량=반일 · 소요 미합산(분류=이슈),ledger-v4
STD-CAT-033,detail,T2,A1,디자인 상품 화면 구조 — 카테고리 → 디자인 목록 → 상세 페이지,STD-CAT-033,김동학,,,,,,,,후니정기미팅 정리260915.html §디자인 상품·편집기·보관함 · 확정 2,포토북·캘린더 카테고리를 눌렀을 때 디자인 목록이 뜨고 디자인 1건을 누르면 상세 페이지로 들어가면 완료,STD-CAT-036,미착수,huni,dev,none,샵바이 비경유,,A1 · 매칭 규칙 없음,,,분류=개발 · 오픈차단여부=작업 항목 · 작업량=2-3일,ledger-v4
STD-CAT-034,detail,T3,A5,상세페이지 탭 6종 자동 등록(디자인가이드·디자인보기 포함),STD-CAT-034,김동학,,,,,,,,후니정기미팅 정리260915.html §디자인 상품·편집기·보관함 · 확정 3 / 후니-오픈잔여작업-실무진안내_260909.html §항목 2 · ④ 완료 기준,"임의 상품 상세페이지에서 탭 6개가 모두 보이고 누를 때마다 내용이 바뀌며, 디자인가이드 탭에서 템플릿 파일이 실제로 내려받아지면 완료",—,부분,huni,dev,none,샵바이 비경유,,A5 · 매칭 규칙 없음,,,분류=개발 · 오픈차단여부=작업 항목 · 작업량=2-3일,ledger-v4
STD-CAT-035,detail,T2,A1,디자인 식별 규약 — PS코드 1개 + 템플릿 경로(이름) 구분·정사각형 공용 템플릿,STD-CAT-035,서희항,,,,,,,,후니정기미팅 정리260915.html §디자인 상품·편집기·보관함 · 확정 4,같은 PS코드 아래 디자인 2건을 등록해 서로 다른 템플릿 경로로 조회되면 완료,STD-ADP-035,미착수,huni,dev,none,샵바이 비경유,,A1 · 매칭 규칙 없음,,,분류=개발 · 오픈차단여부=작업 항목 · 작업량=2-3일,ledger-v4
STD-CAT-036,detail,T2,A1,디자인 목록 API — webadmin 등록분을 신규몰이 불러오는 연동,STD-CAT-036,서희항,,,,,,,,후니정기미팅 정리260915.html §디자인 상품·편집기·보관함 · 확정 5,webadmin 에 디자인 1건을 등록한 뒤 신규몰 디자인 목록을 새로고침해 그 디자인이 보이면 완료,STD-ADP-035,미착수,huni,dev,none,샵바이 비경유,,A1 · 매칭 규칙 없음,,,분류=개발 · 오픈차단여부=작업 항목 · 작업량=2-3일,ledger-v4
STD-CAT-037,detail,T2,A1,디자인 그룹핑 기준(태그·그룹·복수 그룹 등록·노출 순서),STD-CAT-037,최숙진,,,,,,,,후니정기미팅 정리260915.html §디자인 상품·편집기·보관함 · 미결 1,디자인 그룹핑 기준(태그 체계·복수 등록 허용 여부·노출 순서)이 문서 한 장으로 정해지면 완료,—,미착수,huni,dev,none,샵바이 비경유,,A1 · 매칭 규칙 없음,,,분류=이슈 · 오픈차단여부=작업 항목 · 작업량=1일 · 소요 미합산(분류=이슈),ledger-v4
STD-CAT-038,detail,T2,A1,디자인 목록용 API·어드민 기능 개발자 협의,STD-CAT-038,신우진,,,,,,,,후니정기미팅 정리260915.html §디자인 상품·편집기·보관함 · 미결 5,디자인 목록 API 규격과 어드민 기능 범위가 협의되어 문서로 남으면 완료,STD-CAT-036,미착수,huni,dev,none,샵바이 비경유,,A1 · 매칭 규칙 없음,,,분류=이슈 · 오픈차단여부=작업 항목 · 작업량=반일 · 소요 미합산(분류=이슈),ledger-v4
STD-CAT-039,detail,T2,A1,목록 시작가 자동 계산(위젯 기본값) — 오리지널 명함만 수기 입력,STD-CAT-039,서희항,,,,,,,,후니정기미팅 정리260915.html §가격·템플릿 데이터 · 확정 1,"카테고리 목록에서 각 상품 카드에 시작가가 표시되고, 오리지널 명함만 수기 값이 보이면 완료 — 시작가가 없는 상품은 미출시 상품",—,부분,huni,dev,none,샵바이 비경유,,A1 · 매칭 규칙 없음,,,분류=개발 · 오픈차단여부=작업 항목 · 작업량=1일,ledger-v4
STD-CAT-040,detail,T2,A1,시작가가 API 로 샵바이에 내려가는데 쇼핑몰에 반영되지 않는 원인 확인,STD-CAT-040,신우진,,,,,,,,후니정기미팅 정리260915.html §가격·템플릿 데이터 · 미결 2,카테고리 목록의 상품 카드에 시작가가 실제로 표시되면 완료,STD-CAT-039,미착수,huni,dev,none,샵바이 비경유,,A1 · 매칭 규칙 없음,,,분류=수정 · 오픈차단여부=작업 항목 · 작업량=1일,ledger-v4
STD-CAT-041,detail,T2,A1,판매중 상품 수 3갈래(대시보드 291·상품목록 판매중 297/검색 291·API ONSALE 226) 기준 정리,STD-CAT-041,김동학,,,,,,,,https://service.shopby.co.kr/ 대시보드 「판매중인 상품 291」 · /product/list 「판매중 297건·검색결과 291」 · API saleStatusType ONSALE 226/STOP 71 @ 2026-09-16 21:27~21:34 (R/R1d/evidence/00-dashboard.txt·80-product-list.txt·api-server-products-search.json),세 수치의 기준이 한 문장으로 설명되고 실제 고객 노출 상품 수(R1a 목록)와 맞으면 완료,—,미착수,huni,dev,none,샵바이 비경유,,A1 · 매칭 규칙 없음,,,분류=검증 · 오픈차단여부=작업 항목 · 작업량=반일 · 소요 미합산(분류=검증),ledger-v4
STD-CAT-042,detail,T3,A5,레거시 mock 훅 제거 — legacy-data 참조 17파일(configurator 11종·홈 뉴스/프로모·포인트 모달),STD-CAT-042,김동학,,,,,,,,`grep -rl legacy-data huni-skin-shopby/src` 17 · src/lib/legacy-data/hooks.ts:4 「순수 mock」 · SPEC-TAKEOVER-001 D-6·related SPEC-LEGACY-MOCK-001(문서 부재),위젯이 없는 상품 상세를 열어도 더미 옵션(「(44 Reviews)」 등)이 아닌 안내 문구가 나오고 홈 새소식/프로모 칸이 실데이터 또는 비노출이다,—,미착수,huni,dev,none,샵바이 비경유,,A5 · 매칭 규칙 없음,,,분류=수정 · 오픈차단여부=오픈 무관 · 작업량=2-3일,ledger-v4
STD-CAT-043,detail,T2,A4,목록·검색 시작가를 webadmin `GET /api/w/v1/catalog`(게시 위젯+시작가) 로 이관 — 「10원~」 더미 대체 개발안,STD-CAT-043,김동학,,,,,,,,SPEC-TAKEOVER-001 spec.md D-2 ① · huni-skin-shopby/src/lib/api/server/catalog.ts(shopby salePrice 사용),카테고리 목록과 검색 결과의 가격이 「10원~」이 아니라 위젯 최소 견적가(예 스티커 7700원~)로 보인다,STD-CAT-028,미착수,huni,dev,server-api,product-server-public.endpoints.json PATCH /products/{productNo}/,,A4∈구간집합 · 규칙 /상품 연동|상품 등록|판매가|시작가|전시|판매상태|대표 ?이미지|메인이미지/,,,분류=개발 · 오픈차단여부=작업 항목 · 작업량=2-3일,ledger-v4
STD-CAT-019,detail,T3,A5,인쇄 가이드 콘텐츠(11종),STD-CAT-019,최숙진,,,,,,,,"huni-skin-shopby/src/lib/guide-data.ts:41-50,158-202","https://shopby.huniprinting.co.kr/guide 에서 상품군 가이드를 눌러 파일이 실제로 내려받아지고, 열었을 때 그 상품군 내용과 맞으면 완료",—,부분,huni,config,none,샵바이 비경유,,A5 · 매칭 규칙 없음,,,분류=설정 · 오픈차단여부=작업 항목 · 작업량=2-3일 · 소요 미합산(분류=설정),ledger-v4
STD-CAT-020,detail,T3,A5,템플릿/샘플 다운로드 제공,STD-CAT-020,미정,,,,,,,,"raw/webadmin/webadmin/config/urls.py:280,283,285,287,288 (가이드파일 조회) · :72-87 (업로드/관리)",webadmin /admin/guide-file-md/ 에 등록된 상품별 작업가이드 파일 1건이 shopby 상품 상세(예: https://shopby.huniprinting.co.kr/shop/1142983)의 「템플릿/가이드 다운로드」 링크로 내려오면 완료. 내려오지 않는 상품·파일 유형이 있으면 그 목록을 비고에 적는다.,—,미실측,huni,dev,none,샵바이 비경유,,A5 · 매칭 규칙 없음,,,분류=미판정 · 오픈차단여부=작업 항목 · 작업량=미판정 · 소요 미합산(분류=미판정),ledger-v4
STD-CLM-018,detail,T3,D3,공지사항·FAQ 열람,STD-CLM-018,신우진,,,,,,,,huni-skin-shopby/src/app/(main)/notice/page.tsx:1-27 · src/lib/api/server/board.ts:1 (공지 done) — FAQ 라우트 부재(SB-056 absent),https://shopby.huniprinting.co.kr/notice 에 공지 1건 이상이 목록으로 보이고 FAQ 페이지가 열리면 완료.,—,부분,huni,dev,shop-api,manage-shop-public.endpoints.json GET /boards/{boardNo}/articles,,D3∈구간집합 · 규칙 /공지|게시판|FAQ|새소식/,,,분류=검증 · 오픈차단여부=작업 항목 · 작업량=반일 · 소요 미합산(분류=검증),ledger-v4
STD-INF-001,detail,T5,E3,회사소개 페이지,STD-INF-001,신우진,,,,,,,,"L3/legacy-normalized.json#IA-083,SCOPE-083 · docs/huni/후니프린팅_통합IA_일정_역할분담_260616.xlsx#02_IA마스터!A84:K84 · L2/as-is-inventory.csv#SB-058 huni-skin-shopby/src/app/(main)/company/page.tsx:1",https://shopby.huniprinting.co.kr/company 에 회사 소개 이미지들이 보이고 깨진 이미지가 없으면 완료.,—,부분,huni,dev,none,샵바이 비경유,,E3 · 매칭 규칙 없음,,,분류=검증 · 오픈차단여부=작업 항목 · 작업량=반일 · 소요 미합산(분류=검증),ledger-v4
STD-INF-002,detail,T5,E3,찾아오시는 길(약도·교통 안내),STD-INF-002,신우진,,,,,,,,https://shopby.huniprinting.co.kr/location@2026-09-16 21:27,https://shopby.huniprinting.co.kr/location 에 지도 이미지·주소·전화·팩스·이메일이 보이면 완료.,—,작동,huni,dev,none,샵바이 비경유,,E3 · 매칭 규칙 없음,,,분류=검증 · 오픈차단여부=작업 항목 · 작업량=반일 · 소요 미합산(분류=검증),ledger-v4
STD-INF-003,detail,T5,E3,이용약관 페이지 게시,STD-INF-003,신우진,,,,,,,,https://shopby.huniprinting.co.kr/terms@2026-09-16 21:27,https://shopby.huniprinting.co.kr/terms 에 「시행일: 2026년 8월 27일」과 제1조~가 보이면 완료.,—,작동,huni,dev,shop-api,manage-shop-public.endpoints.json GET /terms,,E3∈구간집합 · 규칙 /약관/,,,분류=검증 · 오픈차단여부=작업 항목 · 작업량=반일 · 소요 미합산(분류=검증),ledger-v4
STD-INF-004,detail,T5,E3,개인정보처리방침 페이지 게시,STD-INF-004,신우진,,,,,,,,https://shopby.huniprinting.co.kr/privacy@2026-09-16 21:27,https://shopby.huniprinting.co.kr/privacy 에 「시행일」과 처리 항목 표가 보이면 완료.,—,작동,huni,dev,none,샵바이 비경유,,E3 · 매칭 규칙 없음,,,분류=검증 · 오픈차단여부=작업 항목 · 작업량=반일 · 소요 미합산(분류=검증),ledger-v4
STD-INF-005,detail,T3,A5,공지사항 고객 화면(목록·상세),STD-INF-005,최숙진,,,,,,,,https://shopby.huniprinting.co.kr/notice @ 2026-09-16 21:27,셀러어드민 게시판에 공지 1건을 올리고 https://shopby.huniprinting.co.kr/notice 에 그 제목이 보이면 완료.,—,부분,huni,config,shop-api,manage-shop-public.endpoints.json GET /boards/{boardNo}/articles,,A5∈구간집합 · 규칙 /공지|게시판|FAQ|새소식/,,,분류=설정 · 오픈차단여부=작업 항목 · 작업량=반일 · 소요 미합산(분류=설정),ledger-v4
STD-INF-006,detail,T3,A5,자주묻는질문(FAQ) 고객 화면,STD-INF-006,김동학,,,,,,,,https://shopby.huniprinting.co.kr/faq 404 @ 2026-09-16 21:27,https://shopby.huniprinting.co.kr/faq 가 열리고 FAQ 질문 목록이 보이면 완료.,STD-ADC-008,미착수,huni,dev,shop-api,manage-shop-public.endpoints.json GET /boards/{boardNo}/articles,,A5∈구간집합 · 규칙 /공지|게시판|FAQ|새소식/,,,분류=개발 · 오픈차단여부=작업 항목 · 작업량=1일,ledger-v4
STD-INF-007,detail,T3,A5,가이드북 고객 화면(작업 유의사항 11종),STD-INF-007,최숙진,,,,,,,,https://shopby.huniprinting.co.kr/guide @ 2026-09-16 21:27,https://shopby.huniprinting.co.kr/guide 6개 분류를 차례로 눌러 글이 열리고 「이미지 준비 중」 표시가 없으면 완료.,—,부분,huni,dev,none,샵바이 비경유,,A5 · 매칭 규칙 없음,,,분류=검증 · 오픈차단여부=작업 항목 · 작업량=반일 · 소요 미합산(분류=검증),ledger-v4
STD-INF-008,detail,T5,E3,푸터 SNS 4종·입점제휴문의·카톡상담 링크가 '#',STD-INF-008,최숙진,,,,,,,,https://shopby.huniprinting.co.kr/ @ 2026-09-16 21:26,https://shopby.huniprinting.co.kr/ 하단 Instagram·카톡상담을 눌렀을 때 실제 채널이 열리면 완료.,—,미착수,huni,config,none,샵바이 비경유,,E3 · 매칭 규칙 없음,,,분류=설정 · 오픈차단여부=작업 항목 · 작업량=반일 · 소요 미합산(분류=설정),ledger-v4
STD-INF-009,detail,T3,A5,[구IA#64] 공지사항 관리 (등록/수정/html생성),STD-INF-009,최숙진,,,,,,,,IA No.64 공지사항 · webadmin 해당 없음 @ 2026-09-16 21:28 · 샵바이 게시판(R1d 미확인),셀러어드민 게시판에 공지사항이 있고 스킨에 노출되면 완료.,—,미실측,nhn,config,admin-manual,해당 엔드포인트 없음 (셀러어드민 화면으로만 제공),N,nhn · Server API 대응 규칙 없음,,,분류=설정 · 오픈차단여부=작업 항목 · 작업량=반일 · 소요 미합산(분류=설정),ledger-v4
STD-INF-010,detail,T3,A5,[구IA#65] 자주묻는질문 관리,STD-INF-010,최숙진,,,,,,,,IA No.65 FAQ · webadmin 해당 없음 @ 2026-09-16 21:28,셀러어드민 FAQ 게시판이 스킨에 노출되면 완료.,—,미실측,nhn,config,admin-manual,해당 엔드포인트 없음 (셀러어드민 화면으로만 제공),N,nhn · Server API 대응 규칙 없음,,,분류=설정 · 오픈차단여부=작업 항목 · 작업량=반일 · 소요 미합산(분류=설정),ledger-v4
STD-INF-011,detail,T3,A5,[구IA#72] 이용후기관리 (관리자등록/수정),STD-INF-011,최숙진,,,,,,,,IA No.72 이용후기 · 샵바이 상품후기(R1d 미확인),셀러어드민 상품후기 관리에서 후기를 등록/수정할 수 있으면 완료.,—,미실측,nhn,config,admin-manual,해당 엔드포인트 없음 (셀러어드민 화면으로만 제공),N,nhn · Server API 대응 규칙 없음,,,분류=설정 · 오픈차단여부=작업 항목 · 작업량=반일 · 소요 미합산(분류=설정),ledger-v4
STD-INF-012,detail,T3,A5,뉴스·소식 공간 신설(갤러리형/게시판형/커뮤니티형 중 택1 + 메뉴명),STD-INF-012,채훈희,,,,,,,,후니-오픈잔여작업-실무진안내_260909.html §항목 5 · ④ 완료 기준,"세 형태 중 하나와 고객에게 보일 메뉴 이름이 확정되어 회의록에 남고, 결정 내용이 개발에 전달되면 완료",—,미착수,huni,dev,shop-api,manage-shop-public.endpoints.json GET /boards/{boardNo}/articles,,A5∈구간집합 · 규칙 /공지|게시판|FAQ|새소식/,,,분류=이슈 · 오픈차단여부=오픈 무관 · 작업량=반일 · 소요 미합산(분류=이슈),ledger-v4
STD-INF-013,detail,T3,A5,저장소 문서 stale 정비 — docs/api/README 「코드는 아직 backend API 기준」·frontend README 「서버 확정 시 기입」·연동 현황 보고서(9/2) 갱신,STD-INF-013,김동학,,,,,,,,huni-skin-shopby/docs/api/README.md:16-17 · docs/api/frontend/README.md:5-7 · artifacts/shopby-integration-status-report.md:6(2026-09-02 기준),docs/api/README 에 「shop API 전환 완료」가 적혀 있고 연동 현황 보고서가 9/10~9/15 소셜·머니 변경을 반영한다,—,미착수,huni,dev,none,샵바이 비경유,,A5 · 매칭 규칙 없음,,,분류=이슈 · 오픈차단여부=오픈 무관 · 작업량=반일 · 소요 미합산(분류=이슈),ledger-v4
STD-OPT-001,detail,T2,A3,상품 상세 내 주문옵션 위젯 마운트(격리 렌더),STD-OPT-001,서희항,,,,,,,,https://huni-admin.printly.co.kr/admin/widget-builder/?prd=PRD_000069@2026-09-16 21:34,위젯빌더에서 아무 게시 상품을 고르고 [나란히] 탭의 미리보기에 사이즈·수량·가격 블록이 그려지면 완료.,—,작동,huni,dev,none,샵바이 비경유,,A3 · 매칭 규칙 없음,,,분류=검증 · 오픈차단여부=작업 항목 · 작업량=반일 · 소요 미합산(분류=검증),ledger-v4
STD-OPT-002,detail,T2,A3,정규화 옵션 데이터 계약 기반 위젯 구동,STD-OPT-002,서희항,,,,,,,,https://huni-admin.printly.co.kr/sdk/guide/@2026-09-16 21:29,SDK 개발가이드(/sdk/guide/) §3 임베드 코드 한 줄을 테스트 페이지에 붙여 위젯이 뜨면 완료.,—,작동,huni,dev,none,샵바이 비경유,,A3 · 매칭 규칙 없음,,,분류=검증 · 오픈차단여부=작업 항목 · 작업량=반일 · 소요 미합산(분류=검증),ledger-v4
STD-OPT-003,detail,T2,A3,옵션 컴포넌트 타입 다형 렌더(셀렉트·라디오·체크·수치입력·이미지선택),STD-OPT-003,서희항,,,,,,,,https://huni-admin.printly.co.kr/admin/widget-builder/?prd=PRD_000031@2026-09-16 21:34,위젯빌더 속성창 「컨트롤 유형」에서 버튼그룹·셀렉트·라디오·스와치를 바꿔 미리보기가 그대로 바뀌면 완료.,—,작동,huni,dev,none,샵바이 비경유,,A3 · 매칭 규칙 없음,,,분류=검증 · 오픈차단여부=작업 항목 · 작업량=반일 · 소요 미합산(분류=검증),ledger-v4
STD-OPT-004,detail,T2,A3,옵션 선택 캐스케이드(상위 선택이 하위 목록 갱신),STD-OPT-004,서희항,,,,,,,,raw/webadmin/webadmin/config/urls.py:249 (validate) · :368 (dim-choices),제약규칙이 있는 상품(예: 폼보드 129) 미리보기에서 위쪽 값을 바꿔 아래 선택지가 회색/해제되는지 보면 완료.,—,부분,huni,dev,none,샵바이 비경유,,A3 · 매칭 규칙 없음,,,분류=검증 · 오픈차단여부=작업 항목 · 작업량=반일 · 소요 미합산(분류=검증),ledger-v4
STD-OPT-005,detail,T2,A3,토글형 후가공 섹션(켜야 하위 선택지 노출),STD-OPT-005,서희항,,,,,,,,print-story/02_capture/order-flow-steps.md §A-7 토글형 후가공,"위젯빌더 팔레트에 「패널」을 놓고 후가공을 그 안에 넣어 접힘으로 시작하게 하면 요구를 대체함 — 대체 수용 여부를 정하고, 결정 문장 1줄과 결정일(YYYY-MM-DD)이 `R/R3/decisions-for-pm.md` 이 std_id 신규 항목 의 STD-OPT-005 줄에 기재되어 있으면 완료 (기록처: 모범 STD-SYS-027 형식).",—,부분,huni,dev,none,샵바이 비경유,,A3 · 매칭 규칙 없음,,,분류=이슈 · 오픈차단여부=작업 항목 · 작업량=반일 · 소요 미합산(분류=이슈),ledger-v4
STD-OPT-006,detail,T2,A3,옵션 그룹 접기/펼치기·진행 스텝 표시,STD-OPT-006,서희항,,,,,,,,print-story/02_capture/order-flow-steps.md §C 옵션 테이블 복잡도,"패널 접기는 미리보기에서 확인 가능. 「진행 스텝 표시」를 오픈 범위에서 뺄지 결정하고, 결정 문장 1줄과 결정일(YYYY-MM-DD)이 `R/R3/decisions-for-pm.md` 이 std_id 신규 항목 의 STD-OPT-006 줄에 기재되어 있으면 완료 (기록처: 모범 STD-SYS-027 형식).",—,부분,huni,dev,none,샵바이 비경유,,A3 · 매칭 규칙 없음,,,분류=이슈 · 오픈차단여부=작업 항목 · 작업량=반일 · 소요 미합산(분류=이슈),ledger-v4
STD-OPT-007,detail,T2,A3,선택 요약 패널(현재 사양 한눈에),STD-OPT-007,서희항,,,,,,,,https://huni-admin.printly.co.kr/admin/widget-builder/?prd=PRD_000031@2026-09-16 21:34,미리보기 맨 아래 가격 요약 블록에 선택 사양의 금액이 뜨면 완료.,—,작동,huni,dev,none,샵바이 비경유,,A3 · 매칭 규칙 없음,,,분류=검증 · 오픈차단여부=작업 항목 · 작업량=반일 · 소요 미합산(분류=검증),ledger-v4
STD-OPT-008,detail,T2,B2,용지(자재) 선택,STD-OPT-008,서희항,,,,,,,,https://huni-admin.printly.co.kr/admin/product-viewer/?prd=PRD_000069@2026-09-16 21:30,"상품 뷰어에서 상품을 고르고 「자재」 값이 등록돼 있는지 본 뒤, 위젯빌더 미리보기에 같은 값이 선택지로 뜨면 완료.",—,작동,huni,dev,none,샵바이 비경유,,B2 · 매칭 규칙 없음,,,분류=검증 · 오픈차단여부=작업 항목 · 작업량=반일 · 소요 미합산(분류=검증),ledger-v4
STD-OPT-009,detail,T2,B2,평량(g/㎡) 선택,STD-OPT-009,서희항,,,,,,,,https://huni-admin.printly.co.kr/admin/product-viewer/?prd=PRD_000069@2026-09-16 21:30,"상품 뷰어에서 상품을 고르고 「평량」 값이 등록돼 있는지 본 뒤, 위젯빌더 미리보기에 같은 값이 선택지로 뜨면 완료.",—,작동,huni,dev,none,샵바이 비경유,,B2 · 매칭 규칙 없음,,,분류=검증 · 오픈차단여부=작업 항목 · 작업량=반일 · 소요 미합산(분류=검증),ledger-v4
STD-OPT-010,detail,T2,B2,비종이 소재 선택(아크릴·PVC·패브릭 등),STD-OPT-010,서희항,,,,,,,,https://huni-admin.printly.co.kr/admin/product-viewer/?prd=PRD_000069@2026-09-16 21:30,"상품 뷰어에서 상품을 고르고 「비종이 소재」 값이 등록돼 있는지 본 뒤, 위젯빌더 미리보기에 같은 값이 선택지로 뜨면 완료.",—,작동,huni,dev,none,샵바이 비경유,,B2 · 매칭 규칙 없음,,,분류=검증 · 오픈차단여부=작업 항목 · 작업량=반일 · 소요 미합산(분류=검증),ledger-v4
STD-OPT-011,detail,T2,B2,인쇄도수 선택(단면/양면·4도/8도·1도),STD-OPT-011,서희항,,,,,,,,https://huni-admin.printly.co.kr/admin/product-viewer/?prd=PRD_000069@2026-09-16 21:30,"상품 뷰어에서 상품을 고르고 「인쇄옵션」 값이 등록돼 있는지 본 뒤, 위젯빌더 미리보기에 같은 값이 선택지로 뜨면 완료.",—,작동,huni,dev,none,샵바이 비경유,,B2 · 매칭 규칙 없음,,,분류=검증 · 오픈차단여부=작업 항목 · 작업량=반일 · 소요 미합산(분류=검증),ledger-v4
STD-OPT-012,detail,T2,B2,별색(spot color) 선택,STD-OPT-012,서희항,,,,,,,,https://huni-admin.printly.co.kr/admin/widget-builder/?prd=PRD_000031@2026-09-16 21:34,투명명함·화이트인쇄명함 위젯 미리보기에서 별색 면수 버튼을 눌러 가격이 바뀌면 완료.,—,작동,huni,dev,none,샵바이 비경유,,B2 · 매칭 규칙 없음,,,분류=검증 · 오픈차단여부=작업 항목 · 작업량=반일 · 소요 미합산(분류=검증),ledger-v4
STD-OPT-013,detail,T2,B2,화이트/UV white 언더베이스 선택,STD-OPT-013,서희항,,,,,,,,https://huni-admin.printly.co.kr/admin/price-simulator/@2026-09-16 21:29,화이트인쇄명함 위젯 미리보기에서 화이트 단면/양면을 고르고 가격 진단에 spot_side_cnt 매칭 행이 보이면 완료.,—,작동,huni,dev,none,샵바이 비경유,,B2 · 매칭 규칙 없음,,,분류=검증 · 오픈차단여부=작업 항목 · 작업량=반일 · 소요 미합산(분류=검증),ledger-v4
STD-OPT-014,detail,T2,B2,규격 사이즈 선택(프리셋),STD-OPT-014,서희항,,,,,,,,https://huni-admin.printly.co.kr/admin/product-viewer/?prd=PRD_000069@2026-09-16 21:30,"상품 뷰어에서 상품을 고르고 「규격 사이즈」 값이 등록돼 있는지 본 뒤, 위젯빌더 미리보기에 같은 값이 선택지로 뜨면 완료.",—,작동,huni,dev,none,샵바이 비경유,,B2 · 매칭 규칙 없음,,,분류=검증 · 오픈차단여부=작업 항목 · 작업량=반일 · 소요 미합산(분류=검증),ledger-v4
STD-OPT-015,detail,T2,B2,비규격 사이즈 직접입력(재단 가로·세로),STD-OPT-015,서희항,,,,,,,,https://huni-admin.printly.co.kr/admin/widget-builder/?prd=PRD_000146@2026-09-16 21:34,아크릴키링·현수막 위젯에서 가로·세로(mm)를 직접 넣고 가격이 바뀌면 완료.,—,작동,huni,dev,none,샵바이 비경유,,B2 · 매칭 규칙 없음,,,분류=검증 · 오픈차단여부=작업 항목 · 작업량=반일 · 소요 미합산(분류=검증),ledger-v4
STD-OPT-016,detail,T2,B2,작업 사이즈 입력·자동 도출(도련 포함),STD-OPT-016,최숙진,,,,,,,,P-BLEED-32-01 HOLD_BASIS 32건 — 라이브 완제품 사이즈에 블리드 미적용(자동제외 중),"기준정보 › 사이즈정보에서 판매 사이즈의 「여백 좌/상/우/하」가 비어 있지 않은지 훑고, 빈 줄은 3mm 를 넣어 저장하면 완료.",—,부분,huni,config,none,샵바이 비경유,,B2 · 매칭 규칙 없음,,,분류=설정 · 오픈차단여부=작업 항목 · 작업량=1일 · 소요 미합산(분류=설정),ledger-v4
STD-OPT-017,detail,T2,B2,수량 선택(구간 프리셋 + 직접입력),STD-OPT-017,서희항,,,,,,,,https://huni-admin.printly.co.kr/admin/widget-builder/?prd=PRD_000146@2026-09-16 21:34,위젯 미리보기에서 수량 −/＋ 와 구간 버튼을 눌러 금액이 바뀌면 완료.,—,작동,huni,dev,none,샵바이 비경유,,B2 · 매칭 규칙 없음,,,분류=검증 · 오픈차단여부=작업 항목 · 작업량=반일 · 소요 미합산(분류=검증),ledger-v4
STD-OPT-018,detail,T2,B2,건수(디자인 종류 수) 입력 및 총량 = 건수×수량 규칙 표시,STD-OPT-018,서희항,,,,,,,,https://huni-admin.printly.co.kr/admin/widget-builder/?prd=PRD_000031@2026-09-16 21:34,명함 위젯에서 건수를 2로 올려 합계가 2배(추가상품 제외)가 되면 완료.,—,작동,huni,dev,none,샵바이 비경유,,B2 · 매칭 규칙 없음,,,분류=검증 · 오픈차단여부=작업 항목 · 작업량=반일 · 소요 미합산(분류=검증),ledger-v4
STD-OPT-019,detail,T2,B2,페이지 수 입력(책자류 필수 축),STD-OPT-019,서희항,,,,,,,,X-ENGINE-PAGE-01 094 30P 보류(page 전송 코드트랙) · P-PHOTOBOOK-PAGEFEE-01 페이지비 전액 미청구,가격 시뮬레이터에서 무선책자 A5·24p·부수 10 과 48p 를 각각 계산해 내지 금액이 페이지수에 비례해 오르면 완료(포토북도 같은 방식).,—,부분,huni,dev,none,샵바이 비경유,,B2 · 매칭 규칙 없음,,,분류=검증 · 오픈차단여부=작업 항목 · 작업량=1일 · 소요 미합산(분류=검증),ledger-v4
STD-OPT-020,detail,T2,B2,표지/내지/간지 용지 개별 선택,STD-OPT-020,서희항,,,,,,,,https://huni-admin.printly.co.kr/admin/widget-builder/?prd=PRD_000069@2026-09-16 21:34,무선책자 위젯 미리보기에서 내지종이와 표지종이를 각각 다른 값으로 고를 수 있으면 완료.,—,작동,huni,dev,none,샵바이 비경유,,B2 · 매칭 규칙 없음,,,분류=검증 · 오픈차단여부=작업 항목 · 작업량=반일 · 소요 미합산(분류=검증),ledger-v4
STD-OPT-021,detail,T2,B2,표지/내지 인쇄도수 개별 선택,STD-OPT-021,서희항,,,,,,,,https://huni-admin.printly.co.kr/admin/widget-builder/?prd=PRD_000069@2026-09-16 21:34,무선책자 미리보기에서 표지·내지 인쇄옵션이 따로 있고 각각 바꿀 수 있으면 완료.,—,작동,huni,dev,none,샵바이 비경유,,B2 · 매칭 규칙 없음,,,분류=검증 · 오픈차단여부=작업 항목 · 작업량=반일 · 소요 미합산(분류=검증),ledger-v4
STD-OPT-022,detail,T2,B2,제본 방식 선택(중철·무선·PUR·트윈링·하드커버),STD-OPT-022,서희항,,,,,,,,https://huni-admin.printly.co.kr/admin/price-simulator/@2026-09-16 21:29,가격 시뮬레이터에서 중철·무선·PUR·트윈링·하드커버 셋트 각각을 열어 제본 공정이 필수로 잡혀 있으면 완료.,—,작동,huni,dev,none,샵바이 비경유,,B2 · 매칭 규칙 없음,,,분류=검증 · 오픈차단여부=작업 항목 · 작업량=반일 · 소요 미합산(분류=검증),ledger-v4
STD-OPT-023,detail,T2,B2,제본 방향 선택(좌철/상철 × 세로/가로),STD-OPT-023,서희항,,,,,,,,https://huni-admin.printly.co.kr/admin/price-simulator/@2026-09-16 21:29,책자 위젯 미리보기에서 제본방향 4가지가 보이면 완료(가격에는 안 들어가는 것이 정상).,—,작동,huni,dev,none,샵바이 비경유,,B2 · 매칭 규칙 없음,,,분류=검증 · 오픈차단여부=작업 항목 · 작업량=반일 · 소요 미합산(분류=검증),ledger-v4
STD-OPT-024,detail,T2,B2,코팅 선택(무광/유광 × 단면/양면),STD-OPT-024,서희항,,,,,,,,X-ENGINE-SETCOAT-01 price_simulate_set이 coat_side_cnt 드롭 → 셋트 경로 표지 코팅비 누락(C트랙),"코팅엽서 위젯에서 코팅(단면)→(양면)으로 바꿀 때 금액이 오르고, 무선책자 표지 코팅도 같은지 시뮬레이터로 대조하면 완료.",—,부분,huni,dev,none,샵바이 비경유,,B2 · 매칭 규칙 없음,,,분류=검증 · 오픈차단여부=작업 항목 · 작업량=1일 · 소요 미합산(분류=검증),ledger-v4
STD-OPT-025,detail,T2,B2,박 선택(색상 다종 × 면 × 크기 × 내용같음/틀림),STD-OPT-025,최숙진,,,,,,,,X-ENGINE-FOIL-01 박 엔진 미지원 — 027/028/029 박 가산 전부 0(데이터로 못 고침·C트랙),"가격 관리 › 가격구성요소에서 박 단가표에 오리지널박명함 행을 채운 뒤, 기본사양가 화면에서 [지금 다시 계산]을 눌러 「자동」으로 바뀌면 완료.",—,부분,huni,config,none,샵바이 비경유,,B2 · 매칭 규칙 없음,,,분류=설정 · 오픈차단여부=작업 항목 · 작업량=1일 · 소요 미합산(분류=설정),ledger-v4
STD-OPT-026,detail,T2,B2,형압(양각/음각) 선택,STD-OPT-026,서희항,,,,,,,,raw/webadmin/webadmin/config/urls.py:356-360 (옵션 축) · X-ENGINE-FOIL-01 동일 엔진 경로,형압명함 위젯 미리보기에서 형압 양각/음각을 고르고 가격 진단에 형압 단가행이 매칭되면 완료.,—,부분,huni,dev,none,샵바이 비경유,,B2 · 매칭 규칙 없음,,,분류=검증 · 오픈차단여부=작업 항목 · 작업량=반일 · 소요 미합산(분류=검증),ledger-v4
STD-OPT-027,detail,T2,B2,오시 선택(줄 수 × 방향),STD-OPT-027,서희항,,,,,,,,raw/webadmin/webadmin/config/urls.py:356-360 · 오배선 실증 huni-product-lifecycle §7.4,인쇄배경지(043)·헤더택(045)·2단접지카드(027) 세 상품을 시뮬레이터로 계산해 접지비/오시비가 권위 표(접지옵션·인쇄후가공 시트)와 같으면 완료.,—,부분,huni,dev,none,샵바이 비경유,,B2 · 매칭 규칙 없음,,,분류=수정 · 오픈차단여부=작업 항목 · 작업량=1일,ledger-v4
STD-OPT-028,detail,T2,B2,미싱 선택,STD-OPT-028,서희항,,,,,,,,P-DEDUP-PROC-3-01 공정 중복정리 BLOCKED 3건(미싱086 포함) — 부모↔자식 가격사슬 단절,미싱이 있는 상품(쿠폰·티켓류)을 시뮬레이터에서 계산해 미싱비가 붙으면 완료.,—,부분,huni,dev,none,샵바이 비경유,,B2 · 매칭 규칙 없음,,,분류=검증 · 오픈차단여부=작업 항목 · 작업량=반일 · 소요 미합산(분류=검증),ledger-v4
STD-OPT-029,detail,T2,B2,타공 선택(직경 × 개수 × 위치),STD-OPT-029,서희항,,,,,,,,X-WGT-PUNCH-01 시뮬레이터/위젯이 procs detail{타공수}를 전송해야 타공수별 가산 작동(코드트랙),타공 있는 상품 위젯에서 타공 개수를 1→2로 바꿔 가격이 오르면 완료.,—,부분,huni,dev,none,샵바이 비경유,,B2 · 매칭 규칙 없음,,,분류=검증 · 오픈차단여부=작업 항목 · 작업량=반일 · 소요 미합산(분류=검증),ledger-v4
STD-OPT-030,detail,T2,B2,귀돌이/라운딩 선택(반경 × 모서리 위치),STD-OPT-030,서희항,,,,,,,,X-WGT-ATTB-01 합성 ATTB / size-linked 반경 잠복 — 컨버전 시 보정 필요,명함 위젯에서 둥근모서리를 고르고 가격 진단에 귀돌이 단가행(0원 아닌 값)이 매칭되면 완료.,—,부분,huni,dev,none,샵바이 비경유,,B2 · 매칭 규칙 없음,,,분류=검증 · 오픈차단여부=작업 항목 · 작업량=반일 · 소요 미합산(분류=검증),ledger-v4
STD-OPT-031,detail,T2,B2,도무송(전체/부분·모양·개수) 선택,STD-OPT-031,서희항,,,,,,,,https://huni-admin.printly.co.kr/admin/product-viewer/?prd=PRD_000066@2026-09-16 21:30,반칼/도무송 스티커 위젯 미리보기에서 모양·개수(EA) 사이즈를 고르고 가격이 뜨면 완료.,—,작동,huni,dev,none,샵바이 비경유,,B2 · 매칭 규칙 없음,,,분류=검증 · 오픈차단여부=작업 항목 · 작업량=반일 · 소요 미합산(분류=검증),ledger-v4
STD-OPT-032,detail,T2,B2,넘버링(일반/난수 × 자릿수 × 개수) 선택,STD-OPT-032,서희항,,,,,,,,print-story/02_capture/order-flow-steps.md §C-7-5 넘버링,"넘버링을 오픈 범위에서 빼거나 공정 마스터에 넘버링 공정을 추가할지 결정하고, 결정 문장 1줄과 결정일(YYYY-MM-DD)이 `R/R3/decisions-for-pm.md` 이 std_id 신규 항목 의 STD-OPT-032 줄에 기재되어 있으면 완료 (기록처: 모범 STD-SYS-027 형식).",—,미착수,huni,dev,none,샵바이 비경유,,B2 · 매칭 규칙 없음,,,분류=이슈 · 오픈차단여부=작업 항목 · 작업량=반일 · 소요 미합산(분류=이슈),ledger-v4
STD-OPT-033,detail,T2,B2,부분UV/에폭시 선택,STD-OPT-033,서희항,,,,,,,,X-GAP-UVFORM-01 webadmin UV 변형 입력 폼 적재경로 '미상' 정직 표기 잔존,부분UV 있는 상품 위젯에서 UV 를 고르고 가격 진단에 UV 단가행이 매칭되면 완료.,—,부분,huni,dev,none,샵바이 비경유,,B2 · 매칭 규칙 없음,,,분류=검증 · 오픈차단여부=작업 항목 · 작업량=반일 · 소요 미합산(분류=검증),ledger-v4
STD-OPT-034,detail,T2,B2,부자재 선택(케이스·폴리백·포장),STD-OPT-034,서희항,,,,,,,,https://huni-admin.printly.co.kr/admin/widget-builder/?prd=PRD_000146@2026-09-16 21:34,아크릴키링 위젯에서 추가상품을 하나 담고 합계에 개당가×수량이 더해지면 완료.,—,작동,huni,dev,none,샵바이 비경유,,B2 · 매칭 규칙 없음,,,분류=검증 · 오픈차단여부=작업 항목 · 작업량=반일 · 소요 미합산(분류=검증),ledger-v4
STD-OPT-035,detail,T2,B2,상품별 기본제공 부자재 규칙 표시,STD-OPT-035,최숙진,,,,,,,,F-046/SCOPE-046/IA-046 B13 추가상품 PARTIAL·미착수,기본 제공 부자재가 있는 상품 위젯에 「안내문」 컴포넌트로 문구를 넣고 게시하면 완료.,—,미착수,huni,config,none,샵바이 비경유,,B2 · 매칭 규칙 없음,,,분류=설정 · 오픈차단여부=작업 항목 · 작업량=반일 · 소요 미합산(분류=설정),ledger-v4
STD-OPT-036,detail,T2,B2,추가상품(악세사리) 템플릿 묶음 선택,STD-OPT-036,서희항,,,,,,,,https://huni-admin.printly.co.kr/admin/sku-catalog/@2026-09-16 21:28,상품 뷰어 「추가상품」 섹션의 템플릿이 위젯 피커 드롭다운에 그대로 나오면 완료.,—,작동,huni,dev,none,샵바이 비경유,,B2 · 매칭 규칙 없음,,,분류=검증 · 오픈차단여부=작업 항목 · 작업량=반일 · 소요 미합산(분류=검증),ledger-v4
STD-OPT-037,detail,T2,A3,옵션 조합 제약 규칙 평가(불가 조합 차단·사유 표시),STD-OPT-037,서희항,,,,,,,,raw/webadmin/webadmin/config/urls.py:371 (제약규칙 관리) · :249 (validate) — 그러나 X-CR-ENFORCE-CLIENT-01: 위젯/장바구니/주문 어디에도 validate 호출 없음,"제약이 있는 상품(폼보드 129) 미리보기에서 금지 조합을 골라 회색·해제·사유 문장이 뜨고, 담기 시 서버가 거절하면 완료.",—,부분,huni,dev,none,샵바이 비경유,,A3 · 매칭 규칙 없음,,,분류=검증 · 오픈차단여부=작업 항목 · 작업량=1일 · 소요 미합산(분류=검증),ledger-v4
STD-OPT-038,detail,T2,A3,자재→가능 인쇄방식 게이팅,STD-OPT-038,서희항,,,,,,,,raw/webadmin/webadmin/config/urls.py:371 · X-CR-ENFORCE-ENGINE-01 가격엔진이 제약을 전혀 참조하지 않음,자재→인쇄방식 제약이 걸린 상품에서 불가 조합을 고르면 인쇄방식이 회색이 되면 완료.,—,부분,huni,dev,none,샵바이 비경유,,A3 · 매칭 규칙 없음,,,분류=검증 · 오픈차단여부=작업 항목 · 작업량=반일 · 소요 미합산(분류=검증),ledger-v4
STD-OPT-039,detail,T2,A3,공정 택일 그룹(상호배타) 처리,STD-OPT-039,최숙진,,,,,,,,raw/webadmin/webadmin/config/urls.py:371 · P-CPQ-CLASSA-01 PRD_000146 고리 그룹 sel_typ/min/max NULL,"아크릴키링 위젯빌더에서 고리 항목과 사이즈 항목에 「기본값」을 지정해 게시하고, 기본사양가 화면이 「자동」이면 완료.",—,부분,huni,config,none,샵바이 비경유,,A3 · 매칭 규칙 없음,,,분류=설정 · 오픈차단여부=작업 항목 · 작업량=반일 · 소요 미합산(분류=설정),ledger-v4
STD-OPT-040,detail,T2,A3,필수 동반 옵션 강제(예 인쇄없음 시 후가공 필수),STD-OPT-040,서희항,,,,,,,,X-CR-C9-01 폼빌더에 수치 범위 조건 타입 부재 — 자유치수 19건+raw-only 7건 UI 관리 불가,다중선택 옵션그룹에서 필수여부 Y 옵션이 고객 화면에 「함께 선택됨」으로 잠기면 완료.,—,부분,huni,dev,none,샵바이 비경유,,A3 · 매칭 규칙 없음,,,분류=검증 · 오픈차단여부=작업 항목 · 작업량=반일 · 소요 미합산(분류=검증),ledger-v4
STD-OPT-041,detail,T2,A3,수량 최소/최대/증분 검증,STD-OPT-041,서희항,,,,,,,,https://huni-admin.printly.co.kr/admin/product-viewer/?prd=PRD_000066@2026-09-16 21:30,위젯에서 최소수량 아래로 내리거나 증분 아닌 수를 넣으면 막히면 완료.,—,작동,huni,dev,none,샵바이 비경유,,A3 · 매칭 규칙 없음,,,분류=검증 · 오픈차단여부=작업 항목 · 작업량=반일 · 소요 미합산(분류=검증),ledger-v4
STD-OPT-042,detail,T2,A3,사이즈 범위·비율 검증(매트릭스 밖 사이즈 차단),STD-OPT-042,서희항,,,,,,,,X-CR-C9-01 수치 범위 조건 타입 부재,아크릴키링에서 단가표 상한보다 큰 비규격 치수를 넣었을 때 「주문할 수 없습니다」가 뜨면 완료(0원 통과면 미완).,—,부분,huni,dev,none,샵바이 비경유,,A3 · 매칭 규칙 없음,,,분류=수정 · 오픈차단여부=작업 항목 · 작업량=1일,ledger-v4
STD-OPT-043,detail,T2,A2,옵션 변경 시 실시간 재견적,STD-OPT-043,서희항,,,,,,,,https://huni-admin.printly.co.kr/admin/widget-builder/?prd=PRD_000031@2026-09-16 21:34,위젯에서 종이를 바꾸면 1초 안에 합계가 바뀌면 완료.,—,작동,huni,dev,none,샵바이 비경유,,A2 · 매칭 규칙 없음,,,분류=검증 · 오픈차단여부=작업 항목 · 작업량=반일 · 소요 미합산(분류=검증),ledger-v4
STD-OPT-044,detail,T2,A2,서버 권위 가격 계산(클라이언트 계산 금지),STD-OPT-044,서희항,,,,,,,,https://huni-admin.printly.co.kr/sdk/guide/@2026-09-16 21:29,SDK 가이드 §6 대로 handoff token 을 서버에서 검증하는 코드가 자사몰에 있으면 완료(R1a 와 공유).,—,작동,huni,dev,none,샵바이 비경유,,A2 · 매칭 규칙 없음,,,분류=검증 · 오픈차단여부=작업 항목 · 작업량=반일 · 소요 미합산(분류=검증),ledger-v4
STD-OPT-045,detail,T2,A2,가격 0원/계산불가 상태 처리 및 사용자 안내,STD-OPT-045,최숙진,,,,,,,,P-ZEROQUOTE-119-01 0원 견적 조합 119건/32상품 — 손님이 0원에 주문 가능(4주째 OPEN),"상품별 기본사양가 화면 「없음(실패)」 탭이 0건이 되고, 남은 아크릴쉐이커코롯토의 단가를 채워 [지금 다시 계산]이 「자동」으로 바뀌면 완료.",—,부분,huni,config,none,샵바이 비경유,,A2 · 매칭 규칙 없음,,,분류=설정 · 오픈차단여부=작업 항목 · 작업량=1일 · 소요 미합산(분류=설정),ledger-v4
STD-OPT-046,detail,T2,A2,가격 내역 분해 표시(인쇄비·후가공비·부가세),STD-OPT-046,서희항,,,,,,,,https://huni-admin.printly.co.kr/admin/widget-builder/?prd=PRD_000069@2026-09-16 21:34,위젯 가격요약 속성을 「구성요소별+합계」로 바꾸면 인쇄비·용지비가 펼쳐지고 부가세가 표시되면 완료.,—,작동,huni,dev,none,샵바이 비경유,,A2 · 매칭 규칙 없음,,,분류=검증 · 오픈차단여부=작업 항목 · 작업량=반일 · 소요 미합산(분류=검증),ledger-v4
STD-OPT-047,detail,T2,A2,수량구간 할인 적용,STD-OPT-047,서희항,,,,,,,,https://huni-admin.printly.co.kr/admin/price-viewer/?prd=PRD_000146@2026-09-16 21:30,아크릴키링 위젯에서 수량 1→100 으로 올려 개당가가 내려가면 완료.,—,작동,huni,dev,none,샵바이 비경유,,A2 · 매칭 규칙 없음,,,분류=검증 · 오픈차단여부=작업 항목 · 작업량=반일 · 소요 미합산(분류=검증),ledger-v4
STD-OPT-048,detail,T2,A2,면적 기반 가격 계산(실사·현수막·아크릴),STD-OPT-048,최숙진,,,,,,,,raw/webadmin/webadmin/catalog/pricing.py:1 · P-ACRYL-INTEGRITY-156-01 면적 미적재 156셀 + 12/13 상품 공식 0바인딩,"아크릴키링 위젯에 사이즈 기본값을 지정한 뒤 진단이 「가격 가능」으로 바뀌고, 현수막(PRD_000138)도 같은지 보면 완료.",—,부분,huni,config,none,샵바이 비경유,,A2 · 매칭 규칙 없음,,,분류=설정 · 오픈차단여부=작업 항목 · 작업량=1일 · 소요 미합산(분류=설정),ledger-v4
STD-OPT-049,detail,T2,A2,원자합산형 가격 계산(디지털인쇄),STD-OPT-049,서희항,,,,,,,,https://huni-admin.printly.co.kr/admin/widget-builder/?prd=PRD_000031@2026-09-16 21:34,기본사양가 화면 「자동 189」 이상이면 완료(P-L1-109-01 109상품 미바인딩은 해소).,—,작동,huni,dev,none,샵바이 비경유,,A2 · 매칭 규칙 없음,,,분류=검증 · 오픈차단여부=작업 항목 · 작업량=반일 · 소요 미합산(분류=검증),ledger-v4
STD-OPT-050,detail,T2,A2,고정가형 가격 계산(수량×옵션),STD-OPT-050,최숙진,,,,,,,,raw/webadmin/webadmin/catalog/pricing.py:1 · config/urls.py:113-117 (시작가) · P-GOODS-DIRECTPRICE-01 굿즈파우치 직접단가 110건 미적재,합판도무송스티커를 팔 것이면 공식 단가표를 채워 시뮬레이터 0원이 사라지고 위젯을 게시하면 완료(안 팔면 게시여부 N).,—,부분,huni,config,none,샵바이 비경유,,A2 · 매칭 규칙 없음,,,분류=설정 · 오픈차단여부=작업 항목 · 작업량=반일 · 소요 미합산(분류=설정),ledger-v4
STD-OPT-051,detail,T2,A2,셋트/부품조립 상품 합산 가격 계산,STD-OPT-051,최숙진,,,,,,,,raw/webadmin/webadmin/config/urls.py:336 (셋트상품 관리) · :169 (셋트 가격 시뮬레이션) · X-SET-SIZCD-01 고정가형 셋트 화면 0원,무선책자 위젯빌더에서 본품 사이즈에 기본값(A5)을 지정해 게시한 뒤 진단이 「가격 가능」이고 표지가 「포함」으로 바뀌면 완료.,—,부분,huni,config,none,샵바이 비경유,,A2 · 매칭 규칙 없음,,,분류=설정 · 오픈차단여부=작업 항목 · 작업량=1일 · 소요 미합산(분류=설정),ledger-v4
STD-OPT-052,detail,T2,A2,판걸이수 기반 판형 원가 반영,STD-OPT-052,서희항,,,,,,,,https://huni-admin.printly.co.kr/admin/widget-builder/?prd=PRD_000069@2026-09-16 21:34,시뮬레이터에서 스티커·책자 한 건씩 계산해 카드에 「📄 판 단위 계산 · 판걸이 N」이 보이고 권위 판걸이수와 같으면 완료.,—,작동,huni,dev,none,샵바이 비경유,,A2 · 매칭 규칙 없음,,,분류=검증 · 오픈차단여부=작업 항목 · 작업량=반일 · 소요 미합산(분류=검증),ledger-v4
STD-OPT-053,detail,T2,B2,견적 결과 저장(옵션보관함),STD-OPT-053,신우진,,,,,,,,F-065/SCOPE-065/IA-065 F5 옵션 보관함 저장·불러오기 CUSTOM·미착수,9/15 미결 「보관함 저장 시점」을 정하고 개발 주체(쇼핑/인쇄)가 정해지면 완료.,EXT-EDICUS,미착수,huni,dev,none,샵바이 비경유,,B2 · 매칭 규칙 없음,,,분류=이슈 · 오픈차단여부=작업 항목 · 작업량=2-3일 · 소요 미합산(분류=이슈),ledger-v4
STD-OPT-054,detail,T2,B2,견적서 PDF/출력물 발급,STD-OPT-054,신우진,,,,,,,,F-051/SCOPE-051/IA-051 C3 견적서 생성·다운로드 CUSTOM·미착수,"견적서 PDF 를 1차 오픈 범위에서 제외할지 결정하고, 결정 문장 1줄과 결정일(YYYY-MM-DD)이 `R/R3/decisions-for-pm.md` §A-1(오픈 범위) 의 STD-OPT-054 줄에 기재되어 있으면 완료 (기록처: 모범 STD-SYS-027 형식).",—,미착수,huni,dev,none,샵바이 비경유,,B2 · 매칭 규칙 없음,,,분류=이슈 · 오픈차단여부=작업 항목 · 작업량=2-3일 · 소요 미합산(분류=이슈),ledger-v4
STD-OPT-055,detail,T2,B2,대량주문 견적 문의 접수,STD-OPT-055,최숙진,,,,,,,,huni-skin-shopby src/app/(main) 하위 inquiry/qna 라우트 부재 (SB-056 absent),셀러어드민 게시판에 「대량주문 견적문의」 게시판을 만들고 스킨 메뉴에 연결되면 완료.,—,미착수,huni,config,none,샵바이 비경유,,B2 · 매칭 규칙 없음,,,분류=설정 · 오픈차단여부=작업 항목 · 작업량=반일 · 소요 미합산(분류=설정),ledger-v4
STD-OPT-056,detail,T2,B2,캘린더 가공·장수(월수) 선택,STD-OPT-056,서희항,,,,,,,,"L3/legacy-normalized.json#F-045,IA-045,SCOPE-045 · _workspace/huni-launch-scope/02_gap/fit-gap-matrix.csv:46 · docs/huni/후니프린팅_통합IA_일정_역할분담_260616.xlsx#02_IA마스터!A46:K46 || P1판정(260902): huni-skin-shopby/src/components/product/configurators/calendar-configurator.tsx:167 장수 · :196 캘린더 가공","캘린더 위젯에 시작월 항목이 없고, 편집기에서 시작월 기본값이 규칙대로 잡히면 완료.",—,구현-미검증,huni,dev,none,샵바이 비경유,,B2 · 매칭 규칙 없음,,,분류=검증 · 오픈차단여부=작업 항목 · 작업량=반일 · 소요 미합산(분류=검증),ledger-v4
STD-OPT-057,detail,T3,A5,규격 가이드 모달(사이즈 안내 팝업),STD-OPT-057,서희항,,,,,,,,"L3/legacy-normalized.json#IA-057,SCOPE-057 · docs/huni/후니프린팅_통합IA_일정_역할분담_260616.xlsx#02_IA마스터!A58:K58 || P1판정(260902): huni-skin-shopby 에 규격 가이드 모달 컴포넌트 grep 0건 · guide-data.ts:90 은 가이드 문서(모달 아님)","사이즈 안내를 위젯 「치수 표시」 옵션으로 대체할지 결정하고, 결정 문장 1줄과 결정일(YYYY-MM-DD)이 `R/R3/decisions-for-pm.md` 이 std_id 신규 항목 의 STD-OPT-057 줄에 기재되어 있으면 완료 (기록처: 모범 STD-SYS-027 형식).",—,미착수,huni,dev,none,샵바이 비경유,,사람 판정 260917 — 규격 가이드 모달 — 위젯 UI,,,분류=이슈 · 오픈차단여부=작업 항목 · 작업량=반일 · 소요 미합산(분류=이슈),ledger-v4
STD-OPT-058,detail,T3,A5,주문가능 자재(용지) 목록 모달,STD-OPT-058,서희항,,,,,,,,"L3/legacy-normalized.json#F-059,IA-059,SCOPE-059 · _workspace/huni-launch-scope/02_gap/fit-gap-matrix.csv:60 · docs/huni/후니프린팅_통합IA_일정_역할분담_260616.xlsx#02_IA마스터!A60:K60 || P1판정(260902): huni-skin-shopby 에 「주문가능 자재(용지) 목록 모달」 컴포넌트 grep 0건 · guide-data.ts:161,170 은 가이드 문서","용지 목록 안내를 위젯 스와치+/guide 가이드 파일로 대체할지 결정하고, 결정 문장 1줄과 결정일(YYYY-MM-DD)이 `R/R3/decisions-for-pm.md` 이 std_id 신규 항목 의 STD-OPT-058 줄에 기재되어 있으면 완료 (기록처: 모범 STD-SYS-027 형식).",—,미착수,huni,dev,none,샵바이 비경유,,A5 · 매칭 규칙 없음,,,분류=이슈 · 오픈차단여부=작업 항목 · 작업량=반일 · 소요 미합산(분류=이슈),ledger-v4
STD-ART-001,detail,T2,B3,인쇄원고 파일 업로드(PDF/AI/EPS),STD-ART-001,서희항,,,,,,,,https://huni-admin.printly.co.kr/admin/widget-builder/?prd=PRD_000069@2026-09-16 21:34,테스트 위젯에서 PDF 하나를 올려 진행률이 100% 가 되고 담기가 가능하면 완료.,—,작동,huni,dev,none,샵바이 비경유,,B3 · 매칭 규칙 없음,,,분류=검증 · 오픈차단여부=작업 항목 · 작업량=반일 · 소요 미합산(분류=검증),ledger-v4
STD-ART-002,detail,T2,B3,대용량 파일 분할/재개 업로드,STD-ART-002,서희항,,,,,,,,raw/webadmin/webadmin/catalog/s3_artwork.py:208-280 (멀티파트),600MB 급 PDF 를 올려 끊김 없이 완료되면 완료.,—,구현-미검증,huni,dev,none,샵바이 비경유,,B3 · 매칭 규칙 없음,,,분류=검증 · 오픈차단여부=작업 항목 · 작업량=반일 · 소요 미합산(분류=검증),ledger-v4
STD-ART-003,detail,T2,B3,업로드 진행률·실패 재시도,STD-ART-003,서희항,,,,,,,,F-052/SCOPE-052/IA-052 D1 파일 업로드 CUSTOM·미착수,업로드 중 네트워크를 끊고 다시 시도가 되는지 보면 완료.,—,부분,huni,dev,none,샵바이 비경유,,B3 · 매칭 규칙 없음,,,분류=검증 · 오픈차단여부=작업 항목 · 작업량=반일 · 소요 미합산(분류=검증),ledger-v4
STD-ART-004,detail,T2,B3,건수별 개별 파일 업로드(디자인 N종),STD-ART-004,서희항,,,,,,,,print-story/02_capture/order-flow-steps.md §A-4 건수 · §C-8 앞/뒷면 각각,"건수 3 주문에서 파일 3개를 어떻게 받을지(여러 파일 허용으로 충분한지) 정하고, 결정 문장 1줄과 결정일(YYYY-MM-DD)이 `R/R3/decisions-for-pm.md` 이 std_id 신규 항목 의 STD-ART-004 줄에 기재되어 있으면 완료 (기록처: 모범 STD-SYS-027 형식).",—,부분,huni,dev,none,샵바이 비경유,,B3 · 매칭 규칙 없음,,,분류=이슈 · 오픈차단여부=작업 항목 · 작업량=1일 · 소요 미합산(분류=이슈),ledger-v4
STD-ART-005,detail,T2,B3,앞면/뒷면 파일 분리 업로드,STD-ART-005,서희항,,,,,,,,print-story/02_capture/order-flow-steps.md §C-8,"앞·뒷면 파일을 파일명 규칙으로 받을지 결정하고, 결정 문장 1줄과 결정일(YYYY-MM-DD)이 `R/R3/decisions-for-pm.md` 이 std_id 신규 항목 의 STD-ART-005 줄에 기재되어 있으면 완료 (기록처: 모범 STD-SYS-027 형식).",—,부분,huni,dev,none,샵바이 비경유,,B3 · 매칭 규칙 없음,,,분류=이슈 · 오픈차단여부=작업 항목 · 작업량=반일 · 소요 미합산(분류=이슈),ledger-v4
STD-ART-006,detail,T2,B3,주문 이후 파일 업로드 경로(결제 후 입고),STD-ART-006,서희항,,,,,,,,raw/webadmin/webadmin/catalog/artwork_promote.py:1 (tmp→order 버킷 승격) · models.py:1081,결제 후 재업로드 링크로 파일을 올려 t_ord_artworks 회차가 늘면 완료.,STD-MFG-136;STD-MFG-054,부분,huni,dev,none,샵바이 비경유,,B3 · 매칭 규칙 없음,,,분류=개발 · 오픈차단여부=작업 항목 · 작업량=2-3일,ledger-v4
STD-ART-007,detail,T2,B3,파일 재업로드·버전 이력 보관,STD-ART-007,서희항,,,,,,,,raw/webadmin/webadmin/catalog/artwork_promote.py:1,같은 주문에 두 번 올려 r1·r2 키가 둘 다 남으면 완료.,STD-MFG-055,부분,huni,dev,none,샵바이 비경유,,B3 · 매칭 규칙 없음,,,분류=개발 · 오픈차단여부=작업 항목 · 작업량=2-3일,ledger-v4
STD-ART-008,detail,T4,C4,파일 포맷 유효성 검사,STD-ART-008,서희항,,,,,,,,X-DEC-FILECHECK-01 OQ-G11 파일 검수 기준 미확정(1차),테스트 주문의 PDF 가 PitStop 프로파일을 통과/경고/실패 중 하나로 판정되어 화면에 보이면 완료.,EXT-PITSTOP,미착수,huni,dev,none,샵바이 비경유,,C4 · 매칭 규칙 없음,,,분류=개발 · 오픈차단여부=오픈 무관 · 작업량=1주+,ledger-v4
STD-ART-009,detail,T4,C4,재단선/블리드 3mm 확보 검사,STD-ART-009,서희항,,,,,,,,X-DEC-FILECHECK-01 OQ-G11 파일 검수 기준 미확정(1차),테스트 주문의 PDF 가 PitStop 프로파일을 통과/경고/실패 중 하나로 판정되어 화면에 보이면 완료.,EXT-PITSTOP,미착수,huni,dev,none,샵바이 비경유,,C4 · 매칭 규칙 없음,,,분류=개발 · 오픈차단여부=오픈 무관 · 작업량=1주+,ledger-v4
STD-ART-010,detail,T4,C4,색공간(CMYK) 검사 및 RGB 경고,STD-ART-010,서희항,,,,,,,,X-DEC-FILECHECK-01 OQ-G11 파일 검수 기준 미확정(1차),테스트 주문의 PDF 가 PitStop 프로파일을 통과/경고/실패 중 하나로 판정되어 화면에 보이면 완료.,EXT-PITSTOP,미착수,huni,dev,none,샵바이 비경유,,C4 · 매칭 규칙 없음,,,분류=개발 · 오픈차단여부=오픈 무관 · 작업량=1주+,ledger-v4
STD-ART-011,detail,T4,C4,해상도(dpi) 검사,STD-ART-011,서희항,,,,,,,,X-DEC-FILECHECK-01 OQ-G11 파일 검수 기준 미확정(1차),테스트 주문의 PDF 가 PitStop 프로파일을 통과/경고/실패 중 하나로 판정되어 화면에 보이면 완료.,EXT-PITSTOP,미착수,huni,dev,none,샵바이 비경유,,C4 · 매칭 규칙 없음,,,분류=개발 · 오픈차단여부=오픈 무관 · 작업량=1주+,ledger-v4
STD-ART-012,detail,T4,C4,폰트 아웃라인 여부 검사,STD-ART-012,서희항,,,,,,,,X-DEC-FILECHECK-01 OQ-G11 파일 검수 기준 미확정(1차),테스트 주문의 PDF 가 PitStop 프로파일을 통과/경고/실패 중 하나로 판정되어 화면에 보이면 완료.,EXT-PITSTOP,미착수,huni,dev,none,샵바이 비경유,,C4 · 매칭 규칙 없음,,,분류=개발 · 오픈차단여부=오픈 무관 · 작업량=1주+,ledger-v4
STD-ART-013,detail,T4,C4,주문 사양과 파일 실측 사이즈 대조,STD-ART-013,서희항,,,,,,,,X-DEC-FILECHECK-01 OQ-G11 파일 검수 기준 미확정(1차),테스트 주문의 PDF 가 PitStop 프로파일을 통과/경고/실패 중 하나로 판정되어 화면에 보이면 완료.,EXT-PITSTOP,미착수,huni,dev,none,샵바이 비경유,,C4 · 매칭 규칙 없음,,,분류=개발 · 오픈차단여부=오픈 무관 · 작업량=1주+,ledger-v4
STD-ART-014,detail,T4,C4,별색 채널·오버프린트 검사,STD-ART-014,서희항,,,,,,,,X-DEC-FILECHECK-01 OQ-G11 파일 검수 기준 미확정(1차),테스트 주문의 PDF 가 PitStop 프로파일을 통과/경고/실패 중 하나로 판정되어 화면에 보이면 완료.,EXT-PITSTOP,미착수,huni,dev,none,샵바이 비경유,,C4 · 매칭 규칙 없음,,,분류=개발 · 오픈차단여부=오픈 무관 · 작업량=1주+,ledger-v4
STD-ART-015,detail,T4,C4,검판 결과 리포트 고객 노출,STD-ART-015,서희항,,,,,,,,F-137/SCOPE-137/IA-137 파일확인처리 CUSTOM·미착수,주문상세에 검판 결과(통과/경고/실패)가 고객에게 보이면 완료.,STD-ART-008,미착수,huni,dev,none,샵바이 비경유,,C4 · 매칭 규칙 없음,,,분류=개발 · 오픈차단여부=오픈 무관 · 작업량=1주+,ledger-v4
STD-ART-016,detail,T4,C4,자동검판 도구 연동(PitStop 등),STD-ART-016,신우진,,,,,,,,print-kb/wiki/policy/order-mgmt.md#OMG-02 PitStop 연동 후보,PitStop Server 구매 결정과 인스턴스 준비가 되면 완료.,EXT-PITSTOP,미착수,huni,dev,none,샵바이 비경유,,C4 · 매칭 규칙 없음,,,분류=이슈 · 오픈차단여부=오픈 무관 · 작업량=1주+ · 소요 미합산(분류=이슈),ledger-v4
STD-ART-017,detail,T4,C4,검판 게이트 통과/보류 상태 관리,STD-ART-017,최숙진,,,,,,,,F-137/SCOPE-137/IA-137 파일확인처리,오픈 후 첫 주문의 파일확인을 MES/수기 절차로 처리하는 담당과 방법을 적어 두면 완료.,—,미착수,huni,dev,none,샵바이 비경유,,C4 · 매칭 규칙 없음,,,분류=이슈 · 오픈차단여부=오픈 무관 · 작업량=1일 · 소요 미합산(분류=이슈),ledger-v4
STD-ART-018,detail,T4,C4,재업로드 요청 발송(문자/알림),STD-ART-018,서희항,,,,,,,,F-138/SCOPE-138/IA-138 재업로드요청 문자 발송 PARTIAL·대기 · X-SMS-CONTRACT-01 알림톡/SMS 계약 미체결,테스트 주문에 「재업로드 요청」 알림이 실제 휴대폰으로 오면 완료.,EXT-ALIMTALK;STD-MFG-128,미착수,huni,dev,none,샵바이 비경유,,C4 · 매칭 규칙 없음,,,분류=개발 · 오픈차단여부=작업 항목 · 작업량=1일,ledger-v4
STD-ART-019,detail,T2,B3,업로드 파일 썸네일·PDF 미리보기,STD-ART-019,김동학,,,,,,,,F-053/SCOPE-053/IA-053 D2 편집상품 미리보기·썸네일 CUSTOM·미착수,https://shopby.huniprinting.co.kr/product/136009199 에서 PDF 1개를 올린 뒤 드롭존 자리에 첫 페이지 썸네일이 보이면 완료.,—,미착수,huni,dev,none,샵바이 비경유,,B3 · 매칭 규칙 없음,,,분류=개발 · 오픈차단여부=작업 항목 · 작업량=2-3일,ledger-v4
STD-ART-020,detail,T2,B3,재단선 오버레이 미리보기,STD-ART-020,김동학,,,,,,,,SCOPE-058/IA-058 E2 인쇄영역·도련 가이드 PARTIAL·미착수,https://shopby.huniprinting.co.kr/product/136009199 에서 파일 업로드 후 미리보기에 빨간 재단선이 겹쳐 보이면 완료.,—,미착수,huni,dev,none,샵바이 비경유,,B3 · 매칭 규칙 없음,,,분류=개발 · 오픈차단여부=작업 항목 · 작업량=1주+,ledger-v4
STD-ART-021,detail,T2,B3,온라인 디자인 에디터 진입,STD-ART-021,최숙진,,,,,,,,"raw/webadmin/webadmin/config/urls.py:274,275 · catalog/edicus_lookup.py:214-260 (resolve/token done) — 그러나 SB-020 stub: configurator-actions.tsx:170-176 onClick 없음(데드 버튼)",상품별 Edicus 템플릿 연결 화면 목록에 빨간 ⚠ 숫자가 0건이 되면 완료(현재 3상품).,—,부분,huni,config,none,샵바이 비경유,,B3 · 매칭 규칙 없음,,,분류=설정 · 오픈차단여부=작업 항목 · 작업량=1일 · 소요 미합산(분류=설정),ledger-v4
STD-ART-022,detail,T2,B3,에디터 템플릿 선택·불러오기,STD-ART-022,서희항,,,,,,,,https://huni-admin.printly.co.kr/admin/edicus-template-md/@2026-09-16 21:28,편집기 상품에서 「에디터로 편집하기」를 눌러 고른 사양의 템플릿이 열리면 완료.,—,작동,huni,dev,none,샵바이 비경유,,B3 · 매칭 규칙 없음,,,분류=검증 · 오픈차단여부=작업 항목 · 작업량=반일 · 소요 미합산(분류=검증),ledger-v4
STD-ART-023,detail,T2,B3,에디터 작업물 저장·재편집,STD-ART-023,신우진,,,,,,,,X-WGTF-EDICUS-01 에디터 연동 계약 미상(U-6/U-7),보관함 저장 시점과 개발 주체가 정해지면 완료.,STD-OPT-053,미착수,huni,dev,none,샵바이 비경유,,B3 · 매칭 규칙 없음,,,분류=이슈 · 오픈차단여부=작업 항목 · 작업량=2-3일 · 소요 미합산(분류=이슈),ledger-v4
STD-ART-024,detail,T2,B3,에디터 산출물 인쇄용 파일 변환·주문 연결,STD-ART-024,서희항,,,,,,,,X-WGTF-EDICUS-01 · X-EDX-D8-01 EDICUS Link Manager POD 채널 이중 등록,테스트 결제 1건의 주문 등록 payload 에 편집기 결과(템플릿·산출물)가 실려 있으면 완료.,EXT-PG,부분,huni,dev,none,샵바이 비경유,,B3 · 매칭 규칙 없음,,,분류=검증 · 오픈차단여부=작업 항목 · 작업량=1일 · 소요 미합산(분류=검증),ledger-v4
STD-ART-025,detail,T2,B3,선택 옵션(사이즈·페이지)과 에디터 캔버스 동기화,STD-ART-025,최숙진,,,,,,,,P-EDICUS-MISSING-01 EDICUS 미등록/결손 — 셋트문구 5종·레더하드커버·벽걸이캘린더 2사이즈,사이즈를 바꿔 편집기를 열 때 그 사이즈 템플릿이 열리면 완료(⚠ 3상품 등록 후).,—,부분,huni,config,none,샵바이 비경유,,B3 · 매칭 규칙 없음,,,분류=설정 · 오픈차단여부=작업 항목 · 작업량=반일 · 소요 미합산(분류=설정),ledger-v4
STD-ART-026,detail,T4,C2,고객 파일 보관기간 정책 적용·만료 삭제,STD-ART-026,미정,,,,,,,,print-kb/wiki/policy/operations.md#OPS-02 현행 무정책 To-Be,"webadmin 에 고객 파일 보관기간(일수) 설정 항목이 생기고, 그 일수를 넘긴 t_ord_artworks 원고 1건이 삭제(또는 del_yn='Y') 처리된 것이 라이브 DB SELECT 로 조회되면 완료.",—,미착수,huni,dev,none,샵바이 비경유,,C2 · 매칭 규칙 없음,,,분류=미판정 · 오픈차단여부=작업 항목 · 작업량=미판정 · 소요 미합산(분류=미판정),ledger-v4
STD-ART-027,detail,T4,C2,과거 주문 파일 재사용 재주문,STD-ART-027,신우진,,,,,,,,F-010/SCOPE-010/IA-010 주문상세조회(편집상품 미리보기) CUSTOM·미착수,"재주문을 1차 범위에서 뺄지 결정하고, 결정 문장 1줄과 결정일(YYYY-MM-DD)이 `R/R3/decisions-for-pm.md` §A-1(오픈 범위) 의 STD-ART-027 줄에 기재되어 있으면 완료 (기록처: 모범 STD-SYS-027 형식).",—,미착수,huni,dev,none,샵바이 비경유,,C2 · 매칭 규칙 없음,,,분류=이슈 · 오픈차단여부=오픈 무관 · 작업량=1일 · 소요 미합산(분류=이슈),ledger-v4
STD-ART-028,detail,T4,C5,생산용 원고 자동 다운로드/전달,STD-ART-028,서희항,,,,,,,,raw/webadmin/webadmin/catalog/artwork_promote.py:1 (order 버킷 승격),Plan B: 담당자가 S3 order 버킷에서 원고를 내려 MES 에 수기 등록하는 절차를 적어 두면 완료.,—,부분,huni,dev,none,샵바이 비경유,,C5 · 매칭 규칙 없음,,,분류=이슈 · 오픈차단여부=오픈 무관 · 작업량=1일 · 소요 미합산(분류=이슈),ledger-v4
STD-ART-029,detail,T2,B3,가변데이터 인쇄(VDP) 데이터 업로드·병합,STD-ART-029,서희항,,,,,,,,"L3/legacy-normalized.json#F-055,IA-055,SCOPE-055 · _workspace/huni-launch-scope/02_gap/fit-gap-matrix.csv:56 · docs/huni/후니프린팅_통합IA_일정_역할분담_260616.xlsx#02_IA마스터!A56:K56 || P1판정(260902): huni-skin-shopby 전수 grep 'vdp|가변데이터' 0건(260902)",VDP 를 1차 범위에서 제외하기로 기록하면 완료.,—,미착수,huni,dev,none,샵바이 비경유,,B3 · 매칭 규칙 없음,,,분류=이슈 · 오픈차단여부=오픈 무관 · 작업량=1주+ · 소요 미합산(분류=이슈),ledger-v4
STD-ART-030,detail,T2,B3,「옵션 조합에 연결된 편집기 템플릿 없음」 오류 — 에디쿠스 템플릿 연결 점검,STD-ART-030,서희항,,,,,,,,후니정기미팅 정리260915.html §가격·템플릿 데이터 · 미결 3,메모패드 등 오류가 났던 상품에서 옵션을 고르고 편집기를 열었을 때 오류 없이 템플릿이 뜨면 완료,STD-ART-031,미착수,huni,dev,none,샵바이 비경유,,B3 · 매칭 규칙 없음,,,분류=수정 · 오픈차단여부=작업 항목 · 작업량=2-3일,ledger-v4
STD-ART-031,detail,T2,B3,삭제된 사이즈 코드가 연결된 템플릿 전수조사(800여 개 중 노출 대상 선별),STD-ART-031,서희항,,,,,,,,후니정기미팅 정리260915.html §가격·템플릿 데이터 · 미결 4,"템플릿 800여 건 중 삭제된 사이즈 코드에 물린 건이 목록으로 뽑히고, 실제 노출 대상 선별 결과가 기록되면 완료",—,미착수,huni,dev,none,샵바이 비경유,,B3 · 매칭 규칙 없음,,,분류=검증 · 오픈차단여부=작업 항목 · 작업량=2-3일 · 소요 미합산(분류=검증),ledger-v4
STD-ART-032,detail,T2,B3,에디쿠스 테스트용 단순 상품(메모패드 등) 제공,STD-ART-032,최숙진,,,,,,,,후니정기미팅 정리260915.html §가격·템플릿 데이터 · 미결 5,테스트용 단순 상품이 지정되어 에디쿠스 쪽에서 편집기 테스트에 쓸 수 있게 되면 완료,—,미착수,huni,dev,none,샵바이 비경유,,B3 · 매칭 규칙 없음,,,분류=이슈 · 오픈차단여부=작업 항목 · 작업량=반일 · 소요 미합산(분류=이슈),ledger-v4
STD-ART-033,detail,T4,C4,PitStop 연동 소요 시간 다음 미팅 상정·일정 반영,STD-ART-033,미정,,,,,,,,후니정기미팅 정리260915.html §PDF 프리플라이트 · 미결 1,다음 정기미팅 안건에 PitStop 연동 일정이 오르고 회의록에 일정 반영 결과가 남으면 완료,—,미착수,huni,dev,none,샵바이 비경유,,C4 · 매칭 규칙 없음,,,분류=이슈 · 오픈차단여부=작업 항목 · 작업량=반일 · 소요 미합산(분류=이슈),ledger-v4
STD-ART-034,detail,T4,C4,PitStop 연동 방식 결정(핫폴더 vs CLI),STD-ART-034,미정,,,,,,,,후니정기미팅 정리260915.html §PDF 프리플라이트 · 미결 3,핫폴더/CLI 중 하나가 선택되어 설계 문서에 기록되면 완료,STD-SYS-031,미착수,huni,dev,none,샵바이 비경유,,C4 · 매칭 규칙 없음,,,분류=이슈 · 오픈차단여부=작업 항목 · 작업량=반일 · 소요 미합산(분류=이슈),ledger-v4
STD-ART-035,detail,T4,C4,PitStop 작업 범위 산정(상품별 프로파일·S3↔서버 파일 이동·결과 표시·대용량 테스트),STD-ART-035,미정,,,,,,,,후니정기미팅 정리260915.html §PDF 프리플라이트 · 미결 4,네 갈래 각각의 작업 분량 추정치가 문서 한 장으로 나오면 완료,STD-ART-034,미착수,huni,dev,none,샵바이 비경유,,C4 · 매칭 규칙 없음,,,분류=이슈 · 오픈차단여부=작업 항목 · 작업량=1일 · 소요 미합산(분류=이슈),ledger-v4
STD-ORD-001,detail,T3,B4,장바구니 담기(인쇄옵션+파일 동반),STD-ORD-001,김동학,,,,,,,,https://shopby.huniprinting.co.kr/product/136578124@2026-09-16 21:29,https://shopby.huniprinting.co.kr/product/136578124 에서 옵션을 고르고 「장바구니」를 누른 뒤 https://shopby.huniprinting.co.kr/cart 에 그 옵션 요약이 보이면 완료.,—,작동,huni,dev,shop-api,order-shop-public.endpoints.json GET /cart,,B4∈구간집합 · 규칙 /장바구니|/cart|카트/,,,분류=검증 · 오픈차단여부=작업 항목 · 작업량=반일 · 소요 미합산(분류=검증),ledger-v4
STD-ORD-002,detail,T3,B4,장바구니 조회,STD-ORD-002,김동학,,,,,,,,https://shopby.huniprinting.co.kr/cart@2026-09-16 21:27,https://shopby.huniprinting.co.kr/cart 를 열어 담긴 상품·옵션 요약·금액이 보이면 완료.,—,작동,huni,dev,shop-api,order-shop-public.endpoints.json GET /cart,,B4∈구간집합 · 규칙 /장바구니|/cart|카트/,,,분류=검증 · 오픈차단여부=작업 항목 · 작업량=반일 · 소요 미합산(분류=검증),ledger-v4
STD-ORD-003,detail,T3,B4,장바구니 수량/옵션 수정,STD-ORD-003,김동학,,,,,,,,https://shopby.huniprinting.co.kr/cart@2026-09-16 21:27,https://shopby.huniprinting.co.kr/cart 에서 「+」를 눌러 수량과 금액이 함께 바뀌면 완료.,—,작동,huni,dev,shop-api,order-shop-public.endpoints.json PUT /cart,,사람 판정 260917,,,분류=검증 · 오픈차단여부=작업 항목 · 작업량=반일 · 소요 미합산(분류=검증),ledger-v4
STD-ORD-004,detail,T3,B4,장바구니 항목 삭제,STD-ORD-004,김동학,,,,,,,,https://shopby.huniprinting.co.kr/cart@2026-09-16 21:27,https://shopby.huniprinting.co.kr/cart 에서 항목을 체크하고 「선택삭제」를 누르면 목록에서 사라지면 완료.,—,작동,huni,dev,shop-api,order-shop-public.endpoints.json DELETE /cart,,사람 판정 260917,,,분류=검증 · 오픈차단여부=작업 항목 · 작업량=반일 · 소요 미합산(분류=검증),ledger-v4
STD-ORD-005,detail,T3,B4,선택 상품 금액 계산,STD-ORD-005,김동학,,,,,,,,https://shopby.huniprinting.co.kr/cart@2026-09-16 21:27,https://shopby.huniprinting.co.kr/cart 에서 항목 체크를 바꾸면 「선택 N건 합계」 금액이 따라 바뀌면 완료.,—,작동,huni,dev,none,샵바이 비경유,,B4 · 매칭 규칙 없음,,,분류=검증 · 오픈차단여부=작업 항목 · 작업량=반일 · 소요 미합산(분류=검증),ledger-v4
STD-ORD-006,detail,T3,B4,구매가능 검증(결제 전 sanity),STD-ORD-006,김동학,,,,,,,,raw/webadmin/webadmin/config/urls.py:249 (validate) — X-CR-ENFORCE-CLIENT-01 호출 지점 0건,"https://shopby.huniprinting.co.kr/cart 「결제하기」 후 주문서에서 금액이 장바구니와 같고, 위젯에서 옵션을 바꾼 상품은 결제 전에 재견적 경고가 뜨면 완료.",—,부분,huni,dev,none,샵바이 비경유,,B4 · 매칭 규칙 없음,,,분류=수정 · 오픈차단여부=작업 항목 · 작업량=1일,ledger-v4
STD-ORD-007,detail,T3,B4,비회원 장바구니 계산(비영속),STD-ORD-007,김동학,,,,,,,,https://shopby.huniprinting.co.kr/cart@2026-09-16 21:27,로그아웃 상태로 https://shopby.huniprinting.co.kr/cart 를 열어 담은 상품과 합계가 보이면 완료.,STD-ORD-022,작동,huni,dev,shop-api,order-shop-public.endpoints.json POST /guest/cart,,사람 판정 260917,,,분류=검증 · 오픈차단여부=작업 항목 · 작업량=반일 · 소요 미합산(분류=검증),ledger-v4
STD-ORD-008,detail,T3,B4,장바구니 인쇄사양 요약 표시,STD-ORD-008,김동학,,,,,,,,https://shopby.huniprinting.co.kr/cart@2026-09-16 21:27,https://shopby.huniprinting.co.kr/cart 항목 아래에 사이즈·종이·인쇄·코팅·수량이 한 줄로 보이면 완료.,—,작동,huni,dev,shop-api,order-shop-public.endpoints.json GET /cart,,B4∈구간집합 · 규칙 /장바구니|/cart|카트/,,,분류=검증 · 오픈차단여부=작업 항목 · 작업량=반일 · 소요 미합산(분류=검증),ledger-v4
STD-ORD-009,detail,T3,B6,주문서 작성,STD-ORD-009,김동학,,,,,,,,https://shopby.huniprinting.co.kr/checkout/202609160243938684@2026-09-16 21:33,https://shopby.huniprinting.co.kr/cart 에서 「결제하기」를 누르면 주소가 /checkout/숫자 로 바뀌고 주문자 정보 입력칸이 보이면 완료.,—,작동,huni,dev,shop-api,order-shop-public.endpoints.json POST /order-sheets,,사람 판정 260917,,,분류=검증 · 오픈차단여부=작업 항목 · 작업량=반일 · 소요 미합산(분류=검증),ledger-v4
STD-ORD-010,detail,T3,B6,주문서 조회,STD-ORD-010,김동학,,,,,,,,https://shopby.huniprinting.co.kr/checkout/202609160243938684@2026-09-16 21:33,주문서(/checkout/번호)에서 담은 상품·수량·금액이 장바구니와 같으면 완료.,—,작동,huni,dev,shop-api,order-shop-public.endpoints.json GET /order-sheets/{orderSheetNo},,사람 판정 260917,,,분류=검증 · 오픈차단여부=작업 항목 · 작업량=반일 · 소요 미합산(분류=검증),ledger-v4
STD-ORD-011,detail,T3,B6,쿠폰·배송지 반영 최종 금액 계산,STD-ORD-011,김동학,,,,,,,,"huni-skin-shopby/src/lib/api/hooks/use-order-sheet.ts:177,252 · use-order-coupons.ts:34,69,102",회원으로 로그인해 주문서에서 쿠폰을 적용하면 「총 결제금액」이 할인만큼 줄면 완료.,—,부분,huni,dev,shop-api,order-shop-public.endpoints.json POST /order-sheets/{orderSheetNo}/calculate,,사람 판정 260917,,,분류=검증 · 오픈차단여부=작업 항목 · 작업량=반일 · 소요 미합산(분류=검증),ledger-v4
STD-ORD-012,detail,T3,B6,주문자/수령자 정보 입력,STD-ORD-012,김동학,,,,,,,,https://shopby.huniprinting.co.kr/checkout/202609160243938684@2026-09-16 21:33,주문서에 주문자명·연락처·이메일과 받는분·연락처 입력칸이 보이면 완료.,—,작동,huni,dev,none,샵바이 비경유,,B6 · 매칭 규칙 없음,,,분류=검증 · 오픈차단여부=작업 항목 · 작업량=반일 · 소요 미합산(분류=검증),ledger-v4
STD-ORD-013,detail,T3,B6,배송지 주소 검색(우편번호),STD-ORD-013,김동학,,,,,,,,https://shopby.huniprinting.co.kr/checkout/202609160243938684@2026-09-16 21:33,주문서 「우편번호 검색」을 눌러 주소 검색창이 뜨고 선택 시 기본주소가 채워지면 완료.,—,작동,huni,dev,shop-api,manage-shop-public.endpoints.json GET /addresses/search,,사람 판정 260917,,,분류=검증 · 오픈차단여부=작업 항목 · 작업량=반일 · 소요 미합산(분류=검증),ledger-v4
STD-ORD-014,detail,T3,B6,배송 요청사항 입력,STD-ORD-014,김동학,,,,,,,,F-077/SCOPE-077/IA-077 배송정보입력 PARTIAL·미착수,주문서 배송지 아래 「배송 요청사항」 칸이 있고 입력값이 주문상세에 보이면 완료.,—,미착수,huni,dev,none,샵바이 비경유,,B6 · 매칭 규칙 없음,,,분류=개발 · 오픈차단여부=작업 항목 · 작업량=반일,ledger-v4
STD-ORD-015,detail,T3,B6,나중배송(배송지 미입력) 주문,STD-ORD-015,신우진,,,,,,,,huni-shopby/01_research/order-to-delivery-contract.md §2.2 later-input-shippings,"PM이 나중배송 허용 여부를 결정하고, 허용 시 주문서에 「배송지 나중 입력」 선택이 보이면 완료.",—,미착수,huni,dev,shop-api,order-shop-public.endpoints.json GET /later-input/order,,사람 판정 260917,,,분류=이슈 · 오픈차단여부=작업 항목 · 작업량=1일 · 소요 미합산(분류=이슈),ledger-v4
STD-ORD-016,detail,T3,B6,주문 제목/작업명 입력,STD-ORD-016,김동학,,,,,,,,print-story/02_capture/order-flow-steps.md §A-6 주문제목,주문서에 「주문 제목」 칸이 있고 입력값이 주문완료·마이페이지 주문상세에 보이면 완료.,—,부분,huni,dev,none,샵바이 비경유,,B6 · 매칭 규칙 없음,,,분류=수정 · 오픈차단여부=작업 항목 · 작업량=1일,ledger-v4
STD-ORD-017,detail,T3,B6,출고 옵션 선택(오늘출고·토요일출고),STD-ORD-017,신우진,,,,,,,,print-story/02_capture/order-flow-steps.md §C-6 출고 옵션,"PM이 출고 옵션(오늘/토요일) 운영 여부를 정하고, 운영 시 주문서에 출고 옵션 선택이 보이면 완료.",—,미착수,huni,dev,none,샵바이 비경유,,B6 · 매칭 규칙 없음,,,분류=이슈 · 오픈차단여부=작업 항목 · 작업량=1일 · 소요 미합산(분류=이슈),ledger-v4
STD-ORD-018,detail,T3,B6,약관 동의(구매·개인정보 제3자),STD-ORD-018,김동학,,,,,,,,X-SHOPBY-TERMS-01 Q-MISC-1 reserve 필수 agreementTermsAgrees termsType 세트 미상,주문서 결제 버튼 위에 구매조건·개인정보 제3자 제공 동의 체크박스와 「보기」 링크가 있으면 완료.,—,부분,huni,dev,none,샵바이 비경유,,B6 · 매칭 규칙 없음,,,분류=수정 · 오픈차단여부=작업 항목 · 작업량=반일,ledger-v4
STD-ORD-019,detail,T3,B7,주문 예약(reserve) 및 금액 검증,STD-ORD-019,김동학,,,,,,,,huni-skin-shopby/src/components/checkout/checkout-form.tsx:157-158 · src/lib/payments/ncp-pay.ts:47-70 — X-PAY-FLOW-01 reserve/paymentAmtForVerification 산식 미상,테스트 주문 1건을 무통장으로 넣고 주문완료 화면 금액이 주문서 금액과 원 단위까지 같으면 완료.,—,부분,huni,dev,none,샵바이 비경유,,B7 · 매칭 규칙 없음,,,분류=검증 · 오픈차단여부=작업 항목 · 작업량=1일 · 소요 미합산(분류=검증),ledger-v4
STD-ORD-020,detail,T3,B7,주문 완료 화면·주문번호 발급,STD-ORD-020,김동학,,,,,,,,https://shopby.huniprinting.co.kr/order-complete@2026-09-16 21:27,주문 후 「주문이 완료되었습니다」와 주문번호가 보이면 완료.,—,작동,huni,dev,none,샵바이 비경유,,B7 · 매칭 규칙 없음,,,분류=검증 · 오픈차단여부=작업 항목 · 작업량=반일 · 소요 미합산(분류=검증),ledger-v4
STD-ORD-021,detail,T3,B7,주문 상태 조회(회원),STD-ORD-021,김동학,,,,,,,,"huni-skin-shopby/src/lib/api/hooks/use-my-orders.ts:84,354",회원 로그인 후 https://shopby.huniprinting.co.kr/mypage/orders 에 주문 카드와 상태(입금대기/제작중/출고)가 보이면 완료.,—,부분,huni,dev,none,샵바이 비경유,,B7 · 매칭 규칙 없음,,,분류=검증 · 오픈차단여부=작업 항목 · 작업량=반일 · 소요 미합산(분류=검증),ledger-v4
STD-ORD-022,detail,T3,B7,비회원 주문 조회(주문번호+휴대전화),STD-ORD-022,김동학,,,,,,,,https://shopby.huniprinting.co.kr/guest-order@2026-09-16 21:27,https://shopby.huniprinting.co.kr/guest-order 에 주문번호·비밀번호를 넣고 「주문 조회」를 누르면 주문 내용이 보이면 완료.,—,작동,huni,dev,shop-api,order-shop-public.endpoints.json GET /guest/orders/{orderNo},,사람 판정 260917,,,분류=검증 · 오픈차단여부=작업 항목 · 작업량=반일 · 소요 미합산(분류=검증),ledger-v4
STD-ORD-023,detail,T3,B7,주문 상태 머신 전이 표시(결제완료→상품준비→배송준비→배송중→배송완료→구매확정),STD-ORD-023,김동학,,,,,,,,"huni-skin-shopby/src/lib/api/hooks/use-my-orders.ts:84,354 · X-DEC-MIRROR-01 샵바이→후니 상태 미러 채널 미확인",마이페이지 주문상세에서 결제완료→상품준비→배송중→배송완료 순서로 현재 단계가 표시되면 완료.,—,부분,huni,dev,none,샵바이 비경유,,B7 · 매칭 규칙 없음,,,분류=수정 · 오픈차단여부=작업 항목 · 작업량=1일,ledger-v4
STD-ORD-024,detail,T3,B7,인쇄 공정 단계 상태 노출(검판·출력·후가공),STD-ORD-024,김동학,,,,,,,,SCOPE-162 주문/주문상세 런타임 그릇 구축 PARTIAL·미착수,마이페이지 주문상세에 「검판/출력/후가공」 중 현재 공정이 보이면 완료.,—,미착수,huni,dev,none,샵바이 비경유,,B7 · 매칭 규칙 없음,,,분류=개발 · 오픈차단여부=작업 항목 · 작업량=1주+,ledger-v4
STD-ORD-025,detail,T3,B7,구매확정(고객·자동),STD-ORD-025,최숙진,,,,,,,,huni-shopby/01_research/order-to-delivery-contract.md §3 confirm,"셀러어드민 > 주문 설정에서 자동 구매확정 일수가 입력돼 있고, 배송완료 주문이 그 뒤 「구매확정」으로 바뀌면 완료.",—,미착수,huni,config,none,샵바이 비경유,,B7 · 매칭 규칙 없음,,,분류=설정 · 오픈차단여부=작업 항목 · 작업량=반일 · 소요 미합산(분류=설정),ledger-v4
STD-ORD-026,detail,T3,B7,재주문(동일 사양 반복),STD-ORD-026,김동학,,,,,,,,F-011/SCOPE-011/IA-011 옵션보관함 CUSTOM·미착수,마이페이지 주문상세에 「같은 사양으로 재주문」 버튼이 있고 누르면 옵션이 채워진 상품 상세가 열리면 완료.,—,미착수,huni,dev,none,샵바이 비경유,,B7 · 매칭 규칙 없음,,,분류=개발 · 오픈차단여부=작업 항목 · 작업량=2-3일,ledger-v4
STD-ORD-027,detail,T3,B7,오프라인 주문 별도 등록 경로,STD-ORD-027,김동학,,,,,,,,raw/webadmin/webadmin/catalog/models.py:87 (TCusCustomers 모델만 · 전용 운영화면 urls.py 부재),webadmin에서 오프라인 주문 1건을 등록하면 t_ord_orders 에 저장되고 주문 목록에 보이면 완료.,—,부분,huni,dev,none,샵바이 비경유,,B7 · 매칭 규칙 없음,,,분류=개발 · 오픈차단여부=작업 항목 · 작업량=2-3일,ledger-v4
STD-ORD-028,detail,T3,B7,선택옵션→주문 데이터 변환(확정 사양의 주문항목 생성),STD-ORD-028,김동학,,,,,,,,https://shopby.huniprinting.co.kr/cart@2026-09-16 21:27,https://shopby.huniprinting.co.kr/cart 항목의 옵션 요약이 위젯에서 고른 값과 같으면 완료.,—,작동,huni,dev,none,샵바이 비경유,,B7 · 매칭 규칙 없음,,,분류=검증 · 오픈차단여부=작업 항목 · 작업량=반일 · 소요 미합산(분류=검증),ledger-v4
STD-ORD-029,detail,T3,B6,결제 직전 재견적(최종 금액을 다시 확정하고 결제로 넘김),STD-ORD-029,김동학,,,,,,,,L0/N3/ARCHITECTURE-v2.md §10 A-15 (cart/* 미채택 · order/register 미호출 · 결제 직전 재견적 누락),주문서 「결제하기」 직전에 금액 재확인 메시지가 뜨고 위젯 가격과 원 단위까지 같으면 완료.,—,미착수,huni,dev,shop-api,order-shop-public.endpoints.json POST /payments/reserve,,B6∈구간집합 · 규칙 /주문서|결제|payType|무통장|NCPPay/,,,분류=개발 · 오픈차단여부=작업 항목 · 작업량=2-3일,ledger-v4
STD-ORD-030,detail,T3,B7,주문 생성 직후 후니 주문등록 S2S 호출(order/register),STD-ORD-030,김동학,,,,,,,,L0/M2/interface-6.md I-4 · L0/N3/ARCHITECTURE-v2.md §10 A-15 (cart/* 미채택 · order/register 미호출) · L0/M2/contract-c2-shopby.md:396 저장소 전체 grep 결과 `order/register`·`X-Huni-Server-Key` 0건 · 수신측은 raw/webadmin/webadmin/config/urls.py:267 에 이미 있다,무통장 테스트 주문 1건 뒤 webadmin 주문 목록에 같은 주문번호가 보이면 완료.,STD-SYS-045;STD-SYS-023,미착수,huni,dev,none,샵바이 비경유,,B7 · 매칭 규칙 없음,,,분류=개발 · 오픈차단여부=작업 항목 · 작업량=1주+,ledger-v4
STD-ORD-031,detail,T3,B7,주문완료 메일/알림 발송,STD-ORD-031,최숙진,,,,,,,,https://shopby.huniprinting.co.kr/order-complete @ 2026-09-16 21:27,테스트 주문 후 주문완료 메일이 주문자 이메일로 도착하면 완료.,EXT-ALIMTALK,미착수,huni,config,none,샵바이 비경유,,B7 · 매칭 규칙 없음,,,분류=설정 · 오픈차단여부=작업 항목 · 작업량=반일 · 소요 미합산(분류=설정),ledger-v4
STD-ORD-032,detail,T3,B6,비회원 주문서 무통장 계좌·입금자명 표시(회원 주문서와 동일 여부),STD-ORD-032,김동학,,,,,,,,https://shopby.huniprinting.co.kr/checkout/202609160243938684 @ 2026-09-16 21:33,회원 로그인 후 주문서에도 같은 입금 은행·계좌가 보이면 완료.,STD-SYS-024,부분,huni,dev,shop-api,order-shop-public.endpoints.json POST /payments/reserve,,B6∈구간집합 · 규칙 /주문서|결제|payType|무통장|NCPPay/,,,분류=검증 · 오픈차단여부=작업 항목 · 작업량=반일 · 소요 미합산(분류=검증),ledger-v4
STD-PAY-001,detail,T3,B6,신용카드 결제(PG),STD-PAY-001,신우진,,,,,,,,huni-skin-shopby/src/components/checkout/checkout-form.tsx:8-9 주석 'PG 연동은 후속 — 현재는 무통장만 동작' (SB-032 absent) · X-PG-CONTRACT-01 이니시스 계약 미체결,이니시스 PG 심사 결과 회신을 받고 샵바이 결제수단 설정에서 신용카드가 사용 상태가 되면 완료,EXT-PG;STD-PAY-027,미착수,ext,wait,none,샵바이 비경유(외부 벤더 대기),,ext,외부(KG이니시스),,분류=이슈 · 오픈차단여부=차단(외부) · 작업량=반일 · 소요 미합산(분류=이슈),ledger-v4
STD-PAY-002,detail,T3,B6,실시간 계좌이체,STD-PAY-002,최숙진,,,,,,,,huni-skin-shopby/src/components/checkout/checkout-form.tsx:8-9 (SB-032 absent),쇼핑몰 수정(https://service.shopby.co.kr/mall/modification/81683)>결제수단 노출설정>일반결제>계좌이체 「사용함」 저장 후 신규몰 결제 화면에 계좌이체가 보이면 완료,EXT-PG;STD-PAY-001,미착수,huni,config,none,샵바이 비경유,,B6 · 매칭 규칙 없음,,,분류=설정 · 오픈차단여부=작업 항목 · 작업량=반일 · 소요 미합산(분류=설정),ledger-v4
STD-PAY-003,detail,T3,B6,무통장입금(가상계좌)·입금대기 상태,STD-PAY-003,최숙진,,,,,,,,https://service.shopby.co.kr/mall/modification/81683@2026-09-16 21:31,샵바이 결제수단 설정에서 무통장입금이 켜져 있고 입금 계좌가 등록되어 있으면 완료 — 가상계좌 항목은 꺼진 상태,—,작동,nhn,config,admin-manual,해당 엔드포인트 없음 (셀러어드민 화면으로만 제공),N,nhn · Server API 대응 규칙 없음,,,분류=설정 · 오픈차단여부=작업 항목 · 작업량=반일 · 소요 미합산(분류=설정),ledger-v4
STD-PAY-004,detail,T3,B6,네이버페이 결제,STD-PAY-004,외부(네이버페이),,,,,,,,X-DEC-NAVERPAY-01 NaverPay 별도 mini-OrderSheet 1차 범위 포함 여부 미결,오픈 이후 네이버페이 가맹 신청이 접수되고 승인 회신이 오면 완료,EXT-NAVERPAY,미착수,ext,wait,none,샵바이 비경유(외부 벤더 대기),,ext,외부(네이버페이),,분류=이슈 · 오픈차단여부=오픈 무관 · 작업량=반일 · 소요 미합산(분류=이슈),ledger-v4
STD-PAY-005,detail,T3,B6,카카오페이 결제,STD-PAY-005,외부(카카오페이),,,,,,,,print-kb/wiki/policy/order-payment.md#PAY-03,카카오페이 가맹 승인 회신을 받고 샵바이 결제수단 설정에서 카카오페이가 사용 상태가 되면 완료,STD-PAY-024,미착수,ext,wait,none,샵바이 비경유(외부 벤더 대기),,ext,외부(카카오페이),,분류=이슈 · 오픈차단여부=차단(외부) · 작업량=1주+ · 소요 미합산(분류=이슈),ledger-v4
STD-PAY-006,detail,T3,B6,토스페이 결제,STD-PAY-006,신우진,,,,,,,,print-kb/wiki/policy/order-payment.md#PAY-03,샵바이 결제수단 설정에 토스페이가 켜져 있지 않으면 완료,—,미착수,nhn,config,admin-manual,해당 엔드포인트 없음 (셀러어드민 화면으로만 제공),N,nhn · Server API 대응 규칙 없음,,,분류=이슈 · 오픈차단여부=오픈 무관 · 작업량=반일 · 소요 미합산(분류=이슈),ledger-v4
STD-PAY-007,detail,T3,B6,적립금(프린팅머니) 결제,STD-PAY-007,서희항,,,,,,,,"huni-skin-shopby/src/lib/api/hooks/use-points.ts:22,62 (조회 done) · checkout-form.tsx:52 (적립/충전은 mock)",테스트 주문에서 프린트머니로 전액/부분 결제하고 주문 취소 시 잔액이 원복되면 완료,STD-MYP-022,부분,ext,wait,none,샵바이 비경유(외부 벤더 대기),,ext,외부(NHN커머스),,분류=개발 · 오픈차단여부=차단(외부) · 작업량=1주+,ledger-v4
STD-PAY-008,detail,T3,B6,복합결제(적립금+PG 병용),STD-PAY-008,김동학,,,,,,,,huni-skin-shopby/src/components/checkout/checkout-form.tsx:52 (mock),"프린트머니 잔액보다 큰 금액의 주문에서 머니 일부 + 카드로 결제가 완료되고, 취소 시 머니분이 원복되면 완료",STD-PAY-007;STD-PAY-001,미착수,ext,wait,none,샵바이 비경유(외부 벤더 대기),,ext,외부(NHN커머스),,분류=개발 · 오픈차단여부=차단(외부) · 작업량=1주+,ledger-v4
STD-PAY-009,detail,T3,B6,할부·무이자 옵션,STD-PAY-009,외부(KG이니시스),,,,,,,,print-kb/wiki/policy/order-payment.md#PAY-04,이니시스 가맹점관리자 지불수단에서 할부/무이자 옵션이 승인되고 결제창 카드 선택에 할부 개월이 뜨면 완료,EXT-PG,미착수,ext,wait,none,샵바이 비경유(외부 벤더 대기),,ext,외부(KG이니시스),,분류=설정 · 오픈차단여부=작업 항목 · 작업량=반일 · 소요 미합산(분류=설정),ledger-v4
STD-PAY-010,detail,T3,B6,B2B 후불결제,STD-PAY-010,신우진,,,,,,,,F-141/SCOPE-141/IA-141 주문관리-후불결제 PARTIAL·미착수,PM 결정 문서에 B2B 후불결제 범위(오픈 포함/제외)가 한 줄로 적히면 이 행이 닫힌다,—,미착수,huni,dev,none,샵바이 비경유,,B6 · 매칭 규칙 없음,,,분류=이슈 · 오픈차단여부=작업 항목 · 작업량=미판정 · 소요 미합산(분류=이슈),ledger-v4
STD-PAY-011,detail,T3,B6,PG 리다이렉트·결제 확정 콜백,STD-PAY-011,김동학,,,,,,,,huni-skin-shopby/src/lib/payments/ncp-pay.ts:47-70 · src/app/api/pay-config/route.ts:8 — X-PAY-FLOW-01 PG 콜백 흐름 미상,PG(이니시스) 승인 뒤 주문서에서 카드 결제를 시도해 승인 후 주문완료 화면으로 돌아오면 완료.,EXT-PG,부분,ext,wait,none,샵바이 비경유(외부 벤더 대기),,ext,외부(KG이니시스),,분류=이슈 · 오픈차단여부=차단(외부) · 작업량=1주+ · 소요 미합산(분류=이슈),ledger-v4
STD-PAY-012,detail,T3,B6,결제 실패 안내·재시도,STD-PAY-012,김동학,,,,,,,,X-PAY-FLOW-01 결제 확정 흐름 미상,카드 결제를 중간에 취소했을 때 「결제 실패」 안내와 「다시 시도」 버튼이 보이면 완료.,STD-PAY-011;EXT-PG,미착수,huni,dev,shop-api,order-shop-public.endpoints.json POST /payments/reserve,,B6∈구간집합 · 규칙 /주문서|결제|payType|무통장|NCPPay/,,,분류=개발 · 오픈차단여부=작업 항목 · 작업량=1일,ledger-v4
STD-PAY-013,detail,T3,B6,결제 금액 위변조 검증(서버 재계산 대조),STD-PAY-013,김동학,,,,,,,,huni-skin-shopby/src/lib/api/widget-order.ts:26-35 (10원×orderCnt 적재 — 견적가 우회 적재) · X-PRICE-BRIDGE-01 동적 계산가 무손실 환원 경로 미확정,위젯 가격을 바꾼 뒤 결제하면 서버가 재계산한 금액과 다를 때 결제가 막히면 완료.,—,부분,huni,dev,shop-api,order-shop-public.endpoints.json POST /payments/reserve,,B6∈구간집합 · 규칙 /주문서|결제|payType|무통장|NCPPay/,,,분류=수정 · 오픈차단여부=작업 항목 · 작업량=2-3일,ledger-v4
STD-PAY-014,detail,T3,B6,결제 포기 처리,STD-PAY-014,김동학,,,,,,,,huni-shopby/01_research/order-to-delivery-contract.md §1 PAY_CANCEL,결제창을 닫았을 때 주문이 「결제포기」로 정리되고 장바구니가 유지되면 완료.,EXT-PG,미착수,huni,dev,shop-api,order-shop-public.endpoints.json POST /payments/reserve,,B6∈구간집합 · 규칙 /주문서|결제|payType|무통장|NCPPay/,,,분류=개발 · 오픈차단여부=작업 항목 · 작업량=반일,ledger-v4
STD-PAY-015,detail,T5,D4,현금영수증 발급,STD-PAY-015,최숙진,,,,,,,,huni-skin-shopby/src/components/mypage/document-section.tsx:1-6 (정적 표 UI만·API 호출 없음 = stub) · X-TAXDOC-01 팝빌 연동 미결,주문 부가 설정(https://service.shopby.co.kr/configuration/payment/order-extra-config)>현금영수증 사용 여부 「사용함」 저장 후 무통장 주문 1건에서 현금영수증 신청 칸이 보이면 완료,EXT-PG,미착수,huni,config,shop-api,order-shop-public.endpoints.json POST /profile/orders/{orderNo}/cashReceipt,,D4∈구간집합 · 규칙 /현금영수증/,,,분류=설정 · 오픈차단여부=작업 항목 · 작업량=반일 · 소요 미합산(분류=설정),ledger-v4
STD-PAY-016,detail,T5,D4,세금계산서 발급 신청·내역,STD-PAY-016,김동학,,,,,,,,huni-skin-shopby/src/components/mypage/document-section.tsx:1-6 (stub),마이페이지 증빙서류 화면에서 현금 결제 건에 세금계산서를 신청하면 「신청 완료」 탭으로 옮겨지면 완료,EXT-TAXBILL,미착수,huni,dev,shop-api,order-shop-public.endpoints.json GET /profile/orders/{orderNo}/specifications,,D4∈구간집합 · 규칙 /거래명세|증빙|영수증/,,,분류=개발 · 오픈차단여부=작업 항목 · 작업량=2-3일,ledger-v4
STD-PAY-017,detail,T5,D4,사업자정보 등록·관리,STD-PAY-017,최숙진,,,,,,,,F-026/027·SCOPE-026/027·IA-026/027 사업자정보 목록·등록 PARTIAL·미착수,회원가입 화면에서 사업자번호 입력칸이 보이고 셀러어드민 회원 조회 상세에 값이 저장돼 보이면 완료,STD-PAY-016,부분,huni,config,none,샵바이 비경유,,D4 · 매칭 규칙 없음,,,분류=설정 · 오픈차단여부=작업 항목 · 작업량=반일 · 소요 미합산(분류=설정),ledger-v4
STD-PAY-018,detail,T5,D4,거래명세서 출력,STD-PAY-018,최숙진,,,,,,,,F-142/SCOPE-142/IA-142 증빙서류발급 관리 PARTIAL·미착수,전체주문 조회(https://service.shopby.co.kr/order/list)에서 주문 1건 체크 → 「거래명세서 출력」을 눌러 수량 칸이 「10원×N개」로 찍히는지 캡처하면 완료(A-4),—,부분,huni,dev,shop-api,order-shop-public.endpoints.json GET /profile/orders/{orderNo}/specifications,,D4∈구간집합 · 규칙 /거래명세|증빙|영수증/,,,분류=검증 · 오픈차단여부=작업 항목 · 작업량=반일 · 소요 미합산(분류=검증),ledger-v4
STD-PAY-019,detail,T3,B6,수동카드결제(키인·가상단말 · PC+모바일),STD-PAY-019,외부(KG이니시스),,,,,,,,"L3/legacy-normalized.json#F-074,IA-074,SCOPE-074 · _workspace/huni-launch-scope/02_gap/fit-gap-matrix.csv:75 · docs/huni/후니프린팅_통합IA_일정_역할분담_260616.xlsx#02_IA마스터!A75:K75 || P1판정(260902): huni-skin-shopby 전수 grep '키인|manualCard|가상단말' 0건(260902)",이니시스 가맹점관리자 지불수단에 수기(키인)결제가 승인돼 있으면 완료,EXT-PG,미착수,ext,wait,none,샵바이 비경유(외부 벤더 대기),,ext,외부(KG이니시스),,분류=이슈 · 오픈차단여부=작업 항목 · 작업량=미판정 · 소요 미합산(분류=이슈),ledger-v4
STD-PAY-020,detail,T3,B6,카드 결제 화면 분기(비회원·회원 주문서),STD-PAY-020,김동학,,,,,,,,https://shopby.huniprinting.co.kr/checkout/202609160243938684 @ 2026-09-16 21:33,주문서 「결제수단」에 신용카드가 보이고 선택 시 카드 결제창이 열리면 완료.,EXT-PG;STD-PAY-011,미착수,huni,dev,shop-api,order-shop-public.endpoints.json POST /payments/reserve,,B6∈구간집합 · 규칙 /주문서|결제|payType|무통장|NCPPay/,,,분류=개발 · 오픈차단여부=작업 항목 · 작업량=2-3일,ledger-v4
STD-PAY-021,detail,T3,B6,충전은 현금만 수납 — 이니시스 PG 결제와 회계 분리,STD-PAY-021,신우진,,,,,,,,후니정기미팅 정리260915.html §프린팅머니 · 확정 7,"충전 경로에 카드·간편결제가 노출되지 않고, 회계상 충전 매출이 상품 매출과 분리 집계되면 완료",—,미착수,huni,dev,none,샵바이 비경유,,사람 판정 260917 — 회계 분리 정책 행,,,분류=이슈 · 오픈차단여부=작업 항목 · 작업량=반일 · 소요 미합산(분류=이슈),ledger-v4
STD-PAY-022,detail,T3,B6,토스 계약 조건 확인(건당 수수료·가입비/연관리비 면제 프로모션·포트원 경유),STD-PAY-022,외부(토스페이먼츠),,,,,,,,후니정기미팅 정리260915.html §프린팅머니 · 미결 3,토스 견적서 또는 계약 조건 회신에 건당 수수료·가입비·연관리비 값이 적혀 있으면 완료,—,미착수,ext,wait,none,샵바이 비경유(외부 벤더 대기),,ext,외부(토스페이먼츠),,분류=이슈 · 오픈차단여부=차단(외부) · 작업량=반일 · 소요 미합산(분류=이슈),ledger-v4
STD-PAY-023,detail,T3,B6,「자사 상품 전용 선불 충전」 용도 가맹점 심사 가능 여부 사전 확인,STD-PAY-023,외부(토스페이먼츠),,,,,,,,후니정기미팅 정리260915.html §프린팅머니 · 미결 6,선수금 충전 업종으로 가상계좌 사용이 가능한지에 대한 토스 회신이 문서로 남으면 완료,—,미착수,ext,wait,none,샵바이 비경유(외부 벤더 대기),,ext,외부(토스페이먼츠),,분류=이슈 · 오픈차단여부=차단(외부) · 작업량=반일 · 소요 미합산(분류=이슈),ledger-v4
STD-PAY-024,detail,T3,B6,카카오페이 신청 서류·절차 정리 후 전달,STD-PAY-024,신우진,,,,,,,,후니정기미팅 정리260915.html §결제수단 · 미결 2,카카오페이 신청 서류 목록과 절차가 정리되어 담당자에게 전달되면 완료,—,미착수,huni,dev,none,샵바이 비경유,,B6 · 매칭 규칙 없음,,,분류=이슈 · 오픈차단여부=작업 항목 · 작업량=반일 · 소요 미합산(분류=이슈),ledger-v4
STD-PAY-025,detail,T3,B6,샵바이 어드민의 카카오페이 신청 경로 확인,STD-PAY-025,최숙진,,,,,,,,후니정기미팅 정리260915.html §결제수단 · 미결 3,샵바이 셀러어드민에서 카카오페이 신청 메뉴 경로를 찾아 화면 경로가 기록되면 완료,—,미착수,nhn,config,admin-manual,해당 엔드포인트 없음 (셀러어드민 화면으로만 제공),N,nhn · Server API 대응 규칙 없음,,,분류=이슈 · 오픈차단여부=작업 항목 · 작업량=반일 · 소요 미합산(분류=이슈),ledger-v4
STD-PAY-026,detail,T3,B6,경로별 수수료 차이(이니시스 경유 +0.x% 여부) 확인,STD-PAY-026,외부(이니시스·카카오페이),,,,,,,,후니정기미팅 정리260915.html §결제수단 · 미결 4,경유/직접 신청의 수수료율 차이가 숫자로 회신되어 기록되면 완료,—,미착수,ext,wait,none,샵바이 비경유(외부 벤더 대기),,ext,외부(이니시스·카카오페이),,분류=이슈 · 오픈차단여부=작업 항목 · 작업량=반일 · 소요 미합산(분류=이슈),ledger-v4
STD-PAY-027,detail,T3,B6,결제수단 노출설정 10항목 켜기(PG 승인 후),STD-PAY-027,최숙진,,,,,,,,https://service.shopby.co.kr/mall/modification/81683 @ 2026-09-16 21:31 — 결제수단 노출설정 10항목(신용카드·계좌이체·가상계좌·휴대폰·에스크로 계좌이체/가상계좌·PAYCO·네이버페이 결제형/주문형·토스페이) 전부 「사용 안 함」(비활성) (R/R1d/evidence/24a-payment-exposure.png),쇼핑몰 수정(https://service.shopby.co.kr/mall/modification/81683)>결제수단 노출설정에서 승인된 수단(신용카드·계좌이체 등)이 「사용함」으로 저장되고 신규몰 결제 화면에 그 수단이 보이면 완료,EXT-PG,미착수,nhn,config,admin-manual,해당 엔드포인트 없음 (셀러어드민 화면으로만 제공),N,사람 판정 260917 — 결제수단 노출설정은 셀러어드민 화면 설정,,,분류=설정 · 오픈차단여부=작업 항목 · 작업량=반일 · 소요 미합산(분류=설정),ledger-v4
STD-PAY-028,detail,T3,B6,무통장 입금 계좌 등록,STD-PAY-028,최숙진,,,,,,,,https://service.shopby.co.kr/mall/modification/81683@2026-09-16 21:31,쇼핑몰 수정>쇼핑몰 계좌정보 계좌번호1이 채워져 있고 무통장 주문 안내에 같은 계좌가 뜨면 완료(현재 그대로),—,작동,nhn,config,admin-manual,해당 엔드포인트 없음 (셀러어드민 화면으로만 제공),N,사람 판정 260917 — 무통장 입금 계좌 등록은 셀러어드민 설정,,,분류=검증 · 오픈차단여부=작업 항목 · 작업량=반일 · 소요 미합산(분류=검증),ledger-v4
STD-PAY-029,detail,T3,B6,미입금 주문 자동취소 기간 정책 확정(현재 무통장 7영업일·가상계좌 7일),STD-PAY-029,신우진,,,,,,,,https://service.shopby.co.kr/mall/modification/81683 @ 2026-09-16 21:31 — 주문처리기간 설정: 무통장입금 주문완료 7영업일 이후 자동취소·가상계좌 7일 (R/R1d/evidence/24c-order-period.png),PM 결정(예: 3영업일)이 회의록에 적히고 쇼핑몰 수정 값이 그 값이면 완료,—,미착수,nhn,config,admin-manual,해당 엔드포인트 없음 (셀러어드민 화면으로만 제공),N,사람 판정 260917 — 미입금 자동취소 기간은 셀러어드민 주문 설정,,,분류=이슈 · 오픈차단여부=작업 항목 · 작업량=반일 · 소요 미합산(분류=이슈),ledger-v4
STD-PAY-030,detail,T5,D4,거래명세서 어드민 출력항목·수량 표기 확인(A-4),STD-PAY-030,최숙진,,,,,,,,https://service.shopby.co.kr/configuration/payment/order-extra-config @ 2026-09-16 21:30 — 어드민 출력 항목 「설정」(상품번호 체크·즉시할인가 회색체크) · 쇼핑몰 노출 「미노출」 (R/R1d/evidence/14-order-extra-config.png),전체주문 조회에서 스모크 주문 1건 체크→거래명세서 출력 캡처에 수량 칸 표기를 적으면 완료,—,미착수,nhn,config,admin-manual,해당 엔드포인트 없음 (셀러어드민 화면으로만 제공),N,사람 판정 260917 — 거래명세서 출력항목은 셀러어드민 설정,,,분류=검증 · 오픈차단여부=작업 항목 · 작업량=반일 · 소요 미합산(분류=검증),ledger-v4
STD-PAY-031,detail,T3,B6,위젯 총액↔shopby 청구액 「10원×수량」 모델 정합 검증(표시↔청구 불일치 알려진 이슈),STD-PAY-031,김동학,,,,,,,,huni-skin-shopby/README.md:70 「⚠ 알려진 이슈」 · commit 223c490 `orderCnt=총액÷10` · commit 30cb88a 본문 「10원×수량 모델과 일치」,무통장 주문 1건의 「결제하실 금액」과 셀러어드민 주문 상세의 결제금액·webadmin 견적 총액 세 값이 같다,EXT-PG,미착수,huni,dev,none,샵바이 비경유,,B6 · 매칭 규칙 없음,,,분류=검증 · 오픈차단여부=작업 항목 · 작업량=1일 · 소요 미합산(분류=검증),ledger-v4
STD-SHP-001,detail,T5,E1,기본 배송비 부과,STD-SHP-001,최숙진,,,,,,,,"huni-skin-shopby/src/lib/api/hooks/use-order-sheet.ts:177,252 (금액계산에 배송비 포함) · X-DEC-SHIPPING-01 배송비 정책 미확정","배송비 관리(https://service.shopby.co.kr/delivery/condition/group/list)>기본 배송 템플릿 「보기」에서 배송비유형이 정책값(예: 조건부 무료 3,000원)으로 보이고 장바구니 합계에 같은 값이 붙으면 완료",X-DEC-SHIPPING-01,부분,huni,config,none,샵바이 비경유,,E1 · 매칭 규칙 없음,,,분류=설정 · 오픈차단여부=작업 항목 · 작업량=반일 · 소요 미합산(분류=설정),ledger-v4
STD-SHP-002,detail,T5,E1,무료배송 기준금액 적용,STD-SHP-002,최숙진,,,,,,,,"huni-skin-shopby/src/lib/api/hooks/use-order-sheet.ts:177,252",기본 배송 템플릿 배송비유형을 「조건부 무료」로 두고 기준금액이 정책값이면 완료(수량 기준 아님을 함께 캡처),STD-SHP-001,부분,huni,config,none,샵바이 비경유,,E1 · 매칭 규칙 없음,,,분류=설정 · 오픈차단여부=작업 항목 · 작업량=반일 · 소요 미합산(분류=설정),ledger-v4
STD-SHP-003,detail,T5,E1,제주 추가 배송비,STD-SHP-003,최숙진,,,,,,,,F-150/SCOPE-150 도서산간 추가배송비 데이터화 PARTIAL·미착수,배송비 관리>지역별 추가 배송비 「사용함」 + 지역별 추가배송비 관리 탭에 제주 권역 금액이 등록돼 보이면 완료,X-DEC-SHIPPING-01,미착수,huni,config,none,샵바이 비경유,,E1 · 매칭 규칙 없음,,,분류=설정 · 오픈차단여부=작업 항목 · 작업량=반일 · 소요 미합산(분류=설정),ledger-v4
STD-SHP-004,detail,T5,E1,도서산간 권역별 추가 배송비,STD-SHP-004,최숙진,,,,,,,,F-150/SCOPE-150 도서산간 추가배송비 데이터화,지역별 추가배송비 관리 탭에 도서산간 권역별 금액이 등록돼 보이면 완료,STD-SHP-003,미착수,huni,config,none,샵바이 비경유,,E1 · 매칭 규칙 없음,,,분류=설정 · 오픈차단여부=작업 항목 · 작업량=1일 · 소요 미합산(분류=설정),ledger-v4
STD-SHP-005,detail,T5,E1,특정 상품군 무료배송 제외(실사·대형),STD-SHP-005,최숙진,,,,,,,,SCOPE-151 배송비 템플릿/조건부 무료배송 PARTIAL,실사·대형 상품군 전용 배송비 템플릿이 추가돼 있고 해당 상품 상세의 배송비템플릿이 그 템플릿이면 완료,STD-SHP-001,미착수,huni,config,none,샵바이 비경유,,E1 · 매칭 규칙 없음,,,분류=설정 · 오픈차단여부=작업 항목 · 작업량=1일 · 소요 미합산(분류=설정),ledger-v4
STD-SHP-006,detail,T5,E1,혼합주문 배송비 산정(최고값 1건),STD-SHP-006,최숙진,,,,,,,,https://service.shopby.co.kr/delivery/condition/group/list@2026-09-16 21:30,배송비 관리>묶음배송비 산출방식이 「최대부과」로 체크돼 있으면 완료(현재 그대로),—,작동,huni,dev,none,샵바이 비경유,,E1 · 매칭 규칙 없음,,,분류=검증 · 오픈차단여부=작업 항목 · 작업량=반일 · 소요 미합산(분류=검증),ledger-v4
STD-SHP-007,detail,T5,E1,배송 권역·템플릿 관리,STD-SHP-007,최숙진,,,,,,,,SCOPE-151 배송비 템플릿,배송비 템플릿관리에 정책대로 템플릿 목록이 있고 각 템플릿에 적용상품 수가 0이 아니면 완료,X-DEC-SHIPPING-01,부분,huni,config,none,샵바이 비경유,,E1 · 매칭 규칙 없음,,,분류=설정 · 오픈차단여부=작업 항목 · 작업량=반일 · 소요 미합산(분류=설정),ledger-v4
STD-SHP-008,detail,T4,C6,택배 배송,STD-SHP-008,김동학,,,,,,,,https://shopby.huniprinting.co.kr/checkout/202609160243938684@2026-09-16 21:33,주문서에 배송지 입력칸과 「배송비」 행이 보이면 완료.,—,작동,huni,dev,none,샵바이 비경유,,C6 · 매칭 규칙 없음,,,분류=검증 · 오픈차단여부=작업 항목 · 작업량=반일 · 소요 미합산(분류=검증),ledger-v4
STD-SHP-009,detail,T4,C6,퀵/화물 배송(대형 인쇄물),STD-SHP-009,최숙진,,,,,,,,print-kb/wiki/policy/shipping.md#SHIP-03 실사 대형 파생,셀러어드민 배송 템플릿에 「퀵/화물」 배송 방식이 있고 대형 상품 주문서에서 선택되면 완료.,X-DEC-SHIPPING-01,미착수,huni,config,none,샵바이 비경유,,C6 · 매칭 규칙 없음,,,분류=설정 · 오픈차단여부=작업 항목 · 작업량=반일 · 소요 미합산(분류=설정),ledger-v4
STD-SHP-010,detail,T4,C6,매장 방문수령,STD-SHP-010,최숙진,,,,,,,,print-kb/wiki/policy/order-mgmt.md#OMG-07 오프라인 경로 파생,주문서 배송 방법에 「방문수령」이 보이면 완료.,—,미착수,huni,config,none,샵바이 비경유,,C6 · 매칭 규칙 없음,,,분류=설정 · 오픈차단여부=작업 항목 · 작업량=반일 · 소요 미합산(분류=설정),ledger-v4
STD-SHP-011,detail,T4,C6,분할배송(건별 부분 출고),STD-SHP-011,신우진,,,,,,,,huni-shopby/01_research/order-to-delivery-contract.md §2.1 주문상품옵션 단위 송장,"PM이 분할배송 운영 여부를 정하고(운영 시 셀러어드민 부분출고 처리 확인), 결정 문장 1줄과 결정일(YYYY-MM-DD)이 `R/R3/decisions-for-pm.md` §A-7(배송비 정책) 하단 의 STD-SHP-011 줄에 기재되어 있으면 완료 (기록처: 모범 STD-SYS-027 형식).",—,미착수,huni,dev,none,샵바이 비경유,,C6 · 매칭 규칙 없음,,,분류=이슈 · 오픈차단여부=작업 항목 · 작업량=반일 · 소요 미합산(분류=이슈),ledger-v4
STD-SHP-012,detail,T4,C7,송장번호 등록(판매자),STD-SHP-012,김동학,,,,,,,,F-140/SCOPE-140/IA-140 주문상태변경 처리(+문자) PARTIAL·미착수,신규몰 주문서/마이페이지 또는 셀러어드민 배송 설정에서 「송장번호 등록(판매자)」이 화면에 나타나면 완료.,—,부분,huni,dev,server-api,order-server-public.endpoints.json PUT /orders/update-invoices,,C7∈구간집합 · 규칙 /송장/,,,분류=개발 · 오픈차단여부=작업 항목 · 작업량=2-3일,ledger-v4
STD-SHP-013,detail,T4,C7,송장 기반 배송상태 일괄변경,STD-SHP-013,김동학,,,,,,,,F-143/SCOPE-143/IA-143 주문상태변경(일괄) PARTIAL·미착수,신규몰 주문서/마이페이지 또는 셀러어드민 배송 설정에서 「송장 기반 배송상태 일괄변경」이 화면에 나타나면 완료.,—,부분,huni,dev,server-api,order-server-public.endpoints.json PUT /orders/update-invoices,,C7∈구간집합 · 규칙 /송장/,,,분류=개발 · 오픈차단여부=작업 항목 · 작업량=2-3일,ledger-v4
STD-SHP-014,detail,T4,C7,고객 배송 조회(택배사 추적),STD-SHP-014,김동학,,,,,,,,"huni-skin-shopby/src/lib/api/hooks/use-my-orders.ts:84,354",마이페이지 주문상세에서 「배송조회」를 눌러 택배사 추적 화면이 열리면 완료.,—,부분,huni,dev,none,샵바이 비경유,,C7 · 매칭 규칙 없음,,,분류=검증 · 오픈차단여부=작업 항목 · 작업량=반일 · 소요 미합산(분류=검증),ledger-v4
STD-SHP-015,detail,T4,C7,배송지 변경/추가,STD-SHP-015,김동학,,,,,,,,huni-skin-shopby/src/lib/api/hooks/use-shipping-address.ts:65-125 (CRUD·기본배송지),회원 로그인 후 https://shopby.huniprinting.co.kr/mypage/address 에서 배송지를 추가·수정하면 목록에 반영되면 완료.,—,부분,huni,dev,none,샵바이 비경유,,C7 · 매칭 규칙 없음,,,분류=검증 · 오픈차단여부=작업 항목 · 작업량=반일 · 소요 미합산(분류=검증),ledger-v4
STD-SHP-016,detail,T5,D1,배송 상태 변경 알림 발송,STD-SHP-016,김동학,,,,,,,,X-SMS-CONTRACT-01 OQ-G8 알림톡/SMS 서비스 계약 미체결(1차 영향),신규몰 주문서/마이페이지 또는 셀러어드민 배송 설정에서 「배송 상태 변경 알림 발송」이 화면에 나타나면 완료.,STD-SYS-034;STD-SYS-035,미착수,huni,dev,none,샵바이 비경유,,D1 · 매칭 규칙 없음,,,분류=개발 · 오픈차단여부=작업 항목 · 작업량=2-3일,ledger-v4
STD-SHP-017,detail,T5,E1,금지 설정 4종 확인(A-14/U-1): 수량비례·중량 배송비 / 최대구매수량 / 즉시할인,STD-SHP-017,김동학,,,,,,,,https://service.shopby.co.kr/delivery/condition/group/list 배송비유형 「무료」(수량·중량 기준 아님) · API ONSALE 226건 immediateDiscountValue 0 · 샘플 maxBuyPersonCnt/maxBuyTimeCnt 0 · /promotion/discount 추가할인 0건 @ 2026-09-16 21:30~21:33 (R/R1d/evidence/21-delivery-condition.png·api-server-products-search.json·70-promotion-discount.txt),상품 226건 GET /products/{{no}} maxBuy* 전건 0 결과 파일이 있고 배송 템플릿 유형이 수량/중량이 아니면 완료,—,부분,huni,dev,none,샵바이 비경유,,E1 · 매칭 규칙 없음,,,분류=검증 · 오픈차단여부=작업 항목 · 작업량=반일 · 소요 미합산(분류=검증),ledger-v4
STD-CLM-001,detail,T3,D3,주문 전체 취소 신청,STD-CLM-001,김동학,,,,,,,,huni-shopby/01_research/order-to-delivery-contract.md §4.3 claims-*,신규몰 마이페이지 > 주문조회 > 주문상세에서 「주문 전체 취소 신청」 버튼이 보이고 눌렀을 때 신청 화면이 열리면 완료.,—,미착수,huni,dev,shop-api,claim-shop-public.endpoints.json POST /profile/claims/cancel,,D3∈구간집합 · 규칙 /취소|반품|교환|클레임/,,,분류=개발 · 오픈차단여부=작업 항목 · 작업량=1주+,ledger-v4
STD-CLM-002,detail,T3,D3,옵션 부분 취소 신청,STD-CLM-002,김동학,,,,,,,,huni-shopby/01_research/order-to-delivery-contract.md §4.3 claims-*,신규몰 마이페이지 > 주문조회 > 주문상세에서 「옵션 부분 취소 신청」 버튼이 보이고 눌렀을 때 신청 화면이 열리면 완료.,—,미착수,huni,dev,shop-api,claim-shop-public.endpoints.json POST /profile/claims/cancel,,D3∈구간집합 · 규칙 /취소|반품|교환|클레임/,,,분류=개발 · 오픈차단여부=작업 항목 · 작업량=1주+,ledger-v4
STD-CLM-003,detail,T3,D3,비회원 취소 신청,STD-CLM-003,김동학,,,,,,,,huni-shopby/01_research/order-to-delivery-contract.md §4.3 claims-*,https://shopby.huniprinting.co.kr/guest-order 조회 결과 화면에 「주문 취소」 버튼이 있고 누르면 취소 신청이 접수되면 완료.,—,미착수,huni,dev,shop-api,claim-shop-public.endpoints.json POST /profile/claims/cancel,,D3∈구간집합 · 규칙 /취소|반품|교환|클레임/,,,분류=개발 · 오픈차단여부=작업 항목 · 작업량=2-3일,ledger-v4
STD-CLM-004,detail,T3,D3,제작 착수 후 취소 제한·협의 안내,STD-CLM-004,최숙진,,,,,,,,print-kb/wiki/policy/operations.md#OPS-01 케이스별 협의,주문완료·주문상세 화면에 「제작 착수 후 취소 불가」 안내 문구가 보이면 완료.,—,미착수,huni,config,shop-api,claim-shop-public.endpoints.json POST /profile/claims/cancel,,D3∈구간집합 · 규칙 /취소|반품|교환|클레임/,,,분류=설정 · 오픈차단여부=작업 항목 · 작업량=반일 · 소요 미합산(분류=설정),ledger-v4
STD-CLM-005,detail,T3,D3,반품 신청(단일·복수),STD-CLM-005,김동학,,,,,,,,huni-shopby/01_research/order-to-delivery-contract.md §4.3 claims-*,신규몰 마이페이지 > 주문조회 > 주문상세에서 「반품 신청(단일·복수)」 버튼이 보이고 눌렀을 때 신청 화면이 열리면 완료.,—,미착수,huni,dev,shop-api,claim-shop-public.endpoints.json POST /profile/claims/cancel,,D3∈구간집합 · 규칙 /취소|반품|교환|클레임/,,,분류=개발 · 오픈차단여부=작업 항목 · 작업량=1주+,ledger-v4
STD-CLM-006,detail,T3,D3,교환 신청(출고 전/후),STD-CLM-006,김동학,,,,,,,,huni-shopby/01_research/order-to-delivery-contract.md §4.3 claims-*,신규몰 마이페이지 > 주문조회 > 주문상세에서 「교환 신청(출고 전/후)」 버튼이 보이고 눌렀을 때 신청 화면이 열리면 완료.,—,미착수,huni,dev,shop-api,claim-shop-public.endpoints.json POST /profile/claims/cancel,,D3∈구간집합 · 규칙 /취소|반품|교환|클레임/,,,분류=개발 · 오픈차단여부=작업 항목 · 작업량=1주+,ledger-v4
STD-CLM-007,detail,T3,D3,환불 예상금액 계산,STD-CLM-007,김동학,,,,,,,,huni-shopby/01_research/order-to-delivery-contract.md §4.3 claims-*,신규몰 마이페이지 > 주문조회 > 주문상세에서 「환불 예상금액 계산」 버튼이 보이고 눌렀을 때 신청 화면이 열리면 완료.,—,미착수,huni,dev,none,샵바이 비경유,,D3 · 매칭 규칙 없음,,,분류=개발 · 오픈차단여부=작업 항목 · 작업량=1주+,ledger-v4
STD-CLM-008,detail,T3,D3,환불계좌 등록·수정,STD-CLM-008,김동학,,,,,,,,huni-shopby/01_research/order-to-delivery-contract.md §4.3 claims-*,신규몰 마이페이지 > 주문조회 > 주문상세에서 「환불계좌 등록·수정」 버튼이 보이고 눌렀을 때 신청 화면이 열리면 완료.,—,미착수,huni,dev,none,샵바이 비경유,,D3 · 매칭 규칙 없음,,,분류=개발 · 오픈차단여부=작업 항목 · 작업량=1주+,ledger-v4
STD-CLM-009,detail,T3,D3,클레임 철회,STD-CLM-009,김동학,,,,,,,,huni-shopby/01_research/order-to-delivery-contract.md §4.3 claims-*,신규몰 마이페이지 > 주문조회 > 주문상세에서 「클레임 철회」 버튼이 보이고 눌렀을 때 신청 화면이 열리면 완료.,—,미착수,huni,dev,shop-api,claim-shop-public.endpoints.json POST /profile/claims/cancel,,D3∈구간집합 · 규칙 /취소|반품|교환|클레임/,,,분류=개발 · 오픈차단여부=작업 항목 · 작업량=1주+,ledger-v4
STD-CLM-010,detail,T3,D3,클레임 사유 분류 선택(12종),STD-CLM-010,김동학,,,,,,,,huni-shopby/01_research/order-to-delivery-contract.md §4.2 claimReasonType,신규몰 마이페이지 > 주문조회 > 주문상세에서 「클레임 사유 분류 선택(12종)」 버튼이 보이고 눌렀을 때 신청 화면이 열리면 완료.,—,미착수,huni,dev,shop-api,claim-shop-public.endpoints.json POST /profile/claims/cancel,,D3∈구간집합 · 규칙 /취소|반품|교환|클레임/,,,분류=개발 · 오픈차단여부=작업 항목 · 작업량=1주+,ledger-v4
STD-CLM-011,detail,T3,D3,귀책 구분(구매자/판매자/단순변심),STD-CLM-011,김동학,,,,,,,,huni-shopby/01_research/order-to-delivery-contract.md §4.2 responsibleObjectType,신규몰 마이페이지 > 주문조회 > 주문상세에서 「귀책 구분(구매자/판매자/단순변심)」 버튼이 보이고 눌렀을 때 신청 화면이 열리면 완료.,—,미착수,huni,dev,none,샵바이 비경유,,D3 · 매칭 규칙 없음,,,분류=개발 · 오픈차단여부=작업 항목 · 작업량=1주+,ledger-v4
STD-CLM-012,detail,T3,D3,클레임 목록·상세 조회,STD-CLM-012,김동학,,,,,,,,X-SHOPBY-CLAIM-FSM-01 클레임 상태머신 미폐합 — 수거진행 중간상태 누락·입금대기/교환대기/환불완료 전이 미정의,신규몰 마이페이지 > 주문조회 > 주문상세에서 「클레임 목록·상세 조회」 버튼이 보이고 눌렀을 때 신청 화면이 열리면 완료.,—,미착수,huni,dev,none,샵바이 비경유,,D3 · 매칭 규칙 없음,,,분류=개발 · 오픈차단여부=작업 항목 · 작업량=1주+,ledger-v4
STD-CLM-013,detail,T3,D3,판매자 클레임 승인·거부 처리,STD-CLM-013,김동학,,,,,,,,X-SHOPBY-CLAIM-FSM-01 클레임 상태머신 미폐합,신규몰 마이페이지 > 주문조회 > 주문상세에서 「판매자 클레임 승인·거부 처리」 버튼이 보이고 눌렀을 때 신청 화면이 열리면 완료.,—,미착수,huni,dev,none,샵바이 비경유,,D3 · 매칭 규칙 없음,,,분류=개발 · 오픈차단여부=작업 항목 · 작업량=1주+,ledger-v4
STD-CLM-014,detail,T3,D3,인쇄 불량 접수(사진 첨부),STD-CLM-014,김동학,,,,,,,,print-kb/wiki/policy/operations.md#OPS-04 클레임/불량,마이페이지 주문상세에 「불량 접수」 버튼이 있고 사진을 붙여 제출되면 완료.,—,미착수,huni,dev,none,샵바이 비경유,,D3 · 매칭 규칙 없음,,,분류=개발 · 오픈차단여부=작업 항목 · 작업량=2-3일,ledger-v4
STD-CLM-015,detail,T3,D3,재제작(재작업) 처리 경로,STD-CLM-015,신우진,,,,,,,,print-kb/wiki/policy/operations.md#OPS-04 재제작 우선,"PM이 재제작 처리 경로(교환 신청 대체 vs 별도)를 정하고, 결정 문장 1줄과 결정일(YYYY-MM-DD)이 `R/R3/decisions-for-pm.md` 이 std_id 신규 항목 의 STD-CLM-015 줄에 기재되어 있으면 완료 (기록처: 모범 STD-SYS-027 형식).",—,미착수,huni,dev,none,샵바이 비경유,,D3 · 매칭 규칙 없음,,,분류=이슈 · 오픈차단여부=작업 항목 · 작업량=1일 · 소요 미합산(분류=이슈),ledger-v4
STD-CLM-016,detail,T3,D3,1:1 문의 등록·답변,STD-CLM-016,김동학,,,,,,,,huni-skin-shopby/src/app/(main) 하위 inquiry/qna 라우트 부재 (SB-056 absent),마이페이지 메뉴에 「1:1 문의」가 있고 글을 등록하면 목록에 보이면 완료.,—,미착수,huni,dev,none,샵바이 비경유,,D3 · 매칭 규칙 없음,,,분류=개발 · 오픈차단여부=작업 항목 · 작업량=2-3일,ledger-v4
STD-CLM-017,detail,T3,D3,상품 Q&A 등록·답변,STD-CLM-017,김동학,,,,,,,,huni-skin-shopby/src/app/(main) 하위 inquiry/qna 라우트 부재 (SB-056 absent),상품 상세 Q&A 탭에서 질문을 등록하면 목록에 보이면 완료.,STD-CAT-013,미착수,huni,dev,none,샵바이 비경유,,D3 · 매칭 규칙 없음,,,분류=개발 · 오픈차단여부=작업 항목 · 작업량=2-3일,ledger-v4
STD-CLM-019,detail,T3,D3,기업인쇄 상담 접수,STD-CLM-019,김동학,,,,,,,,huni-skin-shopby src/app/(main) 하위 inquiry 라우트 부재 (SB-056 absent),푸터 또는 고객센터에 「기업인쇄 상담」 링크가 있고 양식을 제출하면 접수 안내가 보이면 완료.,—,미착수,huni,dev,none,샵바이 비경유,,D3 · 매칭 규칙 없음,,,분류=개발 · 오픈차단여부=작업 항목 · 작업량=1일,ledger-v4
STD-CLM-020,detail,T3,D3,디자인 상담 접수,STD-CLM-020,김동학,,,,,,,,huni-skin-shopby src/app/(main) 하위 inquiry 라우트 부재 (SB-056 absent),고객센터에 「디자인 상담」 양식이 있고 제출하면 접수 안내가 보이면 완료.,—,미착수,huni,dev,none,샵바이 비경유,,D3 · 매칭 규칙 없음,,,분류=개발 · 오픈차단여부=작업 항목 · 작업량=1일,ledger-v4
STD-CLM-021,detail,T3,D3,디자인 의뢰하기(주문 흐름 내),STD-CLM-021,신우진,,,,,,,,https://shopby.huniprinting.co.kr/checkout/202609160243938684 @ 2026-09-16 21:33,"PM이 디자인 의뢰 주문을 10/6 범위에 넣을지 정하고(넣으면 상담 접수 폼 개발), 결정 문장 1줄과 결정일(YYYY-MM-DD)이 `R/R3/decisions-for-pm.md` §A-1(오픈 범위) 의 STD-CLM-021 줄에 기재되어 있으면 완료 (기록처: 모범 STD-SYS-027 형식).",—,미착수,huni,dev,none,샵바이 비경유,,D3 · 매칭 규칙 없음,,,분류=이슈 · 오픈차단여부=작업 항목 · 작업량=1일 · 소요 미합산(분류=이슈),ledger-v4
STD-CLM-022,detail,T3,D3,[구IA#67] 기업인쇄상담 (확인/답변),STD-CLM-022,최숙진,,,,,,,,IA No.67 기업인쇄상담 · webadmin 해당 없음 @ 2026-09-16 21:28,1:1문의 유형에 「기업인쇄상담」이 있으면 완료.,—,미실측,nhn,config,admin-manual,해당 엔드포인트 없음 (셀러어드민 화면으로만 제공),N,nhn · Server API 대응 규칙 없음,,,분류=설정 · 오픈차단여부=작업 항목 · 작업량=반일 · 소요 미합산(분류=설정),ledger-v4
STD-CLM-023,detail,T3,D3,[구IA#68] 디자인상담 (확인/답변),STD-CLM-023,최숙진,,,,,,,,IA No.68 디자인상담 · webadmin 해당 없음 @ 2026-09-16 21:28,1:1문의 유형에 「디자인상담」이 있으면 완료.,—,미실측,nhn,config,admin-manual,해당 엔드포인트 없음 (셀러어드민 화면으로만 제공),N,nhn · Server API 대응 규칙 없음,,,분류=설정 · 오픈차단여부=작업 항목 · 작업량=반일 · 소요 미합산(분류=설정),ledger-v4
STD-CLM-024,detail,T3,D3,[구IA#69] 상품Q&A (확인/답변),STD-CLM-024,최숙진,,,,,,,,IA No.69 상품Q&A · 샵바이 기본 기능(R1d 미확인),상품 상세에 Q&A 탭이 있고 셀러어드민에서 답변할 수 있으면 완료.,—,미실측,nhn,config,admin-manual,display-server-public.endpoints.json POST /inquiry/{inquiryNo}/reply (Server API 있음 → 수동은 우리 선택),Y,nhn+규칙 /상품 ?Q&A.*(답변|확인)|상품 ?문의.*답변/,,,분류=설정 · 오픈차단여부=작업 항목 · 작업량=반일 · 소요 미합산(분류=설정),ledger-v4
STD-CLM-025,detail,T3,D3,[구IA#70] 1:1문의 (확인/답변),STD-CLM-025,최숙진,,,,,,,,IA No.70 1:1문의 · 샵바이 기본 기능(R1d 미확인),마이페이지 1:1문의가 셀러어드민 문의 목록에 들어오면 완료.,—,미실측,nhn,config,admin-manual,manage-server-public.endpoints.json POST /inquiries/{inquiryNo}/answer (Server API 있음 → 수동은 우리 선택),Y,nhn+규칙 /1:1 ?문의.*(답변|확인)/,,,분류=설정 · 오픈차단여부=작업 항목 · 작업량=반일 · 소요 미합산(분류=설정),ledger-v4
STD-CLM-026,detail,T3,D3,가상계좌 입금분 환불 시 고객 환불계좌 수령 절차,STD-CLM-026,미정,,,,,,,,후니정기미팅 정리260915.html §프린팅머니 · 미결 7,충전 취소 1건에 대해 고객이 환불계좌를 입력하고 환불 처리 기록이 원장에 남으면 완료,STD-CLM-008;STD-MYP-028,미착수,huni,dev,none,샵바이 비경유,,D3 · 매칭 규칙 없음,,,분류=개발 · 오픈차단여부=작업 항목 · 작업량=2-3일,ledger-v4
STD-MEM-001,detail,T3,B5,회원가입(이메일 식별자),STD-MEM-001,김동학,,,,,,,,https://shopby.huniprinting.co.kr/signup@2026-09-16 21:33,https://shopby.huniprinting.co.kr/signup 에서 약관 전체동의 → 다음 → 이름·이메일·비밀번호·휴대폰 칸이 보이면 완료(가입 실행은 테스트 계정으로).,—,작동,huni,dev,none,샵바이 비경유,,B5 · 매칭 규칙 없음,,,분류=검증 · 오픈차단여부=작업 항목 · 작업량=반일 · 소요 미합산(분류=검증),ledger-v4
STD-MEM-002,detail,T3,B5,약관 동의·전체동의,STD-MEM-002,김동학,,,,,,,,"[L4b보강] huni-skin-shopby/src/components/auth/signup-form.tsx:24-25,75-76",셀러어드민 회원 상세에서 신규 가입 회원의 약관 동의 이력(이용약관·개인정보·만14세)이 기록돼 보인다,—,부분,huni,dev,shop-api,manage-shop-public.endpoints.json GET /terms,,B5∈구간집합 · 규칙 /약관/,,,분류=개발 · 오픈차단여부=작업 항목 · 작업량=1일,ledger-v4
STD-MEM-003,detail,T3,B5,휴대전화 본인인증(SMS/PASS),STD-MEM-003,김동학,,,,,,,,SB-043 absent(인증 SDK·API 호출 지점 0건) · L2 service-dependency D-17 endpoint='(호출 지점 없음)',가입 2단계 휴대폰번호 옆에 「인증받기」 버튼이 보이고 문자 인증번호를 넣어야 「가입」이 활성화된다(켜기로 결정한 경우),STD-SYS-030,부분,huni,dev,none,샵바이 비경유,,B5 · 매칭 규칙 없음,,,분류=이슈 · 오픈차단여부=작업 항목 · 작업량=반일 · 소요 미합산(분류=이슈),ledger-v4
STD-MEM-004,detail,T3,B5,14세 미만 가입 제한,STD-MEM-004,김동학,,,,,,,,https://shopby.huniprinting.co.kr/signup@2026-09-16 21:27,https://shopby.huniprinting.co.kr/signup 에서 「만 14세 이상」을 체크하지 않으면 「다음」이 눌리지 않으면 완료.,—,작동,huni,dev,none,샵바이 비경유,,B5 · 매칭 규칙 없음,,,분류=검증 · 오픈차단여부=작업 항목 · 작업량=반일 · 소요 미합산(분류=검증),ledger-v4
STD-MEM-005,detail,T3,B5,1인 1계정 중복가입 제한,STD-MEM-005,김동학,,,,,,,,huni-skin-shopby/src/app/api/auth/signup/route.ts:8-33,이미 가입된 이메일로 「가입하기」를 누르면 중복 안내가 뜨면 완료.,—,부분,huni,dev,none,샵바이 비경유,,B5 · 매칭 규칙 없음,,,분류=검증 · 오픈차단여부=작업 항목 · 작업량=반일 · 소요 미합산(분류=검증),ledger-v4
STD-MEM-006,detail,T3,B5,가입완료 혜택 자동지급(쿠폰+적립금),STD-MEM-006,최숙진,,,,,,,,print-kb/wiki/policy/membership-auth.md#MEM-07 · L4 사유: L2 인벤토리에 가입완료 혜택 지급 행 없음. X-SHOPBY-NATIVE-01 가입완료 메일 native 범위 미확인.,"테스트 계정 가입 직후 마이페이지 > 마이쿠폰에 2,000원 쿠폰이 보이면 완료.",STD-PAY-007,미착수,huni,config,none,샵바이 비경유,,B5 · 매칭 규칙 없음,,,분류=설정 · 오픈차단여부=작업 항목 · 작업량=반일 · 소요 미합산(분류=설정),ledger-v4
STD-MEM-007,detail,T3,B5,아이디/비밀번호 로그인,STD-MEM-007,김동학,,,,,,,,huni-skin-shopby/src/lib/auth/auth.config.ts:12-22 · src/lib/auth/shopby-auth.ts:1,https://shopby.huniprinting.co.kr/login 에 테스트 회원 아이디/비밀번호를 넣고 「로그인」을 누르면 홈으로 돌아오고 헤더에 「로그아웃」이 보이면 완료.,—,부분,huni,dev,none,샵바이 비경유,,B5 · 매칭 규칙 없음,,,분류=수정 · 오픈차단여부=작업 항목 · 작업량=반일,ledger-v4
STD-MEM-008,detail,T3,B5,아이디 찾기(마스킹),STD-MEM-008,김동학,,,,,,,,SB-042 stub — huni-skin-shopby/src/components/auth/find-id-form.tsx:50-56 (토스트 '준비 중'),https://shopby.huniprinting.co.kr/find-id 에서 이름·휴대폰을 넣고 「아이디 찾기」를 누르면 마스킹된 아이디가 보이면 완료.,—,미착수,huni,dev,shop-api,member-shop-public.endpoints.json POST /profile/find-id,,B5∈구간집합 · 규칙 /아이디 찾기|비밀번호 찾기|계정 찾기/,,,분류=개발 · 오픈차단여부=작업 항목 · 작업량=1일,ledger-v4
STD-MEM-009,detail,T3,B5,비밀번호 재설정(이메일 링크),STD-MEM-009,김동학,,,,,,,,SB-042 stub — find-id-form.tsx:50-56,https://shopby.huniprinting.co.kr/find-id 「비밀번호 찾기」 탭에서 이메일을 넣고 「재설정 메일 받기」를 누르면 메일이 도착하면 완료.,—,미착수,huni,dev,none,샵바이 비경유,,B5 · 매칭 규칙 없음,,,분류=개발 · 오픈차단여부=작업 항목 · 작업량=1일,ledger-v4
STD-MEM-010,detail,T3,B5,카카오 소셜 로그인,STD-MEM-010,김동학,,,,,,,,SB-041 stub — huni-skin-shopby/src/components/auth/sns-buttons.tsx:74-80 (토스트만·signIn 미호출) · D-16 providers 빈 배열,신규몰 로그인 화면에서 카카오 버튼을 누르면 카카오 로그인 창이 열리고 로그인 후 몰로 돌아와 헤더가 로그인 상태가 된다,EXT-IDENTITY,부분,huni,config,none,샵바이 비경유,,B5 · 매칭 규칙 없음,,,분류=설정 · 오픈차단여부=작업 항목 · 작업량=반일 · 소요 미합산(분류=설정),ledger-v4
STD-MEM-011,detail,T3,B5,네이버 소셜 로그인,STD-MEM-011,김동학,,,,,,,,SB-041 stub — sns-buttons.tsx:74-80 · D-16,신규몰 로그인 화면에서 네이버 버튼을 누르면 네이버 로그인 창이 열리고 로그인 후 몰로 돌아와 헤더가 로그인 상태가 된다,EXT-IDENTITY,부분,huni,config,none,샵바이 비경유,,B5 · 매칭 규칙 없음,,,분류=설정 · 오픈차단여부=작업 항목 · 작업량=반일 · 소요 미합산(분류=설정),ledger-v4
STD-MEM-012,detail,T3,B5,구글/애플 소셜 로그인,STD-MEM-012,김동학,,,,,,,,SB-041 stub — sns-buttons.tsx:74-80 · D-16,신규몰 로그인 화면에서 구글 버튼을 누르면 구글 로그인 창이 열리고 로그인 후 몰로 돌아온다,EXT-IDENTITY,부분,huni,config,none,샵바이 비경유,,B5 · 매칭 규칙 없음,,,분류=설정 · 오픈차단여부=작업 항목 · 작업량=반일 · 소요 미합산(분류=설정),ledger-v4
STD-MEM-013,detail,T3,B5,로그인 세션 유지·자동 갱신,STD-MEM-013,김동학,,,,,,,,SB-040 done — huni-skin-shopby/src/lib/auth/auth.config.ts:18-22 · src/app/api/shop/[...path]/route.ts:20-27,로그인 후 브라우저를 닫고 다음날 다시 열어도 로그인이 유지되면 완료.,—,부분,huni,dev,none,샵바이 비경유,,B5 · 매칭 규칙 없음,,,분류=검증 · 오픈차단여부=작업 항목 · 작업량=반일 · 소요 미합산(분류=검증),ledger-v4
STD-MEM-014,detail,T3,B5,비회원 게스트 세션 처리,STD-MEM-014,김동학,,,,,,,,https://shopby.huniprinting.co.kr/cart@2026-09-16 21:27,비로그인으로 장바구니·주문서까지 들어가면 완료.,—,작동,huni,dev,none,샵바이 비경유,,B5 · 매칭 규칙 없음,,,분류=검증 · 오픈차단여부=작업 항목 · 작업량=반일 · 소요 미합산(분류=검증),ledger-v4
STD-MEM-015,detail,T3,B5,회원정보 수정(비밀번호 재확인),STD-MEM-015,김동학,,,,,,,,huni-skin-shopby/src/lib/api/hooks/use-profile.ts:42,회원 로그인 후 https://shopby.huniprinting.co.kr/mypage/account 에서 이름·휴대폰을 바꿔 저장하면 반영되면 완료.,—,부분,huni,dev,shop-api,member-shop-public.endpoints.json POST /profile,,B5∈구간집합 · 규칙 /회원가입|가입 폼|가입 화면|프로필|회원정보 수정/,,,분류=검증 · 오픈차단여부=작업 항목 · 작업량=반일 · 소요 미합산(분류=검증),ledger-v4
STD-MEM-016,detail,T3,B5,비밀번호 변경,STD-MEM-016,김동학,,,,,,,,huni-skin-shopby/src/lib/api/hooks/use-profile.ts:42,https://shopby.huniprinting.co.kr/mypage/account 비밀번호 변경 칸에서 바꾼 뒤 새 비밀번호로 로그인되면 완료.,—,부분,huni,dev,none,샵바이 비경유,,B5 · 매칭 규칙 없음,,,분류=검증 · 오픈차단여부=작업 항목 · 작업량=반일 · 소요 미합산(분류=검증),ledger-v4
STD-MEM-017,detail,T3,B5,회원탈퇴,STD-MEM-017,김동학,,,,,,,,huni-skin-shopby/src/lib/api/hooks/use-profile.ts:112 · src/components/mypage/withdraw-section.tsx:4,https://shopby.huniprinting.co.kr/mypage/withdraw 에서 동의 후 탈퇴하면 로그아웃되고 같은 계정으로 로그인이 안 되면 완료(테스트 계정만).,—,부분,huni,dev,none,샵바이 비경유,,B5 · 매칭 규칙 없음,,,분류=검증 · 오픈차단여부=작업 항목 · 작업량=반일 · 소요 미합산(분류=검증),ledger-v4
STD-MEM-018,detail,T3,B5,회원등급 산정·자동 승급,STD-MEM-018,최숙진,,,,,,,,[L4b보강] huni-skin-shopby/src/lib/api/hooks/use-profile.ts:39 (memberGradeName 표시 필드만),셀러어드민 > 회원등급에 등급·승급 조건이 등록돼 있고 마이페이지에 등급이 보이면 완료.,—,미착수,huni,config,server-api,member-server-public.endpoints.json PUT /profile/grades,,B5∈구간집합 · 규칙 /회원등급|등급 산정|등급 승급/,,,분류=설정 · 오픈차단여부=작업 항목 · 작업량=반일 · 소요 미합산(분류=설정),ledger-v4
STD-MEM-019,detail,T3,B5,휴면계정 전환·복구,STD-MEM-019,최숙진,,,,,,,,[L4b보강] huni-skin-shopby/src/lib/auth/shopby-auth.ts:28 (휴면 응답 주석만·전환/복구 화면 0건),"셀러어드민 회원 설정에 휴면 전환 기간이 있고, 휴면 계정 로그인 시 복구 안내가 보이면 완료.",—,미착수,huni,config,none,샵바이 비경유,,B5 · 매칭 규칙 없음,,,분류=설정 · 오픈차단여부=작업 항목 · 작업량=반일 · 소요 미합산(분류=설정),ledger-v4
STD-MEM-020,detail,T3,B5,기존 회원 데이터 이관(구 사이트),STD-MEM-020,김동학,,,,,,,,print-kb/wiki/policy/membership-auth.md#MEM-01 마이그레이션 이슈 명시 · L4 사유: 돈 걸림. 구 DB 미접근(X-OLDDB-ACCESS-01)이 20개 질문의 공통 선행 블로커. 이관 리허설 미실행.,구 사이트 회원 1명이 신규몰에서 같은 아이디로 로그인되고 마이페이지 정보가 같으면 완료.,EXT-OLDDB,미착수,ext,wait,none,샵바이 비경유(외부 벤더 대기),,ext,외부(구 사이트 운영사),,분류=이슈 · 오픈차단여부=차단(외부) · 작업량=1주+ · 소요 미합산(분류=이슈),ledger-v4
STD-MEM-021,detail,T3,B5,가입완료 안내 메일 발송,STD-MEM-021,최숙진,,,,,,,,https://shopby.huniprinting.co.kr/signup 2단계(정보입력) @ 2026-09-16 21:33,테스트 계정으로 가입하면 가입 완료 메일이 그 주소로 도착하면 완료.,—,미착수,huni,config,none,샵바이 비경유,,B5 · 매칭 규칙 없음,,,분류=설정 · 오픈차단여부=작업 항목 · 작업량=반일 · 소요 미합산(분류=설정),ledger-v4
STD-MEM-022,detail,T3,B5,로그인 식별자 정책(이메일 전용 vs 아이디) 확정·테스트회원 계정 정비,STD-MEM-022,신우진,,,,,,,,https://shopby.huniprinting.co.kr/login 테스트회원 ID 입력 → 「올바른 이메일 형식이 아닙니다」 @ 2026-09-16 21:30,".env 테스트 회원(이메일형)으로 신규몰 로그인이 되고, 구 회원 식별자 처리 방식이 문서로 정해지면 완료.",—,미착수,huni,dev,none,샵바이 비경유,,B5 · 매칭 규칙 없음,,,분류=이슈 · 오픈차단여부=작업 항목 · 작업량=1일 · 소요 미합산(분류=이슈),ledger-v4
STD-MEM-023,detail,T3,B5,소셜 로그인 전제 설정 — 셀러어드민 간편로그인 앱(네이버·카카오·구글) 등록 + 각 개발자센터 Redirect URI `{origin}/oauth/callback` 등록,STD-MEM-023,최숙진,,,,,,,,commit 13ed106 본문 「⚠ 동작 전제(코드 외)」 · huni-skin-shopby/src/components/auth/sns-buttons.tsx:66-67,셀러어드민 간편로그인 설정 화면에 네이버·카카오·구글 3종이 「사용」으로 보이고 각 앱 Redirect URI 에 https://shopby.huniprinting.co.kr/oauth/callback 이 들어 있다,—,미착수,nhn,config,admin-manual,member-server-public.endpoints.json PATCH /configurations/member/open-id/{providerType} (Server API 있음 → 수동은 우리 선택),Y,nhn+규칙 /간편 ?가입|소셜|open-?id/,,,분류=설정 · 오픈차단여부=작업 항목 · 작업량=반일 · 소요 미합산(분류=설정),ledger-v4
STD-MEM-024,detail,T3,B5,소셜 최초 로그인 가입완료(WAITING→ACTIVE) 추가정보 화면 실검증 — 약관 타입·필수항목이 몰 설정과 맞는지,STD-MEM-024,김동학,,,,,,,,commit 4f33a67 · huni-skin-shopby/src/app/api/auth/social-join/route.ts:1-9 · https://shopby.huniprinting.co.kr/social-join 200 「추가정보 입력」 @ 2026-09-16 22:00,카카오로 처음 로그인한 계정이 「추가정보 입력」 화면에서 이름·이메일·약관을 넣고 제출하면 장바구니 담기가 401 없이 된다,STD-MEM-023,미착수,huni,dev,shop-api,manage-shop-public.endpoints.json GET /terms,,B5∈구간집합 · 규칙 /약관/,,,분류=검증 · 오픈차단여부=작업 항목 · 작업량=반일 · 소요 미합산(분류=검증),ledger-v4
STD-MYP-001,detail,T3,D2,주문 목록 조회,STD-MYP-001,김동학,,,,,,,,huni-skin-shopby/src/lib/api/hooks/use-my-orders.ts:84,회원 로그인 후 https://shopby.huniprinting.co.kr/mypage/orders 에 주문 목록이 보이면 완료.,—,부분,huni,dev,none,샵바이 비경유,,D2 · 매칭 규칙 없음,,,분류=검증 · 오픈차단여부=작업 항목 · 작업량=반일 · 소요 미합산(분류=검증),ledger-v4
STD-MYP-002,detail,T3,D2,주문 상세 조회(사양·파일·상태),STD-MYP-002,김동학,,,,,,,,huni-skin-shopby/src/lib/api/hooks/use-my-orders.ts:84 (목록/상세),마이페이지 주문 카드를 눌러 상세(사양·파일·상태·입금안내)가 보이면 완료.,—,부분,huni,dev,shop-api,order-shop-public.endpoints.json GET /profile/orders/{orderNo},,사람 판정 260917,,,분류=검증 · 오픈차단여부=작업 항목 · 작업량=반일 · 소요 미합산(분류=검증),ledger-v4
STD-MYP-003,detail,T3,D2,편집상품 미리보기,STD-MYP-003,김동학,,,,,,,,SB-020 stub — huni-skin-shopby/src/components/product/configurator-actions.tsx:170-176 (onClick 없음),에디터로 만든 주문의 상세에서 편집 결과 미리보기 이미지가 보이면 완료.,EXT-EDICUS,미착수,huni,dev,none,샵바이 비경유,,D2 · 매칭 규칙 없음,,,분류=개발 · 오픈차단여부=작업 항목 · 작업량=1주+,ledger-v4
STD-MYP-004,detail,T3,D2,옵션보관함 저장/불러오기,STD-MYP-004,신우진,,,,,,,,[L4b보강] huni-skin-shopby/src/components/cart/cart-page.tsx:6 ('shopby 장바구니에는 보관함(draft) 개념이 없어 단일 목록으로 렌더'),PM 결정 후 마이페이지 메뉴에 「옵션보관함」이 있고 저장한 옵션이 목록에 보이면 완료.,—,미착수,huni,dev,none,샵바이 비경유,,D2 · 매칭 규칙 없음,,,분류=이슈 · 오픈차단여부=작업 항목 · 작업량=2-3일 · 소요 미합산(분류=이슈),ledger-v4
STD-MYP-005,detail,T3,D2,보관 기간 정책 적용·만료 처리,STD-MYP-005,신우진,,,,,,,,print-kb/wiki/policy/mypage.md#MYP-01 3개월 권장 · L4 사유: new — 보관 만료 정책은 화면이 아니라 배치 규칙이라 legacy 화면 분모에 수록된 적 없음. 근거 print-kb/mypage.md(ia.md 오염 아님).,옵션보관함 정책(보관 기간)이 문서로 정해지면 완료.,STD-MYP-004,미착수,huni,dev,none,샵바이 비경유,,D2 · 매칭 규칙 없음,,,분류=이슈 · 오픈차단여부=작업 항목 · 작업량=반일 · 소요 미합산(분류=이슈),ledger-v4
STD-MYP-006,detail,T6,D5,프린팅머니 잔액·내역 조회,STD-MYP-006,김동학,,,,,,,,huni-skin-shopby/src/lib/api/hooks/use-points.ts:22,회원 로그인 후 https://shopby.huniprinting.co.kr/mypage/point 에 잔액과 적립/사용 내역이 보이면 완료.,STD-PAY-007,부분,huni,dev,none,샵바이 비경유,,D5 · 매칭 규칙 없음,,,분류=검증 · 오픈차단여부=작업 항목 · 작업량=반일 · 소요 미합산(분류=검증),ledger-v4
STD-MYP-007,detail,T6,D5,프린팅머니 충전(PG 결제→적립 전환),STD-MYP-007,김동학,,,,,,,,SB-051 stub — huni-skin-shopby/src/components/mypage/point-section.tsx:11-14 → src/lib/legacy-data/hooks.ts:423-432 (no-op),/mypage/money 에서 「머니충전」을 누르면 신청 팝업이 뜨고 신청 후 셀러어드민 예치금 내역에 신청 건이 생긴다,EXT-PG;STD-PAY-011,부분,ext,wait,none,샵바이 비경유(외부 벤더 대기),,ext,외부(토스페이먼츠),,분류=이슈 · 오픈차단여부=차단(외부) · 작업량=1주+ · 소요 미합산(분류=이슈),ledger-v4
STD-MYP-008,detail,T6,D5,구매확정 적립금 자동 지급,STD-MYP-008,최숙진,,,,,,,,SB-030 partial — huni-skin-shopby/src/components/checkout/checkout-form.tsx:52 (조회는 실API·적립/충전은 mock),셀러어드민 > 적립금 설정에 구매확정 적립률이 있고 구매확정 후 마이포인트에 적립 내역이 보이면 완료.,—,미착수,huni,config,none,샵바이 비경유,,D5 · 매칭 규칙 없음,,,분류=설정 · 오픈차단여부=작업 항목 · 작업량=반일 · 소요 미합산(분류=설정),ledger-v4
STD-MYP-009,detail,T6,D5,기존 프린트머니 잔액 이관,STD-MYP-009,김동학,,,,,,,,print-kb/wiki/policy/mypage.md#MYP-02 · print-kb/wiki/policy/custom-dev.md#CST-04 · L4 사유: 돈 걸림. 컷오버 대사 불일치 시 즉시 NO-GO 게이트.,구 사이트 프린팅머니 잔액이 있는 회원 1명이 신규몰 마이포인트에서 같은 금액을 보면 완료.,EXT-OLDDB,미착수,ext,wait,none,샵바이 비경유(외부 벤더 대기),,ext,외부(구 사이트 운영사),,분류=이슈 · 오픈차단여부=차단(외부) · 작업량=1주+ · 소요 미합산(분류=이슈),ledger-v4
STD-MYP-010,detail,T3,D2,보유 쿠폰 목록,STD-MYP-010,김동학,,,,,,,,huni-skin-shopby/src/lib/api/hooks/use-coupons.ts:71,회원 로그인 후 https://shopby.huniprinting.co.kr/mypage/coupon 에 보유 쿠폰이 보이면 완료.,—,부분,huni,dev,shop-api,promotion-shop-public.endpoints.json GET /coupons/issuable,,D2∈구간집합 · 규칙 /쿠폰/,,,분류=검증 · 오픈차단여부=작업 항목 · 작업량=반일 · 소요 미합산(분류=검증),ledger-v4
STD-MYP-011,detail,T3,D2,쿠폰 번호 등록,STD-MYP-011,김동학,,,,,,,,huni-skin-shopby/src/lib/api/hooks/use-coupons.ts:71,https://shopby.huniprinting.co.kr/mypage/coupon/register 에 쿠폰번호를 넣고 등록하면 목록에 추가되면 완료.,—,부분,huni,dev,shop-api,promotion-shop-public.endpoints.json GET /coupons/issuable,,D2∈구간집합 · 규칙 /쿠폰/,,,분류=검증 · 오픈차단여부=작업 항목 · 작업량=반일 · 소요 미합산(분류=검증),ledger-v4
STD-MYP-012,detail,T3,D2,내 리뷰 작성·조회,STD-MYP-012,김동학,,,,,,,,huni-skin-shopby/src/lib/api/hooks/use-review-write.ts:38 · use-my-reviews.ts:84,https://shopby.huniprinting.co.kr/mypage/review 에서 구매확정 상품에 「리뷰쓰기」를 눌러 사진과 글을 올리면 목록에 보이면 완료.,—,부분,huni,dev,shop-api,display-shop-public.endpoints.json POST /products/{productNo}/product-reviews,,D2∈구간집합 · 규칙 /리뷰|후기/,,,분류=검증 · 오픈차단여부=작업 항목 · 작업량=반일 · 소요 미합산(분류=검증),ledger-v4
STD-MYP-013,detail,T3,D2,내 상품Q&A/1:1문의 조회,STD-MYP-013,김동학,,,,,,,,SB-056 absent — huni-skin-shopby/src/app/(main) 하위 inquiry/qna 라우트 부재,마이페이지 메뉴에 「나의 문의」가 있고 내가 쓴 Q&A/1:1 문의가 보이면 완료.,STD-CLM-016;STD-CLM-017,미착수,huni,dev,shop-api,manage-shop-public.endpoints.json POST /inquiries,,D2∈구간집합 · 규칙 /1:1/,,,분류=개발 · 오픈차단여부=작업 항목 · 작업량=2-3일,ledger-v4
STD-MYP-014,detail,T5,D4,증빙서류 발급내역 조회,STD-MYP-014,김동학,,,,,,,,SB-053 stub — huni-skin-shopby/src/components/mypage/document-section.tsx:1-6 (정적 표 UI·API 호출 0) · D-18 endpoint='(호출 지점 없음)',https://shopby.huniprinting.co.kr/mypage/document 「신청가능」 탭에 입금완료 주문이 나오고 「신청」을 누르면 신청완료 탭으로 옮겨가면 완료.,STD-PAY-016,미착수,huni,dev,shop-api,order-shop-public.endpoints.json GET /profile/orders/{orderNo}/specifications,,D4∈구간집합 · 규칙 /거래명세|증빙|영수증/,,,분류=개발 · 오픈차단여부=작업 항목 · 작업량=1주+,ledger-v4
STD-MYP-015,detail,T5,D4,현금영수증 정보 관리,STD-MYP-015,김동학,,,,,,,,SB-053 stub — document-section.tsx:1-6 · D-18 호출 지점 없음,https://shopby.huniprinting.co.kr/mypage/document 에서 현금영수증 번호(휴대폰/사업자)를 등록·수정하면 저장되면 완료.,STD-MYP-014,미착수,huni,dev,shop-api,order-shop-public.endpoints.json POST /profile/orders/{orderNo}/cashReceipt,,D4∈구간집합 · 규칙 /현금영수증/,,,분류=개발 · 오픈차단여부=작업 항목 · 작업량=2-3일,ledger-v4
STD-MYP-016,detail,T3,D2,배송지 주소록 관리,STD-MYP-016,김동학,,,,,,,,SB-048 done — huni-skin-shopby/src/lib/api/hooks/use-shipping-address.ts:65-125 · SB-028 src/components/checkout/address-modal.tsx:1,https://shopby.huniprinting.co.kr/mypage/address 에서 새 배송지를 추가하면 목록에 [기본] 표시와 함께 보이면 완료.,—,부분,huni,dev,shop-api,order-shop-public.endpoints.json GET /profile/shipping-addresses,,D2∈구간집합 · 규칙 /배송지/,,,분류=검증 · 오픈차단여부=작업 항목 · 작업량=반일 · 소요 미합산(분류=검증),ledger-v4
STD-MYP-017,detail,T3,D2,마이페이지 메인 대시보드(주문요약·프린팅머니·쿠폰 한눈에),STD-MYP-017,김동학,,,,,,,,"L3/legacy-normalized.json#F-029,IA-029,SCOPE-029 · _workspace/huni-launch-scope/02_gap/fit-gap-matrix.csv:30 · docs/huni/후니프린팅_통합IA_일정_역할분담_260616.xlsx#02_IA마스터!A30:K30 · L2/as-is-inventory.csv#SB-044 huni-skin-shopby/src/components/mypage/dashboard-section.tsx:17-59",https://shopby.huniprinting.co.kr/mypage 에 포인트·쿠폰·리뷰 요약카드와 최근 주문이 보이면 완료.,—,부분,huni,dev,shop-api,order-shop-public.endpoints.json GET /profile/orders/summary/status,,사람 판정 260917,,,분류=검증 · 오픈차단여부=작업 항목 · 작업량=반일 · 소요 미합산(분류=검증),ledger-v4
STD-MYP-018,detail,T3,D2,마이페이지 서브메인(기능군 랜딩) 화면,STD-MYP-018,김동학,,,,,,,,"L3/legacy-normalized.json#F-030,IA-030,SCOPE-030 · _workspace/huni-launch-scope/02_gap/fit-gap-matrix.csv:31 · docs/huni/후니프린팅_통합IA_일정_역할분담_260616.xlsx#02_IA마스터!A31:K31 || P1판정(260902): huni-skin-shopby/src/app/(main)/mypage/page.tsx:10 DashboardSection · layout.tsx (중첩 라우트 전환)",https://shopby.huniprinting.co.kr/mypage 왼쪽 메뉴 9개(대시보드~회원탈퇴)를 차례로 눌러 각 화면이 열리면 완료.,—,부분,huni,dev,none,샵바이 비경유,,D2 · 매칭 규칙 없음,,,분류=검증 · 오픈차단여부=작업 항목 · 작업량=반일 · 소요 미합산(분류=검증),ledger-v4
STD-MYP-019,detail,T3,D2,마이페이지 통합 검색결과 LIST 화면,STD-MYP-019,신우진,,,,,,,,"L3/legacy-normalized.json#F-031,IA-031,SCOPE-031 · _workspace/huni-launch-scope/02_gap/fit-gap-matrix.csv:32 · docs/huni/후니프린팅_통합IA_일정_역할분담_260616.xlsx#02_IA마스터!A32:K32 || P1판정(260902): huni-skin-shopby 전수 grep 'mypage.*search' 0건(260902) — 마이페이지 통합 검색 라우트 없음","PM이 마이페이지 통합검색 화면을 10/6 범위에서 제외/포함 결정하고, 결정 문장 1줄과 결정일(YYYY-MM-DD)이 `R/R3/decisions-for-pm.md` §A-1(오픈 범위) 의 STD-MYP-019 줄에 기재되어 있으면 완료 (기록처: 모범 STD-SYS-027 형식).",—,미착수,huni,dev,none,샵바이 비경유,,D2 · 매칭 규칙 없음,,,분류=이슈 · 오픈차단여부=작업 항목 · 작업량=반일 · 소요 미합산(분류=이슈),ledger-v4
STD-MYP-020,detail,T5,D4,사업자정보 목록,STD-MYP-020,김동학,,,,,,,,https://www.huniprinting.com/mypage/tax01.asp @ 2026-09-16 21:33,https://shopby.huniprinting.co.kr/mypage/document 에 등록한 사업자(상호·번호) 목록이 보이면 완료.,STD-MYP-014,미착수,huni,dev,none,샵바이 비경유,,D4 · 매칭 규칙 없음,,,분류=개발 · 오픈차단여부=작업 항목 · 작업량=2-3일,ledger-v4
STD-MYP-021,detail,T5,D4,사업자정보 등록(쓰기),STD-MYP-021,김동학,,,,,,,,https://www.huniprinting.com/mypage/tax01.asp @ 2026-09-16 21:33,https://shopby.huniprinting.co.kr/mypage/document 「사업자 등록」에 상호·사업자번호·이메일을 넣고 저장하면 목록에 보이면 완료.,STD-MYP-020,미착수,huni,dev,none,샵바이 비경유,,D4 · 매칭 규칙 없음,,,분류=개발 · 오픈차단여부=작업 항목 · 작업량=2-3일,ledger-v4
STD-MYP-022,detail,T6,D5,프린트머니 원장·외부포인트 API 5종·증빙 발행·충전 운영 화면의 개발 주체·배치 확정,STD-MYP-022,신우진,,,,,,,,후니정기미팅 정리260915.html §개발 역할 분담 · 미결 2,4개 기능 각각에 「누가 만들고 어디에 두는가」가 적힌 확정표가 회의록에 남으면 완료,STD-SYS-028,미착수,huni,dev,none,샵바이 비경유,,사람 판정 260917 — 개발 주체 결정 행,,,분류=이슈 · 오픈차단여부=작업 항목 · 작업량=1일 · 소요 미합산(분류=이슈),ledger-v4
STD-MYP-023,detail,T6,D5,토스 가상계좌 API 연동·입금 알림 수신 담당 확정,STD-MYP-023,미정,,,,,,,,후니정기미팅 정리260915.html §개발 역할 분담 · 미결 3,토스 가상계좌 발급·입금 웹훅 수신 담당자가 역할 분담표에 기재되면 완료,STD-MYP-022,미착수,huni,dev,none,샵바이 비경유,,D5 · 매칭 규칙 없음,,,분류=이슈 · 오픈차단여부=작업 항목 · 작업량=반일 · 소요 미합산(분류=이슈),ledger-v4
STD-MYP-024,detail,T6,D5,기존 회원·잔액 이관 / PitStop Server 연동 담당 확정,STD-MYP-024,미정,,,,,,,,후니정기미팅 정리260915.html §개발 역할 분담 · 미결 4,두 과제 각각의 담당자가 역할 분담표에 기재되면 완료,STD-MYP-009;STD-MEM-020;STD-ART-016,미착수,huni,dev,none,샵바이 비경유,,사람 판정 260917 — 담당 확정 행,,,분류=이슈 · 오픈차단여부=작업 항목 · 작업량=반일 · 소요 미합산(분류=이슈),ledger-v4
STD-MYP-025,detail,T6,D5,프린트머니 정책 — 소멸기한 없음·충전 1:1·추가 적립 없음,STD-MYP-025,신우진,,,,,,,,후니정기미팅 정리260915.html §프린팅머니 · 확정 3,"이용약관에 「프린트머니 소멸 없음」이 고지되고, 충전권 상품의 적립률이 0으로 설정되어 있으면 완료",—,미착수,nhn,config,admin-manual,해당 엔드포인트 없음 (셀러어드민 화면으로만 제공),N,사람 판정 260917 — 적립 정책(소멸기한 등)은 셀러어드민 적립금 설정 — 설정용 Server API 없음,,,분류=설정 · 오픈차단여부=작업 항목 · 작업량=반일 · 소요 미합산(분류=설정),ledger-v4
STD-MYP-026,detail,T6,D5,구 ASP 코드·DB 미제공 전제 — 이관 원천은 잔액 스냅샷만,STD-MYP-026,최숙진,,,,,,,,후니정기미팅 정리260915.html §프린팅머니 · 확정 4,구 사이트 회원별 프린트머니 잔액 스냅샷 파일이 1부 전달되면 완료,STD-MYP-009,미착수,ext,wait,none,샵바이 비경유(외부 벤더 대기),,ext,외부(구 사이트 운영사),,분류=이슈 · 오픈차단여부=차단(외부) · 작업량=1일 · 소요 미합산(분류=이슈),ledger-v4
STD-MYP-027,detail,T6,D5,샵바이 외부포인트 연동 협의 완료,STD-MYP-027,외부(샵바이(NHN커머스)),,,,,,,,후니정기미팅 정리260915.html §프린팅머니 · 확정 6,샵바이와의 외부포인트 연동 협의 결과가 문서로 남아 있으면 완료 — 정식 계약·플랜 적용은 별건,—,구현-미검증,ext,wait,none,샵바이 비경유(외부 벤더 대기),,ext,외부(샵바이(NHN커머스)),,분류=이슈 · 오픈차단여부=차단(외부) · 작업량=반일 · 소요 미합산(분류=이슈),ledger-v4
STD-MYP-028,detail,T6,D5,충전 입금 확인 = 토스페이먼츠 가상계좌 API 직접 발급,STD-MYP-028,미정,,,,,,,,후니정기미팅 정리260915.html §프린팅머니 · 확정 8,충전 신청 1건에 대해 토스에서 가상계좌 번호가 발급되어 화면에 표시되면 완료,STD-MYP-023;STD-PAY-022,미착수,ext,wait,none,샵바이 비경유(외부 벤더 대기),,ext,외부(토스페이먼츠),,분류=개발 · 오픈차단여부=차단(외부) · 작업량=1주+,ledger-v4
STD-MYP-029,detail,T6,D5,입금 확인 자동화 — 가상계좌 DEPOSIT_CALLBACK 웹훅 수신→자동 충전,STD-MYP-029,미정,,,,,,,,후니정기미팅 정리260915.html §프린팅머니 · 확정 9(「입금 확인은 가상계좌 입금 알림으로 자동 처리」까지) · DEPOSIT_CALLBACK 명칭 출처: _workspace/huni-shopby/17_prepaid-money/prepaid-money-design-260915.md:316,테스트 입금 1건에 대해 수동 조작 없이 프린트머니 잔액이 자동 증가하면 완료,STD-MYP-028,미착수,huni,dev,none,샵바이 비경유,,D5 · 매칭 규칙 없음,,,분류=개발 · 오픈차단여부=작업 항목 · 작업량=2-3일,ledger-v4
STD-MYP-030,detail,T3,D2,"편집 디자인 보관함 — 편집 종료 후 보관, 장바구니 담기 전까지 수정 가능",STD-MYP-030,김동학,,,,,,,,후니정기미팅 정리260915.html §디자인 상품·편집기·보관함 · 확정 7 / 후니-오픈잔여작업-실무진안내_260909.html §항목 11 · ④ 완료 기준,편집이 덜 끝난 상품을 보관함에 넣고(결제 금액에서 제외됨) 편집 완료 후 「장바구니로 옮기기」를 하면 상품·옵션·금액이 그대로 유지된 채 옮겨지면 완료,STD-ART-024,부분,huni,dev,none,샵바이 비경유,,사람 판정 260917 — 편집 보관함 — Edicus,,,분류=개발 · 오픈차단여부=작업 항목 · 작업량=2-3일,ledger-v4
STD-MYP-031,detail,T3,D2,보관함 저장 시점 결정(저장 버튼 vs 편집 종료 시 자동),STD-MYP-031,신우진,,,,,,,,후니정기미팅 정리260915.html §디자인 상품·편집기·보관함 · 미결 2,저장 시점이 둘 중 하나로 정해져 개발 전달 문서에 남으면 완료,STD-MYP-030,미착수,huni,dev,none,샵바이 비경유,,D2 · 매칭 규칙 없음,,,분류=이슈 · 오픈차단여부=작업 항목 · 작업량=반일 · 소요 미합산(분류=이슈),ledger-v4
STD-MYP-032,detail,T3,D2,편집 후 장바구니를 누르지 않고 이탈한 고객 안내 방법,STD-MYP-032,최숙진,,,,,,,,후니정기미팅 정리260915.html §디자인 상품·편집기·보관함 · 미결 3,이탈 고객 안내 방식(화면 문구 또는 알림)이 정해져 기록되면 완료,STD-MYP-030,미착수,huni,dev,none,샵바이 비경유,,사람 판정 260917 — 편집 이탈 안내 — Edicus,,,분류=이슈 · 오픈차단여부=작업 항목 · 작업량=반일 · 소요 미합산(분류=이슈),ledger-v4
STD-MYP-033,detail,T3,D2,보관함을 일반 상품까지 확대할지 여부,STD-MYP-033,신우진,,,,,,,,후니정기미팅 정리260915.html §디자인 상품·편집기·보관함 · 미결 6,일반 상품 확대 여부가 결정되어 기록되면 완료,STD-MYP-030,미착수,huni,dev,none,샵바이 비경유,,D2 · 매칭 규칙 없음,,,분류=이슈 · 오픈차단여부=오픈 무관 · 작업량=반일 · 소요 미합산(분류=이슈),ledger-v4
STD-MYP-034,detail,T5,D4,증빙 신청 탭 3개(신청 가능 / 신청 완료 / 신용카드 결제),STD-MYP-034,김동학,,,,,,,,후니정기미팅 정리260915.html §증빙서류 · 확정 3,마이페이지 증빙서류 화면에 탭 3개가 보이고 각 탭에 해당 결제 건만 담기면 완료,STD-MYP-014,미착수,huni,dev,shop-api,order-shop-public.endpoints.json GET /profile/orders/{orderNo}/specifications,,D4∈구간집합 · 규칙 /거래명세|증빙|영수증/,,,분류=개발 · 오픈차단여부=작업 항목 · 작업량=2-3일,ledger-v4
STD-MYP-035,detail,T5,D4,현금 결제 건만 신청 대상 — 세금계산서·현금영수증 중 택1,STD-MYP-035,김동학,,,,,,,,후니정기미팅 정리260915.html §증빙서류 · 확정 4,현금 결제 건에서만 세금계산서/현금영수증 선택이 가능하고 둘 중 하나만 고를 수 있으면 완료,STD-MYP-034,미착수,huni,dev,shop-api,order-shop-public.endpoints.json POST /profile/orders/{orderNo}/cashReceipt,,D4∈구간집합 · 규칙 /현금영수증/,,,분류=개발 · 오픈차단여부=작업 항목 · 작업량=1일,ledger-v4
STD-MYP-036,detail,T5,D4,카드 결제 건·발행 완료 건은 목록에 보이되 비활성+사유 표시,STD-MYP-036,김동학,,,,,,,,후니정기미팅 정리260915.html §증빙서류 · 확정 5,신용카드 결제 탭의 건이 선택 불가 상태로 보이고 사유 문구가 함께 표시되면 완료,STD-MYP-034,미착수,huni,dev,shop-api,order-shop-public.endpoints.json GET /profile/orders/{orderNo}/specifications,,D4∈구간집합 · 규칙 /거래명세|증빙|영수증/,,,분류=개발 · 오픈차단여부=작업 항목 · 작업량=반일,ledger-v4
STD-MYP-037,detail,T5,D4,프린트머니 증빙 발행 규칙 — 충전 시 충전액·주문 시 실결제액·환불 시 마이너스 계산서,STD-MYP-037,김동학,,,,,,,,후니정기미팅 정리260915.html §증빙서류 · 확정 7,충전 1건·머니 사용 주문 1건·환불 1건 각각에 대해 발행 금액이 규칙대로 나오면 완료,STD-MYP-007;STD-MYP-038,미착수,huni,dev,none,샵바이 비경유,,사람 판정 260917 — 증빙 규칙 정책 행,,,분류=개발 · 오픈차단여부=작업 항목 · 작업량=2-3일,ledger-v4
STD-MYP-038,detail,T5,D4,프린트머니 증빙 발행 시점 세무 확인(충전 시 vs 사용 시),STD-MYP-038,미정,,,,,,,,후니정기미팅 정리260915.html §증빙서류 · 미결 1,세무 확인 결과가 「충전 시」 또는 「사용 시」 중 하나로 문서에 남으면 완료,—,미착수,huni,dev,none,샵바이 비경유,,사람 판정 260917 — 세무 판단 행,,,분류=이슈 · 오픈차단여부=작업 항목 · 작업량=반일 · 소요 미합산(분류=이슈),ledger-v4
STD-MYP-039,detail,T5,D4,세금계산서 API 자동 발행 여부 결정,STD-MYP-039,최숙진,,,,,,,,후니정기미팅 정리260915.html §증빙서류 · 미결 2,자동 발행 도입 여부가 결정되어 기록되면 완료,STD-ADO-024,미착수,huni,dev,none,샵바이 비경유,,D4 · 매칭 규칙 없음,,,분류=이슈 · 오픈차단여부=작업 항목 · 작업량=반일 · 소요 미합산(분류=이슈),ledger-v4
STD-MYP-040,detail,T3,D2,마이페이지 9개 메뉴 점검·판정표 + 프린트머니 범위 결정,STD-MYP-040,최숙진,,,,,,,,후니정기미팅 정리260915.html §일정·설계 · 미결 3 / 후니-오픈잔여작업-실무진안내_260909.html §항목 4 · ④ 완료 기준,"아홉 메뉴 각각에 「그대로 둔다 / 보완한다 / 뺀다」 판정이 담긴 목록이 한 장 완성되고, 프린트머니 포함 여부와 1차 기능 범위가 기록되면 완료",STD-MYP-041,부분,huni,dev,none,샵바이 비경유,,D2 · 매칭 규칙 없음,,,분류=검증 · 오픈차단여부=작업 항목 · 작업량=1일 · 소요 미합산(분류=검증),ledger-v4
STD-MYP-041,detail,T6,D5,프린트머니 화면 피그마 부재·명칭 미정(「마이 포인트」 등),STD-MYP-041,최숙진,,,,,,,,후니정기미팅 정리260915.html §일정·설계 · 미결 4,고객에게 보일 메뉴 명칭이 확정되고 해당 화면 시안이 피그마에 존재하면 완료,—,미착수,huni,dev,none,샵바이 비경유,,D5 · 매칭 규칙 없음,,,분류=이슈 · 오픈차단여부=작업 항목 · 작업량=반일 · 소요 미합산(분류=이슈),ledger-v4
STD-MYP-042,detail,T6,D5,프린트머니 구현 M0 — 어드민 설정 + 충전권 상품 6종 + 실측 V1~V8,STD-MYP-042,미정,,,,,,,,_workspace/huni-shopby/17_prepaid-money/prepaid-money-design-260915.md:288,샵바이 셀러어드민에 적립금 설정·충전권 상품 6종이 등록되고 V1~V8 실측 결과가 기록되면 완료,STD-MYP-022,미착수,huni,dev,none,샵바이 비경유,,D5 · 매칭 규칙 없음,,,분류=개발 · 오픈차단여부=작업 항목 · 작업량=2-3일,ledger-v4
STD-MYP-043,detail,T6,D5,프린트머니 구현 M1 — webadmin t_pm_charge_txn + 감지·지급 잡(폴링) + 웹훅 신호 연결,STD-MYP-043,미정,,,,,,,,_workspace/huni-shopby/17_prepaid-money/prepaid-money-design-260915.md:289,입금 신호 1건에 대해 t_pm_charge_txn 행이 생기고 잔액이 지급되면 완료,STD-MYP-042,미착수,huni,dev,none,샵바이 비경유,,D5 · 매칭 규칙 없음,,,분류=개발 · 오픈차단여부=작업 항목 · 작업량=1주+,ledger-v4
STD-MYP-044,detail,T6,D5,프린트머니 구현 M2 — 스킨 충전 화면 배선(useChargePoint → 충전권 주문서),STD-MYP-044,미정,,,,,,,,_workspace/huni-shopby/17_prepaid-money/prepaid-money-design-260915.md:290,스킨 충전 화면에서 충전 금액을 고르면 충전권 주문서로 넘어가면 완료,STD-MYP-042,미착수,huni,dev,none,샵바이 비경유,,D5 · 매칭 규칙 없음,,,분류=개발 · 오픈차단여부=작업 항목 · 작업량=2-3일,ledger-v4
STD-MYP-045,detail,T6,D5,프린트머니 구현 M3 — 체크아웃 전액결제 분기,STD-MYP-045,미정,,,,,,,,_workspace/huni-shopby/17_prepaid-money/prepaid-money-design-260915.md:291,프린트머니 잔액으로 전액 결제되는 주문 1건이 PG 창 없이 완료되면 완료,STD-MYP-042,미착수,huni,dev,none,샵바이 비경유,,D5 · 매칭 규칙 없음,,,분류=개발 · 오픈차단여부=작업 항목 · 작업량=2-3일,ledger-v4
STD-MYP-046,detail,T6,D5,프린트머니 구현 M4 — 충전 취소/환불 처리 + 운영 화면(txn 목록·재시도),STD-MYP-046,미정,,,,,,,,_workspace/huni-shopby/17_prepaid-money/prepaid-money-design-260915.md:292,충전 1건을 취소해 잔액이 원복되고 운영 화면의 txn 목록에서 그 이력이 보이면 완료,STD-MYP-042,미착수,huni,dev,none,샵바이 비경유,,D5 · 매칭 규칙 없음,,,분류=개발 · 오픈차단여부=작업 항목 · 작업량=2-3일,ledger-v4
STD-MYP-047,detail,T6,D5,프린트머니 구현 M5 — 구 잔액 마이그레이션 시드 실행(260630 스펙),STD-MYP-047,미정,,,,,,,,_workspace/huni-shopby/17_prepaid-money/prepaid-money-design-260915.md:293,P-G1 합계 대사(Σ이관 = Σ스냅샷)가 일치하고 샘플 1:1 검증이 통과하면 완료,STD-MYP-042,미착수,huni,dev,none,샵바이 비경유,,D5 · 매칭 규칙 없음,,,분류=개발 · 오픈차단여부=작업 항목 · 작업량=1주+,ledger-v4
STD-MYP-048,detail,T6,D5,프린트머니 구현 M6 — PG 계약 후 카드 충전 활성(코드 변경 없이 availablePayTypes 로 자동),STD-MYP-048,미정,,,,,,,,_workspace/huni-shopby/17_prepaid-money/prepaid-money-design-260915.md:294,availablePayTypes 에 카드가 추가되어 충전 화면에 카드 결제가 노출되면 완료,STD-MYP-042,미착수,huni,dev,none,샵바이 비경유,,D5 · 매칭 규칙 없음,,,분류=개발 · 오픈차단여부=작업 항목 · 작업량=반일,ledger-v4
STD-MYP-049,detail,T6,D5,"프린트머니 결정 요청 — 충전 단위·최소/최대(현 화면 6종 10,000~500,000) 유지 여부",STD-MYP-049,지니,,,,,,,,_workspace/huni-shopby/17_prepaid-money/prepaid-money-design-260915.md:299,충전 단위 6종의 유지/변경이 결정되어 기록되면 완료,STD-MYP-022,미착수,huni,dev,none,샵바이 비경유,,D5 · 매칭 규칙 없음,,,분류=이슈 · 오픈차단여부=작업 항목 · 작업량=반일 · 소요 미합산(분류=이슈),ledger-v4
STD-MYP-050,detail,T6,D5,프린트머니 결정 요청 — 일부 사용 후 충전 취소 정책(불가 vs 미사용분 부분 환불),STD-MYP-050,지니,,,,,,,,_workspace/huni-shopby/17_prepaid-money/prepaid-money-design-260915.md:300,두 안 중 하나가 선택되어 약관·설계 문서에 반영되면 완료,STD-MYP-022,미착수,huni,dev,none,샵바이 비경유,,D5 · 매칭 규칙 없음,,,분류=이슈 · 오픈차단여부=작업 항목 · 작업량=반일 · 소요 미합산(분류=이슈),ledger-v4
STD-MYP-051,detail,T6,D5,프린트머니 결정 요청 — 원장 소유 결정 A(샵바이 적립금) vs B′(후니 원장+외부포인트 연동),STD-MYP-051,지니,,,,,,,,_workspace/huni-shopby/17_prepaid-money/prepaid-money-design-260915.md:303,A/B′ 중 하나가 선택되어 설계 문서의 목표 아키텍처가 그 안으로 확정되면 완료,STD-MYP-022,미착수,huni,dev,none,샵바이 비경유,,사람 판정 260917 — 원장 소유 결정 행,,,분류=이슈 · 오픈차단여부=작업 항목 · 작업량=반일 · 소요 미합산(분류=이슈),ledger-v4
STD-MYP-052,detail,T6,D5,프린트머니 결정 요청 — 충전 전용 입금계좌 분리 여부 · 과입금·부분입금 정책,STD-MYP-052,지니,,,,,,,,_workspace/huni-shopby/17_prepaid-money/prepaid-money-design-260915.md:306,입금계좌 분리 여부와 과입금·부분입금 처리 규칙이 문서에 적히면 완료,STD-MYP-022,미착수,huni,dev,none,샵바이 비경유,,D5 · 매칭 규칙 없음,,,분류=이슈 · 오픈차단여부=작업 항목 · 작업량=반일 · 소요 미합산(분류=이슈),ledger-v4
STD-MYP-053,detail,T6,D5,테스트몰 실측 12항(전액결제 payType 조합·expireYmd 생략·externalKey 유일성·웹훅 페이로드 등),STD-MYP-053,미정,,,,,,,,_workspace/huni-shopby/HANDOFF.md:16,12항 각각에 실측 결과(값 또는 실패 사유)가 기록되면 완료,STD-MYP-042,미착수,huni,dev,none,샵바이 비경유,,D5 · 매칭 규칙 없음,,,분류=검증 · 오픈차단여부=작업 항목 · 작업량=2-3일 · 소요 미합산(분류=검증),ledger-v4
STD-MYP-054,detail,T6,D5,마이포인트(/mypage/point·shopby 적립금)와 프린팅머니(/mypage/money·UI 전용) 메뉴 중복 정리 — 노출 메뉴·명칭 확정,STD-MYP-054,신우진,,,,,,,,huni-skin-shopby/src/components/mypage/mypage-shared.tsx:14-15 NAV 두 항목 · commit 2092b12,마이페이지 왼쪽 메뉴에 포인트/프린팅머니 항목이 하나만 보이고 나머지 경로는 그 항목으로 이동한다,STD-MYP-007,미착수,huni,dev,none,샵바이 비경유,,D5 · 매칭 규칙 없음,,,분류=이슈 · 오픈차단여부=작업 항목 · 작업량=반일 · 소요 미합산(분류=이슈),ledger-v4
STD-PRM-001,detail,T3,D2,신규회원 쿠폰 자동발행,STD-PRM-001,최숙진,,,,,,,,print-kb/wiki/policy/coupon.md#CPN-01 · L4 사유: 돈 걸림(F-156). 자동발행 트리거 L2 무근거.,테스트 계정으로 가입한 직후 마이쿠폰에 신규회원 쿠폰이 보이면 완료.,—,미착수,huni,config,none,샵바이 비경유,,D2 · 매칭 규칙 없음,,,분류=설정 · 오픈차단여부=작업 항목 · 작업량=반일 · 소요 미합산(분류=설정),ledger-v4
STD-PRM-002,detail,T3,D2,리뷰 작성 보상 쿠폰 발행,STD-PRM-002,김동학,,,,,,,,print-kb/wiki/policy/coupon.md#CPN-02 · L4 사유: new — 리뷰 보상 쿠폰은 legacy 3원 어디에도 없음. 근거 print-kb/coupon.md#CPN-02(ia.md 오염 아님).,샵바이 셀러어드민 > 프로모션 메뉴에서 「리뷰 작성 보상 쿠폰 발행」 설정을 확인하고 신규몰 테스트 계정에서 결과가 보이면 완료.,STD-PAY-007,미착수,nhn,config,admin-manual,해당 엔드포인트 없음 (셀러어드민 화면으로만 제공),N,사람 판정 260917 — 리뷰 작성 보상은 셀러어드민 리뷰 적립 설정,,,분류=개발 · 오픈차단여부=작업 항목 · 작업량=2-3일,ledger-v4
STD-PRM-003,detail,T3,D2,재구매 쿠폰 발행,STD-PRM-003,김동학,,,,,,,,print-kb/wiki/policy/coupon.md#CPN-03 · L4 사유: new — 재구매 쿠폰 미수록. 근거 print-kb/coupon.md#CPN-03(오염 아님).,샵바이 셀러어드민 > 프로모션 메뉴에서 「재구매 쿠폰 발행」 설정을 확인하고 신규몰 테스트 계정에서 결과가 보이면 완료.,—,미착수,huni,dev,none,샵바이 비경유,,D2 · 매칭 규칙 없음,,,분류=개발 · 오픈차단여부=작업 항목 · 작업량=2-3일,ledger-v4
STD-PRM-004,detail,T3,D2,회원등급(VIP) 쿠폰 발행,STD-PRM-004,최숙진,,,,,,,,print-kb/wiki/policy/coupon.md#CPN-04 · L4 사유: 회원등급(STD-MEM-018) 종속. 돈 걸림.,셀러어드민 > 쿠폰에 등급 대상 쿠폰이 있고 VIP 계정 마이쿠폰에 보이면 완료.,STD-MEM-018,미착수,huni,config,none,샵바이 비경유,,D2 · 매칭 규칙 없음,,,분류=설정 · 오픈차단여부=작업 항목 · 작업량=반일 · 소요 미합산(분류=설정),ledger-v4
STD-PRM-005,detail,T3,D2,쿠폰 동시사용 개수 제한,STD-PRM-005,김동학,,,,,,,,SB-029 done — huni-skin-shopby/src/lib/api/hooks/use-order-coupons.ts:34 (최대할인 계산),샵바이 셀러어드민 > 프로모션 메뉴에서 「쿠폰 동시사용 개수 제한」 설정을 확인하고 신규몰 테스트 계정에서 결과가 보이면 완료.,—,부분,nhn,config,admin-manual,해당 엔드포인트 없음 (셀러어드민 화면으로만 제공),N,사람 판정 260917 — 쿠폰 동시사용 제한은 셀러어드민 쿠폰 설정,,,분류=수정 · 오픈차단여부=작업 항목 · 작업량=1일,ledger-v4
STD-PRM-006,detail,T3,D2,쿠폰 유효기간 관리,STD-PRM-006,최숙진,,,,,,,,print-kb/wiki/policy/coupon.md#CPN-06 · L4 사유: 쿠폰 발행·유효기간 관리 화면 L2 무근거(F-126 돈·L).,셀러어드민 > 쿠폰 등록 시 유효기간을 넣고 마이쿠폰에 「~YYYY.MM.DD」가 보이면 완료.,—,미착수,huni,config,none,샵바이 비경유,,D2 · 매칭 규칙 없음,,,분류=설정 · 오픈차단여부=작업 항목 · 작업량=반일 · 소요 미합산(분류=설정),ledger-v4
STD-PRM-007,detail,T3,D2,장바구니/주문서 쿠폰 적용,STD-PRM-007,김동학,,,,,,,,huni-skin-shopby/src/lib/api/hooks/use-order-coupons.ts:34,회원 주문서에서 쿠폰을 선택하면 할인 금액이 총액에서 빠지면 완료.,—,부분,huni,dev,shop-api,order-shop-public.endpoints.json GET /cart,,D2∈구간집합 · 규칙 /장바구니|/cart|카트/,,,분류=검증 · 오픈차단여부=작업 항목 · 작업량=반일 · 소요 미합산(분류=검증),ledger-v4
STD-PRM-008,detail,T3,D2,리뷰 삭제 시 보상 회수,STD-PRM-008,김동학,,,,,,,,print-kb/wiki/policy/review.md#RVW-03 · L4 사유: new — 리뷰 삭제 시 보상 회수 규칙 미수록. 근거 print-kb/review.md#RVW-03(오염 아님).,샵바이 셀러어드민 > 프로모션 메뉴에서 「리뷰 삭제 시 보상 회수」 설정을 확인하고 신규몰 테스트 계정에서 결과가 보이면 완료.,STD-PRM-002,미착수,nhn,config,admin-manual,해당 엔드포인트 없음 (셀러어드민 화면으로만 제공),N,사람 판정 260917 — 리뷰 삭제 시 보상 회수는 셀러어드민 적립 설정,,,분류=개발 · 오픈차단여부=작업 항목 · 작업량=2-3일,ledger-v4
STD-PRM-009,detail,T3,D2,사진 리뷰 추가 보상,STD-PRM-009,김동학,,,,,,,,https://service.shopby.co.kr/accumulation/setting@2026-09-16 21:33,샵바이 셀러어드민 > 프로모션 메뉴에서 「사진 리뷰 추가 보상」 설정을 확인하고 신규몰 테스트 계정에서 결과가 보이면 완료.,STD-PAY-007,작동,nhn,config,admin-manual,해당 엔드포인트 없음 (셀러어드민 화면으로만 제공),N,사람 판정 260917 — 사진 리뷰 추가 보상은 셀러어드민 적립 설정,,,분류=개발 · 오픈차단여부=작업 항목 · 작업량=2-3일,ledger-v4
STD-PRM-010,detail,T3,A5,기획전/할인 이벤트 페이지,STD-PRM-010,김동학,,,,,,,,SB-001 partial — huni-skin-shopby/src/lib/legacy-data/hooks.ts:352-360 (프로모 데이터원 legacy mock 빈배열),https://shopby.huniprinting.co.kr/ 홈 「프로모션 ZONE」 배너를 누르면 기획전 페이지가 열리고 할인 상품이 보이면 완료.,—,미착수,huni,dev,shop-api,display-shop-public.endpoints.json GET /display/banners/{bannerSectionCodes},,A5∈구간집합 · 규칙 /배너|기획전|팝업/,,,분류=개발 · 오픈차단여부=작업 항목 · 작업량=2-3일,ledger-v4
STD-PRM-011,detail,T3,D2,체험단 모집·신청·당첨·후기,STD-PRM-011,신우진,,,,,,,,print-kb/wiki/policy/custom-dev.md#CST-05 · L4 사유: 체험단 native 지원 범위 미확인. 3차 후보.,"PM이 체험단 기능을 10/6 범위에 넣을지 정하고(넣으면 신규 개발 1주+), 결정 문장 1줄과 결정일(YYYY-MM-DD)이 `R/R3/decisions-for-pm.md` §A-1(오픈 범위) 의 STD-PRM-011 줄에 기재되어 있으면 완료 (기록처: 모범 STD-SYS-027 형식).",—,미착수,huni,dev,none,샵바이 비경유,,사람 판정 260917 — 원장 결정형 행(체험단),,,분류=이슈 · 오픈차단여부=작업 항목 · 작업량=1주+ · 소요 미합산(분류=이슈),ledger-v4
STD-PRM-012,detail,T5,D1,알림톡/SMS 마케팅 발송,STD-PRM-012,김동학,,,,,,,,print-kb/wiki/policy/membership-auth.md#MEM-02 알림톡 계약 필요 · L4 사유: 알림톡/SMS 계약 미체결 — 1차 영향·조기 필요.,샵바이 셀러어드민 > 프로모션 메뉴에서 「알림톡/SMS 마케팅 발송」 설정을 확인하고 신규몰 테스트 계정에서 결과가 보이면 완료.,—,미착수,huni,dev,none,샵바이 비경유,,D1 · 매칭 규칙 없음,,,분류=개발 · 오픈차단여부=작업 항목 · 작업량=2-3일,ledger-v4
STD-PRM-013,detail,T5,D1,이메일 뉴스레터 발송,STD-PRM-013,김동학,,,,,,,,print-quote/04_design/ia.md §2.1 고객센터 파생 · L4 사유: new(★ia.md 오염) — 근거출처가 print-quote/04_design/ia.md 파생이라 §4-1 상 「독립 발견」으로 신뢰하면 과대평가. 후니 IA 계보 안에서 파생된 항목.,샵바이 셀러어드민 > 프로모션 메뉴에서 「이메일 뉴스레터 발송」 설정을 확인하고 신규몰 테스트 계정에서 결과가 보이면 완료.,STD-SYS-040,미착수,huni,dev,none,샵바이 비경유,,D1 · 매칭 규칙 없음,,,분류=개발 · 오픈차단여부=작업 항목 · 작업량=2-3일,ledger-v4
STD-PRM-014,detail,T5,D1,마케팅 수신동의 관리,STD-PRM-014,김동학,,,,,,,,https://shopby.huniprinting.co.kr/signup@2026-09-16 21:27,https://shopby.huniprinting.co.kr/signup 에서 마케팅 수신 SMS/이메일 체크가 각각 되면 완료(마이페이지 변경은 별도 확인).,—,작동,huni,dev,none,샵바이 비경유,,D1 · 매칭 규칙 없음,,,분류=검증 · 오픈차단여부=작업 항목 · 작업량=반일 · 소요 미합산(분류=검증),ledger-v4
STD-PRM-015,detail,T3,A5,(IA r59 기능명 공란),STD-PRM-015,신우진,,,,,,,,docs/huni/후니프린팅_IA.xlsx:IA 확인!r59 (기능명 없음),PM이 IA 59행의 기능명을 채우거나 삭제하면 완료.,—,미실측,huni,dev,none,샵바이 비경유,,A5 · 매칭 규칙 없음,,,분류=이슈 · 오픈차단여부=미판정 · 작업량=미판정 · 소요 미합산(분류=이슈),ledger-v4
STD-PRM-016,detail,T3,D2,이용후기 메인(전체 리뷰 모아보기),STD-PRM-016,신우진,,,,,,,,https://shopby.huniprinting.co.kr/ @ 2026-09-16 21:26,PM 결정 후 홈 또는 메뉴에 「이용후기」가 있고 전체 리뷰가 모여 보이면 완료.,—,미착수,huni,dev,shop-api,display-shop-public.endpoints.json POST /products/{productNo}/product-reviews,,D2∈구간집합 · 규칙 /리뷰|후기/,,,분류=이슈 · 오픈차단여부=작업 항목 · 작업량=2-3일 · 소요 미합산(분류=이슈),ledger-v4
STD-PRM-017,detail,T3,D2,[구IA#71] 체험단관리 (등록/수정/신청내역),STD-PRM-017,신우진,,,,,,,,IA No.71 체험단관리 · 신규 어디에도 없음 @ 2026-09-16 21:28,"체험단을 1차 범위에서 뺄지 결정하고, 결정 문장 1줄과 결정일(YYYY-MM-DD)이 `R/R3/decisions-for-pm.md` §A-1(오픈 범위) 의 STD-PRM-017 줄에 기재되어 있으면 완료 (기록처: 모범 STD-SYS-027 형식).",—,미실측,huni,dev,none,샵바이 비경유,,D2 · 매칭 규칙 없음,,,분류=이슈 · 오픈차단여부=오픈 무관 · 작업량=반일 · 소요 미합산(분류=이슈),ledger-v4
STD-PRM-018,detail,T3,D2,[구IA#76] 쿠폰관리 (발행/매칭/사용내역),STD-PRM-018,최숙진,,,,,,,,IA No.76 쿠폰관리 · 샵바이 쿠폰(R1d),셀러어드민에서 쿠폰 1종을 발행해 테스트 회원이 받으면 완료.,—,미실측,nhn,config,admin-manual,promotion-server-public.endpoints.json GET /coupons/use (Server API 있음 → 수동은 우리 선택),Y,nhn+규칙 /쿠폰.*(사용|등록)내역|쿠폰.*내역/,,,분류=설정 · 오픈차단여부=작업 항목 · 작업량=반일 · 소요 미합산(분류=설정),ledger-v4
STD-PRM-019,detail,T3,D2,[구IA#77] 쿠폰등록내역,STD-PRM-019,최숙진,,,,,,,,IA No.77 쿠폰등록내역 · 샵바이(R1d),쿠폰 발급내역 화면이 보이면 완료.,—,미실측,nhn,config,admin-manual,promotion-server-public.endpoints.json GET /coupons/use (Server API 있음 → 수동은 우리 선택),Y,nhn+규칙 /쿠폰.*(사용|등록)내역|쿠폰.*내역/,,,분류=검증 · 오픈차단여부=작업 항목 · 작업량=반일 · 소요 미합산(분류=검증),ledger-v4
STD-PRM-020,detail,T3,D2,[구IA#78] 쿠폰사용내역,STD-PRM-020,최숙진,,,,,,,,IA No.78 쿠폰사용내역 · 샵바이(R1d),쿠폰 사용내역 화면이 보이면 완료.,—,미실측,nhn,config,admin-manual,promotion-server-public.endpoints.json GET /coupons/use (Server API 있음 → 수동은 우리 선택),Y,nhn+규칙 /쿠폰.*(사용|등록)내역|쿠폰.*내역/,,,분류=검증 · 오픈차단여부=작업 항목 · 작업량=반일 · 소요 미합산(분류=검증),ledger-v4
STD-PRM-021,detail,T5,D1,080 수신거부 서비스 미도입 확정,STD-PRM-021,신우진,,,,,,,,후니정기미팅 정리260915.html §회원·로그인·인증 · 확정 4,080 수신거부 서비스 신청을 하지 않기로 한 결정이 기록되어 있으면 완료,—,구현-미검증,huni,dev,none,샵바이 비경유,,D1 · 매칭 규칙 없음,,,분류=이슈 · 오픈차단여부=오픈 무관 · 작업량=반일 · 소요 미합산(분류=이슈),ledger-v4
STD-B2B-001,detail,T5,E1,거래처(기업회원) 등록·관리,STD-B2B-001,김동학,,,,,,,,WA-060 partial — raw/webadmin/webadmin/catalog/models.py:87 (TCusCustomers 모델만·전용 운영화면 urls.py 부재),webadmin 또는 셀러어드민에서 「거래처(기업회원) 등록·관리」 화면을 열어 거래처 1건으로 값이 저장·조회되면 완료.,—,부분,huni,dev,none,샵바이 비경유,,E1 · 매칭 규칙 없음,,,분류=수정 · 오픈차단여부=작업 항목 · 작업량=1일,ledger-v4
STD-B2B-002,detail,T5,E1,거래처별 단가/할인율 설정,STD-B2B-002,김동학,,,,,,,,print-kb/wiki/huni/price-engine.md#PE-SOT-5 가격소스 우선순위 · L4 사유: 돈 걸림. 등급가 매핑 미결이 선행.,webadmin 또는 셀러어드민에서 「거래처별 단가/할인율 설정」 화면을 열어 거래처 1건으로 값이 저장·조회되면 완료.,—,미착수,huni,dev,none,샵바이 비경유,,E1 · 매칭 규칙 없음,,,분류=개발 · 오픈차단여부=작업 항목 · 작업량=1주+,ledger-v4
STD-B2B-003,detail,T5,E1,거래처 소속 담당자 다계정,STD-B2B-003,김동학,,,,,,,,WA-060 partial(모델만),webadmin 또는 셀러어드민에서 「거래처 소속 담당자 다계정」 화면을 열어 거래처 1건으로 값이 저장·조회되면 완료.,—,미착수,huni,dev,none,샵바이 비경유,,E1 · 매칭 규칙 없음,,,분류=개발 · 오픈차단여부=작업 항목 · 작업량=1주+,ledger-v4
STD-B2B-004,detail,T6,D5,후불 여신한도 설정,STD-B2B-004,김동학,,,,,,,,print-kb/wiki/policy/custom-dev.md#CST-07 · L4 사유: F-141 후불결제(돈·주문) 미착수.,webadmin 또는 셀러어드민에서 「후불 여신한도 설정」 화면을 열어 거래처 1건으로 값이 저장·조회되면 완료.,—,미착수,huni,dev,none,샵바이 비경유,,D5 · 매칭 규칙 없음,,,분류=개발 · 오픈차단여부=작업 항목 · 작업량=1주+,ledger-v4
STD-B2B-005,detail,T6,D5,후불 주문 승인·미결제 관리,STD-B2B-005,김동학,,,,,,,,print-kb/wiki/policy/order-mgmt.md#OMG-04 · L4 사유: 후불 승인·미결제 관리 L2 무근거.,webadmin 또는 셀러어드민에서 「후불 주문 승인·미결제 관리」 화면을 열어 거래처 1건으로 값이 저장·조회되면 완료.,—,미착수,huni,dev,none,샵바이 비경유,,D5 · 매칭 규칙 없음,,,분류=개발 · 오픈차단여부=작업 항목 · 작업량=1주+,ledger-v4
STD-B2B-006,detail,T5,E1,월 마감 청구서 발행,STD-B2B-006,김동학,,,,,,,,print-kb/wiki/policy/operations.md#OPS-05 월단위 마감 · L4 사유: 돈 걸림(F-098). 원장 월마감 미구현.,webadmin 또는 셀러어드민에서 「월 마감 청구서 발행」 화면을 열어 거래처 1건으로 값이 저장·조회되면 완료.,—,미착수,huni,dev,none,샵바이 비경유,,E1 · 매칭 규칙 없음,,,분류=개발 · 오픈차단여부=작업 항목 · 작업량=1주+,ledger-v4
STD-B2B-007,detail,T5,E1,업체별 미수금 관리,STD-B2B-007,김동학,,,,,,,,print-quote/04_design/ia.md §2.3 SM-A-06 · L4 사유: 돈 걸림(F-099).,webadmin 또는 셀러어드민에서 「업체별 미수금 관리」 화면을 열어 거래처 1건으로 값이 저장·조회되면 완료.,—,미착수,huni,dev,none,샵바이 비경유,,E1 · 매칭 규칙 없음,,,분류=개발 · 오픈차단여부=작업 항목 · 작업량=1주+,ledger-v4
STD-B2B-008,detail,T6,D5,거래처 원장(온·오프라인 통합),STD-B2B-008,김동학,,,,,,,,print-kb/wiki/policy/custom-dev.md#CST-06 · L4 사유: 온·오프라인 통합 원장 + 계좌관리. 전부 CUSTOM.,webadmin 또는 셀러어드민에서 「거래처 원장(온·오프라인 통합)」 화면을 열어 거래처 1건으로 값이 저장·조회되면 완료.,—,미착수,huni,dev,none,샵바이 비경유,,D5 · 매칭 규칙 없음,,,분류=개발 · 오픈차단여부=작업 항목 · 작업량=1주+,ledger-v4
STD-B2B-009,detail,T6,D5,원장 데이터 파일 생성(.txt 연계),STD-B2B-009,김동학,,,,,,,,print-quote/04_design/ia.md §2.3 SM-A-02 .txt 생성 · L4 사유: .txt 연계 생성 미구현.,webadmin 또는 셀러어드민에서 「원장 데이터 파일 생성(.txt 연계)」 화면을 열어 거래처 1건으로 값이 저장·조회되면 완료.,—,미착수,huni,dev,none,샵바이 비경유,,D5 · 매칭 규칙 없음,,,분류=개발 · 오픈차단여부=작업 항목 · 작업량=1주+,ledger-v4
STD-B2B-010,detail,T5,E1,대량 견적 요청 접수·회신,STD-B2B-010,김동학,,,,,,,,SB-056 absent(문의 라우트 부재),webadmin 또는 셀러어드민에서 「대량 견적 요청 접수·회신」 화면을 열어 거래처 1건으로 값이 저장·조회되면 완료.,—,미착수,huni,dev,none,샵바이 비경유,,E1 · 매칭 규칙 없음,,,분류=개발 · 오픈차단여부=작업 항목 · 작업량=1주+,ledger-v4
STD-B2B-011,detail,T5,E1,견적서 발행(사업자 양식),STD-B2B-011,김동학,,,,,,,,print-quote/04_design/ia.md §2.1 대량견적 파생 · L4 사유: F-051 견적서 생성·다운로드는 L4a 도메인 std 와도 물린다 — legacy 1:N 공유(§4-2).,webadmin 또는 셀러어드민에서 「견적서 발행(사업자 양식)」 화면을 열어 거래처 1건으로 값이 저장·조회되면 완료.,—,미착수,huni,dev,none,샵바이 비경유,,E1 · 매칭 규칙 없음,,,분류=개발 · 오픈차단여부=작업 항목 · 작업량=1주+,ledger-v4
STD-B2B-012,detail,T5,D4,세금계산서 일괄 발행,STD-B2B-012,미정,,,,,,,,SB-053 stub — document-section.tsx:1-6 · D-18 endpoint='(호출 지점 없음)',셀러어드민(service.shopby.co.kr) 정산/세금계산서 메뉴에서 「일괄 발행」을 실행해 발행 결과 1건의 금액이 해당 주문의 결제금액과 원 단위까지 같은 것이 화면에 보이면 완료. 메뉴가 없으면 「셀러어드민에 세금계산서 일괄 발행 없음」을 비고에 적고 개발 항목으로 전환한다.,—,미착수,huni,dev,none,샵바이 비경유,,D4 · 매칭 규칙 없음,,,분류=미판정 · 오픈차단여부=작업 항목 · 작업량=미판정 · 소요 미합산(분류=미판정),ledger-v4
STD-B2B-013,detail,T5,E1,[구IA#45] 거래처관리 (등록/수정/처리),STD-B2B-013,신우진,,,,,,,,docs/huni/후니프린팅_IA.xlsx 「IA 확인」 No.45 · webadmin 사이드바 33화면에 거래처 없음 @ 2026-09-16 21:28 · 셀러어드민 미확인(R1d),"거래처(B2B) 관리를 샵바이 회원등급으로 대체할지 결정하고, 결정 문장 1줄과 결정일(YYYY-MM-DD)이 `R/R3/decisions-for-pm.md` §A-1(오픈 범위) 의 STD-B2B-013 줄에 기재되어 있으면 완료 (기록처: 모범 STD-SYS-027 형식).",—,미실측,nhn,config,admin-manual,해당 엔드포인트 없음 (셀러어드민 화면으로만 제공),N,nhn · Server API 대응 규칙 없음,,,분류=이슈 · 오픈차단여부=작업 항목 · 작업량=1일 · 소요 미합산(분류=이슈),ledger-v4
STD-B2B-014,detail,T5,E1,[구IA#46] 매장게시판,STD-B2B-014,신우진,,,,,,,,IA No.46 매장게시판 · webadmin 해당 없음 @ 2026-09-16 21:28,"매장게시판을 1차 범위에서 뺄지 결정하고, 결정 문장 1줄과 결정일(YYYY-MM-DD)이 `R/R3/decisions-for-pm.md` §A-1(오픈 범위) 의 STD-B2B-014 줄에 기재되어 있으면 완료 (기록처: 모범 STD-SYS-027 형식).",—,미실측,nhn,config,admin-manual,해당 엔드포인트 없음 (셀러어드민 화면으로만 제공),N,nhn · Server API 대응 규칙 없음,,,분류=이슈 · 오픈차단여부=작업 항목 · 작업량=반일 · 소요 미합산(분류=이슈),ledger-v4
STD-B2B-015,detail,T6,D5,[구IA#91] 주문관리-후불결제,STD-B2B-015,신우진,,,,,,,,IA No.91 주문관리-후불결제 · 9/15 회의 결제수단 표(가상계좌 미신청·토스 제외) · webadmin 없음,"후불결제(B2B)를 1차 범위에서 뺄지 결정하고, 결정 문장 1줄과 결정일(YYYY-MM-DD)이 `R/R3/decisions-for-pm.md` §A-1(오픈 범위) 의 STD-B2B-015 줄에 기재되어 있으면 완료 (기록처: 모범 STD-SYS-027 형식).",—,미실측,huni,dev,none,샵바이 비경유,,D5 · 매칭 규칙 없음,,,분류=이슈 · 오픈차단여부=오픈 무관 · 작업량=1일 · 소요 미합산(분류=이슈),ledger-v4
STD-ADP-001,detail,T2,A1,사이즈 마스터 등록·관리,STD-ADP-001,서희항,,,,,,,,https://huni-admin.printly.co.kr/admin/catalog/tsizsizes/@2026-09-16 21:28,기준정보 › 사이즈정보에서 사이즈 하나를 열어 재단·작업·여백이 보이면 완료.,—,작동,huni,dev,none,샵바이 비경유,,A1 · 매칭 규칙 없음,,,분류=검증 · 오픈차단여부=작업 항목 · 작업량=반일 · 소요 미합산(분류=검증),ledger-v4
STD-ADP-002,detail,T2,A1,소재(자재) 마스터 등록·관리,STD-ADP-002,서희항,,,,,,,,https://huni-admin.printly.co.kr/admin/master/mat/@2026-09-16 21:28,기준정보 › 자재정보에서 상위 자재를 눌러 하위 표가 열리면 완료.,—,작동,huni,dev,none,샵바이 비경유,,A1 · 매칭 규칙 없음,,,분류=검증 · 오픈차단여부=작업 항목 · 작업량=반일 · 소요 미합산(분류=검증),ledger-v4
STD-ADP-003,detail,T2,A1,용지·평량 마스터 관리,STD-ADP-003,서희항,,,,,,,,https://huni-admin.printly.co.kr/admin/paper-management/@2026-09-16 21:28,용지 관리에서 용지를 골라 [단가] 탭 배지 숫자가 보이면 완료.,—,작동,huni,dev,none,샵바이 비경유,,A1 · 매칭 규칙 없음,,,분류=검증 · 오픈차단여부=작업 항목 · 작업량=반일 · 소요 미합산(분류=검증),ledger-v4
STD-ADP-004,detail,T2,A1,도수/색상 코드 관리,STD-ADP-004,서희항,,,,,,,,https://huni-admin.printly.co.kr/admin/catalog/tclrcolorcounts/@2026-09-16 21:28,도수정보·인쇄옵션 목록이 열리고 상품 뷰어 도수 섹션에 표시명을 붙일 수 있으면 완료.,—,작동,huni,dev,none,샵바이 비경유,,A1 · 매칭 규칙 없음,,,분류=검증 · 오픈차단여부=작업 항목 · 작업량=반일 · 소요 미합산(분류=검증),ledger-v4
STD-ADP-005,detail,T2,A1,공정(후가공) 마스터 관리,STD-ADP-005,서희항,,,,,,,,https://huni-admin.printly.co.kr/admin/master/proc/@2026-09-16 21:33,공정정보에서 공정 하나의 「사용 상품」 배지를 눌러 상품 목록 팝업이 뜨면 완료.,—,작동,huni,dev,none,샵바이 비경유,,A1 · 매칭 규칙 없음,,,분류=검증 · 오픈차단여부=작업 항목 · 작업량=반일 · 소요 미합산(분류=검증),ledger-v4
STD-ADP-006,detail,T2,A1,공정 택일그룹 관리,STD-ADP-006,서희항,,,,,,,,raw/webadmin/webadmin/catalog/admin.py:1595 '(제거됨 — Phase 7/07-08) 공정 택일그룹 모델: 옵션그룹으로 흡수·DROP' · raw/webadmin/webadmin/config/urls.py:356-360 옵션그룹 CRUD,상품 뷰어 옵션에서 단일선택 그룹을 만들어 위젯이 택1 컨트롤로 그리면 완료.,—,구현-미검증,huni,dev,none,샵바이 비경유,,A1 · 매칭 규칙 없음,,,분류=검증 · 오픈차단여부=작업 항목 · 작업량=반일 · 소요 미합산(분류=검증),ledger-v4
STD-ADP-007,detail,T2,A1,판형(출력판형)·판걸이수 관리,STD-ADP-007,서희항,,,,,,,,https://huni-admin.printly.co.kr/admin/product-viewer/?prd=PRD_000069@2026-09-16 21:30,상품 뷰어 「판형」 섹션에 판형·출력용지유형·기본판형여부가 보이면 완료.,—,작동,huni,dev,none,샵바이 비경유,,A1 · 매칭 규칙 없음,,,분류=검증 · 오픈차단여부=작업 항목 · 작업량=반일 · 소요 미합산(분류=검증),ledger-v4
STD-ADP-008,detail,T2,A1,제본 방식 마스터 관리,STD-ADP-008,서희항,,,,,,,,raw/webadmin/webadmin/config/urls.py:320-330 책등(spine) 계산 규칙 · raw/webadmin/webadmin/catalog/spine_calc.py:1,공정정보 목록 「책등계산」 열 아이콘을 눌러 설정 팝업이 열리면 완료.,—,구현-미검증,huni,dev,none,샵바이 비경유,,A1 · 매칭 규칙 없음,,,분류=검증 · 오픈차단여부=작업 항목 · 작업량=반일 · 소요 미합산(분류=검증),ledger-v4
STD-ADP-009,detail,T2,A1,기초코드 논리삭제·이름변경 정책 적용,STD-ADP-009,서희항,,,,,,,,https://huni-admin.printly.co.kr/admin/basecode-master/@2026-09-16 21:28,기초코드정보에서 항목을 삭제해 목록에서만 숨고 DB 에 남으면 완료.,—,작동,huni,dev,none,샵바이 비경유,,A1 · 매칭 규칙 없음,,,분류=검증 · 오픈차단여부=작업 항목 · 작업량=반일 · 소요 미합산(분류=검증),ledger-v4
STD-ADP-010,detail,T2,A1,인쇄/제본 상품 등록,STD-ADP-010,서희항,,,,,,,,https://huni-admin.printly.co.kr/admin/product-viewer/@2026-09-16 21:28,상품정보에서 상품을 추가하고 상품 뷰어에서 사이즈·자재·공정을 연결할 수 있으면 완료.,—,작동,huni,dev,none,샵바이 비경유,,A1 · 매칭 규칙 없음,,,분류=검증 · 오픈차단여부=작업 항목 · 작업량=반일 · 소요 미합산(분류=검증),ledger-v4
STD-ADP-011,detail,T2,A1,굿즈 상품 등록,STD-ADP-011,서희항,,,,,,,,https://huni-admin.printly.co.kr/admin/product-viewer/?prd=PRD_000146@2026-09-16 21:30,굿즈 상품(아크릴키링)을 상품 뷰어에서 열어 구성이 보이면 완료.,—,작동,huni,dev,none,샵바이 비경유,,A1 · 매칭 규칙 없음,,,분류=검증 · 오픈차단여부=작업 항목 · 작업량=반일 · 소요 미합산(분류=검증),ledger-v4
STD-ADP-012,detail,T2,A1,포장재 상품 등록,STD-ADP-012,서희항,,,,,,,,https://huni-admin.printly.co.kr/admin/sku-catalog/@2026-09-16 21:28,OPP봉투 같은 기성 상품이 상품 뷰어·기본사양가에 보이면 완료.,—,작동,huni,dev,none,샵바이 비경유,,A1 · 매칭 규칙 없음,,,분류=검증 · 오픈차단여부=작업 항목 · 작업량=반일 · 소요 미합산(분류=검증),ledger-v4
STD-ADP-013,detail,T2,A1,상품-카테고리 귀속(다중분류),STD-ADP-013,서희항,,,,,,,,https://huni-admin.printly.co.kr/admin/catalog/tprdproducts/@2026-09-16 21:32,상품정보 편집에서 카테고리 두 곳을 붙이고 저장 시 주카테고리 안내가 뜨면 완료.,—,작동,huni,dev,none,샵바이 비경유,,A1 · 매칭 규칙 없음,,,분류=검증 · 오픈차단여부=작업 항목 · 작업량=반일 · 소요 미합산(분류=검증),ledger-v4
STD-ADP-014,detail,T2,A1,상품 진열/노출 상태 관리,STD-ADP-014,서희항,,,,,,,,https://huni-admin.printly.co.kr/admin/catalog/tprdproducts/@2026-09-16 21:32,상품정보에서 게시여부를 N 으로 저장하면 샵바이 전시가 「전시 안 함」으로 바뀌고 「자사몰」 열에 배지가 없으면 완료.,—,작동,huni,dev,none,샵바이 비경유,,A1 · 매칭 규칙 없음,,,분류=검증 · 오픈차단여부=작업 항목 · 작업량=반일 · 소요 미합산(분류=검증),ledger-v4
STD-ADP-015,detail,T2,A1,상품 상세페이지 콘텐츠 편집,STD-ADP-015,김동학,,,,,,,,huni-skin-shopby/src/app/(main)/product/[slug]/page.tsx:51-56 Pie Canvas 발행 상세탭 조회,상품 상세 탭이 페이지빌더에서 게시되어 자사몰에 보이면 완료(R1a 영역).,—,부분,huni,config,none,샵바이 비경유,,A1 · 매칭 규칙 없음,,,분류=설정 · 오픈차단여부=작업 항목 · 작업량=2-3일 · 소요 미합산(분류=설정),ledger-v4
STD-ADP-016,detail,T2,A1,셋트(부품조립) 상품 구성 관리,STD-ADP-016,서희항,,,,,,,,https://huni-admin.printly.co.kr/admin/set-products/@2026-09-16 21:28,셋트상품 관리에서 무선책자를 열어 표지·내지 구성원과 권당 개수가 보이면 완료.,—,작동,huni,dev,none,샵바이 비경유,,A1 · 매칭 규칙 없음,,,분류=검증 · 오픈차단여부=작업 항목 · 작업량=반일 · 소요 미합산(분류=검증),ledger-v4
STD-ADP-017,detail,T2,A3,상품별 옵션그룹 구성,STD-ADP-017,서희항,,,,,,,,raw/webadmin/webadmin/config/urls.py:356-360 옵션그룹/옵션/항목 CRUD,상품 뷰어 옵션 화면에서 그룹→옵션→항목으로 들어가면 완료.,—,구현-미검증,huni,dev,none,샵바이 비경유,,A3 · 매칭 규칙 없음,,,분류=검증 · 오픈차단여부=작업 항목 · 작업량=반일 · 소요 미합산(분류=검증),ledger-v4
STD-ADP-018,detail,T2,A3,옵션 항목 ↔ 차원 참조 연결,STD-ADP-018,서희항,,,,,,,,https://huni-admin.printly.co.kr/admin/tmpl-combo-md/@2026-09-16 21:28,구성템플릿 조합에서 상품을 골라 조합 시트에 자재가 붙어 있으면 완료.,—,작동,huni,dev,none,샵바이 비경유,,A3 · 매칭 규칙 없음,,,분류=검증 · 오픈차단여부=작업 항목 · 작업량=반일 · 소요 미합산(분류=검증),ledger-v4
STD-ADP-019,detail,T2,A3,옵션 참조 무결성 검증,STD-ADP-019,서희항,,,,,,,,raw/webadmin/webadmin/config/urls.py:373 상품 유효성 검증(validate),담당 개발자가 정합성 검사를 돌려 crit 0 결과를 공유하면 완료(사이트 오픈 전 --strict).,—,구현-미검증,huni,dev,none,샵바이 비경유,,A3 · 매칭 규칙 없음,,,분류=검증 · 오픈차단여부=작업 항목 · 작업량=반일 · 소요 미합산(분류=검증),ledger-v4
STD-ADP-020,detail,T2,A3,추가상품 템플릿 구성,STD-ADP-020,서희항,,,,,,,,https://huni-admin.printly.co.kr/admin/sku-catalog/@2026-09-16 21:28,추가상품 템플릿 카탈로그 「편집」으로 들어가 선택값을 고칠 수 있으면 완료.,—,작동,huni,dev,none,샵바이 비경유,,A3 · 매칭 규칙 없음,,,분류=검증 · 오픈차단여부=작업 항목 · 작업량=반일 · 소요 미합산(분류=검증),ledger-v4
STD-ADP-021,detail,T2,A3,제약규칙 등록(UI 폼빌더),STD-ADP-021,서희항,,,,,,,,raw/webadmin/webadmin/config/urls.py:371 제약규칙(JSONLogic) 관리 · raw/webadmin/webadmin/catalog/models.py:801 제약 모델,상품 뷰어 제약 편집에서 조건 그룹을 추가하고 저장되면 완료.,—,구현-미검증,huni,dev,none,샵바이 비경유,,A3 · 매칭 규칙 없음,,,분류=검증 · 오픈차단여부=작업 항목 · 작업량=반일 · 소요 미합산(분류=검증),ledger-v4
STD-ADP-022,detail,T2,A3,제약규칙 시뮬레이션·미리보기,STD-ADP-022,서희항,,,,,,,,raw/webadmin/webadmin/config/urls.py:169 price_sim_constraints — '제약 cascade: 현재 선택 → 각 차원 불가값(비활성)',제약 편집 화면 「이 조합 검사」로 금지 조합이 빨갛게 표시되면 완료.,—,구현-미검증,huni,dev,none,샵바이 비경유,,A3 · 매칭 규칙 없음,,,분류=검증 · 오픈차단여부=작업 항목 · 작업량=반일 · 소요 미합산(분류=검증),ledger-v4
STD-ADP-023,detail,T2,A2,가격공식 등록·상품 바인딩,STD-ADP-023,서희항,,,,,,,,https://huni-admin.printly.co.kr/admin/price-viewer/?prd=PRD_000069@2026-09-16 21:30,가격 뷰어에서 상품에 공식을 연결하면 「현재 적용」으로 바뀌면 완료.,—,작동,huni,dev,none,샵바이 비경유,,A2 · 매칭 규칙 없음,,,분류=검증 · 오픈차단여부=작업 항목 · 작업량=반일 · 소요 미합산(분류=검증),ledger-v4
STD-ADP-024,detail,T2,A2,가격구성요소 등록·차원 지정,STD-ADP-024,서희항,,,,,,,,https://huni-admin.printly.co.kr/admin/price-component-md/@2026-09-16 21:28,가격구성요소에서 새 구성요소를 만들고 사용차원·단가유형을 저장하면 완료.,—,작동,huni,dev,none,샵바이 비경유,,A2 · 매칭 규칙 없음,,,분류=검증 · 오픈차단여부=작업 항목 · 작업량=반일 · 소요 미합산(분류=검증),ledger-v4
STD-ADP-025,detail,T2,A2,단가행 일괄 등록(엑셀 업로드),STD-ADP-025,서희항,,,,,,,,raw/webadmin/webadmin/catalog/price_views.py:1650 '그리드에 보이는 행이 곧 이 구성요소의 전체 단가표(엑셀처럼)' · raw/webadmin/webadmin/catalog/templates/catalog/comp_price_grid_page.html:142-145 엑셀 복사·붙여넣기,단가표 그리드에 엑셀 10행을 붙여넣고 [변경분 저장] 후 다시 열어 남아 있으면 완료.,—,구현-미검증,huni,dev,none,샵바이 비경유,,A2 · 매칭 규칙 없음,,,분류=검증 · 오픈차단여부=작업 항목 · 작업량=반일 · 소요 미합산(분류=검증),ledger-v4
STD-ADP-026,detail,T2,A2,단가유형(단가형/합가형) 설정,STD-ADP-026,서희항,,,,,,,,raw/webadmin/webadmin/catalog/admin.py:2816 'Phase 11: 사용차원 순서지정 위젯 + 단가유형 그룹제한(basecodes prc_typ_cd)',가격구성요소 단가유형을 바꾸면 그리드 머리글이 단가/합가/고정으로 바뀌면 완료.,—,구현-미검증,huni,dev,none,샵바이 비경유,,A2 · 매칭 규칙 없음,,,분류=검증 · 오픈차단여부=작업 항목 · 작업량=반일 · 소요 미합산(분류=검증),ledger-v4
STD-ADP-027,detail,T2,A2,수량구간 할인테이블 관리,STD-ADP-027,서희항,,,,,,,,https://huni-admin.printly.co.kr/admin/discount-table-md/@2026-09-16 21:28,할인테이블에서 구간을 고치고 위젯 수량을 올려 할인율이 반영되면 완료.,—,작동,huni,dev,none,샵바이 비경유,,A2 · 매칭 규칙 없음,,,분류=검증 · 오픈차단여부=작업 항목 · 작업량=반일 · 소요 미합산(분류=검증),ledger-v4
STD-ADP-028,detail,T2,A2,면적 매트릭스 단가 관리,STD-ADP-028,서희항,,,,,,,,raw/webadmin/webadmin/config/urls.py:144-148 단가 그리드(차원 조합 행) · raw/webadmin/webadmin/catalog/pricing.py:1 evaluate_price,아크릴 구성요소 단가표에 siz_width 구간 행을 추가해 시뮬레이터 값이 바뀌면 완료.,—,구현-미검증,huni,dev,none,샵바이 비경유,,A2 · 매칭 규칙 없음,,,분류=검증 · 오픈차단여부=작업 항목 · 작업량=반일 · 소요 미합산(분류=검증),ledger-v4
STD-ADP-029,detail,T2,A2,템플릿 직접단가 관리,STD-ADP-029,서희항,,,,,,,,https://huni-admin.printly.co.kr/admin/price-viewer/?prd=PRD_000146@2026-09-16 21:30,가격 뷰어 하단 「추가상품 템플릿 직접단가」에 값을 넣고 위젯 피커 개당가가 바뀌면 완료.,—,작동,huni,dev,none,샵바이 비경유,,A2 · 매칭 규칙 없음,,,분류=검증 · 오픈차단여부=작업 항목 · 작업량=반일 · 소요 미합산(분류=검증),ledger-v4
STD-ADP-030,detail,T2,A2,가격 적용시작일 기반 이력 관리,STD-ADP-030,서희항,,,,,,,,https://huni-admin.printly.co.kr/admin/price-viewer/?prd=PRD_000069@2026-09-16 21:30,단가표에서 「새 적용일로 개정」으로 미래 날짜 행을 만들면 완료.,—,작동,huni,dev,none,샵바이 비경유,,A2 · 매칭 규칙 없음,,,분류=검증 · 오픈차단여부=작업 항목 · 작업량=반일 · 소요 미합산(분류=검증),ledger-v4
STD-ADP-031,detail,T2,A2,가격 시뮬레이터(운영자 검산),STD-ADP-031,서희항,,,,,,,,https://huni-admin.printly.co.kr/admin/price-simulator/@2026-09-16 21:28,가격 시뮬레이터에서 상품을 고르고 [가격 계산]을 눌러 구성요소별 카드가 나오면 완료.,—,작동,huni,dev,none,샵바이 비경유,,A2 · 매칭 규칙 없음,,,분류=검증 · 오픈차단여부=작업 항목 · 작업량=반일 · 소요 미합산(분류=검증),ledger-v4
STD-ADP-032,detail,T2,A2,가격뷰어(계산 결과 조회),STD-ADP-032,서희항,,,,,,,,https://huni-admin.printly.co.kr/admin/price-viewer/@2026-09-16 21:28,가격 뷰어에서 상품을 고르면 직접단가/공식/할인이 한 화면에 보이면 완료.,—,작동,huni,dev,none,샵바이 비경유,,A2 · 매칭 규칙 없음,,,분류=검증 · 오픈차단여부=작업 항목 · 작업량=반일 · 소요 미합산(분류=검증),ledger-v4
STD-ADP-033,detail,T2,A2,가격 미산출(0원) 상품 진단 리포트,STD-ADP-033,서희항,,,,,,,,https://huni-admin.printly.co.kr/admin/start-price/@2026-09-16 21:29,상품별 기본사양가 화면 「없음(실패)」 탭을 눌러 실패 사유가 상품별로 보이면 완료.,—,작동,huni,dev,none,샵바이 비경유,,A2 · 매칭 규칙 없음,,,분류=검증 · 오픈차단여부=작업 항목 · 작업량=반일 · 소요 미합산(분류=검증),ledger-v4
STD-ADP-034,detail,T2,A1,수작 상품 등록,STD-ADP-034,신우진,,,,,,,,"L3/legacy-normalized.json#F-111,IA-111,SCOPE-111 · _workspace/huni-launch-scope/02_gap/fit-gap-matrix.csv:112 · docs/huni/후니프린팅_통합IA_일정_역할분담_260616.xlsx#02_IA마스터!A112:K112 || P1판정(260902): 수작 상품 등록은 셀러어드민 상품 등록 화면 소관 — 접속 보류로 확인 불가","수작 상품을 별도 유형으로 팔지, 굿즈(완제품)로 등록할지 결정하고, 결정 문장 1줄과 결정일(YYYY-MM-DD)이 `R/R3/decisions-for-pm.md` 이 std_id 신규 항목 의 STD-ADP-034 줄에 기재되어 있으면 완료 (기록처: 모범 STD-SYS-027 형식).",—,미실측,huni,dev,none,샵바이 비경유,,A1 · 매칭 규칙 없음,,,분류=이슈 · 오픈차단여부=미판정 · 작업량=반일 · 소요 미합산(분류=이슈),ledger-v4
STD-ADP-035,detail,T2,A1,디자인 상품 등록,STD-ADP-035,서희항,,,,,,,,https://huni-admin.printly.co.kr/admin/design-md/@2026-09-16 21:33,상품별 디자인에서 포토북에 디자인 1건을 추가하고 자사몰 디자인 고르기 페이지에 뜨면 완료.,—,작동,huni,dev,none,샵바이 비경유,,A1 · 매칭 규칙 없음,,,분류=검증 · 오픈차단여부=미판정 · 작업량=반일 · 소요 미합산(분류=검증),ledger-v4
STD-ADP-036,detail,T2,A1,[구IA#59] 굿즈 카테고리관리,STD-ADP-036,서희항,,,,,,,,https://huni-admin.printly.co.kr/admin/category-master/@2026-09-16 21:28,기준정보 › 카테고리에서 대→중→소 3단계가 열리고 상품에 붙일 수 있으면 완료.,—,작동,huni,dev,none,샵바이 비경유,,A1 · 매칭 규칙 없음,,,분류=검증 · 오픈차단여부=작업 항목 · 작업량=반일 · 소요 미합산(분류=검증),ledger-v4
STD-ADP-037,detail,T2,A2,게시 위젯 가격 전수 대조(1차 최숙진 → 2차 김용기 → 3차 채훈희 승인),STD-ADP-037,최숙진,,,,,,,,후니정기미팅 정리260915.html §가격·템플릿 데이터 · 미결 1 / 후니-오픈잔여작업-실무진안내_260909.html §항목 1 · ④ 완료 기준,"게시된 상품마다 상세페이지 위젯에서 옵션을 골라 나온 금액이 정답표(상품마스터·가격표 최신본)와 100% 일치(어긋남 0건)하고, 1·2·3차 확인 기록과 정답표 버전 날짜가 남으면 완료",—,부분,huni,dev,none,샵바이 비경유,,A2 · 매칭 규칙 없음,,,분류=검증 · 오픈차단여부=작업 항목 · 작업량=2-3일 · 소요 미합산(분류=검증),ledger-v4
STD-ADO-001,detail,T4,C5,주문 목록·검색·필터,STD-ADO-001,김동학,,,,,,,,https://service.shopby.co.kr/order/list@2026-09-16 21:33,샵바이 셀러어드민(service.shopby.co.kr) > 주문 메뉴에서 「주문 목록·검색·필터」에 해당하는 화면을 열어 동작(목록·버튼·저장 결과)이 보이면 완료.,—,작동,huni,dev,none,샵바이 비경유,,C5 · 매칭 규칙 없음,,,분류=수정 · 오픈차단여부=작업 항목 · 작업량=1일,ledger-v4
STD-ADO-002,detail,T4,C5,주문 상세 조회(사양·파일·금액),STD-ADO-002,김동학,,,,,,,,raw/webadmin/webadmin/catalog/models.py:1081 TOrdArtworks(주문 원고) · raw/webadmin/webadmin/catalog/artwork_promote.py:1 tmp→order 승격,샵바이 셀러어드민(service.shopby.co.kr) > 주문 메뉴에서 「주문 상세 조회(사양·파일·금액)」에 해당하는 화면을 열어 동작(목록·버튼·저장 결과)이 보이면 완료.,—,부분,huni,dev,none,샵바이 비경유,,C5 · 매칭 규칙 없음,,,분류=수정 · 오픈차단여부=작업 항목 · 작업량=1일,ledger-v4
STD-ADO-003,detail,T4,C5,주문 상태 변경(단건),STD-ADO-003,김동학,,,,,,,,raw/webadmin/webadmin/catalog/models.py:1085 ord_sts(주문상태) 컬럼 + 제네릭 admin 편집,샵바이 셀러어드민(service.shopby.co.kr) > 주문 메뉴에서 「주문 상태 변경(단건)」에 해당하는 화면을 열어 동작(목록·버튼·저장 결과)이 보이면 완료.,—,부분,huni,dev,none,샵바이 비경유,,C5 · 매칭 규칙 없음,,,분류=수정 · 오픈차단여부=작업 항목 · 작업량=1일,ledger-v4
STD-ADO-004,detail,T4,C5,주문 상태 일괄 변경,STD-ADO-004,김동학,,,,,,,,https://service.shopby.co.kr/order/list@2026-09-16 21:33,샵바이 셀러어드민(service.shopby.co.kr) > 주문 메뉴에서 「주문 상태 일괄 변경」에 해당하는 화면을 열어 동작(목록·버튼·저장 결과)이 보이면 완료.,—,작동,huni,dev,none,샵바이 비경유,,C5 · 매칭 규칙 없음,,,분류=개발 · 오픈차단여부=작업 항목 · 작업량=2-3일,ledger-v4
STD-ADO-005,detail,T4,C5,상태 변경 시 고객 알림 자동발송,STD-ADO-005,김동학,,,,,,,,print-kb/wiki/policy/order-mgmt.md#OMG-03 · L4 사유: 알림톡/SMS 서비스 계약 자체가 미체결(X-SMS-CONTRACT) — 발송 배선 이전 단계,샵바이 셀러어드민(service.shopby.co.kr) > 주문 메뉴에서 「상태 변경 시 고객 알림 자동발송」에 해당하는 화면을 열어 동작(목록·버튼·저장 결과)이 보이면 완료.,STD-SYS-034;STD-SYS-035,미착수,huni,dev,none,샵바이 비경유,,C5 · 매칭 규칙 없음,,,분류=개발 · 오픈차단여부=작업 항목 · 작업량=2-3일,ledger-v4
STD-ADO-006,detail,T4,C5,주문서(작업지시서) 출력,STD-ADO-006,김동학,,,,,,,,print-quote/04_design/ia.md §2.3 SM-A-63 · L4 사유: 주문서(작업지시서) 출력 경로 부재,샵바이 셀러어드민(service.shopby.co.kr) > 주문 메뉴에서 「주문서(작업지시서) 출력」에 해당하는 화면을 열어 동작(목록·버튼·저장 결과)이 보이면 완료.,—,미착수,huni,dev,none,샵바이 비경유,,C5 · 매칭 규칙 없음,,,분류=개발 · 오픈차단여부=작업 항목 · 작업량=2-3일,ledger-v4
STD-ADO-007,detail,T4,C5,고객 SMS/알림톡 수동 발송,STD-ADO-007,김동학,,,,,,,,https://service.shopby.co.kr/order/list@2026-09-16 21:33,샵바이 셀러어드민(service.shopby.co.kr) > 주문 메뉴에서 「고객 SMS/알림톡 수동 발송」에 해당하는 화면을 열어 동작(목록·버튼·저장 결과)이 보이면 완료.,STD-SYS-034,작동,huni,dev,none,샵바이 비경유,,C5 · 매칭 규칙 없음,,,분류=개발 · 오픈차단여부=작업 항목 · 작업량=2-3일,ledger-v4
STD-ADO-008,detail,T4,C4,파일 확인 처리(검판 판정),STD-ADO-008,최숙진,,,,,,,,print-kb/wiki/policy/order-mgmt.md#OMG-02 · L4 사유: 원고 파일 승격(WA-052)은 있으나 검판 '판정'(합격·반려·사유) 화면이 없다. 파일 검수 기준 자체도 미확정(X-DEC-FILECHECK),Plan B: 오픈 초기 파일확인을 MES 화면/수기로 처리하는 절차와 담당을 정해 적으면 완료.,—,미착수,huni,dev,none,샵바이 비경유,,C4 · 매칭 규칙 없음,,,분류=이슈 · 오픈차단여부=오픈 무관 · 작업량=1일 · 소요 미합산(분류=이슈),ledger-v4
STD-ADO-009,detail,T4,C4,재업로드 요청 발송,STD-ADO-009,서희항,,,,,,,,print-quote/04_design/ia.md §2.3 SM-A-62 · L4 사유: 재업로드 요청 발송 경로 부재(SMS 계약 종속),관리자가 재업로드 요청을 누르면 고객 휴대폰에 문자가 오면 완료.,EXT-ALIMTALK;STD-MFG-128,미착수,huni,dev,none,샵바이 비경유,,C4 · 매칭 규칙 없음,,,분류=개발 · 오픈차단여부=작업 항목 · 작업량=1일,ledger-v4
STD-ADO-010,detail,T4,C4,검수 게이트 관리(G1 파일·G3 가공·G4 출고),STD-ADO-010,최숙진,,,,,,,,print-kb/wiki/policy/order-mgmt.md#OMG-05 · L4 사유: 검수 게이트(G1 파일·G3 가공·G4 출고) 단계 관리가 기존 3개 분모 어디에도 없다. 근거출처=print-kb order-mgmt.md#OMG-05 로 ia.md 오염 아님,"G1 파일·G3 가공·G4 출고 검수를 현행 MES 상태값으로 대신할지 정하고, 결정 문장 1줄과 결정일(YYYY-MM-DD)이 `R/R3/decisions-for-pm.md` §A-4(Plan B 확정) 의 STD-ADO-010 줄에 기재되어 있으면 완료 (기록처: 모범 STD-SYS-027 형식).",—,미착수,huni,dev,none,샵바이 비경유,,C4 · 매칭 규칙 없음,,,분류=이슈 · 오픈차단여부=오픈 무관 · 작업량=1일 · 소요 미합산(분류=이슈),ledger-v4
STD-ADO-011,detail,T4,C4,불량 판정·재작업 지시,STD-ADO-011,최숙진,,,,,,,,print-kb/wiki/policy/operations.md#OPS-04 4단계 상태 · L4 사유: 불량 판정·재작업 지시가 기존 분모에 없다. 근거출처=print-kb operations.md#OPS-04 로 ia.md 오염 아님,현행 MES 불량 처리 절차를 그대로 쓰기로 기록하면 완료.,—,미착수,huni,dev,none,샵바이 비경유,,C4 · 매칭 규칙 없음,,,분류=이슈 · 오픈차단여부=오픈 무관 · 작업량=반일 · 소요 미합산(분류=이슈),ledger-v4
STD-ADO-012,detail,T4,C5,인쇄 공정 상태 트래킹,STD-ADO-012,서희항,,,,,,,,print-kb/wiki/policy/custom-dev.md#CST-08 · L4 사유: 생산정보 전달(주문→생산BOM)은 legacy 에 있으나 MES↔Front 통신 규격 미확정(X-MES-SPEC),MES 상태(생산중 등)가 자사몰 주문상태에 반영되면 완료(Plan B 에서는 수동 상태변경).,EXT-MES;STD-MFG-013,미착수,huni,dev,none,샵바이 비경유,,C5 · 매칭 규칙 없음,,,분류=개발 · 오픈차단여부=오픈 무관 · 작업량=1주+,ledger-v4
STD-ADO-013,detail,T4,C5,작업 큐/일정 배정,STD-ADO-013,최숙진,,,,,,,,print-quote/04_design/ia.md §2.3 TR-PROC 워크큐 · L4 사유: 작업 큐/일정 배정이 기존 분모에 없다. ★단 근거출처가 print-quote/04_design/ia.md(TR-PROC 워크큐) — §4-1 오염 구역이라 '독립 발견'으로 세면 안 된다,작업 큐 배정을 현행 MES 로 유지하기로 기록하면 완료.,—,미착수,huni,dev,none,샵바이 비경유,,C5 · 매칭 규칙 없음,,,분류=이슈 · 오픈차단여부=오픈 무관 · 작업량=1일 · 소요 미합산(분류=이슈),ledger-v4
STD-ADO-014,detail,T4,C5,판걸이/임포지션 정보 산출,STD-ADO-014,서희항,,,,,,,,https://huni-admin.printly.co.kr/admin/widget-builder/?prd=PRD_000069@2026-09-16 21:34,시뮬레이터 카드에 「판걸이 N · 판수」가 찍히면 완료.,—,작동,huni,dev,none,샵바이 비경유,,C5 · 매칭 규칙 없음,,,분류=검증 · 오픈차단여부=작업 항목 · 작업량=반일 · 소요 미합산(분류=검증),ledger-v4
STD-ADO-015,detail,T4,C5,생산 지시 데이터 연계(JDF/XJDF),STD-ADO-015,서희항,,,,,,,,print-kb/wiki/base/prepress-file.md#BPF-004 · L4 사유: 생산 지시 데이터 연계(JDF/XJDF)가 기존 분모에 없다. 근거출처=print-kb prepress-file.md#BPF-004 로 오염 아님,JDF/XJDF 미채택을 기록하면 완료.,—,미착수,huni,dev,none,샵바이 비경유,,C5 · 매칭 규칙 없음,,,분류=이슈 · 오픈차단여부=오픈 무관 · 작업량=반일 · 소요 미합산(분류=이슈),ledger-v4
STD-ADO-016,detail,T4,C5,바코드/라벨 출력,STD-ADO-016,최숙진,,,,,,,,"print-quote/04_design/ia.md §2.3 TR-PROC-3 바코드 · L4 사유: 바코드/라벨 출력이 기존 분모에 없다. ★근거출처가 ia.md(TR-PROC-3) — 오염 구역, 독립 발견 아님",현행 MES 바코드 라벨 출력이 신규 주문번호로도 되는지 1건 확인하면 완료.,—,미착수,huni,dev,none,샵바이 비경유,,C5 · 매칭 규칙 없음,,,분류=검증 · 오픈차단여부=오픈 무관 · 작업량=반일 · 소요 미합산(분류=검증),ledger-v4
STD-ADO-017,detail,T4,C5,외주 발주 등록·관리,STD-ADO-017,최숙진,,,,,,,,print-kb/wiki/policy/operations.md#OPS-05 · L4 사유: 외주 발주 등록·관리가 기존 분모에 없다. 근거출처=print-kb operations.md#OPS-05 로 오염 아님,외주 발주를 현행 절차로 1건 처리하기로 기록하면 완료.,—,미착수,huni,dev,none,샵바이 비경유,,C5 · 매칭 규칙 없음,,,분류=검증 · 오픈차단여부=오픈 무관 · 작업량=반일 · 소요 미합산(분류=검증),ledger-v4
STD-ADO-018,detail,T4,C5,외주 입고 전수검수 기록,STD-ADO-018,최숙진,,,,,,,,print-kb/wiki/policy/operations.md#OPS-05 자체 전수검수 · L4 사유: 외주 입고 전수검수 기록이 기존 분모에 없다. 근거출처=print-kb operations.md#OPS-05 로 오염 아님,외주 입고 전수검수 기록을 현행 양식으로 유지하면 완료.,—,미착수,huni,dev,none,샵바이 비경유,,C5 · 매칭 규칙 없음,,,분류=검증 · 오픈차단여부=오픈 무관 · 작업량=반일 · 소요 미합산(분류=검증),ledger-v4
STD-ADO-019,detail,T4,C5,외주 정산(월 마감),STD-ADO-019,최숙진,,,,,,,,print-kb/wiki/policy/operations.md#OPS-05 · L4 사유: legacy 는 '굿즈 발주/정산 Excel' 까지만 있고 월마감 외주정산은 그 부분집합이 아니다 — 인접 legacy 가 있으므로 new 로 올리지 않고 todo 로 둔다,외주 월마감을 엑셀로 유지하기로 기록하면 완료.,—,미착수,huni,dev,none,샵바이 비경유,,C5 · 매칭 규칙 없음,,,분류=이슈 · 오픈차단여부=오픈 무관 · 작업량=1일 · 소요 미합산(분류=이슈),ledger-v4
STD-ADO-020,detail,T4,C6,송장 등록·일괄 업로드,STD-ADO-020,김동학,,,,,,,,https://service.shopby.co.kr/order/list/delivery-prepare@2026-09-16 21:33,샵바이 셀러어드민(service.shopby.co.kr) > 주문 메뉴에서 「송장 등록·일괄 업로드」에 해당하는 화면을 열어 동작(목록·버튼·저장 결과)이 보이면 완료.,—,작동,huni,dev,server-api,order-server-public.endpoints.json PUT /orders/update-invoices,,C6∈구간집합 · 규칙 /송장/,,,분류=개발 · 오픈차단여부=작업 항목 · 작업량=2-3일,ledger-v4
STD-ADO-021,detail,T4,C6,출고 처리·배송중 전이,STD-ADO-021,김동학,,,,,,,,https://service.shopby.co.kr/order/list/delivery-prepare@2026-09-16,샵바이 셀러어드민(service.shopby.co.kr) > 주문 메뉴에서 「출고 처리·배송중 전이」에 해당하는 화면을 열어 동작(목록·버튼·저장 결과)이 보이면 완료.,—,작동,huni,dev,server-api,order-server-public.endpoints.json PUT /orders/change-status/by-shipping-no,,C6∈구간집합 · 규칙 /상품준비중|배송준비중|배송중|샵바이 상태|상태 반영/,,,분류=개발 · 오픈차단여부=작업 항목 · 작업량=2-3일,ledger-v4
STD-ADO-022,detail,T3,D3,클레임 접수 목록·처리,STD-ADO-022,김동학,,,,,,,,https://service.shopby.co.kr/claim/list/cancel@2026-09-16 21:33,샵바이 셀러어드민(service.shopby.co.kr) > 주문 메뉴에서 「클레임 접수 목록·처리」에 해당하는 화면을 열어 동작(목록·버튼·저장 결과)이 보이면 완료.,—,작동,huni,dev,none,샵바이 비경유,,D3 · 매칭 규칙 없음,,,분류=개발 · 오픈차단여부=작업 항목 · 작업량=2-3일,ledger-v4
STD-ADO-023,detail,T3,D3,환불 실행·정산 반영,STD-ADO-023,김동학,,,,,,,,huni-shopby/01_research/order-to-delivery-contract.md §4.3 estimate·account · L4 사유: PG 계약 미체결로 결제수단이 ACCOUNT/NONE 뿐(SB-032 absent) — 환불 실행 경로가 성립하지 않음,샵바이 셀러어드민(service.shopby.co.kr) > 주문 메뉴에서 「환불 실행·정산 반영」에 해당하는 화면을 열어 동작(목록·버튼·저장 결과)이 보이면 완료.,EXT-PG,부분,huni,dev,none,샵바이 비경유,,D3 · 매칭 규칙 없음,,,분류=개발 · 오픈차단여부=작업 항목 · 작업량=2-3일,ledger-v4
STD-ADO-024,detail,T5,D4,증빙서류 발급 관리,STD-ADO-024,김동학,,,,,,,,print-quote/04_design/ia.md §2.3 SM-A-66 · L4 사유: 고객측 증빙 화면은 정적 표 UI만(SB-053 stub)이고 발급 정책·팝빌 연동이 미결(X-TAXDOC),샵바이 셀러어드민(service.shopby.co.kr) > 주문 메뉴에서 「증빙서류 발급 관리」에 해당하는 화면을 열어 동작(목록·버튼·저장 결과)이 보이면 완료.,STD-MYP-014,미착수,nhn,config,admin-manual,해당 엔드포인트 없음 (셀러어드민 화면으로만 제공),N,사람 판정 260917 — 증빙서류 발급 관리는 셀러어드민 화면,,,분류=개발 · 오픈차단여부=작업 항목 · 작업량=2-3일,ledger-v4
STD-ADO-025,detail,T4,C5,[구IA#86] 주문관리-인쇄/제본/굿즈 (상세),STD-ADO-025,최숙진,,,,,,,,IA No.86 주문관리 상세 · 샵바이 주문관리(R1d) · webadmin 주문 화면 없음(t_ord_orders 0 @ 2026-09-16 21:32),셀러어드민 주문 상세에서 위젯 주문 요약(huni_order 텍스트옵션)이 보이면 완료.,—,미실측,nhn,config,admin-manual,order-server-public.endpoints.json GET /orders/{orderNo} (Server API 있음 → 수동은 우리 선택),Y,nhn+규칙 /주문관리/,,,분류=검증 · 오픈차단여부=작업 항목 · 작업량=반일 · 소요 미합산(분류=검증),ledger-v4
STD-ADO-026,detail,T4,C5,[구IA#93] 주문상태변경 (일괄),STD-ADO-026,최숙진,,,,,,,,IA No.93 주문상태 일괄변경 · 샵바이 주문 일괄처리(R1d),셀러어드민 주문 목록에서 여러 건을 골라 상태를 한 번에 바꿀 수 있으면 완료.,—,미실측,nhn,config,admin-manual,order-server-public.endpoints.json PUT /orders/change-status/by-shipping-no (Server API 있음 → 수동은 우리 선택),Y,nhn+규칙 /주문상태 ?변경/,,,분류=검증 · 오픈차단여부=작업 항목 · 작업량=반일 · 소요 미합산(분류=검증),ledger-v4
STD-ADO-027,detail,T5,D1,[구IA#94] 고객 SMS 발송,STD-ADO-027,최숙진,,,,,,,,IA No.94 고객 SMS 발송 · docs/huni/후니정기미팅 정리260915.html SMS 발신번호 인증 완료·충전 확인 필요,셀러어드민에서 테스트 회원에게 SMS 1건을 보내 수신되면 완료.,EXT-ALIMTALK,미실측,nhn,config,admin-manual,해당 엔드포인트 없음 (셀러어드민 화면으로만 제공),N,nhn · Server API 대응 규칙 없음,,,분류=설정 · 오픈차단여부=작업 항목 · 작업량=반일 · 소요 미합산(분류=설정),ledger-v4
STD-ADO-028,detail,T4,C5,스모크 주문 3건·취소 클레임 1건으로 A-1/A-2/A-4 관측 완료하기,STD-ADO-028,최숙진,,,,,,,,https://service.shopby.co.kr/order/list 3개월 3건(94554271 스모크테스터·90429233·90382966) · /claim/list/cancel 6801466 취소완료[환불없음] 2026-09-15 (R/R1d/evidence/63-order-list-3m.txt·62-claim-cancel.txt),주문 94554271 상세 캡처(옵션 2칸)·부분취소 창 단위 캡처·거래명세서 출력 캡처 3장이 evidence 에 있으면 완료,—,미착수,huni,dev,none,샵바이 비경유,,C5 · 매칭 규칙 없음,,,분류=검증 · 오픈차단여부=작업 항목 · 작업량=반일 · 소요 미합산(분류=검증),ledger-v4
STD-ADC-001,detail,T3,D2,회원 목록·검색·상세,STD-ADC-001,김동학,,,,,,,,https://service.shopby.co.kr/member/list@2026-09-16,샵바이 셀러어드민(service.shopby.co.kr) > 회원/게시판/프로모션 메뉴에서 「회원 목록·검색·상세」 화면이 열리고 조회·처리가 되면 완료.,—,작동,huni,dev,none,샵바이 비경유,,D2 · 매칭 규칙 없음,,,분류=개발 · 오픈차단여부=작업 항목 · 작업량=2-3일,ledger-v4
STD-ADC-002,detail,T3,D2,회원등급 수동 조정,STD-ADC-002,김동학,,,,,,,,print-kb/wiki/policy/membership-auth.md#MEM-06 · L4 사유: grade_cd ↔ 샵바이 memberGrade 매핑이 미결(X-DEC-GRADE) — 등급가가 걸려 돈 영향,샵바이 셀러어드민(service.shopby.co.kr) > 회원/게시판/프로모션 메뉴에서 「회원등급 수동 조정」 화면이 열리고 조회·처리가 되면 완료.,STD-MEM-018,미착수,huni,dev,none,샵바이 비경유,,D2 · 매칭 규칙 없음,,,분류=개발 · 오픈차단여부=작업 항목 · 작업량=2-3일,ledger-v4
STD-ADC-003,detail,T3,D2,탈퇴회원 관리,STD-ADC-003,김동학,,,,,,,,https://service.shopby.co.kr/member/expel@2026-09-16,샵바이 셀러어드민(service.shopby.co.kr) > 회원/게시판/프로모션 메뉴에서 「탈퇴회원 관리」 화면이 열리고 조회·처리가 되면 완료.,—,작동,huni,dev,none,샵바이 비경유,,D2 · 매칭 규칙 없음,,,분류=개발 · 오픈차단여부=작업 항목 · 작업량=2-3일,ledger-v4
STD-ADC-004,detail,T3,D2,프린팅머니 수동 지급·차감,STD-ADC-004,김동학,,,,,,,,print-quote/04_design/ia.md §2.3 SM-A-42 · L4 사유: 프린팅머니가 샵바이 적립금 재해석인지 별도 원장인지 미결(X-DEC-PRINTMONEY). 고객측 충전도 no-op(SB-051 stub),샵바이 셀러어드민(service.shopby.co.kr) > 회원/게시판/프로모션 메뉴에서 「프린팅머니 수동 지급·차감」 화면이 열리고 조회·처리가 되면 완료.,STD-PAY-007,미착수,huni,dev,server-api,manage-server-public.endpoints.json POST /profile/accumulations,,D2∈구간집합 · 규칙 /외부포인트|적립금 지급|적립금 차감|잔액 이관|수동 지급/,,,분류=개발 · 오픈차단여부=작업 항목 · 작업량=2-3일,ledger-v4
STD-ADC-005,detail,T3,D2,쿠폰 생성·발행 관리,STD-ADC-005,김동학,,,,,,,,print-quote/04_design/ia.md §2.3 SM-A-43 · L4 사유: 고객측 쿠폰 조회/등록은 done(SB-049)이나 운영자 발행 화면 근거 없음,샵바이 셀러어드민(service.shopby.co.kr) > 회원/게시판/프로모션 메뉴에서 「쿠폰 생성·발행 관리」 화면이 열리고 조회·처리가 되면 완료.,—,미착수,huni,dev,none,샵바이 비경유,,D2 · 매칭 규칙 없음,,,분류=개발 · 오픈차단여부=작업 항목 · 작업량=2-3일,ledger-v4
STD-ADC-006,detail,T3,D2,쿠폰 등록·사용 내역 조회,STD-ADC-006,김동학,,,,,,,,https://service.shopby.co.kr/promotion/coupon/list@2026-09-16,샵바이 셀러어드민(service.shopby.co.kr) > 회원/게시판/프로모션 메뉴에서 「쿠폰 등록·사용 내역 조회」 화면이 열리고 조회·처리가 되면 완료.,—,작동,nhn,config,admin-manual,promotion-server-public.endpoints.json GET /coupons/use (Server API 있음 → 수동은 우리 선택),Y,사람 판정 260917 — 운영자 쿠폰 내역 조회,,,분류=개발 · 오픈차단여부=작업 항목 · 작업량=2-3일,ledger-v4
STD-ADC-007,detail,T3,A5,공지사항 관리,STD-ADC-007,김동학,,,,,,,,https://service.shopby.co.kr/board/article@2026-09-16,샵바이 셀러어드민(service.shopby.co.kr) > 회원/게시판/프로모션 메뉴에서 「공지사항 관리」 화면이 열리고 조회·처리가 되면 완료.,—,작동,huni,dev,none,샵바이 비경유,,A5 · 매칭 규칙 없음,,,분류=개발 · 오픈차단여부=작업 항목 · 작업량=2-3일,ledger-v4
STD-ADC-008,detail,T3,A5,FAQ 관리,STD-ADC-008,김동학,,,,,,,,https://service.shopby.co.kr/board@2026-09-16,샵바이 셀러어드민(service.shopby.co.kr) > 회원/게시판/프로모션 메뉴에서 「FAQ 관리」 화면이 열리고 조회·처리가 되면 완료.,—,작동,huni,dev,none,샵바이 비경유,,A5 · 매칭 규칙 없음,,,분류=개발 · 오픈차단여부=작업 항목 · 작업량=2-3일,ledger-v4
STD-ADC-009,detail,T3,A5,상품Q&A 답변 관리,STD-ADC-009,김동학,,,,,,,,https://service.shopby.co.kr/product/inquiry@2026-09-16,샵바이 셀러어드민(service.shopby.co.kr) > 회원/게시판/프로모션 메뉴에서 「상품Q&A 답변 관리」 화면이 열리고 조회·처리가 되면 완료.,—,작동,huni,dev,none,샵바이 비경유,,A5 · 매칭 규칙 없음,,,분류=개발 · 오픈차단여부=작업 항목 · 작업량=2-3일,ledger-v4
STD-ADC-010,detail,T3,A5,1:1 문의 답변 관리,STD-ADC-010,김동학,,,,,,,,https://service.shopby.co.kr/inquiry@2026-09-16,샵바이 셀러어드민(service.shopby.co.kr) > 회원/게시판/프로모션 메뉴에서 「1:1 문의 답변 관리」 화면이 열리고 조회·처리가 되면 완료.,—,작동,huni,dev,none,샵바이 비경유,,A5 · 매칭 규칙 없음,,,분류=개발 · 오픈차단여부=작업 항목 · 작업량=2-3일,ledger-v4
STD-ADC-011,detail,T3,A5,이용후기(리뷰) 관리·블라인드,STD-ADC-011,김동학,,,,,,,,https://service.shopby.co.kr/review@2026-09-16,샵바이 셀러어드민(service.shopby.co.kr) > 회원/게시판/프로모션 메뉴에서 「이용후기(리뷰) 관리·블라인드」 화면이 열리고 조회·처리가 되면 완료.,—,작동,huni,dev,none,샵바이 비경유,,A5 · 매칭 규칙 없음,,,분류=개발 · 오픈차단여부=작업 항목 · 작업량=2-3일,ledger-v4
STD-ADC-012,detail,T3,A5,대량견적/기업상담/디자인상담 접수 관리,STD-ADC-012,김동학,,,,,,,,print-quote/04_design/ia.md §2.3 SM-A-32 SM-A-33 SM-A-34 · L4 사유: 대량견적·기업상담·디자인상담 접수 관리 화면 근거 없음,샵바이 셀러어드민(service.shopby.co.kr) > 회원/게시판/프로모션 메뉴에서 「대량견적/기업상담/디자인상담 접수 관리」 화면이 열리고 조회·처리가 되면 완료.,—,미착수,huni,dev,none,샵바이 비경유,,A5 · 매칭 규칙 없음,,,분류=개발 · 오픈차단여부=작업 항목 · 작업량=2-3일,ledger-v4
STD-ADC-013,detail,T3,A5,메인/기획전 배너 관리,STD-ADC-013,김동학,,,,,,,,print-quote/04_design/ia.md §2.1 메인 · L4 사유: 메인 배너·BEST 큐레이션의 데이터원이 legacy mock 빈배열/정적 상수(SB-002 stub·SB-003 partial) — 운영자가 바꿀 자리가 없다,샵바이 셀러어드민(service.shopby.co.kr) > 회원/게시판/프로모션 메뉴에서 「메인/기획전 배너 관리」 화면이 열리고 조회·처리가 되면 완료.,—,미착수,huni,dev,none,샵바이 비경유,,A5 · 매칭 규칙 없음,,,분류=개발 · 오픈차단여부=작업 항목 · 작업량=2-3일,ledger-v4
STD-ADC-014,detail,T3,A5,인쇄 가이드 콘텐츠 관리,STD-ADC-014,김동학,,,,,,,,raw/webadmin/webadmin/config/urls.py:72-87 가이드파일 업로드/관리 · raw/webadmin/webadmin/catalog/s3_guide.py:266-350,샵바이 셀러어드민(service.shopby.co.kr) > 회원/게시판/프로모션 메뉴에서 「인쇄 가이드 콘텐츠 관리」 화면이 열리고 조회·처리가 되면 완료.,—,구현-미검증,huni,dev,none,샵바이 비경유,,A5 · 매칭 규칙 없음,,,분류=검증 · 오픈차단여부=작업 항목 · 작업량=반일 · 소요 미합산(분류=검증),ledger-v4
STD-ADC-015,detail,T3,A5,매장(거래처) 게시판 관리,STD-ADC-015,김동학,,,,,,,,"L3/legacy-normalized.json#F-096,IA-096,SCOPE-096 · _workspace/huni-launch-scope/02_gap/fit-gap-matrix.csv:97 · docs/huni/후니프린팅_통합IA_일정_역할분담_260616.xlsx#02_IA마스터!A97:K97 || P1판정(260902): huni-skin-shopby 전수 grep '거래처 게시판|매장' 0건 · 운영자 기능은 셀러어드민 소관",샵바이 셀러어드민(service.shopby.co.kr) > 회원/게시판/프로모션 메뉴에서 「매장(거래처) 게시판 관리」 화면이 열리고 조회·처리가 되면 완료.,—,미착수,huni,dev,none,샵바이 비경유,,A5 · 매칭 규칙 없음,,,분류=개발 · 오픈차단여부=작업 항목 · 작업량=2-3일,ledger-v4
STD-ADC-016,detail,T3,A5,체험단 모집·신청내역 관리(운영자),STD-ADC-016,김동학,,,,,,,,"L3/legacy-normalized.json#F-121,IA-121,SCOPE-121 · _workspace/huni-launch-scope/02_gap/fit-gap-matrix.csv:122 · docs/huni/후니프린팅_통합IA_일정_역할분담_260616.xlsx#02_IA마스터!A122:K122 || P1판정(260902): huni-skin-shopby 전수 grep '체험단' 0건",샵바이 셀러어드민(service.shopby.co.kr) > 회원/게시판/프로모션 메뉴에서 「체험단 모집·신청내역 관리(운영자)」 화면이 열리고 조회·처리가 되면 완료.,STD-PRM-011,미착수,huni,dev,none,샵바이 비경유,,A5 · 매칭 규칙 없음,,,분류=개발 · 오픈차단여부=작업 항목 · 작업량=2-3일,ledger-v4
STD-ADC-017,detail,T3,D2,[구IA#73] 회원관리 (주문내역/정보확인),STD-ADC-017,최숙진,,,,,,,,IA No.73 회원관리 · 샵바이 회원관리(R1d),셀러어드민 회원 목록에서 회원의 주문내역이 보이면 완료.,—,미실측,nhn,config,admin-manual,member-server-public.endpoints.json GET /members (Server API 있음 → 수동은 우리 선택),Y,nhn+규칙 /회원관리/,,,분류=검증 · 오픈차단여부=작업 항목 · 작업량=반일 · 소요 미합산(분류=검증),ledger-v4
STD-FIN-001,detail,T5,E1,월별 매출 통계,STD-FIN-001,김동학,,,,,,,,https://service.shopby.co.kr/statistic/sales/period@2026-09-16 21:33,샵바이 셀러어드민(service.shopby.co.kr) > 통계/정산 메뉴에서 「월별 매출 통계」 숫자가 표시되고 엑셀 내려받기가 되면 완료.,—,작동,huni,dev,none,샵바이 비경유,,E1 · 매칭 규칙 없음,,,분류=개발 · 오픈차단여부=작업 항목 · 작업량=1주+,ledger-v4
STD-FIN-002,detail,T5,E1,일별/기간별 매출 조회,STD-FIN-002,김동학,,,,,,,,https://service.shopby.co.kr/statistic/sales/period@2026-09-16 21:33,샵바이 셀러어드민(service.shopby.co.kr) > 통계/정산 메뉴에서 「일별/기간별 매출 조회」 숫자가 표시되고 엑셀 내려받기가 되면 완료.,—,작동,huni,dev,none,샵바이 비경유,,E1 · 매칭 규칙 없음,,,분류=개발 · 오픈차단여부=작업 항목 · 작업량=1주+,ledger-v4
STD-FIN-003,detail,T5,E1,결제수단별 매출 집계,STD-FIN-003,김동학,,,,,,,,https://service.shopby.co.kr/statistic/sales/period@2026-09-16 21:33,샵바이 셀러어드민(service.shopby.co.kr) > 통계/정산 메뉴에서 「결제수단별 매출 집계」 숫자가 표시되고 엑셀 내려받기가 되면 완료.,—,작동,huni,dev,none,샵바이 비경유,,E1 · 매칭 규칙 없음,,,분류=개발 · 오픈차단여부=작업 항목 · 작업량=1주+,ledger-v4
STD-FIN-004,detail,T5,E1,상품별 판매 통계,STD-FIN-004,김동학,,,,,,,,https://service.shopby.co.kr/statistic/sales/period@2026-09-16 21:33,샵바이 셀러어드민(service.shopby.co.kr) > 통계/정산 메뉴에서 「상품별 판매 통계」 숫자가 표시되고 엑셀 내려받기가 되면 완료.,—,작동,huni,dev,none,샵바이 비경유,,E1 · 매칭 규칙 없음,,,분류=개발 · 오픈차단여부=작업 항목 · 작업량=1주+,ledger-v4
STD-FIN-005,detail,T5,E1,상품군별 매출 비중,STD-FIN-005,김동학,,,,,,,,https://service.shopby.co.kr/statistic/sales/period@2026-09-16 21:33,샵바이 셀러어드민(service.shopby.co.kr) > 통계/정산 메뉴에서 「상품군별 매출 비중」 숫자가 표시되고 엑셀 내려받기가 되면 완료.,—,작동,huni,dev,none,샵바이 비경유,,E1 · 매칭 규칙 없음,,,분류=개발 · 오픈차단여부=작업 항목 · 작업량=1주+,ledger-v4
STD-FIN-006,detail,T5,E1,회원/비회원 주문 비중,STD-FIN-006,김동학,,,,,,,,https://service.shopby.co.kr/statistic/sales/period@2026-09-16 21:33,샵바이 셀러어드민(service.shopby.co.kr) > 통계/정산 메뉴에서 「회원/비회원 주문 비중」 숫자가 표시되고 엑셀 내려받기가 되면 완료.,—,작동,huni,dev,none,샵바이 비경유,,E1 · 매칭 규칙 없음,,,분류=개발 · 오픈차단여부=작업 항목 · 작업량=1주+,ledger-v4
STD-FIN-007,detail,T5,E1,공정/팀별 작업량 통계,STD-FIN-007,최숙진,,,,,,,,print-kb/wiki/policy/custom-dev.md#CST-09 · L4 사유: 제작상품 팀별통계(Excel)가 legacy 에 있으나 구현 근거 없음,팀별 작업량 통계를 MES 엑셀로 유지하기로 기록하면 완료.,—,미착수,huni,dev,none,샵바이 비경유,,E1 · 매칭 규칙 없음,,,분류=이슈 · 오픈차단여부=오픈 무관 · 작업량=1일 · 소요 미합산(분류=이슈),ledger-v4
STD-FIN-008,detail,T5,E1,PG 정산 대사,STD-FIN-008,김동학,,,,,,,,print-kb/wiki/policy/order-payment.md#PAY-02 · L4 사유: 샵바이 정산이 라인 salePrice/addPrice 를 권위로 쓰는지 미관측(X-SETTLE-AUTH) — 대사 설계 이전 단계,샵바이 셀러어드민(service.shopby.co.kr) > 통계/정산 메뉴에서 「PG 정산 대사」 숫자가 표시되고 엑셀 내려받기가 되면 완료.,EXT-PG,미착수,ext,wait,none,샵바이 비경유(외부 벤더 대기),,ext,외부(KG이니시스),,분류=이슈 · 오픈차단여부=차단(외부) · 작업량=1주+ · 소요 미합산(분류=이슈),ledger-v4
STD-FIN-009,detail,T5,E1,적립금(프린팅머니) 부채 집계,STD-FIN-009,김동학,,,,,,,,print-kb/wiki/policy/mypage.md#MYP-02 · L4 사유: 고객측 포인트 잔액 조회는 done(SB-050)이나 부채 집계 화면 없음. 적립금 만료 기본값도 미명문화(X-MIG-EXPIRY),샵바이 셀러어드민(service.shopby.co.kr) > 통계/정산 메뉴에서 「적립금(프린팅머니) 부채 집계」 숫자가 표시되고 엑셀 내려받기가 되면 완료.,STD-PAY-007,미착수,huni,dev,none,샵바이 비경유,,E1 · 매칭 규칙 없음,,,분류=개발 · 오픈차단여부=작업 항목 · 작업량=1주+,ledger-v4
STD-FIN-010,detail,T5,E1,외주 발주/정산 엑셀 산출,STD-FIN-010,김동학,,,,,,,,print-quote/04_design/ia.md §2.3 SM-A-55 · L4 사유: 굿즈 발주/정산 Excel 이 legacy 에 있으나 구현 근거 없음,샵바이 셀러어드민(service.shopby.co.kr) > 통계/정산 메뉴에서 「외주 발주/정산 엑셀 산출」 숫자가 표시되고 엑셀 내려받기가 되면 완료.,—,미착수,huni,dev,none,샵바이 비경유,,E1 · 매칭 규칙 없음,,,분류=개발 · 오픈차단여부=작업 항목 · 작업량=1주+,ledger-v4
STD-FIN-011,detail,T5,E1,쿠폰/할인 사용액 집계,STD-FIN-011,김동학,,,,,,,,https://service.shopby.co.kr/statistic/promotion/additionalDiscount@2026-09-16,샵바이 셀러어드민(service.shopby.co.kr) > 통계/정산 메뉴에서 「쿠폰/할인 사용액 집계」 숫자가 표시되고 엑셀 내려받기가 되면 완료.,—,작동,huni,dev,none,샵바이 비경유,,E1 · 매칭 규칙 없음,,,분류=개발 · 오픈차단여부=작업 항목 · 작업량=1주+,ledger-v4
STD-FIN-012,detail,T5,E1,통계·주문 데이터 엑셀 내보내기,STD-FIN-012,김동학,,,,,,,,print-quote/04_design/ia.md §2.3 SM-A-56 팀별통계 Excel · L4 사유: 엑셀 내보내기는 legacy 통계 2건에 부분 포함(1:N) — 전역 내보내기 기능으로는 미구현,샵바이 셀러어드민(service.shopby.co.kr) > 통계/정산 메뉴에서 「통계·주문 데이터 엑셀 내보내기」 숫자가 표시되고 엑셀 내려받기가 되면 완료.,—,미착수,huni,dev,none,샵바이 비경유,,E1 · 매칭 규칙 없음,,,분류=개발 · 오픈차단여부=작업 항목 · 작업량=1주+,ledger-v4
STD-FIN-013,detail,T5,E1,[구IA#47] 계좌관리 (원장용 계좌 등록),STD-FIN-013,신우진,,,,,,,,docs/huni/후니정기미팅 정리260915.html 「프린팅머니 원장 — 후니 웹어드민이 잔액·원장 보유 · 배치 미정」,원장·계좌 관리 화면의 개발 주체(웹어드민/별도)가 정해지면 완료.,—,미착수,huni,dev,none,샵바이 비경유,,E1 · 매칭 규칙 없음,,,분류=이슈 · 오픈차단여부=작업 항목 · 작업량=1주+ · 소요 미합산(분류=이슈),ledger-v4
STD-FIN-014,detail,T5,E1,[구IA#49] 업체별 미수금,STD-FIN-014,신우진,,,,,,,,IA No.49 업체별 미수금 · 9/15 회의 원장 배치 미정 · webadmin 해당 화면 없음 @ 2026-09-16 21:28,"미수금 관리를 후불결제(B2B) 범위와 함께 결정하고, 결정 문장 1줄과 결정일(YYYY-MM-DD)이 `R/R3/decisions-for-pm.md` §A-1(오픈 범위) 의 STD-FIN-014 줄에 기재되어 있으면 완료 (기록처: 모범 STD-SYS-027 형식).",—,미착수,huni,dev,none,샵바이 비경유,,E1 · 매칭 규칙 없음,,,분류=이슈 · 오픈차단여부=오픈 무관 · 작업량=1일 · 소요 미합산(분류=이슈),ledger-v4
STD-FIN-015,detail,T5,E1,[구IA#79] 인쇄/제본 상품통계 (상세보기),STD-FIN-015,신우진,,,,,,,,IA No.79 인쇄/제본 상품통계 · webadmin 통계 화면 없음 @ 2026-09-16 21:28 · 샵바이 통계(R1d),"상품통계를 샵바이 기본 통계로 대체할지 결정하고, 결정 문장 1줄과 결정일(YYYY-MM-DD)이 `R/R3/decisions-for-pm.md` §A-1(오픈 범위) 의 STD-FIN-015 줄에 기재되어 있으면 완료 (기록처: 모범 STD-SYS-027 형식).",—,미실측,nhn,config,admin-manual,order-friends-server-public.endpoints.json GET /statistics/sales/product (Server API 있음 → 수동은 우리 선택),Y,nhn+규칙 /상품통계/,,,분류=이슈 · 오픈차단여부=오픈 무관 · 작업량=1일 · 소요 미합산(분류=이슈),ledger-v4
STD-FIN-016,detail,T5,E1,[구IA#80] 굿즈 상품통계 (상세보기),STD-FIN-016,신우진,,,,,,,,IA No.80 굿즈 상품통계 · 동 79,"굿즈 상품통계(구 IA No.80)를 샵바이 기본 통계(셀러어드민 service.shopby.co.kr › 통계 › 매출/상품 통계)로 대체할지 결정하고, 결정 문장 1줄과 결정일이 `R/R3/decisions-for-pm.md` 의 STD-FIN-015 결정 줄에 「굿즈·패키지·수작 포함」으로 기재되어 있으면 완료 (STD-FIN-015 와 같은 결정 — 「동 No.79」 참조를 펼쳐 씀).",—,미실측,nhn,config,admin-manual,order-friends-server-public.endpoints.json GET /statistics/sales/product (Server API 있음 → 수동은 우리 선택),Y,nhn+규칙 /상품통계/,,,분류=이슈 · 오픈차단여부=오픈 무관 · 작업량=1일 · 소요 미합산(분류=이슈),ledger-v4
STD-FIN-017,detail,T5,E1,[구IA#81] 패키지 상품통계 (상세보기),STD-FIN-017,신우진,,,,,,,,IA No.81 패키지 상품통계 · 동 79,"패키지 상품통계(구 IA No.81)를 샵바이 기본 통계(셀러어드민 service.shopby.co.kr › 통계 › 매출/상품 통계)로 대체할지 결정하고, 결정 문장 1줄과 결정일이 `R/R3/decisions-for-pm.md` 의 STD-FIN-015 결정 줄에 「굿즈·패키지·수작 포함」으로 기재되어 있으면 완료 (STD-FIN-015 와 같은 결정 — 「동 No.79」 참조를 펼쳐 씀).",—,미실측,nhn,config,admin-manual,order-friends-server-public.endpoints.json GET /statistics/sales/product (Server API 있음 → 수동은 우리 선택),Y,nhn+규칙 /상품통계/,,,분류=이슈 · 오픈차단여부=오픈 무관 · 작업량=1일 · 소요 미합산(분류=이슈),ledger-v4
STD-FIN-018,detail,T5,E1,[구IA#82] 수작 상품통계 (상세보기),STD-FIN-018,신우진,,,,,,,,IA No.82 수작 상품통계 · 동 79,"수작 상품통계(구 IA No.82)를 샵바이 기본 통계(셀러어드민 service.shopby.co.kr › 통계 › 매출/상품 통계)로 대체할지 결정하고, 결정 문장 1줄과 결정일이 `R/R3/decisions-for-pm.md` 의 STD-FIN-015 결정 줄에 「굿즈·패키지·수작 포함」으로 기재되어 있으면 완료 (STD-FIN-015 와 같은 결정 — 「동 No.79」 참조를 펼쳐 씀).",—,미실측,nhn,config,admin-manual,order-friends-server-public.endpoints.json GET /statistics/sales/product (Server API 있음 → 수동은 우리 선택),Y,nhn+규칙 /상품통계/,,,분류=이슈 · 오픈차단여부=오픈 무관 · 작업량=1일 · 소요 미합산(분류=이슈),ledger-v4
STD-FIN-019,detail,T5,E1,[구IA#84] 굿즈 발주/정산 (Excel 다운),STD-FIN-019,최숙진,,,,,,,,IA No.84 굿즈 발주/정산 Excel · MES 현행(auto-vs-human §2.7) · webadmin 없음 @ 2026-09-16 21:28,굿즈 발주/정산을 현행 MES 엑셀로 유지하기로 기록하면 완료.,—,미착수,huni,dev,none,샵바이 비경유,,E1 · 매칭 규칙 없음,,,분류=검증 · 오픈차단여부=오픈 무관 · 작업량=반일 · 소요 미합산(분류=검증),ledger-v4
STD-FIN-020,detail,T5,E1,"가상계좌 정산한도 1,000만 원 초과 시 처리 방안",STD-FIN-020,외부(토스페이먼츠),,,,,,,,후니정기미팅 정리260915.html §프린팅머니 · 미결 4,정산한도 상향 또는 초과분 처리 절차에 대한 토스 회신이 문서로 남으면 완료,STD-PAY-022,미착수,ext,wait,none,샵바이 비경유(외부 벤더 대기),,ext,외부(토스페이먼츠),,분류=이슈 · 오픈차단여부=차단(외부) · 작업량=반일 · 소요 미합산(분류=이슈),ledger-v4
STD-FIN-021,detail,T5,E1,적립금·증빙 데이터의 MS·이카운트 연동 방식,STD-FIN-021,김용기,,,,,,,,"후니정기미팅 정리260915.html §증빙서류 · 미결 3 / 후니-오픈잔여작업-실무진안내_260909.html §항목 4 · 결정 필요 — 증빙서류, 이카운트 연동 방안",이카운트 연동 방안 논의가 1회 이상 진행되고 결론 또는 다음 단계가 기록되면 완료,—,미착수,huni,dev,none,샵바이 비경유,,E1 · 매칭 규칙 없음,,,분류=이슈 · 오픈차단여부=오픈 무관 · 작업량=1일 · 소요 미합산(분류=이슈),ledger-v4
STD-SYS-001,detail,T5,E1,관리자 계정 등록·관리,STD-SYS-001,김동학,,,,,,,,SB-059 stub — huni-skin-shopby/src/app/(admin)/admin/page.tsx:1-8 (자리표시) · WA-058 partial — raw/webadmin/webadmin/catalog/admin.py:2242-2310,https://shopby.huniprinting.co.kr/admin 에 관리자 계정으로 로그인하면 관리자 화면이 열리고 일반 회원은 홈으로 튕기면 완료.,STD-SYS-038,부분,huni,dev,none,샵바이 비경유,,E1 · 매칭 규칙 없음,,,분류=수정 · 오픈차단여부=작업 항목 · 작업량=1일,ledger-v4
STD-SYS-002,detail,T5,E1,역할 기반 세분 권한 제어,STD-SYS-002,김동학,,,,,,,,SB-060 partial — huni-skin-shopby/src/proxy.ts:21-23 (ADMIN 검사 미활성 주석) · src/lib/api/hooks/use-admins.ts:20,일반 회원 계정으로 /admin 에 들어가면 홈으로 돌아가면 완료.,STD-SYS-001,부분,huni,dev,none,샵바이 비경유,,E1 · 매칭 규칙 없음,,,분류=수정 · 오픈차단여부=작업 항목 · 작업량=1일,ledger-v4
STD-SYS-003,detail,T5,E1,관리자 작업 감사로그,STD-SYS-003,김동학,,,,,,,,https://service.shopby.co.kr/PrivacyAccessHistories@2026-09-16,개발자가 코드·로그·응답으로 「관리자 작업 감사로그」 동작 1건을 캡처해 실무진에 보여주면 완료.,—,작동,huni,dev,none,샵바이 비경유,,E1 · 매칭 규칙 없음,,,분류=개발 · 오픈차단여부=작업 항목 · 작업량=2-3일,ledger-v4
STD-SYS-004,detail,T5,E1,PG 연동 설정,STD-SYS-004,김동학,,,,,,,,SB-033 done — huni-skin-shopby/src/lib/payments/ncp-pay.ts:47-70 · src/app/api/pay-config/route.ts:8 / SB-032 absent — src/components/checkout/checkout-form.tsx:8-9 ('PG 연동은 후속 — 현재는 무통장만 동작'),개발자가 코드·로그·응답으로 「PG 연동 설정」 동작 1건을 캡처해 실무진에 보여주면 완료.,EXT-PG,부분,ext,wait,none,샵바이 비경유(외부 벤더 대기),,ext,외부(KG이니시스),,분류=이슈 · 오픈차단여부=차단(외부) · 작업량=1주+ · 소요 미합산(분류=이슈),ledger-v4
STD-SYS-005,detail,T5,E1,배송비 정책 설정,STD-SYS-005,김동학,,,,,,,,print-kb/wiki/policy/shipping.md#SHIP-02 · L4 사유: 도서산간 권역 정책 미확정(1차 W7-9).,개발자가 코드·로그·응답으로 「배송비 정책 설정」 동작 1건을 캡처해 실무진에 보여주면 완료.,X-DEC-SHIPPING-01,부분,huni,dev,none,샵바이 비경유,,E1 · 매칭 규칙 없음,,,분류=개발 · 오픈차단여부=작업 항목 · 작업량=2-3일,ledger-v4
STD-SYS-006,detail,T5,E1,알림(SMS/알림톡/이메일) 템플릿 설정,STD-SYS-006,김동학,,,,,,,,print-kb/wiki/policy/order-mgmt.md#OMG-03 · L4 사유: 알림 템플릿 관리 L2 무근거. 계약 선행.,개발자가 코드·로그·응답으로 「알림(SMS/알림톡/이메일) 템플릿 설정」 동작 1건을 캡처해 실무진에 보여주면 완료.,STD-SYS-030,미착수,huni,dev,none,샵바이 비경유,,E1 · 매칭 규칙 없음,,,분류=개발 · 오픈차단여부=작업 항목 · 작업량=2-3일,ledger-v4
STD-SYS-007,detail,T4,C3,커머스 플랫폼 API 인증·토큰 관리,STD-SYS-007,김동학,,,,,,,,https://shopby.huniprinting.co.kr/product/136578124@2026-09-16 21:29,상품 목록·상세·검색이 로그인 없이 정상 표시되면(샵바이 API 호출 성공) 완료.,—,작동,huni,dev,none,샵바이 비경유,,C3 · 매칭 규칙 없음,,,분류=검증 · 오픈차단여부=작업 항목 · 작업량=반일 · 소요 미합산(분류=검증),ledger-v4
STD-SYS-008,detail,T4,C3,인쇄 도메인 DB ↔ 커머스 상품 동기화,STD-SYS-008,김동학,,,,,,,,WA-045 done — raw/webadmin/webadmin/catalog/shopby_sync.py:1-30 · WA-046 done — catalog/shopby_client.py:1-50 · SB-015 partial — huni-skin-shopby/src/lib/printly/product-code-map.ts:41-49 (수동 7건만 등록),webadmin 상품 1개를 판매중으로 바꾸면 신규몰 목록·상세에 그 상품과 위젯이 나타나면 완료.,—,부분,huni,dev,none,샵바이 비경유,,C3 · 매칭 규칙 없음,,,분류=수정 · 오픈차단여부=작업 항목 · 작업량=1일,ledger-v4
STD-SYS-009,detail,T4,C3,가격 계산 결과 카트 주입 브리지,STD-SYS-009,김동학,,,,,,,,https://shopby.huniprinting.co.kr/cart@2026-09-16 21:27,위젯 「부가세 포함」 금액과 장바구니 항목 금액이 같으면 완료.,—,작동,huni,dev,none,샵바이 비경유,,C3 · 매칭 규칙 없음,,,분류=검증 · 오픈차단여부=작업 항목 · 작업량=반일 · 소요 미합산(분류=검증),ledger-v4
STD-SYS-010,detail,T4,C3,원고 저장소(스토리지) 연동,STD-SYS-010,김동학,,,,,,,,WA-037 raw/webadmin/webadmin/config/urls.py:251 upload/presign · catalog/s3_artwork.py:208-280 · WA-052 catalog/artwork_promote.py:1,개발자가 코드·로그·응답으로 「원고 저장소(스토리지) 연동」 동작 1건을 캡처해 실무진에 보여주면 완료.,—,구현-미검증,huni,dev,none,샵바이 비경유,,C3 · 매칭 규칙 없음,,,분류=검증 · 오픈차단여부=작업 항목 · 작업량=반일 · 소요 미합산(분류=검증),ledger-v4
STD-SYS-011,detail,T4,C3,디자인 에디터 외부 서비스 연동,STD-SYS-011,미정,,,,,,,,WA-041 done — raw/webadmin/webadmin/config/urls.py:274-275 · catalog/edicus_lookup.py:214-260 · WA-047 done — catalog/edicus_views.py:278-674 / SB-020 stub — huni-skin-shopby/src/components/product/configurator-actions.tsx:170-176,"shopby 에디터 상품 상세에서 「디자인 편집」을 눌러 Edicus 에디터가 열리고, 저장 후 돌아온 편집 결과가 장바구니 담기에 붙는 것이 1건 보이면 완료. 남은 부분 = 스킨 huni-skin-shopby/src/components/product/configurator-actions.tsx:170-176 의 stub(webadmin 쪽 edicus_views.py:278-674 는 done).",—,부분,huni,dev,none,샵바이 비경유,,C3 · 매칭 규칙 없음,,,분류=미판정 · 오픈차단여부=작업 항목 · 작업량=미판정 · 소요 미합산(분류=미판정),ledger-v4
STD-SYS-012,detail,T4,C3,본인인증 서비스 연동,STD-SYS-012,신우진,,,,,,,,SB-043 absent(grep 무결과) · L2 D-17 endpoint='(호출 지점 없음)',9/15 결정(SMS 인증 유지) 유지 확인 + STD-MEM-003 닫힘,—,부분,huni,dev,none,샵바이 비경유,,C3 · 매칭 규칙 없음,,,분류=이슈 · 오픈차단여부=작업 항목 · 작업량=반일 · 소요 미합산(분류=이슈),ledger-v4
STD-SYS-013,detail,T4,C3,우편번호/주소 검색 서비스 연동,STD-SYS-013,김동학,,,,,,,,https://shopby.huniprinting.co.kr/checkout/202609160243938684@2026-09-16 21:33,주문서 「우편번호 검색」을 누르면 주소 검색 창이 열리면 완료.,—,작동,huni,dev,none,샵바이 비경유,,C3 · 매칭 규칙 없음,,,분류=검증 · 오픈차단여부=작업 항목 · 작업량=반일 · 소요 미합산(분류=검증),ledger-v4
STD-SYS-014,detail,T4,C3,택배사 배송추적 연동,STD-SYS-014,김동학,,,,,,,,huni-shopby/01_research/order-to-delivery-contract.md §2.1 deliveryCompanyType · L4 사유: 택배사 연동·송장·배송추적 경로 미확인. L2 연계서비스 18건에도 택배사 없음.,개발자가 코드·로그·응답으로 「택배사 배송추적 연동」 동작 1건을 캡처해 실무진에 보여주면 완료.,—,부분,huni,dev,none,샵바이 비경유,,C3 · 매칭 규칙 없음,,,분류=개발 · 오픈차단여부=작업 항목 · 작업량=2-3일,ledger-v4
STD-SYS-015,detail,T4,C3,웹 로그/전환 분석 도구 연동,STD-SYS-015,김동학,,,,,,,,[L4b보강] huni-skin-shopby/src 전역 gtag|GA4|googletagmanager|analytics grep 무결과,개발자가 코드·로그·응답으로 「웹 로그/전환 분석 도구 연동」 동작 1건을 캡처해 실무진에 보여주면 완료.,—,미착수,huni,dev,none,샵바이 비경유,,C3 · 매칭 규칙 없음,,,분류=개발 · 오픈차단여부=작업 항목 · 작업량=2-3일,ledger-v4
STD-SYS-016,detail,T7,E4,주문/결제 실패 모니터링·알림,STD-SYS-016,김동학,,,,,,,,WA-055 done — raw/webadmin/webadmin/catalog/abuse_log.py:1 · rate_alerts.py:61-75 (텔레그램 알림),개발자가 코드·로그·응답으로 「주문/결제 실패 모니터링·알림」 동작 1건을 캡처해 실무진에 보여주면 완료.,—,부분,huni,dev,none,샵바이 비경유,,E4 · 매칭 규칙 없음,,,분류=수정 · 오픈차단여부=작업 항목 · 작업량=1일,ledger-v4
STD-SYS-017,detail,T7,E4,데이터 백업·복구 절차,STD-SYS-017,김동학,,,,,,,,print-kb/wiki/huni/load-path.md 적재 경로 안전장치 · L4 사유: DB 스냅샷·복구 리허설 미확인.,개발자가 코드·로그·응답으로 「데이터 백업·복구 절차」 동작 1건을 캡처해 실무진에 보여주면 완료.,—,미착수,huni,dev,none,샵바이 비경유,,E4 · 매칭 규칙 없음,,,분류=개발 · 오픈차단여부=작업 항목 · 작업량=2-3일,ledger-v4
STD-SYS-018,detail,T7,E4,개인정보 보관·파기 정책 적용,STD-SYS-018,김동학,,,,,,,,https://shopby.huniprinting.co.kr/privacy@2026-09-16 21:27,https://shopby.huniprinting.co.kr/privacy 에 「시행일」과 개인정보 항목 표가 보이면 완료.,—,작동,huni,dev,none,샵바이 비경유,,E4 · 매칭 규칙 없음,,,분류=검증 · 오픈차단여부=작업 항목 · 작업량=반일 · 소요 미합산(분류=검증),ledger-v4
STD-SYS-019,detail,T7,E4,반응형/모바일 대응,STD-SYS-019,김동학,,,,,,,,print-story/02_capture/order-flow-steps.md §A 위젯 높이 2130px 실측 · L4 사유: new — 반응형은 전 화면 횡단 품질축이라 화면 단위 legacy 분모에 행이 없다. 근거 print-story 실측(오염 아님). L2 가 판정하지 않아 상태 미상.,휴대폰(폭 400px)으로 상품 상세를 열어 위젯과 가격이 가로 스크롤 없이 보이면 완료.,—,미착수,huni,dev,none,샵바이 비경유,,E4 · 매칭 규칙 없음,,,분류=검증 · 오픈차단여부=작업 항목 · 작업량=1일 · 소요 미합산(분류=검증),ledger-v4
STD-SYS-020,detail,T7,E4,SEO 메타·사이트맵,STD-SYS-020,김동학,,,,,,,,[L4b보강] huni-skin-shopby/src 전역 sitemap|robots grep 무결과,https://shopby.huniprinting.co.kr/sitemap.xml 과 https://shopby.huniprinting.co.kr/robots.txt 가 열리고 홈 탭 제목이 상품명으로 바뀌면 완료.,—,미착수,huni,dev,none,샵바이 비경유,,E4 · 매칭 규칙 없음,,,분류=개발 · 오픈차단여부=작업 항목 · 작업량=2-3일,ledger-v4
STD-SYS-021,detail,T7,E4,페이지 빌더(운영자 화면 편집),STD-SYS-021,김동학,,,,,,,,print-quote/04_design/ia.md §2.3 빌더 트랙 · L4 사유: 페이지빌더 게이트 NO-GO — 문서 정본 승격 불가. 15건 전부 미해소.,개발자가 코드·로그·응답으로 「페이지 빌더(운영자 화면 편집)」 동작 1건을 캡처해 실무진에 보여주면 완료.,—,미착수,huni,dev,none,샵바이 비경유,,E4 · 매칭 규칙 없음,,,분류=개발 · 오픈차단여부=작업 항목 · 작업량=2-3일,ledger-v4
STD-SYS-022,detail,T7,E4,구 사이트 → 신규 사이트 URL 리다이렉트,STD-SYS-022,김동학,,,,,,,,print-kb/wiki/policy/membership-auth.md#MEM-01 마이그레이션 파생 · L4 사유: 구 URL 리다이렉트 맵·이전 사이트 종료 계획 미확인.,브라우저에 www.huniprinting.com/mypage/main.asp 를 치면 신규몰 마이페이지로 넘어오면 완료.,—,미착수,huni,dev,none,샵바이 비경유,,E4 · 매칭 규칙 없음,,,분류=개발 · 오픈차단여부=작업 항목 · 작업량=1일,ledger-v4
STD-SYS-023,detail,T4,C3,담기 전달값의 민감정보 비노출·서명 검증(계약 준수),STD-SYS-023,김동학,,,,,,,,L0/N3/ARCHITECTURE-v2.md §10 A-13 (토큰·원고 저장키·프로젝트 식별자 평문 노출) · §3.2 · §8 I-2,개발자가 장바구니 담기 요청 본문에서 토큰·저장키가 평문으로 보이지 않음을 캡처하면 완료.,—,미착수,huni,dev,none,샵바이 비경유,,C3 · 매칭 규칙 없음,,,분류=개발 · 오픈차단여부=작업 항목 · 작업량=2-3일,ledger-v4
STD-SYS-024,detail,T1,E2,보호 라우트 리다이렉트가 vercel.app 도메인으로 튐(마이페이지·/admin),STD-SYS-024,김동학,,,,,,,,https://shopby.huniprinting.co.kr/mypage → https://huni-skin-shopby.vercel.app/login?callbackUrl=%2Fmypage @ 2026-09-16 21:27,로그아웃 상태로 https://shopby.huniprinting.co.kr/mypage 를 열면 주소창이 shopby.huniprinting.co.kr/login?callbackUrl=… 로 남아 있으면 완료.,—,미착수,huni,dev,none,샵바이 비경유,,E2 · 매칭 규칙 없음,,,분류=수정 · 오픈차단여부=작업 항목 · 작업량=1일,ledger-v4
STD-SYS-025,detail,T5,E1,[구IA#44] 관리자 등록/관리,STD-SYS-025,최숙진,,,,,,,,https://huni-admin.printly.co.kr/admin/auth/user/ 4행 @ 2026-09-16 21:28 (webadmin 관리자) · 샵바이 운영자 등록은 셀러어드민(R1d),webadmin 「사용자」에 실무진 계정이 있고 셀러어드민 운영자 목록에도 같은 사람이 있으면 완료.,—,부분,huni,config,none,샵바이 비경유,,E1 · 매칭 규칙 없음,,,분류=설정 · 오픈차단여부=작업 항목 · 작업량=반일 · 소요 미합산(분류=설정),ledger-v4
STD-SYS-026,detail,T7,E4,오픈·안정화 후 유지보수 내부 인력 이관,STD-SYS-026,서희항,,,,,,,,후니정기미팅 정리260915.html §개발 역할 분담 · 확정 2,오픈 후 유지보수 인수인계 범위·시점이 적힌 합의 문서가 1부 존재하면 완료,—,미착수,huni,dev,none,샵바이 비경유,,E4 · 매칭 규칙 없음,,,분류=이슈 · 오픈차단여부=오픈 무관 · 작업량=반일 · 소요 미합산(분류=이슈),ledger-v4
STD-SYS-027,detail,T7,E4,기술 책임 총괄 = CTO 서희항 대표,STD-SYS-027,서희항,,,,,,,,후니정기미팅 정리260915.html §개발 역할 분담 · 확정 3,역할 분담표에 기술 총괄이 서희항 대표로 기재되어 있으면 완료,—,미착수,huni,dev,none,샵바이 비경유,,E4 · 매칭 규칙 없음,,,분류=이슈 · 오픈차단여부=오픈 무관 · 작업량=반일 · 소요 미합산(분류=이슈),ledger-v4
STD-SYS-028,detail,T5,E1,webadmin 영역 분리(쇼핑몰 관리자 영역 / DB·생산 영역),STD-SYS-028,신우진,,,,,,,,후니정기미팅 정리260915.html §개발 역할 분담 · 미결 1,신우진·김동학·서희항 3자 논의가 1회 열리고 ①쇼핑몰 관리자 영역 / ②DB·생산 영역의 기능 귀속표가 확정 기록으로 남으면 완료,—,미착수,huni,dev,none,샵바이 비경유,,E1 · 매칭 규칙 없음,,,분류=이슈 · 오픈차단여부=작업 항목 · 작업량=1일 · 소요 미합산(분류=이슈),ledger-v4
STD-SYS-029,detail,T4,C3,SMS 발신번호 인증 완료,STD-SYS-029,최숙진,,,,,,,,후니정기미팅 정리260915.html §회원·로그인·인증 · 확정 3,샵바이 셀러어드민 SMS 관리에서 발신번호가 인증 완료 상태로 표시되면 완료,—,구현-미검증,nhn,config,admin-manual,해당 엔드포인트 없음 (셀러어드민 화면으로만 제공),N,nhn · Server API 대응 규칙 없음,,,분류=설정 · 오픈차단여부=작업 항목 · 작업량=반일 · 소요 미합산(분류=설정),ledger-v4
STD-SYS-030,detail,T4,C3,테스트용 SMS 충전 완료 여부 확인,STD-SYS-030,최숙진,,,,,,,,후니정기미팅 정리260915.html §회원·로그인·인증 · 미결 2,샵바이 셀러어드민 SMS 충전 내역에서 발송 가능 잔액이 0보다 크면 완료,—,미착수,nhn,config,admin-manual,해당 엔드포인트 없음 (셀러어드민 화면으로만 제공),N,nhn · Server API 대응 규칙 없음,,,분류=설정 · 오픈차단여부=작업 항목 · 작업량=반일 · 소요 미합산(분류=설정),ledger-v4
STD-SYS-031,detail,T4,C3,PitStop 서버 환경 확보(Windows·RAM 16GB·AWS 별도 인스턴스),STD-SYS-031,미정,,,,,,,,후니정기미팅 정리260915.html §PDF 프리플라이트 · 미결 2,AWS 에 Windows 인스턴스가 생성되고 PitStop Server 가 설치·기동되면 완료,—,미착수,huni,dev,none,샵바이 비경유,,C3 · 매칭 규칙 없음,,,분류=개발 · 오픈차단여부=작업 항목 · 작업량=1주+,ledger-v4
STD-SYS-032,detail,T7,E4,오픈 목표일 확정 + 2주 테스트 시나리오,STD-SYS-032,채훈희,,,,,,,,후니정기미팅 정리260915.html §일정·설계 · 미결 1 / 후니-오픈잔여작업-실무진안내_260909.html §항목 6 · ④ 완료 기준,"오픈 목표일이 확정되고 테스트 시작일(오픈일 − 2주)이 날짜로 계산되어 있으며, 게시 상품 전부를 덮는 시나리오 목록이 1부 존재하면 완료",STD-ADP-037,부분,huni,dev,none,샵바이 비경유,,E4 · 매칭 규칙 없음,,,분류=이슈 · 오픈차단여부=작업 항목 · 작업량=1일 · 소요 미합산(분류=이슈),ledger-v4
STD-SYS-033,detail,T7,E4,사이트 전체 화면·절차 설계(버튼 동작·결제 단계 기능 가능 여부·비용 정리 후 컨펌),STD-SYS-033,신우진,,,,,,,,후니정기미팅 정리260915.html §일정·설계 · 미결 2,전체 화면·절차 설계안이 문서로 나오고 컨펌 결과가 기록되면 완료,—,미착수,huni,dev,none,샵바이 비경유,,E4 · 매칭 규칙 없음,,,분류=이슈 · 오픈차단여부=작업 항목 · 작업량=1주+ · 소요 미합산(분류=이슈),ledger-v4
STD-SYS-034,detail,T5,E1,"SMS 사용설정 「사용」 전환 + 포인트 충전(현재 1,000P·사용 안 함)",STD-SYS-034,최숙진,,,,,,,,"https://service.shopby.co.kr/pro/premium/sms/main/config @ 2026-09-16 21:31 — SMS 사용설정 「사용 안 함」·잔여 1,000P(SMS 1,000건/알림톡 1,666건)·발신번호 02-3409-8853 등록·부족알림 사용(100P) (R/R1d/evidence/30-sms-config.png)",SMS 관리>사용설정 「사용」 저장 후 회원가입 인증번호 문자 1건이 도착하면 완료,—,미착수,huni,config,none,샵바이 비경유,,E1 · 매칭 규칙 없음,,,분류=설정 · 오픈차단여부=작업 항목 · 작업량=반일 · 소요 미합산(분류=설정),ledger-v4
STD-SYS-035,detail,T5,E1,알림톡 사용여부 「사용함」 + 주문배송 항목 선택 + 템플릿 검수,STD-SYS-035,최숙진,,,,,,,,https://service.shopby.co.kr/pro/premium/kakao/notification/config @ 2026-09-16 21:31~21:34 — 채널 @huniprinting·발신프로필키 등록·알림톡 사용여부 「사용 안 함」·주문배송 항목 전부 「사용 안 함」·템플릿 관리 0건 (R/R1d/evidence/31-kakao-alimtalk.png·33-alimtalk-order-delivery.png·35-alimtalk-template-list.txt),알림톡 사용여부 「사용함」·입금대기안내/상품발송완료 등 필요 항목 「사용함」 저장 후 무통장 주문 1건에 알림톡이 도착하면 완료,STD-SYS-034,미착수,huni,config,none,샵바이 비경유,,E1 · 매칭 규칙 없음,,,분류=설정 · 오픈차단여부=작업 항목 · 작업량=1일 · 소요 미합산(분류=설정),ledger-v4
STD-SYS-036,detail,T1,E2,쇼핑몰 도메인·SNS 콜백 URL 정합(shopby.huniprinting.com / shoby.huniprinting.com / shoby.huniprinting.co.kr),STD-SYS-036,김동학,,,,,,,,https://service.shopby.co.kr/mall/modification/81683 @ 2026-09-16 21:31 — PC 웹 도메인 https://shopby.huniprinting.com/ · 모바일 웹 https://shoby.huniprinting.com · SNS 콜백 PC https://shoby.huniprinting.co.kr/callback/auth-callback · 실제 신규몰(p1)=https://shopby.huniprinting.co.kr/ (R/R1d/evidence/20-mall-list.txt·24-mall-modification.txt),"쇼핑몰 수정 PC/모바일 도메인과 SNS 콜백 URL 이 실제 오픈 도메인과 글자까지 같고, 카카오·네이버 개발자센터 Callback 이 같은 값이면 완료",—,미착수,huni,dev,none,샵바이 비경유,,E2 · 매칭 규칙 없음,,,분류=이슈 · 오픈차단여부=작업 항목 · 작업량=반일 · 소요 미합산(분류=이슈),ledger-v4
STD-SYS-037,detail,T5,E1,기초정보 사업자 정보 입력(회사명·사업자등록번호·통신판매업신고번호·주소·개인정보책임자),STD-SYS-037,최숙진,,,,,,,,"https://service.shopby.co.kr/service @ 2026-09-16 21:33 — 회사명·사업자등록번호·통신판매업 신고번호·주소·업종/업태·개인정보보호책임자 빈칸 · 대표자명 「대표 운영자」 · API serviceBasicInfo companyName="""" (R/R1d/evidence/72-service-basic.txt)",기초정보 관리 필수칸이 채워지고 신규몰 푸터 사업자정보에 같은 값이 보이면 완료,—,미착수,huni,config,none,샵바이 비경유,,E1 · 매칭 규칙 없음,,,분류=설정 · 오픈차단여부=작업 항목 · 작업량=반일 · 소요 미합산(분류=설정),ledger-v4
STD-SYS-038,detail,T5,E1,실무진 운영자 계정 생성 + 권한그룹(현재 마스터 1·권한그룹 0),STD-SYS-038,최숙진,,,,,,,,https://service.shopby.co.kr/admin/list·/authorityGroup/list @ 2026-09-16 21:33 (R/R1d/evidence/52-admin-list.txt·53-authority-group.txt),운영자 관리에 최숙진·김용기 계정이 등록완료·권한그룹 배정으로 보이면 완료,—,미착수,huni,config,none,샵바이 비경유,,E1 · 매칭 규칙 없음,,,분류=설정 · 오픈차단여부=작업 항목 · 작업량=반일 · 소요 미합산(분류=설정),ledger-v4
STD-SYS-039,detail,T4,C3,웹훅 등록 화면 위치 확인(셀러어드민 내 미발견) 및 등록 여부,STD-SYS-039,김동학,,,,,,,,https://service.shopby.co.kr 전체메뉴 98링크 중 webhook 0 · 앱 상세(Huni Admin) 항목=설치정보·API 권한 8종만 · Server API GET /webhooks 404·/webhooks/failed 400 (R/R1d/evidence/01-fullmenu-links.txt·42-app-huni-admin-detail.txt·api-get-log.txt),웹훅 URL 이 등록된 화면 캡처 1장 + 무통장 입금확인 1건에 t_ord_webhooks 1행이 생기면 완료(G2 ④),EXT-NHN,미착수,ext,wait,none,샵바이 비경유(외부 벤더 대기),,ext,외부(NHN커머스),,분류=이슈 · 오픈차단여부=차단(외부) · 작업량=반일 · 소요 미합산(분류=이슈),ledger-v4
STD-SYS-040,detail,T1,E2,발송전용 e-mail 도메인(gmail) 정리·자동 메일 도메인 인증,STD-SYS-040,최숙진,,,,,,,,https://service.shopby.co.kr/mall/modification/81683 @ 2026-09-16 21:31 — 고객센터/발송전용 e메일 [연락처 마스킹] · 화면 안내 「개인/회사 소유 도메인은 SPF/DKIM/DMARC 인증 필요」 · /mail/dispatch 발송 메일 동일 (R/R1d/evidence/24-mall-modification.txt·32-mail-dispatch.txt),쇼핑몰 수정>발송전용 e메일이 자사 도메인이고 e-mail 관리>자동 메일 도메인 설정이 인증 완료면 완료,—,미착수,huni,config,none,샵바이 비경유,,E2 · 매칭 규칙 없음,,,분류=설정 · 오픈차단여부=작업 항목 · 작업량=1일 · 소요 미합산(분류=설정),ledger-v4
STD-SYS-041,detail,T4,C3,상품 텍스트옵션 라벨 huni_token 미등록 확정(U-2) → 스킨 담기 구현 정합,STD-SYS-041,김동학,,,,,,,,"API GET /products/136578130 mallProductInputs=[huni_order, huni_item] (huni_token 없음) @ 2026-09-16 21:31 (R/R1d/evidence/api-server-product-sample.json) · Q0 label-check 226건 참조",담기 1건 후 셀러어드민 주문 상세 옵션 칸에 huni_item·huni_order 두 값이 보이고 오류 없이 저장되면 완료,—,미착수,huni,dev,none,샵바이 비경유,,C3 · 매칭 규칙 없음,,,분류=수정 · 오픈차단여부=작업 항목 · 작업량=1일,ledger-v4
STD-SYS-042,detail,T5,E1,"관리자 대시보드(/admin) 존폐 결정 — 빈 스캐폴드이며 role 이 항상 ""user"" 라 누구도 진입 불가",STD-SYS-042,신우진,,,,,,,,"huni-skin-shopby/src/app/(admin)/admin/page.tsx:2-8 스캐폴드 · src/lib/auth/auth.ts:161 `token.role = ""user""` 무조건 · src/app/(admin)/layout.tsx:19 admin 아니면 / · SPEC-TAKEOVER-001 U-16",결정이 「삭제」면 https://shopby.huniprinting.co.kr/admin 이 404 또는 홈으로 가고 「유지」면 관리자 계정으로 로그인해 대시보드가 보인다,—,미착수,huni,dev,none,샵바이 비경유,,E1 · 매칭 규칙 없음,,,분류=이슈 · 오픈차단여부=오픈 무관 · 작업량=반일 · 소요 미합산(분류=이슈),ledger-v4
STD-SYS-043,detail,T7,E4,[보안 Critical] /api/shopby 서버(파트너) API 범용 프록시가 인증·경로 화이트리스트 없이 파트너 비밀 토큰 중계,STD-SYS-043,김동학,,,,,,,,huni-skin-shopby/src/app/api/shopby/[...path]/route.ts:20-30 가드 없음 · artifacts/audit/iteration-1/report.md:27-33 C1·35 H1 · 포크 huni-skin-next/src/lib/api/server/shopby-proxy-guard.ts(default-deny),비로그인 브라우저에서 https://shopby.huniprinting.co.kr/api/shopby/admins 를 열면 401 또는 403 이 나온다(현재는 파트너 데이터가 그대로 나옴),STD-SYS-042,미착수,huni,dev,none,샵바이 비경유,,E4 · 매칭 규칙 없음,,,분류=수정 · 오픈차단여부=작업 항목 · 작업량=1일,ledger-v4
STD-SYS-044,detail,T7,E4,전역 오류 화면(error.tsx·not-found.tsx·global-error.tsx) 부재 — Next 기본 404/500 노출,STD-SYS-044,김동학,,,,,,,,`find huni-skin-shopby/src/app -maxdepth 2 -name error.tsx|not-found.tsx|global-error.tsx` 0개 · 포크 huni-skin-next/src/app/{error·global-error·not-found}.tsx 존재,https://shopby.huniprinting.co.kr/없는주소 를 열면 후니 헤더가 있는 「페이지를 찾을 수 없습니다」 화면이 나온다,—,미착수,huni,dev,none,샵바이 비경유,,E4 · 매칭 규칙 없음,,,분류=개발 · 오픈차단여부=오픈 무관 · 작업량=반일,ledger-v4
STD-SYS-045,detail,T4,C3,후니 위젯 서버키 헤더(X-Huni-Server-Key) 전송 배선 — 제공자가 WAPI_SERVER_KEY_REQUIRED 를 켜면 재견적이 403,STD-SYS-045,김동학,,,,,,,,huni-skin-shopby/src grep `X-Huni-Server-Key` 0곳 · huni-skin-next/src/lib/printly/server-key.ts(포크 구현·commit 6231dc4) · SPEC-TAKEOVER-001 spec.md:43·D-4,장바구니에서 수량을 바꿔 재견적이 되는 상태에서 webadmin 이 서버키 필수 모드여도 재견적이 403 없이 된다,EXT-HUNI-SERVERKEY,미착수,huni,dev,none,샵바이 비경유,,C3 · 매칭 규칙 없음,,,분류=개발 · 오픈차단여부=작업 항목 · 작업량=반일,ledger-v4
STD-SYS-046,detail,T7,E4,공지 본문·상품설명 HTML 무필터 렌더(저장형 XSS 여지) — sanitize 적용,STD-SYS-046,김동학,,,,,,,,huni-skin-shopby/src/app/(main)/notice/[articleNo]/page.tsx:69 · src/components/product/configurator.tsx:77 dangerouslySetInnerHTML · audit report.md:77 M3 · 포크 huni-skin-next/src/lib/security/sanitize.ts,공지사항 본문에 script 태그를 포함한 글을 셀러어드민에 올려도 신규몰 공지 화면에서 스크립트가 실행되지 않고 본문만 보인다,—,미착수,huni,dev,none,샵바이 비경유,,E4 · 매칭 규칙 없음,,,분류=수정 · 오픈차단여부=작업 항목 · 작업량=반일,ledger-v4
STD-SYS-047,detail,T7,E4,보안 응답 헤더/CSP 부재(next.config.ts 에 headers() 없음),STD-SYS-047,김동학,,,,,,,,huni-skin-shopby/next.config.ts:1-17 headers 없음 · SPEC-TAKEOVER-001 spec.md:46 · 포크 M3(commit 348a8f4) CSP Report-Only,브라우저 개발자도구 네트워크에서 신규몰 응답 헤더에 X-Frame-Options·Content-Security-Policy 가 보이고 결제창·위젯이 정상 동작한다,—,미착수,huni,dev,none,샵바이 비경유,,E4 · 매칭 규칙 없음,,,분류=수정 · 오픈차단여부=작업 항목 · 작업량=1일,ledger-v4
STD-SYS-048,detail,T7,E4,회귀 테스트 0개·CI 없음 — 포크의 특성화 테스트(14파일·108케이스)·ci.yml 이식,STD-SYS-048,김동학,,,,,,,,`find huni-skin-shopby/src -name '*.test.*'` 0 · .github/workflows/ 에 label-sync.yml 만 · 포크 huni-skin-next: 14 test files·.github/workflows/ci.yml(commit ed448b7·77b43cd),GitHub 저장소 Actions 탭에서 main 푸시마다 typecheck+lint+test 가 초록으로 끝난다,STD-SYS-050,미착수,huni,dev,none,샵바이 비경유,,E4 · 매칭 규칙 없음,,,분류=검증 · 오픈차단여부=오픈 무관 · 작업량=1일 · 소요 미합산(분류=검증),ledger-v4
STD-SYS-049,detail,T4,C3,Railway `vc_v_product_detail_tabs` 직접 SELECT — pg.Pool 타임아웃 없음·DDL 소유자 미정(계약 협상),STD-SYS-049,김동학,,,,,,,,huni-skin-shopby/src/lib/printly/publications.ts:48-56 Pool 옵션 없음·84-85 SELECT · SPEC-TAKEOVER-001 D-2 · 포크 M5(commit 5366dac) 타임아웃 적용,상품 상세를 열 때 발행 탭이 4초 이상 걸리면 빈 탭 대신 즉시 폴백이 나오고 서버 로그에 타임아웃이 남는다,—,미착수,huni,dev,none,샵바이 비경유,,C3 · 매칭 규칙 없음,,,분류=수정 · 오픈차단여부=오픈 무관 · 작업량=반일,ledger-v4
STD-SYS-050,detail,T7,E4,huni-skin-next 포크(SPEC-TAKEOVER-001 M0~M7·20커밋·remote 없음) 처리 결정 — 원본 main 에 선별 이식 vs 폐기,STD-SYS-050,신우진,,,,,,,,huni-skin-shopby/.git/info/exclude:7 `huni-skin-next/` · huni-skin-next `git remote` 0 · `git log 0f65b32..HEAD` 20 · 원본 9/10~9/15 4커밋 미반영,huni-skin-next 를 어떻게 할지(이식 목록·폐기)가 회의 결정으로 기록되고 이식 항목이 원장 행으로 존재한다,—,미착수,huni,dev,none,샵바이 비경유,,E4 · 매칭 규칙 없음,,,분류=이슈 · 오픈차단여부=오픈 무관 · 작업량=반일 · 소요 미합산(분류=이슈),ledger-v4
STD-SYS-051,detail,T7,E4,미병합 로컬 브랜치·워크트리 7개 정리(WT-* 6 + release/0.2.0) — 유효 변경 유무 확인 후 삭제,STD-SYS-051,김동학,,,,,,,,`git -C huni-skin-shopby branch --no-merged main` 7개 · `git worktree list` .claude/worktrees/{t1·t2·t3·t9·t10·t11·release-0.2.0},`git branch --no-merged main` 결과가 비어 있고 .claude/worktrees 에 남은 폴더가 없다,—,미착수,huni,dev,none,샵바이 비경유,,E4 · 매칭 규칙 없음,,,분류=이슈 · 오픈차단여부=오픈 무관 · 작업량=반일 · 소요 미합산(분류=이슈),ledger-v4
STD-SYS-052,detail,T1,E2,환경변수 정합 — 코드 참조 vs .env.example vs vercel-env-push.sh 불일치(HUNI_WIDGET_SITE_KEY·SHOPBY_NOTICE_BOARD_NO 예시 누락 · DEMO_AUTH_* 미사용 · GRAPHQL 2종 잔존),STD-SYS-052,김동학,,,,,,,,huni-skin-shopby/.env.example(21키) · scripts/vercel-env-push.sh(GRAPHQL_BRIDGE_SECRET·NEXT_PUBLIC_GRAPHQL_ENDPOINT) · src/lib/api/server/board.ts:14 · 포크 t10 commit 8ff573a,.env.example 의 키 목록과 코드가 읽는 process.env 키 목록이 일치하고 Vercel 프로젝트 환경변수에 HUNI_WIDGET_SITE_KEY 가 있다,—,미착수,huni,config,none,샵바이 비경유,,E2 · 매칭 규칙 없음,,,분류=설정 · 오픈차단여부=작업 항목 · 작업량=반일 · 소요 미합산(분류=설정),ledger-v4
STD-SYS-053,detail,T5,E1,Prisma 로컬 DB(23테이블·DATABASE_URL) 존폐 — 코드 소비자 0(src/lib/prisma.ts 만),STD-SYS-053,김동학,,,,,,,,`grep -rn '@/lib/prisma' huni-skin-shopby/src` 0(정의 파일 제외) · prisma/README.md:3 · package.json postinstall `prisma generate` · SPEC-TAKEOVER-001 U-6,pnpm install 시 prisma generate 가 돌지 않고 배포 환경변수에 DATABASE_URL 이 없어도 빌드·화면이 정상이다,—,미착수,huni,dev,none,샵바이 비경유,,E1 · 매칭 규칙 없음,,,분류=이슈 · 오픈차단여부=오픈 무관 · 작업량=반일 · 소요 미합산(분류=이슈),ledger-v4
STD-SYS-054,detail,T7,E4,운영 console.error 24건·요청 ID 없는 진단 로그 → 구조화 로그·요청 ID 이식,STD-SYS-054,김동학,,,,,,,,`grep -rnE 'console\.(log|error|warn)' huni-skin-shopby/src` 24 · audit report.md:71 M2 · 포크 huni-skin-next/src/lib/observability/{logger·request-id}.ts(commit f692a43),결제 실패를 1건 재현하면 Vercel 로그에 요청 ID 가 붙은 한 줄 JSON 로그로 남고 토큰 값은 없다,—,미착수,huni,dev,none,샵바이 비경유,,E4 · 매칭 규칙 없음,,,분류=수정 · 오픈차단여부=오픈 무관 · 작업량=반일,ledger-v4
STD-MFG-001,detail,T4,C5,주문 등록 API 수신(자사몰→우리·site_key/order_no/line_no/token),STD-MFG-001,서희항,,,,,,,,raw/webadmin/webadmin/config/urls.py:268 POST /api/w/v1/order/register · order-to-mes-process.md §8.0 SF-1 || P1판정(260902): raw/webadmin/webadmin/config/urls.py:268 api_order_register · §11 0단계 [x],PG 승인 후 테스트 결제 1건이 t_ord_orders 에 1행 생기고 원고가 order 버킷으로 승격되면 완료.,EXT-PG,부분,huni,dev,none,샵바이 비경유,,C5 · 매칭 규칙 없음,,,분류=검증 · 오픈차단여부=오픈 무관 · 작업량=1일 · 소요 미합산(분류=검증),ledger-v4
STD-MFG-002,detail,T4,C5,주문 등록 멱등 처리(재시도 already:true·같은 자리 다른 사양 409),STD-MFG-002,서희항,,,,,,,,"order-to-mes-process.md §8.0 SF-1 · §11 0단계 || P1판정(260902): raw/webadmin/webadmin/catalog/widget_api.py:4314,4329 _ord_row_response(already=False/True) · §11 0단계 [x]",PG 승인 후 테스트 결제 1건이 t_ord_orders 에 1행 생기고 원고가 order 버킷으로 승격되면 완료.,EXT-PG,부분,huni,dev,none,샵바이 비경유,,C5 · 매칭 규칙 없음,,,분류=검증 · 오픈차단여부=오픈 무관 · 작업량=1일 · 소요 미합산(분류=검증),ledger-v4
STD-MFG-003,detail,T4,C5,결제 사양 전문 보관(t_ord_orders·서명 token 검증 후 전개),STD-MFG-003,서희항,,,,,,,,order-to-mes-process.md §6.5 · raw/webadmin/webadmin/catalog/models.py:1043 TOrdOrders || P1판정(260902): raw/webadmin/webadmin/catalog/models.py:1043 TOrdOrders · §6.5,PG 승인 후 테스트 결제 1건이 t_ord_orders 에 1행 생기고 원고가 order 버킷으로 승격되면 완료.,EXT-PG,부분,huni,dev,none,샵바이 비경유,,C5 · 매칭 규칙 없음,,,분류=검증 · 오픈차단여부=오픈 무관 · 작업량=1일 · 소요 미합산(분류=검증),ledger-v4
STD-MFG-004,detail,T4,C5,원고 승격 tmp→order 버킷 CopyObject,STD-MFG-004,서희항,,,,,,,,raw/webadmin/webadmin/catalog/artwork_promote.py · order-to-mes-process.md §4-2 || P1판정(260902): raw/webadmin/webadmin/catalog/artwork_promote.py:179 S3.copy_to_order · §11 1단계 [x],PG 승인 후 테스트 결제 1건이 t_ord_orders 에 1행 생기고 원고가 order 버킷으로 승격되면 완료.,EXT-PG,부분,huni,dev,none,샵바이 비경유,,C5 · 매칭 규칙 없음,,,분류=검증 · 오픈차단여부=오픈 무관 · 작업량=1일 · 소요 미합산(분류=검증),ledger-v4
STD-MFG-005,detail,T4,C5,승격 시 원본 실존·크기 실측 대조(head_object) fail-closed,STD-MFG-005,서희항,,,,,,,,artwork_promote.py:161 _promote_one · order-to-mes-process.md §4 승격 검증 || P1판정(260902): raw/webadmin/webadmin/catalog/artwork_promote.py:165 S3.head_object · :161 _promote_one,PG 승인 후 테스트 결제 1건이 t_ord_orders 에 1행 생기고 원고가 order 버킷으로 승격되면 완료.,EXT-PG,부분,huni,dev,none,샵바이 비경유,,C5 · 매칭 규칙 없음,,,분류=검증 · 오픈차단여부=오픈 무관 · 작업량=1일 · 소요 미합산(분류=검증),ledger-v4
STD-MFG-006,detail,T4,C5,승격 실패 시 주문 보류(HOLD)+사유 기록,STD-MFG-006,서희항,,,,,,,,artwork_promote.py:51 ORD_HOLD · order-to-mes-process.md §11 1단계 || P1판정(260902): raw/webadmin/webadmin/catalog/artwork_promote.py:51 ORD_HOLD,PG 승인 후 테스트 결제 1건이 t_ord_orders 에 1행 생기고 원고가 order 버킷으로 승격되면 완료.,EXT-PG,부분,huni,dev,none,샵바이 비경유,,C5 · 매칭 규칙 없음,,,분류=검증 · 오픈차단여부=오픈 무관 · 작업량=1일 · 소요 미합산(분류=검증),ledger-v4
STD-MFG-007,detail,T4,C5,담당자용 보류 주문 목록 화면,STD-MFG-007,서희항,,,,,,,,order-to-mes-process.md §11 1단계 미체크(남음) || P1판정(260902): §11 1단계 「(남음) 담당자용 보류 주문 목록 화면」 — 미체크,webadmin 에 「보류 주문」 목록이 생겨 HOLD 사유가 보이면 완료(Plan B: DB 조회).,—,미착수,huni,dev,none,샵바이 비경유,,C5 · 매칭 규칙 없음,,,분류=개발 · 오픈차단여부=오픈 무관 · 작업량=1일,ledger-v4
STD-MFG-008,detail,T4,C5,원고 키 회차(r{n}) 규약·재업로드 누적 보관,STD-MFG-008,서희항,,,,,,,,[상위:STD-ART-007] raw/webadmin/webadmin/catalog/s3_artwork.py build_order_key() · order-to-mes-process.md §4 키 규약 || P1판정(260902): raw/webadmin/webadmin/catalog/s3_artwork.py:135 build_order_key(rev=1),PG 승인 후 테스트 결제 1건이 t_ord_orders 에 1행 생기고 원고가 order 버킷으로 승격되면 완료.,EXT-PG,부분,huni,dev,none,샵바이 비경유,,C5 · 매칭 규칙 없음,,,분류=검증 · 오픈차단여부=오픈 무관 · 작업량=1일 · 소요 미합산(분류=검증),ledger-v4
STD-MFG-009,detail,T4,C5,MES 넘길 파일 목록 산출(t_ord_artworks 최신 회차),STD-MFG-009,서희항,,,,,,,,raw/webadmin/webadmin/catalog/models.py:1096 TOrdArtworks · artwork_promote.py:319 latest_artworks || P1판정(260902): raw/webadmin/webadmin/catalog/artwork_promote.py:319 latest_artworks · models.py:1096,PG 승인 후 테스트 결제 1건이 t_ord_orders 에 1행 생기고 원고가 order 버킷으로 승격되면 완료.,EXT-PG,부분,huni,dev,none,샵바이 비경유,,C5 · 매칭 규칙 없음,,,분류=검증 · 오픈차단여부=오픈 무관 · 작업량=1일 · 소요 미합산(분류=검증),ledger-v4
STD-MFG-010,detail,T4,C5,상품↔MES 품목코드(MES_ITEM_CD) 매핑 일괄 적재,STD-MFG-010,최숙진,,,,,,,,order-to-mes-process.md §11 2단계 · 라이브 실측 260902 15/269 || P1판정(260902): 입력·중복검증 UI 는 상품 편집 화면에 실재 · 라이브 실측 260902 269개 중 15개만 채움 · §11 2단계 미체크,상품정보에서 판매중 상품 240개의 MES품목코드 칸을 MES 팀이 준 코드로 채워 빈칸 0이면 완료.,EXT-MES,부분,huni,config,none,샵바이 비경유,,C5 · 매칭 규칙 없음,,,분류=설정 · 오픈차단여부=오픈 무관 · 작업량=2-3일 · 소요 미합산(분류=설정),ledger-v4
STD-MFG-011,detail,T4,C5,MES 품목코드 중복 검증(부분 유니크·삭제상품 점유 명시),STD-MFG-011,서희항,,,,,,,,raw/webadmin/webadmin/catalog/admin.py:2710 clean_mes_item_cd || P1판정(260902): raw/webadmin/webadmin/catalog/admin.py:2710 clean_mes_item_cd (부분 유니크 ux_t_prd_products_mes_item_cd),PG 승인 후 테스트 결제 1건이 t_ord_orders 에 1행 생기고 원고가 order 버킷으로 승격되면 완료.,EXT-PG,부분,huni,dev,none,샵바이 비경유,,C5 · 매칭 규칙 없음,,,분류=검증 · 오픈차단여부=오픈 무관 · 작업량=1일 · 소요 미합산(분류=검증),ledger-v4
STD-MFG-012,detail,T4,C5,MES 품목코드 매핑 현황 목록 노출,STD-MFG-012,서희항,,,,,,,,order-to-mes-process.md §11 2단계 「목록에는 빠져 있어 현황 파악이 어려움」 || P1판정(260902): §11 2단계 「목록에는 빠져 있어 현황 파악이 어려움」,상품정보 목록에 MES품목코드 열/필터가 보이면 완료.,—,미착수,huni,dev,none,샵바이 비경유,,C5 · 매칭 규칙 없음,,,분류=개발 · 오픈차단여부=오픈 무관 · 작업량=반일,ledger-v4
STD-MFG-013,detail,T4,C5,MES-1 주문 접수 전송(WCF·주문헤더+제작사양 전문+원고 목록+handoff_id),STD-MFG-013,서희항,,,,,,,,order-to-mes-process.md §8.3 MES-1 || P1판정(260902): §11 2단계 미체크 · webadmin 전수 grep 'MES_SENT|mes_send|api_mes' 0건(260902),"Plan B: 오픈 초기 MES 등록은 담당자가 수기(case5)로 하고, 이 항목은 오픈 후 일정으로 기록하면 완료.",EXT-MES,미착수,huni,dev,none,샵바이 비경유,,C5 · 매칭 규칙 없음,,,분류=개발 · 오픈차단여부=오픈 무관 · 작업량=1주+,ledger-v4
STD-MFG-014,detail,T4,C5,MES 중복 전송 방지 도장,STD-MFG-014,서희항,,,,,,,,order-to-mes-process.md §11 2단계 || P1판정(260902): §11 2단계 「중복 전송 방지 도장」 미체크 · 코드 0건,"Plan B: 오픈 초기 MES 등록은 담당자가 수기(case5)로 하고, 이 항목은 오픈 후 일정으로 기록하면 완료.",EXT-MES,미착수,huni,dev,none,샵바이 비경유,,C5 · 매칭 규칙 없음,,,분류=개발 · 오픈차단여부=오픈 무관 · 작업량=1주+,ledger-v4
STD-MFG-015,detail,T4,C5,MES-2 주문 취소 통보(생산중지 요청),STD-MFG-015,서희항,,,,,,,,order-to-mes-process.md §8.3 MES-2 || P1판정(260902): §8.3 MES-2 · 코드 0건,"Plan B: 오픈 초기 MES 등록은 담당자가 수기(case5)로 하고, 이 항목은 오픈 후 일정으로 기록하면 완료.",EXT-MES,미착수,huni,dev,none,샵바이 비경유,,C5 · 매칭 규칙 없음,,,분류=개발 · 오픈차단여부=오픈 무관 · 작업량=1주+,ledger-v4
STD-MFG-016,detail,T4,C5,MES-3 원고 교체 통보(회차 증가 시 새 키 전달),STD-MFG-016,서희항,,,,,,,,[상위:STD-ART-028] order-to-mes-process.md §8.3 MES-3 || P1판정(260902): §8.3 MES-3 · 코드 0건,"Plan B: 오픈 초기 MES 등록은 담당자가 수기(case5)로 하고, 이 항목은 오픈 후 일정으로 기록하면 완료.",EXT-MES,미착수,huni,dev,none,샵바이 비경유,,C5 · 매칭 규칙 없음,,,분류=개발 · 오픈차단여부=오픈 무관 · 작업량=1주+,ledger-v4
STD-MFG-017,detail,T4,C5,MES-4 배송지·수령자 변경 통보(출고 전 한정),STD-MFG-017,서희항,,,,,,,,[상위:STD-SHP-015] order-to-mes-process.md §8.3 MES-4 || P1판정(260902): §8.3 MES-4 · 코드 0건,"Plan B: 오픈 초기 MES 등록은 담당자가 수기(case5)로 하고, 이 항목은 오픈 후 일정으로 기록하면 완료.",EXT-MES,미착수,huni,dev,none,샵바이 비경유,,C5 · 매칭 규칙 없음,,,분류=개발 · 오픈차단여부=오픈 무관 · 작업량=1주+,ledger-v4
STD-MFG-018,detail,T4,C5,MES-5 주문 조회 재동기화,STD-MFG-018,서희항,,,,,,,,order-to-mes-process.md §8.3 MES-5 || P1판정(260902): §8.3 MES-5 · 코드 0건,"Plan B: 오픈 초기 MES 등록은 담당자가 수기(case5)로 하고, 이 항목은 오픈 후 일정으로 기록하면 완료.",EXT-MES,미착수,huni,dev,none,샵바이 비경유,,C5 · 매칭 규칙 없음,,,분류=개발 · 오픈차단여부=오픈 무관 · 작업량=1주+,ledger-v4
STD-MFG-019,detail,T4,C5,MES→우리 API 인증(VPC 사설 경로+API 키·인터넷 미개방),STD-MFG-019,서희항,,,,,,,,order-to-mes-process.md §8.4 인증·경로 · aws-architecture-huni.pdf p.11 §6 || P1판정(260902): §11 2단계 「우리가 제공할 API 4종 정의서」 미작성 · 코드 0건,"Plan B: 오픈 초기 MES 등록은 담당자가 수기(case5)로 하고, 이 항목은 오픈 후 일정으로 기록하면 완료.",EXT-MES,미착수,huni,dev,none,샵바이 비경유,,C5 · 매칭 규칙 없음,,,분류=개발 · 오픈차단여부=오픈 무관 · 작업량=1주+,ledger-v4
STD-MFG-020,detail,T4,C5,주문 큐 비동기 처리(SQS 디커플·MES 다운 중에도 접수 지속),STD-MFG-020,서희항,,,,,,,,aws-architecture-huni.pdf p.7 §3.2 || P1판정(260902): aws-architecture-huni.pdf p.7 §3.2 설계만 · SQS 코드 0건,"Plan B: 오픈 초기 MES 등록은 담당자가 수기(case5)로 하고, 이 항목은 오픈 후 일정으로 기록하면 완료.",EXT-MES,미착수,huni,dev,none,샵바이 비경유,,C5 · 매칭 규칙 없음,,,분류=개발 · 오픈차단여부=오픈 무관 · 작업량=1주+,ledger-v4
STD-MFG-021,detail,T4,C5,실패 재시도·DLQ·처리 실패 주문 관리자 화면,STD-MFG-021,서희항,,,,,,,,[상위:STD-SYS-016] order-to-mes-process.md §9.4 · aws-architecture-huni.pdf p.7 §3.2 || P1판정(260902): §11 5단계 미체크 · DLQ 코드 0건,"Plan B: 오픈 초기 MES 등록은 담당자가 수기(case5)로 하고, 이 항목은 오픈 후 일정으로 기록하면 완료.",EXT-MES,미착수,huni,dev,none,샵바이 비경유,,C5 · 매칭 규칙 없음,,,분류=개발 · 오픈차단여부=오픈 무관 · 작업량=1주+,ledger-v4
STD-MFG-022,detail,T4,C7,주문 상태머신(REGISTERED/PROMOTING/PROMOTED/HOLD/PAID/FILE_CHECK/FILE_HOLD/MES_SENT/IN_PRODUCTION/PRODUCED/SHIPPED/DONE/CANCELED),STD-MFG-022,서희항,,,,,,,,order-to-mes-process.md §6.2 · artwork_promote.py:49-52 || P1판정(260902): raw/webadmin/webadmin/catalog/artwork_promote.py:49-52 (REGISTERED/PROMOTING/PROMOTED/HOLD 4종 실재) · models.py:1070 ord_sts · §11 2단계 「주문 상태머신」 미체크,주문 1건이 REGISTERED→PROMOTED→PAID 까지 상태가 바뀌면 1차 완료(Plan B 범위).,STD-MFG-136;EXT-MES,부분,huni,dev,none,샵바이 비경유,,C7 · 매칭 규칙 없음,,,분류=개발 · 오픈차단여부=오픈 무관 · 작업량=1주+,ledger-v4
STD-MFG-023,detail,T4,C7,상태 단위=주문상품옵션(orderProductOptionNo)·주문 단위는 롤업,STD-MFG-023,서희항,,,,,,,,"order-to-mes-process.md §6.3 || P1판정(260902): raw/webadmin/webadmin/catalog/models.py:1078 shop_line_no · :1093 unique_together(site_cd,shop_ord_no,shop_line_no)",두 줄 주문에서 한 줄만 완료여도 주문 상태가 롤업 규칙대로 표시되면 완료.,—,부분,huni,dev,none,샵바이 비경유,,C7 · 매칭 규칙 없음,,,분류=개발 · 오픈차단여부=오픈 무관 · 작업량=2-3일,ledger-v4
STD-MFG-024,detail,T4,C7,3시스템 매핑 테이블(handoff_id·orderNo+orderProductOptionNo·MES 작업번호),STD-MFG-024,서희항,,,,,,,,order-to-mes-process.md §6.4 || P1판정(260902): raw/webadmin/webadmin/catalog/models.py:1043 TOrdOrders(handoff·shop_ord_no·shop_line_no 보유),t_ord_orders 에 MES 작업번호 칸이 생기면 완료.,EXT-MES,부분,huni,dev,none,샵바이 비경유,,C7 · 매칭 규칙 없음,,,분류=개발 · 오픈차단여부=오픈 무관 · 작업량=1일,ledger-v4
STD-MFG-025,detail,T4,C7,FR-1 MES 주문 상태 변경 통보 수신(접수완료/생산대기/생산중/생산완료),STD-MFG-025,서희항,,,,,,,,order-to-mes-process.md §8.4 FR-1 || P1판정(260902): §8.4 FR-1 · 코드 0건,Plan B: 상태 변경·송장 등록을 셀러어드민에서 수기로 하기로 기록하면 완료(자동화는 오픈 후).,EXT-MES;EXT-NHN;STD-MFG-136,미착수,huni,dev,none,샵바이 비경유,,C7 · 매칭 규칙 없음,,,분류=개발 · 오픈차단여부=오픈 무관 · 작업량=1주+,ledger-v4
STD-MFG-026,detail,T4,C7,접수완료 시 취소 잠금 원자적 전환(cancelable CAS),STD-MFG-026,서희항,,,,,,,,order-to-mes-process.md §7.3 || P1판정(260902): §7.3 취소 경합 CAS · §11 2단계 미체크 · 코드 0건,Plan B: 상태 변경·송장 등록을 셀러어드민에서 수기로 하기로 기록하면 완료(자동화는 오픈 후).,EXT-MES;EXT-NHN;STD-MFG-136,미착수,huni,dev,none,샵바이 비경유,,C7 · 매칭 규칙 없음,,,분류=개발 · 오픈차단여부=오픈 무관 · 작업량=1주+,ledger-v4
STD-MFG-027,detail,T4,C7,TO-2 샵바이 상품준비중 전환(취소 창구 닫기),STD-MFG-027,서희항,,,,,,,,order-to-mes-process.md §8.2 TO-2 PUT /orders/prepare-product || P1판정(260902): §8.2 TO-2 · §11 3단계 미체크 · 코드 0건,Plan B: 상태 변경·송장 등록을 셀러어드민에서 수기로 하기로 기록하면 완료(자동화는 오픈 후).,EXT-MES;EXT-NHN;STD-MFG-136,미착수,huni,dev,server-api,order-server-public.endpoints.json PUT /orders/change-status/by-shipping-no,,C7∈구간집합 · 규칙 /상품준비중|배송준비중|배송중|샵바이 상태|상태 반영/,,,분류=개발 · 오픈차단여부=오픈 무관 · 작업량=1주+,ledger-v4
STD-MFG-028,detail,T4,C7,FR-2 MES 송장번호 등록 수신,STD-MFG-028,서희항,,,,,,,,[상위:STD-SHP-012] order-to-mes-process.md §8.4 FR-2 || P1판정(260902): §8.4 FR-2 · 코드 0건,Plan B: 상태 변경·송장 등록을 셀러어드민에서 수기로 하기로 기록하면 완료(자동화는 오픈 후).,EXT-MES;EXT-NHN;STD-MFG-136,미착수,huni,dev,server-api,order-server-public.endpoints.json PUT /orders/update-invoices,,C7∈구간집합 · 규칙 /송장/,,,분류=개발 · 오픈차단여부=오픈 무관 · 작업량=1주+,ledger-v4
STD-MFG-029,detail,T4,C7,TO-3 샵바이 배송처리(송장 등록·정정),STD-MFG-029,서희항,,,,,,,,order-to-mes-process.md §8.2 TO-3 || P1판정(260902): §8.2 TO-3 · §11 3단계 미체크 · 코드 0건,Plan B: 상태 변경·송장 등록을 셀러어드민에서 수기로 하기로 기록하면 완료(자동화는 오픈 후).,EXT-MES;EXT-NHN;STD-MFG-136,미착수,huni,dev,server-api,order-server-public.endpoints.json PUT /orders/update-invoices,,C7∈구간집합 · 규칙 /송장/,,,분류=개발 · 오픈차단여부=오픈 무관 · 작업량=1주+,ledger-v4
STD-MFG-030,detail,T4,C7,우리가 올린 상태변경 웹훅 메아리 필터(무한루프 방지),STD-MFG-030,서희항,,,,,,,,order-to-mes-process.md §8.1 SB-2 분기표 || P1판정(260902): §8.1 SB-2 분기표 설계만 · 코드 0건,Plan B: 상태 변경·송장 등록을 셀러어드민에서 수기로 하기로 기록하면 완료(자동화는 오픈 후).,EXT-MES;EXT-NHN;STD-MFG-136,미착수,huni,dev,none,샵바이 비경유,,C7 · 매칭 규칙 없음,,,분류=개발 · 오픈차단여부=오픈 무관 · 작업량=1주+,ledger-v4
STD-MFG-031,detail,T4,C7,FR-3 MES 발 주문 취소 요청 수신→샵바이 취소·환불(TO-4),STD-MFG-031,서희항,,,,,,,,order-to-mes-process.md §8.4 FR-3 · §7.2 게이트③ || P1판정(260902): §8.4 FR-3 · §8.2 TO-4 · 코드 0건,Plan B: 상태 변경·송장 등록을 셀러어드민에서 수기로 하기로 기록하면 완료(자동화는 오픈 후).,EXT-MES;EXT-NHN;STD-MFG-136,미착수,huni,dev,none,샵바이 비경유,,C7 · 매칭 규칙 없음,,,분류=개발 · 오픈차단여부=오픈 무관 · 작업량=1주+,ledger-v4
STD-MFG-032,detail,T4,C7,FR-5 취소요청 승인·거부 수신→샵바이 클레임 처리(TO-5),STD-MFG-032,서희항,,,,,,,,[상위:STD-CLM-013] order-to-mes-process.md §8.4 FR-5 · §8.2 TO-5 || P1판정(260902): §8.4 FR-5 · §8.2 TO-5 · §11 5단계 미체크 · 코드 0건,Plan B: 상태 변경·송장 등록을 셀러어드민에서 수기로 하기로 기록하면 완료(자동화는 오픈 후).,EXT-MES;EXT-NHN;STD-MFG-136,미착수,huni,dev,none,샵바이 비경유,,C7 · 매칭 규칙 없음,,,분류=개발 · 오픈차단여부=오픈 무관 · 작업량=1주+,ledger-v4
STD-MFG-033,detail,T4,C7,생산 시작 후 도착한 취소는 자동 처리하지 않고 담당자 에스컬레이션,STD-MFG-033,서희항,,,,,,,,order-to-mes-process.md §7.3 원칙 2·3 || P1판정(260902): §7.3 원칙 2·3 설계만 · 코드 0건,Plan B: 상태 변경·송장 등록을 셀러어드민에서 수기로 하기로 기록하면 완료(자동화는 오픈 후).,EXT-MES;EXT-NHN;STD-MFG-136,미착수,huni,dev,none,샵바이 비경유,,C7 · 매칭 규칙 없음,,,분류=개발 · 오픈차단여부=오픈 무관 · 작업량=1주+,ledger-v4
STD-MFG-034,detail,T4,C7,FR-7 주문 메모 기록→샵바이 업무 메시지 동기화(TO-6),STD-MFG-034,서희항,,,,,,,,order-to-mes-process.md §8.4 FR-7 · §8.2 TO-6 || P1판정(260902): §8.4 FR-7 · §8.2 TO-6 · §11 5단계 미체크 · 코드 0건,Plan B: 상태 변경·송장 등록을 셀러어드민에서 수기로 하기로 기록하면 완료(자동화는 오픈 후).,EXT-MES;EXT-NHN;STD-MFG-136,미착수,huni,dev,none,샵바이 비경유,,C7 · 매칭 규칙 없음,,,분류=개발 · 오픈차단여부=오픈 무관 · 작업량=1주+,ledger-v4
STD-MFG-035,detail,T4,C7,MES 화면 신규 버튼(취소·재업로드 요청·취소요청 승인거부)+사유 입력,STD-MFG-035,외부(상대측 회신 대기),,,,,,,,[상위:STD-ADO-009] order-to-mes-process.md §8.4 「MES 쪽 화면 작업(신규)」 || P1판정(260902): §8.4 「MES 쪽 화면 작업(신규)」 — MES WinForms 신규 개발,MES 벤더가 화면 3종 개발 일정을 회신하면 완료.,EXT-MES,미착수,ext,wait,none,샵바이 비경유(외부 벤더 대기),,ext,외부(상대측 회신 대기),,분류=이슈 · 오픈차단여부=오픈 무관 · 작업량=1주+ · 소요 미합산(분류=이슈),ledger-v4
STD-MFG-036,detail,T4,C4,원고 바이러스 온디맨드 명시 스캔,STD-MFG-036,서희항,,,,,,,,raw/webadmin/docs/artwork-scan-integration.md 해법 || P1판정(260902): §11 4단계 「바이러스 검사 연결」 미체크 · artwork-scan-integration.md 설계만,"Plan B: 파일확인을 담당자 눈으로 하고, 자동검사는 오픈 후 항목으로 기록하면 완료.",EXT-PITSTOP;STD-ART-016,미착수,huni,dev,none,샵바이 비경유,,C4 · 매칭 규칙 없음,,,분류=개발 · 오픈차단여부=오픈 무관 · 작업량=1주+,ledger-v4
STD-MFG-037,detail,T4,C4,바이러스 검사 3중 교차 판정(스캔결과·탐지기록·파일존재해시),STD-MFG-037,서희항,,,,,,,,artwork-scan-integration.md ③ 결과 3가지 교차 확인 || P1판정(260902): artwork-scan-integration.md ③ 설계만 · 코드 0건,"Plan B: 파일확인을 담당자 눈으로 하고, 자동검사는 오픈 후 항목으로 기록하면 완료.",EXT-PITSTOP;STD-ART-016,미착수,huni,dev,none,샵바이 비경유,,C4 · 매칭 규칙 없음,,,분류=개발 · 오픈차단여부=오픈 무관 · 작업량=1주+,ledger-v4
STD-MFG-038,detail,T4,C4,시그니처 신선도 확인·오래되면 보류,STD-MFG-038,서희항,,,,,,,,artwork-scan-integration.md 시그니처 신선도 || P1판정(260902): artwork-scan-integration.md 시그니처 신선도 — 설계만,"Plan B: 파일확인을 담당자 눈으로 하고, 자동검사는 오픈 후 항목으로 기록하면 완료.",EXT-PITSTOP;STD-ART-016,미착수,huni,dev,none,샵바이 비경유,,C4 · 매칭 규칙 없음,,,분류=개발 · 오픈차단여부=오픈 무관 · 작업량=1주+,ledger-v4
STD-MFG-039,detail,T4,C4,스캔 실패·타임아웃은 통과가 아니라 보류(재시도 큐),STD-MFG-039,서희항,,,,,,,,artwork-scan-integration.md ⚠ 주의 3 || P1판정(260902): artwork-scan-integration.md ⚠주의 3 — 설계만,"Plan B: 파일확인을 담당자 눈으로 하고, 자동검사는 오픈 후 항목으로 기록하면 완료.",EXT-PITSTOP;STD-ART-016,미착수,huni,dev,none,샵바이 비경유,,C4 · 매칭 규칙 없음,,,분류=개발 · 오픈차단여부=오픈 무관 · 작업량=1주+,ledger-v4
STD-MFG-040,detail,T4,C4,감염 파일 격리+담당자 알림+고객 재업로드 요청,STD-MFG-040,서희항,,,,,,,,[상위:STD-ART-018] artwork-scan-integration.md n8n 배치 초안 || P1판정(260902): artwork-scan-integration.md n8n 배치 초안 — 설계만,"Plan B: 파일확인을 담당자 눈으로 하고, 자동검사는 오픈 후 항목으로 기록하면 완료.",EXT-PITSTOP;STD-ART-016,미착수,huni,dev,none,샵바이 비경유,,C4 · 매칭 규칙 없음,,,분류=개발 · 오픈차단여부=오픈 무관 · 작업량=1주+,ledger-v4
STD-MFG-044,detail,T4,C4,폰트 미포함 검사,STD-MFG-044,서희항,,,,,,,,[구분:STD-ART-012] order-to-mes-process.md §5.2 A목록 || P1판정(260902): §5.2 A목록 · §11 4단계 미체크,"Plan B: 파일확인을 담당자 눈으로 하고, 자동검사는 오픈 후 항목으로 기록하면 완료.",EXT-PITSTOP;STD-ART-016,미착수,huni,dev,none,샵바이 비경유,,C4 · 매칭 규칙 없음,,,분류=개발 · 오픈차단여부=오픈 무관 · 작업량=1주+,ledger-v4
STD-MFG-046,detail,T4,C4,페이지 수와 주문 사양 대조,STD-MFG-046,서희항,,,,,,,,order-to-mes-process.md §5.2 A목록 || P1판정(260902): §5.2 A목록 · §11 4단계 미체크,"Plan B: 파일확인을 담당자 눈으로 하고, 자동검사는 오픈 후 항목으로 기록하면 완료.",EXT-PITSTOP;STD-ART-016,미착수,huni,dev,none,샵바이 비경유,,C4 · 매칭 규칙 없음,,,분류=개발 · 오픈차단여부=오픈 무관 · 작업량=1주+,ledger-v4
STD-MFG-048,detail,T4,C4,파일 열림·손상·암호 걸림 검사,STD-MFG-048,서희항,,,,,,,,[상위:STD-ART-008] order-to-mes-process.md §5.2 A목록 || P1판정(260902): §5.2 A목록 · §11 4단계 미체크,"Plan B: 파일확인을 담당자 눈으로 하고, 자동검사는 오픈 후 항목으로 기록하면 완료.",EXT-PITSTOP;STD-ART-016,미착수,huni,dev,none,샵바이 비경유,,C4 · 매칭 규칙 없음,,,분류=개발 · 오픈차단여부=오픈 무관 · 작업량=1주+,ledger-v4
STD-MFG-049,detail,T4,C4,판정 3갈래 분기(자동 재업로드 요청·담당자 검수·담당자 발 요청),STD-MFG-049,서희항,,,,,,,,[상위:STD-ART-017] order-to-mes-process.md §5.2 표 || P1판정(260902): §5.2 3갈래 표 — 설계만 · §11 4단계 미체크,"Plan B: 파일확인을 담당자 눈으로 하고, 자동검사는 오픈 후 항목으로 기록하면 완료.",EXT-PITSTOP;STD-ART-016,미착수,huni,dev,none,샵바이 비경유,,C4 · 매칭 규칙 없음,,,분류=개발 · 오픈차단여부=오픈 무관 · 작업량=1주+,ledger-v4
STD-MFG-050,detail,T4,C4,자동 발송 오류 목록 관리(좁게 유지·담당자와 확정),STD-MFG-050,최숙진,,,,,,,,order-to-mes-process.md §5.2 · §12-6 || P1판정(260902): §5.2 · §12-6 「접수담당자와 최종 확정」 — 목록 확정이 먼저,자동 재업로드 요청 대상 오류 목록(A목록)을 접수담당자가 확정해 문서로 남기면 완료.,—,미착수,huni,dev,none,샵바이 비경유,,C4 · 매칭 규칙 없음,,,분류=이슈 · 오픈차단여부=오픈 무관 · 작업량=반일 · 소요 미합산(분류=이슈),ledger-v4
STD-MFG-051,detail,T4,C4,FR-6 프리플라이트 재실행 요청 수신,STD-MFG-051,서희항,,,,,,,,order-to-mes-process.md §8.4 FR-6 || P1판정(260902): §8.4 FR-6 · 코드 0건,"Plan B: 파일확인을 담당자 눈으로 하고, 자동검사는 오픈 후 항목으로 기록하면 완료.",EXT-PITSTOP;STD-ART-016,미착수,huni,dev,none,샵바이 비경유,,C4 · 매칭 규칙 없음,,,분류=개발 · 오픈차단여부=오픈 무관 · 작업량=1주+,ledger-v4
STD-MFG-052,detail,T4,C4,검사 감사기록 보관(검사시각·엔진시그니처버전·판정·탐지명·파일해시·PitStop 리포트),STD-MFG-052,서희항,,,,,,,,artwork-scan-integration.md 감사 기록으로 남길 것 || P1판정(260902): artwork-scan-integration.md 감사 기록 — 설계만 · 그릇 없음,"Plan B: 파일확인을 담당자 눈으로 하고, 자동검사는 오픈 후 항목으로 기록하면 완료.",EXT-PITSTOP;STD-ART-016,미착수,huni,dev,none,샵바이 비경유,,C4 · 매칭 규칙 없음,,,분류=개발 · 오픈차단여부=오픈 무관 · 작업량=1주+,ledger-v4
STD-MFG-053,detail,T4,C4,검사 없이 PitStop 투입 경로 차단(코드상 부재 보장),STD-MFG-053,서희항,,,,,,,,artwork-scan-integration.md 작업 폴더 정책 || P1판정(260902): artwork-scan-integration.md 작업 폴더 정책 — 설계만,"Plan B: 파일확인을 담당자 눈으로 하고, 자동검사는 오픈 후 항목으로 기록하면 완료.",EXT-PITSTOP;STD-ART-016,미착수,huni,dev,none,샵바이 비경유,,C4 · 매칭 규칙 없음,,,분류=개발 · 오픈차단여부=오픈 무관 · 작업량=1주+,ledger-v4
STD-MFG-054,detail,T4,C4,FR-4 재업로드 요청 수신→서명 1회성 링크 발급(주문·항목·구성원 바인딩·7일),STD-MFG-054,서희항,,,,,,,,[상위:STD-ART-018] order-to-mes-process.md §5.3 · §8.4 FR-4 || P1판정(260902): §5.3 · §8.4 FR-4 · §11 4단계 미체크,"Plan B: 파일확인을 담당자 눈으로 하고, 자동검사는 오픈 후 항목으로 기록하면 완료.",EXT-PITSTOP;STD-ART-016,미착수,huni,dev,none,샵바이 비경유,,C4 · 매칭 규칙 없음,,,분류=개발 · 오픈차단여부=오픈 무관 · 작업량=1주+,ledger-v4
STD-MFG-055,detail,T4,C4,재업로드 화면(위젯 업로드 컴포넌트 재사용·대상 파일 지정),STD-MFG-055,서희항,,,,,,,,[상위:STD-ART-007] order-to-mes-process.md §5.3 || P1판정(260902): §5.3 재업로드 화면 · §11 4단계 미체크,"Plan B: 파일확인을 담당자 눈으로 하고, 자동검사는 오픈 후 항목으로 기록하면 완료.",EXT-PITSTOP;STD-ART-016,미착수,huni,dev,none,샵바이 비경유,,C4 · 매칭 규칙 없음,,,분류=개발 · 오픈차단여부=오픈 무관 · 작업량=1주+,ledger-v4
STD-MFG-056,detail,T4,C4,재업로드 시 회차 증가+검사 자동 재실행,STD-MFG-056,서희항,,,,,,,,[상위:STD-ART-007] order-to-mes-process.md §5.3 || P1판정(260902): §5.3 · §11 4단계 미체크,"Plan B: 파일확인을 담당자 눈으로 하고, 자동검사는 오픈 후 항목으로 기록하면 완료.",EXT-PITSTOP;STD-ART-016,미착수,huni,dev,none,샵바이 비경유,,C4 · 매칭 규칙 없음,,,분류=개발 · 오픈차단여부=오픈 무관 · 작업량=1주+,ledger-v4
STD-MFG-057,detail,T4,C4,원고 보완 대기 중 주문상태 결제완료 유지(고객 취소권 보존),STD-MFG-057,서희항,,,,,,,,order-to-mes-process.md §5.3 마지막 문단 || P1판정(260902): §5.3 마지막 문단 — 설계만,"Plan B: 파일확인을 담당자 눈으로 하고, 자동검사는 오픈 후 항목으로 기록하면 완료.",EXT-PITSTOP;STD-ART-016,미착수,huni,dev,none,샵바이 비경유,,C4 · 매칭 규칙 없음,,,분류=개발 · 오픈차단여부=오픈 무관 · 작업량=1주+,ledger-v4
STD-MFG-058,detail,T4,C4,접수파일 등록(원본 그대로 사용 vs 가공 후 등록 2경로),STD-MFG-058,최숙진,,,,,,,,후니프린팅_주문프로세스_20251001.pdf p.11 §09 || P1판정(260902): auto-vs-human.md §2.2 #22 「접수파일 등록」 🧑 · §5 A-2 「MES 화면인지 신규 화면인지 미확정」,Plan B: 신규몰 주문 1건을 현행 MES·수기 절차(의뢰서·바코드·송장)로 끝까지 처리해 보고 막히는 곳을 적으면 완료.,—,미착수,huni,dev,none,샵바이 비경유,,C4 · 매칭 규칙 없음,,,분류=검증 · 오픈차단여부=오픈 무관 · 작업량=반일 · 소요 미합산(분류=검증),ledger-v4
STD-MFG-059,detail,T4,C4,품목관리 디자인파일여부 Y/N 로 원본 자동 접수 처리,STD-MFG-059,외부(상대측 회신 대기),,,,,,,,후니프린팅_주문프로세스_20251001.pdf p.11 §09 case1 || P1판정(260902): PDF p.11 §09 case1 · auto-vs-human §2.2 #24 「지금」 칸이 「—」,MES 담당자에게 현행 구현 여부(썸네일·랜더링·interlock)를 물어 답을 적으면 완료.,EXT-MES,미실측,ext,wait,none,샵바이 비경유(외부 벤더 대기),,ext,외부(상대측 회신 대기),,분류=이슈 · 오픈차단여부=오픈 무관 · 작업량=반일 · 소요 미합산(분류=이슈),ledger-v4
STD-MFG-060,detail,T4,C4,Edicus Prepress 랜더링 결과 접수파일 등록,STD-MFG-060,외부(상대측 회신 대기),,,,,,,,후니프린팅_주문프로세스_20251001.pdf p.11 §09 case1 · p.1 랜더링전/랜더링완료 || P1판정(260902): PDF p.11 §09 case1 · auto-vs-human §5 A-4 「랜더링 트리거 주체 색 판독 불가」,MES 담당자에게 현행 구현 여부(썸네일·랜더링·interlock)를 물어 답을 적으면 완료.,EXT-MES,미실측,ext,wait,none,샵바이 비경유(외부 벤더 대기),,ext,외부(상대측 회신 대기),,분류=이슈 · 오픈차단여부=오픈 무관 · 작업량=반일 · 소요 미합산(분류=이슈),ledger-v4
STD-MFG-061,detail,T4,C4,접수파일 인쇄공정 파일 기준 썸네일 자동 생성,STD-MFG-061,외부(상대측 회신 대기),,,,,,,,[상위:STD-ART-019] 후니프린팅_주문프로세스_20251001.pdf p.11 §09 server · p.10 §10 || P1판정(260902): PDF p.11 §09 server · auto-vs-human §5 A-3 「server 가 어느 서버인가 미확인」,MES 담당자에게 현행 구현 여부(썸네일·랜더링·interlock)를 물어 답을 적으면 완료.,EXT-MES,미실측,ext,wait,none,샵바이 비경유(외부 벤더 대기),,ext,외부(상대측 회신 대기),,분류=이슈 · 오픈차단여부=오픈 무관 · 작업량=반일 · 소요 미합산(분류=이슈),ledger-v4
STD-MFG-062,detail,T4,C4,AI 접수파일에 썸네일용 JPG 동반 업로드(아크릴스티커·박),STD-MFG-062,최숙진,,,,,,,,후니프린팅_주문프로세스_20251001.pdf p.11 §09 case2 || P1판정(260902): PDF p.11 §09 case2 — 현행 담당자가 JPG 동반 업로드,Plan B: 신규몰 주문 1건을 현행 MES·수기 절차(의뢰서·바코드·송장)로 끝까지 처리해 보고 막히는 곳을 적으면 완료.,—,미착수,huni,dev,none,샵바이 비경유,,C4 · 매칭 규칙 없음,,,분류=검증 · 오픈차단여부=오픈 무관 · 작업량=반일 · 소요 미합산(분류=검증),ledger-v4
STD-MFG-064,detail,T4,C4,편집기 상품 수정요청·수정완료 왕복,STD-MFG-064,서희항,,,,,,,,[상위:STD-ART-023] 후니프린팅_주문프로세스_20251001.pdf p.1 case3 || P1판정(260902): auto-vs-human §2.2 #37·#38 — 편집기 수정요청/수정완료 왕복 미구현,Plan B: 편집기 수정요청은 전화/문자 수기로 하기로 기록하면 완료.,EXT-EDICUS;EXT-ALIMTALK,미착수,huni,dev,none,샵바이 비경유,,C4 · 매칭 규칙 없음,,,분류=개발 · 오픈차단여부=오픈 무관 · 작업량=1주+,ledger-v4
STD-MFG-065,detail,T4,C4,출고예정일(완료예정일) 등록,STD-MFG-065,최숙진,,,,,,,,후니프린팅_주문프로세스_20251001.pdf p.10 §10 · p.1 || P1판정(260902): auto-vs-human §2.2 #26 🧑 · §5 A-2 범위 미결,Plan B: 신규몰 주문 1건을 현행 MES·수기 절차(의뢰서·바코드·송장)로 끝까지 처리해 보고 막히는 곳을 적으면 완료.,—,미착수,huni,dev,none,샵바이 비경유,,C4 · 매칭 규칙 없음,,,분류=검증 · 오픈차단여부=오픈 무관 · 작업량=반일 · 소요 미합산(분류=검증),ledger-v4
STD-MFG-066,detail,T4,C4,생산메모 입력,STD-MFG-066,최숙진,,,,,,,,후니프린팅_주문프로세스_20251001.pdf p.10 §10 || P1판정(260902): auto-vs-human §2.2 #27 🧑,Plan B: 신규몰 주문 1건을 현행 MES·수기 절차(의뢰서·바코드·송장)로 끝까지 처리해 보고 막히는 곳을 적으면 완료.,—,미착수,huni,dev,none,샵바이 비경유,,C4 · 매칭 규칙 없음,,,분류=검증 · 오픈차단여부=오픈 무관 · 작업량=반일 · 소요 미합산(분류=검증),ledger-v4
STD-MFG-067,detail,T4,C4,작업의뢰서 출력(대표썸네일·EXCEL 다운),STD-MFG-067,최숙진,,,,,,,,[상위:STD-ADO-006] 후니프린팅_주문프로세스_20251001.pdf p.4 §04 · p.11 §09 || P1판정(260902): auto-vs-human §2.2 #28 🧑(🟩) · §5 A-2 범위 미결,Plan B: 신규몰 주문 1건을 현행 MES·수기 절차(의뢰서·바코드·송장)로 끝까지 처리해 보고 막히는 곳을 적으면 완료.,—,미착수,huni,dev,none,샵바이 비경유,,C4 · 매칭 규칙 없음,,,분류=검증 · 오픈차단여부=오픈 무관 · 작업량=반일 · 소요 미합산(분류=검증),ledger-v4
STD-MFG-068,detail,T4,C4,의뢰서 출력 시 처리표시(빨간점)·주문상태 제작중 전환,STD-MFG-068,최숙진,,,,,,,,"[상위:STD-ADO-006] 후니프린팅_주문프로세스_20251001.pdf p.10 §10 · p.11 §09 || P1판정(260902): auto-vs-human §2.2 #29·#30 — 빨간점은 🤖, 제작중 전환은 🧑(🟢)",Plan B: 신규몰 주문 1건을 현행 MES·수기 절차(의뢰서·바코드·송장)로 끝까지 처리해 보고 막히는 곳을 적으면 완료.,—,미착수,huni,dev,none,샵바이 비경유,,C4 · 매칭 규칙 없음,,,분류=검증 · 오픈차단여부=오픈 무관 · 작업량=반일 · 소요 미합산(분류=검증),ledger-v4
STD-MFG-069,detail,T4,C4,거래처별 주문 EXCEL 다운(가격 제외),STD-MFG-069,최숙진,,,,,,,,[상위:STD-FIN-012] 후니프린팅_주문프로세스_20251001.pdf p.4 §04 마스터관리 || P1판정(260902): PDF p.4 §04 마스터관리 — 현행 MES 기능,Plan B: 신규몰 주문 1건을 현행 MES·수기 절차(의뢰서·바코드·송장)로 끝까지 처리해 보고 막히는 곳을 적으면 완료.,—,미착수,huni,dev,none,샵바이 비경유,,C4 · 매칭 규칙 없음,,,분류=검증 · 오픈차단여부=오픈 무관 · 작업량=반일 · 소요 미합산(분류=검증),ledger-v4
STD-MFG-070,detail,T4,C4,업체별 주문등록(EXCEL 등록·파일경로 선택),STD-MFG-070,최숙진,,,,,,,,[상위:STD-ORD-027] 후니프린팅_주문프로세스_20251001.pdf p.10 §10 주문관리 || P1판정(260902): PDF p.10 §10 주문관리 — 현행 수기(EXCEL),Plan B: 신규몰 주문 1건을 현행 MES·수기 절차(의뢰서·바코드·송장)로 끝까지 처리해 보고 막히는 곳을 적으면 완료.,—,미착수,huni,dev,none,샵바이 비경유,,C4 · 매칭 규칙 없음,,,분류=검증 · 오픈차단여부=오픈 무관 · 작업량=반일 · 소요 미합산(분류=검증),ledger-v4
STD-MFG-071,detail,T4,C4,OEM 주문 IMPORT(비즈하우스·후지필름·컨티뉴),STD-MFG-071,최숙진,,,,,,,,후니프린팅_주문프로세스_20251001.pdf p.5 §05 주문확인/등록 || P1판정(260902): auto-vs-human §2.7 #83 「전부 수기」,Plan B: 신규몰 주문 1건을 현행 MES·수기 절차(의뢰서·바코드·송장)로 끝까지 처리해 보고 막히는 곳을 적으면 완료.,—,미착수,huni,dev,none,샵바이 비경유,,C4 · 매칭 규칙 없음,,,분류=검증 · 오픈차단여부=오픈 무관 · 작업량=반일 · 소요 미합산(분류=검증),ledger-v4
STD-MFG-072,detail,T4,C5,원본 AI→PDF 변환 업로드,STD-MFG-072,최숙진,,,,,,,,[상위:STD-ART-001] 후니프린팅_주문프로세스_20251001.pdf p.10 §10 || P1판정(260902): auto-vs-human §2.2 #18 🧑 ✅현행 수기,Plan B: 신규몰 주문 1건을 현행 MES·수기 절차(의뢰서·바코드·송장)로 끝까지 처리해 보고 막히는 곳을 적으면 완료.,—,미착수,huni,dev,none,샵바이 비경유,,C5 · 매칭 규칙 없음,,,분류=검증 · 오픈차단여부=오픈 무관 · 작업량=반일 · 소요 미합산(분류=검증),ledger-v4
STD-MFG-073,detail,T4,C5,인쇄파일과 칼선파일 분리하여 공정별 등록,STD-MFG-073,최숙진,,,,,,,,후니프린팅_주문프로세스_20251001.pdf p.10 §10 · p.5 §05 || P1판정(260902): auto-vs-human §2.2 #19 🧑 ✅현행 수기,Plan B: 신규몰 주문 1건을 현행 MES·수기 절차(의뢰서·바코드·송장)로 끝까지 처리해 보고 막히는 곳을 적으면 완료.,—,미착수,huni,dev,none,샵바이 비경유,,C5 · 매칭 규칙 없음,,,분류=검증 · 오픈차단여부=오픈 무관 · 작업량=반일 · 소요 미합산(분류=검증),ledger-v4
STD-MFG-074,detail,T4,C5,조판(판걸이+아이마크) 파일 생성,STD-MFG-074,최숙진,,,,,,,,[상위:STD-ADO-014] 후니프린팅_주문프로세스_20251001.pdf p.10 §10 · p.5 §05 조판 || P1판정(260902): auto-vs-human §2.2 #20 🧑 ✅현행 수기(조판=판단작업 T-M2),Plan B: 신규몰 주문 1건을 현행 MES·수기 절차(의뢰서·바코드·송장)로 끝까지 처리해 보고 막히는 곳을 적으면 완료.,—,미착수,huni,dev,none,샵바이 비경유,,C5 · 매칭 규칙 없음,,,분류=검증 · 오픈차단여부=오픈 무관 · 작업량=반일 · 소요 미합산(분류=검증),ledger-v4
STD-MFG-075,detail,T4,C5,아크릴 원판 배치 조판(396x480·도수 구분·돔보),STD-MFG-075,최숙진,,,,,,,,후니프린팅_주문프로세스_20251001.pdf p.5 §05 조판 ⓛ || P1판정(260902): PDF p.5 §05 조판 ⓛ — 현행 수기,Plan B: 신규몰 주문 1건을 현행 MES·수기 절차(의뢰서·바코드·송장)로 끝까지 처리해 보고 막히는 곳을 적으면 완료.,—,미착수,huni,dev,none,샵바이 비경유,,C5 · 매칭 규칙 없음,,,분류=검증 · 오픈차단여부=오픈 무관 · 작업량=반일 · 소요 미합산(분류=검증),ledger-v4
STD-MFG-076,detail,T4,C5,다도안 상품 판걸이·건수·수량 기준 조판,STD-MFG-076,최숙진,,,,,,,,후니프린팅_주문프로세스_20251001.pdf p.5 §05 조판 ➂ || P1판정(260902): PDF p.5 §05 조판 ➂ — 현행 수기,Plan B: 신규몰 주문 1건을 현행 MES·수기 절차(의뢰서·바코드·송장)로 끝까지 처리해 보고 막히는 곳을 적으면 완료.,—,미착수,huni,dev,none,샵바이 비경유,,C5 · 매칭 규칙 없음,,,분류=검증 · 오픈차단여부=오픈 무관 · 작업량=반일 · 소요 미합산(분류=검증),ledger-v4
STD-MFG-077,detail,T4,C5,수동조판(여러 주문 취합·틴거울/아크릴/자석북마크),STD-MFG-077,최숙진,,,,,,,,후니프린팅_주문프로세스_20251001.pdf p.11 §09 수동조판 || P1판정(260902): auto-vs-human §2.2 #33 🧑 ✅현행 수기,Plan B: 신규몰 주문 1건을 현행 MES·수기 절차(의뢰서·바코드·송장)로 끝까지 처리해 보고 막히는 곳을 적으면 완료.,—,미착수,huni,dev,none,샵바이 비경유,,C5 · 매칭 규칙 없음,,,분류=검증 · 오픈차단여부=오픈 무관 · 작업량=반일 · 소요 미합산(분류=검증),ledger-v4
STD-MFG-078,detail,T4,C5,파일명 자동 RENAME 규약 적용(품목_출력사이즈_양단면_소재_거래처_고객_고유번호_수량),STD-MFG-078,서희항,,,,,,,,후니프린팅_주문프로세스_20251001.pdf p.6 §06 || P1판정(260902): auto-vs-human §4 G-3 「100% 파일명 수동 수정」 → 자동 RENAME 은 미구현,승격된 원고 파일명이 규약(품목_사이즈_양단면_소재_거래처_고객_번호_수량)으로 자동 붙으면 완료.,STD-MFG-010;STD-MFG-136,미착수,huni,dev,none,샵바이 비경유,,C5 · 매칭 규칙 없음,,,분류=개발 · 오픈차단여부=오픈 무관 · 작업량=2-3일,ledger-v4
STD-MFG-079,detail,T4,C5,상품군별 파일명 조합 규칙 8종(디지털/캘린더/스티커/실사/배너/패브릭/시트커팅/레이저커팅),STD-MFG-079,서희항,,,,,,,,"후니프린팅_주문프로세스_20251001.pdf p.6-7 §06 || P1판정(260902): PDF p.6-7 §06 규칙 8종 — 규약 문서만, 코드 0건",상품군 8종 각 1건의 파일명이 규칙대로 생성되면 완료.,STD-MFG-078,미착수,huni,dev,none,샵바이 비경유,,C5 · 매칭 규칙 없음,,,분류=개발 · 오픈차단여부=오픈 무관 · 작업량=2-3일,ledger-v4
STD-MFG-080,detail,T4,C5,공정별 파일서버 폴더 구조(년도>발주일자) 자동 배치,STD-MFG-080,최숙진,,,,,,,,후니프린팅_주문프로세스_20251001.pdf p.12 §06-1 || P1판정(260902): PDF p.12 §06-1 — 현행 수기 배치,Plan B: 신규몰 주문 1건을 현행 MES·수기 절차(의뢰서·바코드·송장)로 끝까지 처리해 보고 막히는 곳을 적으면 완료.,—,미착수,huni,dev,none,샵바이 비경유,,C5 · 매칭 규칙 없음,,,분류=검증 · 오픈차단여부=오픈 무관 · 작업량=반일 · 소요 미합산(분류=검증),ledger-v4
STD-MFG-081,detail,T4,C5,팀별 또는 담당자 파일 분리 전달(분배),STD-MFG-081,최숙진,,,,,,,,후니프린팅_주문프로세스_20251001.pdf p.5 §05 || P1판정(260902): auto-vs-human §2.2 #17 🧑 ✅현행 수기,Plan B: 신규몰 주문 1건을 현행 MES·수기 절차(의뢰서·바코드·송장)로 끝까지 처리해 보고 막히는 곳을 적으면 완료.,—,미착수,huni,dev,none,샵바이 비경유,,C5 · 매칭 규칙 없음,,,분류=검증 · 오픈차단여부=오픈 무관 · 작업량=반일 · 소요 미합산(분류=검증),ledger-v4
STD-MFG-082,detail,T4,C5,공정 마스터 관리(계층·상세옵션·면별선택·작업여백·고객노출설명),STD-MFG-082,서희항,,,,,,,,https://huni-admin.printly.co.kr/admin/master/proc/@2026-09-16 21:33,공정정보에서 공정을 열어 면별선택·고객노출설명·스와치·작업여백 칸이 보이면 완료.,—,작동,huni,dev,none,샵바이 비경유,,C5 · 매칭 규칙 없음,,,분류=검증 · 오픈차단여부=오픈 무관 · 작업량=반일 · 소요 미합산(분류=검증),ledger-v4
STD-MFG-083,detail,T4,C5,상품별 공정 연결·필수공정 여부·상세옵션 허용범위,STD-MFG-083,서희항,,,,,,,,https://huni-admin.printly.co.kr/admin/product-viewer/?prd=PRD_000146@2026-09-16 21:30,상품 뷰어 공정 섹션의 필수 Y 공정이 위젯빌더 하단 상태바에 나오면 완료.,—,작동,huni,dev,none,샵바이 비경유,,C5 · 매칭 규칙 없음,,,분류=검증 · 오픈차단여부=오픈 무관 · 작업량=반일 · 소요 미합산(분류=검증),ledger-v4
STD-MFG-084,detail,T4,C5,공정라우트 마스터(18케이스 라우트 정의·재채번),STD-MFG-084,서희항,,,,,,,,"후니프린팅_공정관리_시행초안_20260210.pdf p.1 §02 || P1판정(260902): 공정관리 시행초안 p.1 §02 — 18케이스 라우트 정의서만, 그릇 없음",Plan B: 공정라우트는 MES 현행으로 두고 오픈 후 항목으로 기록하면 완료.,EXT-MES,미착수,huni,dev,none,샵바이 비경유,,C5 · 매칭 규칙 없음,,,분류=개발 · 오픈차단여부=오픈 무관 · 작업량=1주+,ledger-v4
STD-MFG-085,detail,T4,C5,라우트 단계 정의(순번·공정·필수선택·담당팀),STD-MFG-085,서희항,,,,,,,,후니프린팅_공정관리_시행초안_20260210.pdf p.1 §02 || P1판정(260902): 공정관리 시행초안 p.1 §02 — 설계만,Plan B: 공정라우트는 MES 현행으로 두고 오픈 후 항목으로 기록하면 완료.,EXT-MES,미착수,huni,dev,none,샵바이 비경유,,C5 · 매칭 규칙 없음,,,분류=개발 · 오픈차단여부=오픈 무관 · 작업량=1주+,ledger-v4
STD-MFG-086,detail,T4,C5,상품→공정라우트 매핑,STD-MFG-086,서희항,,,,,,,,후니프린팅_주문프로세스_20251001.pdf p.10 §10 「상품마스터(공정) SHEET 참고」 || P1판정(260902): PDF p.10 §10 「상품마스터(공정) SHEET 참고」 — 매핑 그릇 없음,Plan B: 공정라우트는 MES 현행으로 두고 오픈 후 항목으로 기록하면 완료.,EXT-MES,미착수,huni,dev,none,샵바이 비경유,,C5 · 매칭 규칙 없음,,,분류=개발 · 오픈차단여부=오픈 무관 · 작업량=1주+,ledger-v4
STD-MFG-087,detail,T4,C5,팀·파트 마스터(디지털인쇄/스티커가공/인쇄후가공/제본/특수인쇄가공/봉재가공/굿즈가공),STD-MFG-087,최숙진,,,,,,,,[구분:STD-ADP-005] 후니프린팅_공정관리_시행초안_20260210.pdf p.2 공정별 현황표 || P1판정(260902): 공정관리 시행초안 p.2 공정별 현황표 — 팀 7종 실재(현행 운영),Plan B: 신규몰 주문 1건을 현행 MES·수기 절차(의뢰서·바코드·송장)로 끝까지 처리해 보고 막히는 곳을 적으면 완료.,—,미착수,huni,dev,none,샵바이 비경유,,C5 · 매칭 규칙 없음,,,분류=검증 · 오픈차단여부=오픈 무관 · 작업량=반일 · 소요 미합산(분류=검증),ledger-v4
STD-MFG-088,detail,T4,C5,공정 완료 신호 입력(출력완료·커팅완료·제본시작·봉재시작·가공시작),STD-MFG-088,최숙진,,,,,,,,후니프린팅_공정관리_시행초안_20260210.pdf p.1 Summary || P1판정(260902): auto-vs-human §2.3 #45 🧑작업자 ✅현행 · §5 A-1 「특수인쇄가공팀 칸 비어 있음」,Plan B: 신규몰 주문 1건을 현행 MES·수기 절차(의뢰서·바코드·송장)로 끝까지 처리해 보고 막히는 곳을 적으면 완료.,—,미착수,huni,dev,none,샵바이 비경유,,C5 · 매칭 규칙 없음,,,분류=검증 · 오픈차단여부=오픈 무관 · 작업량=반일 · 소요 미합산(분류=검증),ledger-v4
STD-MFG-089,detail,T4,C5,팀 간 출고·입고 처리(봉제미싱입고·아크릴가공입고·제본입고·박작업입고),STD-MFG-089,최숙진,,,,,,,,후니프린팅_공정관리_시행초안_20260210.pdf p.1 To Do List || P1판정(260902): 공정관리 시행초안 p.1 To Do List — 현행 수기,Plan B: 신규몰 주문 1건을 현행 MES·수기 절차(의뢰서·바코드·송장)로 끝까지 처리해 보고 막히는 곳을 적으면 완료.,—,미착수,huni,dev,none,샵바이 비경유,,C5 · 매칭 규칙 없음,,,분류=검증 · 오픈차단여부=오픈 무관 · 작업량=반일 · 소요 미합산(분류=검증),ledger-v4
STD-MFG-090,detail,T4,C5,앞공정 미완료 시 다음공정 차단(선후관계 interlock),STD-MFG-090,외부(상대측 회신 대기),,,,,,,,후니프린팅_공정관리_시행초안_20260210.pdf p.1 「앞공정은 안찍으면 다음공정 못찍히게」 || P1판정(260902): auto-vs-human §5 A-5 「interlock 을 MES 가 이미 구현했는지 미확인 — MES 소스 없음」,MES 담당자에게 현행 구현 여부(썸네일·랜더링·interlock)를 물어 답을 적으면 완료.,EXT-MES,미실측,ext,wait,none,샵바이 비경유(외부 벤더 대기),,ext,외부(상대측 회신 대기),,분류=이슈 · 오픈차단여부=오픈 무관 · 작업량=반일 · 소요 미합산(분류=이슈),ledger-v4
STD-MFG-091,detail,T4,C5,팀별 파일 다운로드 권한(제작중 상태 and 생산다운여부 Y),STD-MFG-091,최숙진,,,,,,,,[상위:STD-ART-028] 후니프린팅_주문프로세스_20251001.pdf p.9 §03-1 · p.11 §09 || P1판정(260902): PDF p.9 §03-1 · p.11 §09 — 현행 MES 권한 운영,Plan B: 신규몰 주문 1건을 현행 MES·수기 절차(의뢰서·바코드·송장)로 끝까지 처리해 보고 막히는 곳을 적으면 완료.,—,미착수,huni,dev,none,샵바이 비경유,,C5 · 매칭 규칙 없음,,,분류=검증 · 오픈차단여부=오픈 무관 · 작업량=반일 · 소요 미합산(분류=검증),ledger-v4
STD-MFG-092,detail,T4,C5,인쇄타입별 접수파일 포맷 규약(PDF/AI/JPG),STD-MFG-092,최숙진,,,,,,,,"후니프린팅_주문프로세스_20251001.pdf p.9 §03-1 || P1판정(260902): PDF p.9 §03-1 — 규약 존재, 현행 수기 준수",Plan B: 신규몰 주문 1건을 현행 MES·수기 절차(의뢰서·바코드·송장)로 끝까지 처리해 보고 막히는 곳을 적으면 완료.,—,미착수,huni,dev,none,샵바이 비경유,,C5 · 매칭 규칙 없음,,,분류=검증 · 오픈차단여부=오픈 무관 · 작업량=반일 · 소요 미합산(분류=검증),ledger-v4
STD-MFG-093,detail,T4,C5,파일 다운로드 시 다운로드완료 상태 자동 전환,STD-MFG-093,최숙진,,,,,,,,[구분:STD-ART-028] 후니프린팅_주문프로세스_20251001.pdf p.1 · p.11 §09 server || P1판정(260902): auto-vs-human §2.3 #43 🤖(🔴) 「지금」 칸 「—」 · 현행 MES 자동,Plan B: 신규몰 주문 1건을 현행 MES·수기 절차(의뢰서·바코드·송장)로 끝까지 처리해 보고 막히는 곳을 적으면 완료.,—,미착수,huni,dev,none,샵바이 비경유,,C5 · 매칭 규칙 없음,,,분류=검증 · 오픈차단여부=오픈 무관 · 작업량=반일 · 소요 미합산(분류=검증),ledger-v4
STD-MFG-094,detail,T4,C5,공정별 현황표(당일발주 대기·완료 / 당일생산 주의·불량 / 당일출고),STD-MFG-094,최숙진,,,,,,,,후니프린팅_공정관리_시행초안_20260210.pdf p.2 || P1판정(260902): 공정관리 시행초안 p.2 현황표 — 현행 운영,Plan B: 신규몰 주문 1건을 현행 MES·수기 절차(의뢰서·바코드·송장)로 끝까지 처리해 보고 막히는 곳을 적으면 완료.,—,미착수,huni,dev,none,샵바이 비경유,,C5 · 매칭 규칙 없음,,,분류=검증 · 오픈차단여부=오픈 무관 · 작업량=반일 · 소요 미합산(분류=검증),ledger-v4
STD-MFG-095,detail,T4,C5,1차 산출데이터(일별 출력량·출고건량·미출고건량·입고건량),STD-MFG-095,최숙진,,,,,,,,후니프린팅_공정관리_시행초안_20260210.pdf p.1 산출데이터 1차 || P1판정(260902): 공정관리 시행초안 p.1 산출데이터 1차 — 현행 운영,Plan B: 신규몰 주문 1건을 현행 MES·수기 절차(의뢰서·바코드·송장)로 끝까지 처리해 보고 막히는 곳을 적으면 완료.,—,미착수,huni,dev,none,샵바이 비경유,,C5 · 매칭 규칙 없음,,,분류=검증 · 오픈차단여부=오픈 무관 · 작업량=반일 · 소요 미합산(분류=검증),ledger-v4
STD-MFG-096,detail,T4,C5,2차 산출데이터(팀별 입고예정·공정별 평균리드타임·평균 제작기간),STD-MFG-096,서희항,,,,,,,,후니프린팅_공정관리_시행초안_20260210.pdf p.1 산출데이터 2차 「공정라우트 설정 후」 || P1판정(260902): 공정관리 시행초안 p.1 산출데이터 2차 「공정라우트 설정 후」 — 084 선행,Plan B: 공정라우트는 MES 현행으로 두고 오픈 후 항목으로 기록하면 완료.,EXT-MES,미착수,huni,dev,none,샵바이 비경유,,C5 · 매칭 규칙 없음,,,분류=개발 · 오픈차단여부=오픈 무관 · 작업량=1주+,ledger-v4
STD-MFG-098,detail,T4,C5,자재 입·출고 관리,STD-MFG-098,최숙진,,,,,,,,후니프린팅_주문프로세스_20251001.pdf p.4 §04 생산 || P1판정(260902): PDF p.4 §04 생산 — 현행 MES 운영,Plan B: 신규몰 주문 1건을 현행 MES·수기 절차(의뢰서·바코드·송장)로 끝까지 처리해 보고 막히는 곳을 적으면 완료.,—,미착수,huni,dev,none,샵바이 비경유,,C5 · 매칭 규칙 없음,,,분류=검증 · 오픈차단여부=오픈 무관 · 작업량=반일 · 소요 미합산(분류=검증),ledger-v4
STD-MFG-099,detail,T4,C5,셋트상품·건수(같은 사양 반복) MES 작업 분해,STD-MFG-099,서희항,,,,,,,,"[구분:STD-ADP-016] order-to-mes-process.md §12-11 · widget_api.py:1912,:1938 case_cnt || P1판정(260902): raw/webadmin/webadmin/catalog/widget_api.py:1912 case_cnt_rule · :1938 parse_case_cnt (건수 산출은 실재)","건수 3 주문을 MES 작업 3건으로 쪼갤지 1건으로 넣을지 MES 팀과 정하고, 결정 문장 1줄과 결정일(YYYY-MM-DD)이 `R/R3/decisions-for-pm.md` §A-4(Plan B 확정) 의 STD-MFG-099 줄에 기재되어 있으면 완료 (기록처: 모범 STD-SYS-027 형식).",EXT-MES,부분,huni,dev,none,샵바이 비경유,,C5 · 매칭 규칙 없음,,,분류=이슈 · 오픈차단여부=오픈 무관 · 작업량=1일 · 소요 미합산(분류=이슈),ledger-v4
STD-MFG-100,detail,T4,C5,외주처별 발주서 생성(접수파일 취합),STD-MFG-100,최숙진,,,,,,,,[상위:STD-ADO-017] 후니프린팅_주문프로세스_20251001.pdf p.11 §09 외주발주 || P1판정(260902): auto-vs-human §2.2 #31 🧑 ✅현행 수기,Plan B: 신규몰 주문 1건을 현행 MES·수기 절차(의뢰서·바코드·송장)로 끝까지 처리해 보고 막히는 곳을 적으면 완료.,—,미착수,huni,dev,none,샵바이 비경유,,C5 · 매칭 규칙 없음,,,분류=검증 · 오픈차단여부=오픈 무관 · 작업량=반일 · 소요 미합산(분류=검증),ledger-v4
STD-MFG-101,detail,T4,C5,책자 상품 수량·크기 기준 선택적 외주 판단,STD-MFG-101,최숙진,,,,,,,,후니프린팅_주문프로세스_20251001.pdf p.11 §09 || P1판정(260902): auto-vs-human §2.2 #32 🧑 판단작업,Plan B: 신규몰 주문 1건을 현행 MES·수기 절차(의뢰서·바코드·송장)로 끝까지 처리해 보고 막히는 곳을 적으면 완료.,—,미착수,huni,dev,none,샵바이 비경유,,C5 · 매칭 규칙 없음,,,분류=검증 · 오픈차단여부=오픈 무관 · 작업량=반일 · 소요 미합산(분류=검증),ledger-v4
STD-MFG-102,detail,T4,C5,외주 파일 다운로드·업체 포맷 변환·웹하드 업로드,STD-MFG-102,최숙진,,,,,,,,[상위:STD-ADO-017] 후니프린팅_주문프로세스_20251001.pdf p.5 §05 외주발주 || P1판정(260902): auto-vs-human §2.2 #34 🧑 ✅현행 수기,Plan B: 신규몰 주문 1건을 현행 MES·수기 절차(의뢰서·바코드·송장)로 끝까지 처리해 보고 막히는 곳을 적으면 완료.,—,미착수,huni,dev,none,샵바이 비경유,,C5 · 매칭 규칙 없음,,,분류=검증 · 오픈차단여부=오픈 무관 · 작업량=반일 · 소요 미합산(분류=검증),ledger-v4
STD-MFG-103,detail,T4,C5,외주공정 주문리스트·외주처별 생산리스트,STD-MFG-103,최숙진,,,,,,,,[상위:STD-ADO-017] 후니프린팅_주문프로세스_20251001.pdf p.4 §04 외주관리 || P1판정(260902): PDF p.4 §04 외주관리 — 현행 MES 운영,Plan B: 신규몰 주문 1건을 현행 MES·수기 절차(의뢰서·바코드·송장)로 끝까지 처리해 보고 막히는 곳을 적으면 완료.,—,미착수,huni,dev,none,샵바이 비경유,,C5 · 매칭 규칙 없음,,,분류=검증 · 오픈차단여부=오픈 무관 · 작업량=반일 · 소요 미합산(분류=검증),ledger-v4
STD-MFG-104,detail,T4,C5,외주제작·외주공정 제작물 입·출고 기록,STD-MFG-104,최숙진,,,,,,,,[상위:STD-ADO-018] 후니프린팅_주문프로세스_20251001.pdf p.4 §04 외주관리 || P1판정(260902): auto-vs-human §2.3 #47 🧑외주관리자 ✅현행,Plan B: 신규몰 주문 1건을 현행 MES·수기 절차(의뢰서·바코드·송장)로 끝까지 처리해 보고 막히는 곳을 적으면 완료.,—,미착수,huni,dev,none,샵바이 비경유,,C5 · 매칭 규칙 없음,,,분류=검증 · 오픈차단여부=오픈 무관 · 작업량=반일 · 소요 미합산(분류=검증),ledger-v4
STD-MFG-106,detail,T4,C6,1차포장 처리,STD-MFG-106,최숙진,,,,,,,,후니프린팅_공정관리_시행초안_20260210.pdf p.1 · p.4 §04 출고 || P1판정(260902): auto-vs-human §2.4 #49 🧑출고팀 ✅현행,Plan B: 신규몰 주문 1건을 현행 MES·수기 절차(의뢰서·바코드·송장)로 끝까지 처리해 보고 막히는 곳을 적으면 완료.,—,미착수,huni,dev,none,샵바이 비경유,,C6 · 매칭 규칙 없음,,,분류=검증 · 오픈차단여부=오픈 무관 · 작업량=반일 · 소요 미합산(분류=검증),ledger-v4
STD-MFG-107,detail,T4,C6,박스포장 처리(실사·대형 상품군),STD-MFG-107,최숙진,,,,,,,,후니프린팅_공정관리_시행초안_20260210.pdf p.1 Case6-8 || P1판정(260902): auto-vs-human §2.4 #53 🧑 ✅현행,Plan B: 신규몰 주문 1건을 현행 MES·수기 절차(의뢰서·바코드·송장)로 끝까지 처리해 보고 막히는 곳을 적으면 완료.,—,미착수,huni,dev,none,샵바이 비경유,,C6 · 매칭 규칙 없음,,,분류=검증 · 오픈차단여부=오픈 무관 · 작업량=반일 · 소요 미합산(분류=검증),ledger-v4
STD-MFG-108,detail,T4,C6,제작번호별 바코드 입력→포장완료 상태변경,STD-MFG-108,최숙진,,,,,,,,[구분:STD-ADO-016] 후니프린팅_주문프로세스_20251001.pdf p.1 || P1판정(260902): auto-vs-human §2.4 #50·#51 🧑(🟩)+🤖 ✅현행,Plan B: 신규몰 주문 1건을 현행 MES·수기 절차(의뢰서·바코드·송장)로 끝까지 처리해 보고 막히는 곳을 적으면 완료.,—,미착수,huni,dev,none,샵바이 비경유,,C6 · 매칭 규칙 없음,,,분류=검증 · 오픈차단여부=오픈 무관 · 작업량=반일 · 소요 미합산(분류=검증),ledger-v4
STD-MFG-109,detail,T4,C6,전 상품 포장완료 시 제작완료 자동 전환,STD-MFG-109,최숙진,,,,,,,,후니프린팅_주문프로세스_20251001.pdf p.1 「if 모든상품이 포장완료이면 제작완료」 || P1판정(260902): auto-vs-human §2.4 #52 🤖(🔴) ✅현행 MES 자동,Plan B: 신규몰 주문 1건을 현행 MES·수기 절차(의뢰서·바코드·송장)로 끝까지 처리해 보고 막히는 곳을 적으면 완료.,—,미착수,huni,dev,none,샵바이 비경유,,C6 · 매칭 규칙 없음,,,분류=검증 · 오픈차단여부=오픈 무관 · 작업량=반일 · 소요 미합산(분류=검증),ledger-v4
STD-MFG-110,detail,T4,C6,주문번호별 바코드 입력→출고완료 전환,STD-MFG-110,최숙진,,,,,,,,[구분:STD-ADO-016] 후니프린팅_주문프로세스_20251001.pdf p.1 || P1판정(260902): auto-vs-human §2.4 #57·#58 ✅현행,Plan B: 신규몰 주문 1건을 현행 MES·수기 절차(의뢰서·바코드·송장)로 끝까지 처리해 보고 막히는 곳을 적으면 완료.,—,미착수,huni,dev,none,샵바이 비경유,,C6 · 매칭 규칙 없음,,,분류=검증 · 오픈차단여부=오픈 무관 · 작업량=반일 · 소요 미합산(분류=검증),ledger-v4
STD-MFG-111,detail,T4,C6,송장 출력·송장 추가출력(택배),STD-MFG-111,최숙진,,,,,,,,[구분:STD-ADO-020] 후니프린팅_주문프로세스_20251001.pdf p.1 case1 · p.4 §04 || P1판정(260902): auto-vs-human §2.4 #54 🧑(🟩) ✅현행,Plan B: 신규몰 주문 1건을 현행 MES·수기 절차(의뢰서·바코드·송장)로 끝까지 처리해 보고 막히는 곳을 적으면 완료.,—,미착수,huni,dev,none,샵바이 비경유,,사람 판정 260917 — 송장 출력(택배사 라벨) — 샵바이 호출 아님,,,분류=검증 · 오픈차단여부=오픈 무관 · 작업량=반일 · 소요 미합산(분류=검증),ledger-v4
STD-MFG-112,detail,T4,C6,납품명세서 출력(퀵),STD-MFG-112,최숙진,,,,,,,,[구분:STD-PAY-018] 후니프린팅_주문프로세스_20251001.pdf p.1 case2 · p.4 §04 || P1판정(260902): auto-vs-human §2.4 #55 🧑(🟩) ✅현행,Plan B: 신규몰 주문 1건을 현행 MES·수기 절차(의뢰서·바코드·송장)로 끝까지 처리해 보고 막히는 곳을 적으면 완료.,—,미착수,huni,dev,none,샵바이 비경유,,C6 · 매칭 규칙 없음,,,분류=검증 · 오픈차단여부=오픈 무관 · 작업량=반일 · 소요 미합산(분류=검증),ledger-v4
STD-MFG-113,detail,T4,C6,출고명세서 출력(직접방문),STD-MFG-113,최숙진,,,,,,,,[구분:STD-PAY-018] 후니프린팅_주문프로세스_20251001.pdf p.1 case3 · p.4 §04 || P1판정(260902): auto-vs-human §2.4 #56 🧑(🟩) ✅현행,Plan B: 신규몰 주문 1건을 현행 MES·수기 절차(의뢰서·바코드·송장)로 끝까지 처리해 보고 막히는 곳을 적으면 완료.,—,미착수,huni,dev,none,샵바이 비경유,,C6 · 매칭 규칙 없음,,,분류=검증 · 오픈차단여부=오픈 무관 · 작업량=반일 · 소요 미합산(분류=검증),ledger-v4
STD-MFG-114,detail,T4,C6,한 주문에 다중 송장 부여,STD-MFG-114,김동학,,,,,,,,후니프린팅_주문프로세스_20251001.pdf p.5 §05 출고 Pain point || P1판정(260902): auto-vs-human §4 G-9 「한 주문 1송장 → 여러 송장」 자동화 격차 — 미구현,한 주문에 송장 2개를 등록해 고객 배송조회에 둘 다 보이면 완료.,STD-MFG-029,미착수,huni,dev,server-api,order-server-public.endpoints.json PUT /orders/update-invoices,,C6∈구간집합 · 규칙 /송장/,,,분류=개발 · 오픈차단여부=오픈 무관 · 작업량=2-3일,ledger-v4
STD-MFG-115,detail,T4,C6,합배송 리스트 식별,STD-MFG-115,서희항,,,,,,,,후니프린팅_주문프로세스_20251001.pdf p.5 §05 출고 Pain point || P1판정(260902): auto-vs-human §4 G-6 「장바구니 + 합배송」 자동화 격차 — 식별 로직 미구현,같은 고객·같은 날 주문 2건이 합배송 후보로 표시되면 완료(Plan B: 담당자 눈으로).,—,미착수,huni,dev,none,샵바이 비경유,,C6 · 매칭 규칙 없음,,,분류=개발 · 오픈차단여부=오픈 무관 · 작업량=1일,ledger-v4
STD-MFG-116,detail,T4,C6,전 상품 출고지 단일화(오프라인 주문 외),STD-MFG-116,최숙진,,,,,,,,후니프린팅_주문프로세스_20251001.pdf p.3 §03 하단 || P1판정(260902): PDF p.3 §03 하단 — 현행 정책(오프라인 주문 외 단일 출고지),Plan B: 신규몰 주문 1건을 현행 MES·수기 절차(의뢰서·바코드·송장)로 끝까지 처리해 보고 막히는 곳을 적으면 완료.,—,미착수,huni,dev,none,샵바이 비경유,,C6 · 매칭 규칙 없음,,,분류=검증 · 오픈차단여부=오픈 무관 · 작업량=반일 · 소요 미합산(분류=검증),ledger-v4
STD-MFG-117,detail,T4,C6,재고상품(상품 액세서리) 관리,STD-MFG-117,최숙진,,,,,,,,후니프린팅_주문프로세스_20251001.pdf p.4 §04 출고 · 공정관리 PDF Case16 || P1판정(260902): PDF p.4 §04 출고 · 공정관리 PDF Case16 — 현행 운영,Plan B: 신규몰 주문 1건을 현행 MES·수기 절차(의뢰서·바코드·송장)로 끝까지 처리해 보고 막히는 곳을 적으면 완료.,—,미착수,huni,dev,none,샵바이 비경유,,C6 · 매칭 규칙 없음,,,분류=검증 · 오픈차단여부=오픈 무관 · 작업량=반일 · 소요 미합산(분류=검증),ledger-v4
STD-MFG-118,detail,T4,C6,제작완료 썸네일 확인 화면,STD-MFG-118,최숙진,,,,,,,,후니프린팅_주문프로세스_20251001.pdf p.4 §04 출고 ★썸네일 보는 화면 || P1판정(260902): PDF p.4 §04 출고 ★썸네일 보는 화면 — 현행 MES 화면,Plan B: 신규몰 주문 1건을 현행 MES·수기 절차(의뢰서·바코드·송장)로 끝까지 처리해 보고 막히는 곳을 적으면 완료.,—,미착수,huni,dev,none,샵바이 비경유,,C6 · 매칭 규칙 없음,,,분류=검증 · 오픈차단여부=오픈 무관 · 작업량=반일 · 소요 미합산(분류=검증),ledger-v4
STD-MFG-119,detail,T4,C6,일부 재제작+재배송 지시(MES 주문복사),STD-MFG-119,최숙진,,,,,,,,[상위:STD-CLM-015] 후니프린팅_주문프로세스_20251001.pdf p.7 §07 case1 || P1판정(260902): auto-vs-human §2.6 #78 🧑MES ✅현행(주문복사),Plan B: 신규몰 주문 1건을 현행 MES·수기 절차(의뢰서·바코드·송장)로 끝까지 처리해 보고 막히는 곳을 적으면 완료.,—,미착수,huni,dev,none,샵바이 비경유,,C6 · 매칭 규칙 없음,,,분류=검증 · 오픈차단여부=오픈 무관 · 작업량=반일 · 소요 미합산(분류=검증),ledger-v4
STD-MFG-120,detail,T4,C6,전체 재제작+재배송 지시,STD-MFG-120,최숙진,,,,,,,,[상위:STD-CLM-015] 후니프린팅_주문프로세스_20251001.pdf p.7 §07 case2 || P1판정(260902): auto-vs-human §2.6 #78 🧑MES ✅현행,Plan B: 신규몰 주문 1건을 현행 MES·수기 절차(의뢰서·바코드·송장)로 끝까지 처리해 보고 막히는 곳을 적으면 완료.,—,미착수,huni,dev,none,샵바이 비경유,,C6 · 매칭 규칙 없음,,,분류=검증 · 오픈차단여부=오픈 무관 · 작업량=반일 · 소요 미합산(분류=검증),ledger-v4
STD-MFG-121,detail,T4,C6,반송 접수·반송여부 체크,STD-MFG-121,최숙진,,,,,,,,[구분:STD-CLM-005] 후니프린팅_주문프로세스_20251001.pdf p.7 §07 반송 || P1판정(260902): auto-vs-human §2.6 #79 🧑 ✅현행(Nfocus 반송요청),Plan B: 신규몰 주문 1건을 현행 MES·수기 절차(의뢰서·바코드·송장)로 끝까지 처리해 보고 막히는 곳을 적으면 완료.,—,미착수,huni,dev,none,샵바이 비경유,,C6 · 매칭 규칙 없음,,,분류=검증 · 오픈차단여부=오픈 무관 · 작업량=반일 · 소요 미합산(분류=검증),ledger-v4
STD-MFG-122,detail,T4,C6,주문 내 정산 메모필드(반송비·재제작 비용 부담),STD-MFG-122,최숙진,,,,,,,,후니프린팅_주문프로세스_20251001.pdf p.7 §07 정산관련 || P1판정(260902): PDF p.7 §07 정산관련 — 현행 메모 운영,Plan B: 신규몰 주문 1건을 현행 MES·수기 절차(의뢰서·바코드·송장)로 끝까지 처리해 보고 막히는 곳을 적으면 완료.,—,미착수,huni,dev,none,샵바이 비경유,,C6 · 매칭 규칙 없음,,,분류=검증 · 오픈차단여부=오픈 무관 · 작업량=반일 · 소요 미합산(분류=검증),ledger-v4
STD-MFG-123,detail,T4,C6,재출고 신규송장 부여(상품누락 추가발송·교환 재발송),STD-MFG-123,최숙진,,,,,,,,[상위:STD-SHP-012] 후니프린팅_주문프로세스_20251001.pdf p.7 §07 재출고 || P1판정(260902): PDF p.7 §07 재출고 — 현행 수기 신규송장,Plan B: 신규몰 주문 1건을 현행 MES·수기 절차(의뢰서·바코드·송장)로 끝까지 처리해 보고 막히는 곳을 적으면 완료.,—,미착수,huni,dev,server-api,order-server-public.endpoints.json PUT /orders/update-invoices,,C6∈구간집합 · 규칙 /송장/,,,분류=검증 · 오픈차단여부=오픈 무관 · 작업량=반일 · 소요 미합산(분류=검증),ledger-v4
STD-MFG-124,detail,T4,C6,반품·교환 웹훅 기록만 하고 MES 작업 자동생성 안 함,STD-MFG-124,서희항,,,,,,,,[상위:STD-ADO-022] order-to-mes-process.md §7.4 || P1판정(260902): §7.4 「반품·교환 웹훅은 기록만」 — 웹훅 수신함은 실재하나 클레임 분기 코드 0건,반품 웹훅 1건이 수신함에 기록만 되고 MES 작업이 생기지 않으면 완료.,STD-MFG-136,미착수,huni,dev,none,샵바이 비경유,,C6 · 매칭 규칙 없음,,,분류=개발 · 오픈차단여부=오픈 무관 · 작업량=1일,ledger-v4
STD-MFG-125,detail,T5,D1,파일 오류 재업로드 요청 알림톡 발송(자동·담당자 발),STD-MFG-125,서희항,,,,,,,,[상위:STD-ART-018] order-to-mes-process.md §10 · 주문프로세스 PDF p.2 §02 || P1판정(260902): auto-vs-human §2.5 #67 「❌ 우리 몫 · 미구현」 · §11 4단계 미체크,테스트 주문에 재업로드 요청 알림톡/SMS 가 오면 완료.,EXT-ALIMTALK;STD-MFG-128,미착수,huni,dev,none,샵바이 비경유,,D1 · 매칭 규칙 없음,,,분류=개발 · 오픈차단여부=오픈 무관 · 작업량=1일,ledger-v4
STD-MFG-126,detail,T5,D1,재업로드 접수 확인 알림,STD-MFG-126,서희항,,,,,,,,[상위:STD-ART-018] order-to-mes-process.md §10 || P1판정(260902): §10 — 재업로드 접수 확인 알림 미구현,재업로드 후 접수 확인 문자가 오면 완료.,STD-MFG-125,미착수,huni,dev,none,샵바이 비경유,,D1 · 매칭 규칙 없음,,,분류=개발 · 오픈차단여부=오픈 무관 · 작업량=반일,ledger-v4
STD-MFG-127,detail,T5,D1,편집상품 수정요청 알림(주문번호·편집번호·안내),STD-MFG-127,서희항,,,,,,,,[상위:STD-SYS-006] 후니프린팅_주문프로세스_20251001.pdf p.2 §02 || P1판정(260902): auto-vs-human §2.5 #68 「❌ 우리 몫 · 미구현」,편집상품 수정요청 문자가 오면 완료.,EXT-ALIMTALK;STD-MFG-064,미착수,huni,dev,none,샵바이 비경유,,D1 · 매칭 규칙 없음,,,분류=개발 · 오픈차단여부=오픈 무관 · 작업량=1일,ledger-v4
STD-MFG-128,detail,T5,D1,알림톡 템플릿 사전 심사·승인 관리,STD-MFG-128,신우진,,,,,,,,[상위:STD-SYS-006] order-to-mes-process.md §10 실무 주의 || P1판정(260902): §10 실무 주의 「심사 기간 때문에 일정에 영향」 · §12-7 채널 미확정,알림톡 템플릿 심사 신청서가 제출되고 승인 회신이 오면 완료.,EXT-ALIMTALK,미착수,huni,dev,none,샵바이 비경유,,D1 · 매칭 규칙 없음,,,분류=이슈 · 오픈차단여부=오픈 무관 · 작업량=1일 · 소요 미합산(분류=이슈),ledger-v4
STD-MFG-129,detail,T5,D1,알림톡 발송 실패 시 SMS/LMS 자동 대체,STD-MFG-129,서희항,,,,,,,,[상위:STD-SYS-006] order-to-mes-process.md §10 · §12-7 || P1판정(260902): §10 · §12-7 — SMS/LMS 대체 미구현,알림톡 실패 시 SMS 로 대체 발송되면 완료.,STD-MFG-128,미착수,huni,dev,none,샵바이 비경유,,D1 · 매칭 규칙 없음,,,분류=개발 · 오픈차단여부=오픈 무관 · 작업량=반일,ledger-v4
STD-MFG-130,detail,T5,D1,알림 발송 주체 경계 준수(주문·결제·배송=샵바이 / 파일=우리),STD-MFG-130,최숙진,,,,,,,,[상위:STD-SYS-006] order-to-mes-process.md §10 표 || P1판정(260902): §10 표 — 경계 자체는 문서로 확정(주문·결제·배송=샵바이 / 파일=우리),"셀러어드민 알림 템플릿에 파일 관련 알림이 없고, 우리 쪽에 주문·결제 알림이 없으면 완료.",—,미착수,huni,dev,none,샵바이 비경유,,D1 · 매칭 규칙 없음,,,분류=검증 · 오픈차단여부=오픈 무관 · 작업량=반일 · 소요 미합산(분류=검증),ledger-v4
STD-MFG-131,detail,T4,C5,단계별 체류 건수·DLQ 처리 현황 대시보드,STD-MFG-131,서희항,,,,,,,,[상위:STD-SYS-016] order-to-mes-process.md §11 5단계 || P1판정(260902): §11 5단계 「처리 현황 대시보드」 미체크 · 코드 0건,webadmin 에 단계별 체류 건수 화면이 생기면 완료.,—,미착수,huni,dev,none,샵바이 비경유,,C5 · 매칭 규칙 없음,,,분류=개발 · 오픈차단여부=오픈 무관 · 작업량=2-3일,ledger-v4
STD-MFG-132,detail,T4,C5,조직별 권한 관리(마스터/상품마케팅/발주/생산/출고/외주관리/회계경리),STD-MFG-132,최숙진,,,,,,,,[상위:STD-SYS-002] 후니프린팅_주문프로세스_20251001.pdf p.4 §04 || P1판정(260902): PDF p.4 §04 조직 7종 — 현행 MES 권한 운영,Plan B: 신규몰 주문 1건을 현행 MES·수기 절차(의뢰서·바코드·송장)로 끝까지 처리해 보고 막히는 곳을 적으면 완료.,—,미착수,huni,dev,none,샵바이 비경유,,C5 · 매칭 규칙 없음,,,분류=검증 · 오픈차단여부=오픈 무관 · 작업량=반일 · 소요 미합산(분류=검증),ledger-v4
STD-MFG-133,detail,T4,C5,오프라인 주문 등록(거래처별 EXCEL·금액 직접 입력),STD-MFG-133,신우진,,,,,,,,[상위:STD-ORD-027] 후니프린팅_주문프로세스_20251001.pdf p.4 §04 ★오프라인 주문 || P1판정(260902): auto-vs-human §5 A-6 「오프라인 주문이 신규 시스템 범위인지 범위 미결 — PM」,"오프라인 주문을 현행 MES 로 두기로 결정하고, 결정 문장 1줄과 결정일(YYYY-MM-DD)이 `R/R3/decisions-for-pm.md` §A-4(Plan B 확정) 의 STD-MFG-133 줄에 기재되어 있으면 완료 (기록처: 모범 STD-SYS-027 형식).",—,미실측,huni,dev,none,샵바이 비경유,,C5 · 매칭 규칙 없음,,,분류=이슈 · 오픈차단여부=오픈 무관 · 작업량=반일 · 소요 미합산(분류=이슈),ledger-v4
STD-MFG-134,detail,T4,C5,거래처별 청구서 발행(오프라인주문·금액 포함),STD-MFG-134,최숙진,,,,,,,,[상위:STD-B2B-006] 후니프린팅_주문프로세스_20251001.pdf p.4 §04 회계경리 || P1판정(260902): PDF p.4 §04 회계경리 — 현행 운영,Plan B: 신규몰 주문 1건을 현행 MES·수기 절차(의뢰서·바코드·송장)로 끝까지 처리해 보고 막히는 곳을 적으면 완료.,—,미착수,huni,dev,none,샵바이 비경유,,C5 · 매칭 규칙 없음,,,분류=검증 · 오픈차단여부=오픈 무관 · 작업량=반일 · 소요 미합산(분류=검증),ledger-v4
STD-MFG-135,detail,T4,C5,세금계산서 발행여부·발행날짜 정보 보관,STD-MFG-135,최숙진,,,,,,,,[상위:STD-B2B-012] 후니프린팅_주문프로세스_20251001.pdf p.7 §08 || P1판정(260902): PDF p.7 §08 — 현행 운영,Plan B: 신규몰 주문 1건을 현행 MES·수기 절차(의뢰서·바코드·송장)로 끝까지 처리해 보고 막히는 곳을 적으면 완료.,—,미착수,huni,dev,none,샵바이 비경유,,C5 · 매칭 규칙 없음,,,분류=검증 · 오픈차단여부=오픈 무관 · 작업량=반일 · 소요 미합산(분류=검증),ledger-v4
STD-MFG-136,detail,T4,C5,샵바이 웹훅 이벤트 수신 후 소비(결제완료 → 주문 상태 반영 · 생산 전환 착수),STD-MFG-136,서희항,,,,,,,,L0/N3/ARCHITECTURE-v2.md §10 A-9 · raw/webadmin/webadmin/config/urls.py:271 (수신 엔드포인트 실재) · raw/webadmin/webadmin/catalog/shopby_hook.py (수신함만 · 소비자 grep 0건),테스트 결제 1건 뒤 t_ord_webhooks 에 결제완료 이벤트 1행이 남고 t_ord_orders 상태가 PAID 로 바뀌면 완료.,EXT-PG;EXT-NHN,미착수,huni,dev,none,샵바이 비경유,,C5 · 매칭 규칙 없음,,,분류=개발 · 오픈차단여부=작업 항목 · 작업량=1주+,ledger-v4
F1-1,detail,T1,F1,OIDC 신뢰정책 `sub`=`repo:shopbiz-site/HuniProductPrice2:ref:refs/heads/master` + 역할 권한(ECR push·lightsail Push/CreateDeployment/GetContainerServices·secretsmanager,NEW,외부(인프라팀),,,,,,,,_workspace/huni-launch-runway/07_rebaseline/S/S4-infra/migration-plan.md:40,Actions 첫 스텝 「Assume AWS role」 성공 로그,—,미착수,ext,wait,none,샵바이 비경유,,런북 · 인프라 단계,외부(인프라팀),,NEW 사유: 원장은 기능 원장이라 인프라 이전 단계 행이 없다 · 원천 = S4 런북,S4-infra
F1-2,detail,T1,F1,`huni/dev/admin-runtime-env` 시크릿 채움(필수: `DJANGO_SECRET_KEY` 고정 난수≥32자·`AWS_ACCESS_KEY_ID/SECRET`·`WAPI_SERVER_KEY_REQUIRED=Y` · 샵바이 3키 · Edicus 4키 · S3 5키+베이스 2,NEW,서희항,,,,,,,,_workspace/huni-launch-runway/07_rebaseline/S/S4-infra/migration-plan.md:41,조립 스텝 로그 「첫 배포(비교 대상 없음)·폴백 0개」,F1-1,미착수,huni,dev,none,샵바이 비경유,,런북 · 인프라 단계,,,NEW 사유: 원장은 기능 원장이라 인프라 이전 단계 행이 없다 · 원천 = S4 런북,S4-infra
F1-3,detail,T1,F1,Actions → 「Deploy to dev (huni-admin)」 수동 실행(master),NEW,서희항,,,,,,,,_workspace/huni-launch-runway/07_rebaseline/S/S4-infra/migration-plan.md:42,"Lightsail 콘솔 admin healthy + cron running · `https://dev-huni-admin-apne2-cs…/healthz` → `{""ok"":true}` · `/admin/` 로그인 화면 렌더",F1-1·F1-2,미착수,huni,dev,none,샵바이 비경유,,런북 · 인프라 단계,,,NEW 사유: 원장은 기능 원장이라 인프라 이전 단계 행이 없다 · 원천 = S4 런북,S4-infra
F1-4,detail,T1,F1,사이드카·LB 실측: cron 로그 `cron_hourly 시작 — 매시 :15` → 정시 `recalc 종료` · 60초 초과 의심 3요청(시작가 재계산·주문등록 승격·그리드 full-sync) 504 여부 · `X-Forwarded-For` 원문 1건,NEW,서희항,,,,,,,,_workspace/huni-launch-runway/07_rebaseline/S/S4-infra/migration-plan.md:43,세 요청 200 + `t_wgt_abuse_logs.ip` 첫 행이 고객 IP,F1-3,미착수,huni,dev,none,샵바이 비경유,,런북 · 인프라 단계,,,NEW 사유: 원장은 기능 원장이라 인프라 이전 단계 행이 없다 · 원천 = S4 런북,S4-infra
F1-5,detail,T1,F1,첫 성공 후 `deploy.yml` push 트리거 주석 해제 + `test_deploy_workflow_manual_first` 반전,NEW,서희항,,,,,,,,_workspace/huni-launch-runway/07_rebaseline/S/S4-infra/migration-plan.md:44,master 푸시 → 자동 배포 healthy 1회,F1-3 healthy,미착수,huni,dev,none,샵바이 비경유,,런북 · 인프라 단계,,,NEW 사유: 원장은 기능 원장이라 인프라 이전 단계 행이 없다 · 원천 = S4 런북,S4-infra
F2-1,detail,T1,F2,SSH 터널 접속정보(호스트·키·포트) 수령 + Lightsail PG 17 에 `hunidb`·`webapp` 2 DB 생성,NEW,외부(인프라팀),,,,,,,,_workspace/huni-launch-runway/07_rebaseline/S/S4-infra/migration-plan.md:50,터널 경유 `psql -c 'select version()'` 이 17.x,—,미착수,ext,wait,none,샵바이 비경유,,런북 · 인프라 단계,외부(인프라팀),,NEW 사유: 원장은 기능 원장이라 인프라 이전 단계 행이 없다 · 원천 = S4 런북,S4-infra
F2-2,detail,T1,F2,리허설: Railway `pg_dump --no-owner --no-acl` 평문 SQL → 임시 스키마에 복원 → 검증 4종(`audit_data_integrity --exposure --strict`·`audit_published_prices`·`audit_set_qty_mode`·,NEW,서희항,,,,,,,,_workspace/huni-launch-runway/07_rebaseline/S/S4-infra/migration-plan.md:51,4종 exit 0 + 행수 지문(테이블별 count) Railway 와 일치,F2-1,미착수,huni,dev,none,샵바이 비경유,,런북 · 인프라 단계,,,NEW 사유: 원장은 기능 원장이라 인프라 이전 단계 행이 없다 · 원천 = S4 런북,S4-infra
F2-3,detail,T1,F2,vc_ 2객체 재덤프(파이썬 DDL+INSERT 조립) → `webapp` 적재 → 웹팀 도구 접속 문자열 `webapp` 확인 → 상세 탭 표시 확인,NEW,서희항,,,,,,,,_workspace/huni-launch-runway/07_rebaseline/S/S4-infra/migration-plan.md:52,스킨 `/product/[slug]` 발행 탭 렌더(`PRINTLY_DB_URL`=webapp),F2-1,미착수,huni,dev,none,샵바이 비경유,,런북 · 인프라 단계,,,NEW 사유: 원장은 기능 원장이라 인프라 이전 단계 행이 없다 · 원천 = S4 런북,S4-infra
F2-4,detail,T1,F2,본반입 창: Railway 관리자 쓰기 정지 공지 → 재덤프 → `hunidb` 반입 → 검증 4종 → 행수 지문 대조,NEW,서희항,,,,,,,,_workspace/huni-launch-runway/07_rebaseline/S/S4-infra/migration-plan.md:53,4종 exit 0 · 지문 일치 · `/admin/` 로그인 성공(auth_* 반입),F2-2 PASS,미착수,huni,dev,none,샵바이 비경유,,런북 · 인프라 단계,,,NEW 사유: 원장은 기능 원장이라 인프라 이전 단계 행이 없다 · 원천 = S4 런북,S4-infra
F3-1,detail,T1,F3,Railway `start-price-cron` 정지,NEW,서희항,,,,,,,,_workspace/huni-launch-runway/07_rebaseline/S/S4-infra/migration-plan.md:59,Railway 서비스 stopped,F2-4,미착수,huni,dev,none,샵바이 비경유,,런북 · 인프라 단계,,,NEW 사유: 원장은 기능 원장이라 인프라 이전 단계 행이 없다 · 원천 = S4 런북,S4-infra
F3-4,detail,T1,F3,샵바이 콘솔 IP 화이트리스트 52.78.126.17 등록 → 메인이미지 동기화 1건 실측,NEW,최숙진,,,,,,,,_workspace/huni-launch-runway/07_rebaseline/S/S4-infra/migration-plan.md:62,동기화 성공(S0001 이면 미등록),프록시 시크릿,미착수,huni,dev,admin-manual,해당 엔드포인트 없음 (셀러어드민 화면으로만 제공),N,런북 · 샵바이 콘솔 조작,,,NEW 사유: 원장은 기능 원장이라 인프라 이전 단계 행이 없다 · 원천 = S4 런북,S4-infra
F3-5,detail,T1,F3,샵바이 웹훅 수신 URL → 새 호스트 `/api/w/v1/shopby/webhook/<secret>`,NEW,최숙진,,,,,,,,_workspace/huni-launch-runway/07_rebaseline/S/S4-infra/migration-plan.md:63,테스트 주문 1건 → 새 호스트 로그에 수신,F3-4 · `SHOPBY_WEBHOOK_SECRET` 동일값,미착수,huni,dev,admin-manual,해당 엔드포인트 없음 (셀러어드민 화면으로만 제공),N,런북 · 샵바이 콘솔 조작,,,NEW 사유: 원장은 기능 원장이라 인프라 이전 단계 행이 없다 · 원천 = S4 런북,S4-infra
F3-6,detail,T1,F3,S3 CORS 허용 오리진에 새 관리자 호스트(원고 tmp 2 + 관리자 직접 업로드),NEW,외부(인프라팀),,,,,,,,_workspace/huni-launch-runway/07_rebaseline/S/S4-infra/migration-plan.md:64,브라우저 원고 업로드 PUT 200,도메인 확정,미착수,ext,wait,none,샵바이 비경유,,런북 · 인프라 단계,외부(인프라팀),,NEW 사유: 원장은 기능 원장이라 인프라 이전 단계 행이 없다 · 원천 = S4 런북,S4-infra
F3-7,detail,T1,F3,DNS `huni-admin.printly.co.kr` CNAME → Lightsail + `CUSTOM_DOMAIN` 에 콤마 추가 + Lightsail 커스텀 도메인 인증서,NEW,신우진,,,,,,,,_workspace/huni-launch-runway/07_rebaseline/S/S4-infra/migration-plan.md:65,도메인으로 `/healthz` 200 + `/static/catalog/widget.js` 200,F3-6,미착수,huni,dev,none,샵바이 비경유,,런북 · 인프라 단계,,,NEW 사유: 원장은 기능 원장이라 인프라 이전 단계 행이 없다 · 원천 = S4 런북,S4-infra
F3-8,detail,T1,F3,"Railway 변수 이관 대조(`railway variables --service huni-admin` 키 목록, 값 노출 금지) + `DJANGO_SECRET_KEY` Railway 값을 시크릿에 그대로",NEW,서희항,,,,,,,,_workspace/huni-launch-runway/07_rebaseline/S/S4-infra/migration-plan.md:66,조립 로그 「현재 배포와 동일」·장바구니 재견적 통과,F1-2,미착수,huni,dev,none,샵바이 비경유,,런북 · 인프라 단계,,,NEW 사유: 원장은 기능 원장이라 인프라 이전 단계 행이 없다 · 원천 = S4 런북,S4-infra
F3-9,detail,T1,F3,Edicus 허용 도메인/콜백에 새 호스트 필요 여부 확인,NEW,서희항,,,,,,,,_workspace/huni-launch-runway/07_rebaseline/S/S4-infra/migration-plan.md:67,편집기 열기·저장 1회 성공,F3-7,미착수,huni,dev,none,샵바이 비경유,,런북 · 인프라 단계,,,NEW 사유: 원장은 기능 원장이라 인프라 이전 단계 행이 없다 · 원천 = S4 런북,S4-infra
F3-10,detail,T1,F3,전환 후 실측: `/healthz`·로그인·위젯 설정 API 지연·장바구니→재견적·크론 로그,NEW,서희항,,,,,,,,_workspace/huni-launch-runway/07_rebaseline/S/S4-infra/migration-plan.md:68,위젯 API p50 < 종전 300ms 질의,F3-1~9,미착수,huni,dev,none,샵바이 비경유,,런북 · 인프라 단계,,,NEW 사유: 원장은 기능 원장이라 인프라 이전 단계 행이 없다 · 원천 = S4 런북,S4-infra
F3-11,detail,T1,F3,Railway 3서비스 종료(최종 덤프 보관 후),NEW,신우진,,,,,,,,_workspace/huni-launch-runway/07_rebaseline/S/S4-infra/migration-plan.md:69,Railway 프로젝트 비활성,F3-10 안정 + vc_ 웹팀 확인,미착수,huni,dev,none,샵바이 비경유,,런북 · 인프라 단계,,Y,NEW 사유: 원장은 기능 원장이라 인프라 이전 단계 행이 없다 · 원천 = S4 런북,S4-infra
F3-12,detail,T1,F3,"웹팀 통보: vc_ 는 `webapp`, 우리 DB 에 직접 테이블 생성 금지",NEW,신우진,,,,,,,,_workspace/huni-launch-runway/07_rebaseline/S/S4-infra/migration-plan.md:70,통보 기록,F3-11,미착수,huni,dev,none,샵바이 비경유,,런북 · 인프라 단계,,,NEW 사유: 원장은 기능 원장이라 인프라 이전 단계 행이 없다 · 원천 = S4 런북,S4-infra
F4-1,detail,T1,F4,Lightsail 컨테이너 서비스 + ECR 레포 `huni-skin` + Secrets Manager `huni/dev/skin-runtime-env` 프로비저닝,NEW,외부(인프라팀),,,,,,,,_workspace/huni-launch-runway/07_rebaseline/S/S4-infra/migration-plan.md:78,서비스 생성·빈 배포 가능,플랜 사이즈 결정(§5),미착수,ext,wait,none,샵바이 비경유,,런북 · 인프라 단계,외부(인프라팀),,NEW 사유: 원장은 기능 원장이라 인프라 이전 단계 행이 없다 · 원천 = S4 런북,S4-infra
F4-2,detail,T1,F4,`deploy.yml` 스킨판 작성(webadmin 것을 본떠 OIDC→ECR→push-container-image→env 조립→deployment) + 헬스체크 경로 결정(`/` 또는 신설 `/api/health`),NEW,김동학,,,,,,,,_workspace/huni-launch-runway/07_rebaseline/S/S4-infra/migration-plan.md:79,Actions 수동 실행 healthy,F4-1,미착수,huni,dev,none,샵바이 비경유,,런북 · 인프라 단계,,,NEW 사유: 원장은 기능 원장이라 인프라 이전 단계 행이 없다 · 원천 = S4 런북,S4-infra
F4-3,detail,T1,F4,env 이관 — `.env.example` 기준 필수: `AUTH_SECRET`·`NEXTAUTH_URL`·`AUTH_GOOGLE/NAVER/KAKAO_ID+SECRET`(6)·`DATABASE_URL`·`PRINTLY_DB_URL`(→webapp)·`PRINTLY_WORKSPACE_I,NEW,김동학,,,,,,,,_workspace/huni-launch-runway/07_rebaseline/S/S4-infra/migration-plan.md:80,컨테이너 기동 후 `/login` 렌더·소셜 버튼 노출,F4-1,미착수,huni,dev,none,샵바이 비경유,,런북 · 인프라 단계,,,NEW 사유: 원장은 기능 원장이라 인프라 이전 단계 행이 없다 · 원천 = S4 런북,S4-infra
F4-4,detail,T1,F4,`DATABASE_URL`(Prisma) 목적지 결정: Lightsail PG `webapp` 로 합칠지 별도 DB 로 갈지 → `migrator` 스테이지 1회 실행(`pgcrypto`·`citext` 확장 필요),NEW,김동학,,,,,,,,_workspace/huni-launch-runway/07_rebaseline/S/S4-infra/migration-plan.md:81,`prisma migrate deploy` exit 0 · 시드 upsert 완료,F2-1,미착수,huni,dev,none,샵바이 비경유,,런북 · 인프라 단계,,,NEW 사유: 원장은 기능 원장이라 인프라 이전 단계 행이 없다 · 원천 = S4 런북,S4-infra
F4-5,detail,T1,F4,DNS `shopby.huniprinting.co.kr` → Lightsail 스킨 + 인증서 · `NEXTAUTH_URL=https://shopby.huniprinting.co.kr` 고정,NEW,김동학,,,,,,,,_workspace/huni-launch-runway/07_rebaseline/S/S4-infra/migration-plan.md:82,도메인으로 홈·상품상세(위젯 로드)·`/cart` 200,F4-3,미착수,huni,dev,none,샵바이 비경유,,런북 · 인프라 단계,,,NEW 사유: 원장은 기능 원장이라 인프라 이전 단계 행이 없다 · 원천 = S4 런북,S4-infra
F4-6,detail,T1,F4,소셜 콜백 검증: 구글·네이버·카카오 콘솔 Redirect URI = `${NEXTAUTH_URL}/oauth/callback` 인지 + 각 1회 로그인,NEW,김동학,,,,,,,,_workspace/huni-launch-runway/07_rebaseline/S/S4-infra/migration-plan.md:83,3사 로그인 각 1회 ACTIVE 세션,F4-5,미착수,huni,dev,none,샵바이 비경유,,런북 · 인프라 단계,,,NEW 사유: 원장은 기능 원장이라 인프라 이전 단계 행이 없다 · 원천 = S4 런북,S4-infra
F4-7,detail,T1,F4,vercel.app 리다이렉트: 코드에 없음(§1 마지막 행). Vercel 대시보드 리다이렉트·도메인 설정을 PM 이 확인해 이관 여부 결정,NEW,신우진,,,,,,,,_workspace/huni-launch-runway/07_rebaseline/S/S4-infra/migration-plan.md:84,구 `*.vercel.app` 접속 시 새 도메인으로 301 or 의도적 폐기 확인,Vercel 접근,미착수,huni,dev,none,샵바이 비경유,,런북 · 인프라 단계,,,NEW 사유: 원장은 기능 원장이라 인프라 이전 단계 행이 없다 · 원천 = S4 런북,S4-infra
F4-8,detail,T1,F4,Vercel 프로젝트 정지(오픈 테스트 통과 후),NEW,신우진,,,,,,,,_workspace/huni-launch-runway/07_rebaseline/S/S4-infra/migration-plan.md:85,Vercel 배포 비활성,F4-6 + 오픈 테스트,미착수,huni,dev,none,샵바이 비경유,,런북 · 인프라 단계,,Y,NEW 사유: 원장은 기능 원장이라 인프라 이전 단계 행이 없다 · 원천 = S4 런북,S4-infra
BLK-S1-1,detail,T3,B5,[차단 입력 S1-1] 이메일형 테스트 회원 계정(ID+PW),NEW,지니,,,,,,,,.moai/specs/SPEC-LAUNCHPLAN-001/research.md:301,결정·확인 기록 화면을 열어 「이메일형 테스트 회원 계정(ID+PW)」 가 적혀 있는지 조회한다,—,미착수,huni,config,none,샵바이 비경유,,B5 · 매칭 규칙 없음,,,NEW 사유: 원장에 소유 행이 없는 입력 대기 · 왜 필요: `구현-미검증` 32행 중 24행 재실측,research§4
BLK-S1-3,detail,T3,B6,[차단 입력 S1-3] 결제수단 범위(무통장만 / +카드 / +계좌이체),NEW,신우진,,,,,,,,.moai/specs/SPEC-LAUNCHPLAN-001/research.md:303,결정·확인 기록 화면을 열어 「결제수단 범위(무통장만 / +카드 / +계좌이체)」 가 적혀 있는지 조회한다,—,미착수,huni,config,none,샵바이 비경유,,사람 판정 260917 — 결정 행,,,NEW 사유: 원장에 소유 행이 없는 입력 대기 · 왜 필요: B6 stub 4행 작업량,research§4
BLK-S1-4,detail,T5,D4,[차단 입력 S1-4] 현금영수증·세금계산서 발급 주체(Shopby/자체/외부),NEW,신우진,,,,,,,,.moai/specs/SPEC-LAUNCHPLAN-001/research.md:304,결정·확인 기록 화면을 열어 「현금영수증·세금계산서 발급 주체(Shopby/자체/외부)」 가 적혀 있는지 조회한다,—,미착수,huni,config,none,샵바이 비경유,,사람 판정 260917 — 결정 행,,,NEW 사유: 원장에 소유 행이 없는 입력 대기 · 왜 필요: B6·D4 API 선택,research§4
BLK-S1-5,detail,T4,C1,[차단 입력 S1-5] `order/register` 계약(엔드포인트·페이로드·서버키),NEW,서희항,,,,,,,,.moai/specs/SPEC-LAUNCHPLAN-001/research.md:305,결정·확인 기록 화면을 열어 「`order/register` 계약(엔드포인트·페이로드·서버키)」 가 적혀 있는지 조회한다,—,미착수,huni,config,none,샵바이 비경유,,C1 · 매칭 규칙 없음,,,NEW 사유: 원장에 소유 행이 없는 입력 대기 · 왜 필요: C1 3행,research§4
BLK-S1-6,detail,T3,D3,[차단 입력 S1-6] 클레임·문의 범위(Shopby API / 외부 채널 / 미제공),NEW,신우진,,,,,,,,.moai/specs/SPEC-LAUNCHPLAN-001/research.md:306,결정·확인 기록 화면을 열어 「클레임·문의 범위(Shopby API / 외부 채널 / 미제공)」 가 적혀 있는지 조회한다,—,미착수,huni,config,none,샵바이 비경유,,사람 판정 260917 — 결정 행,,,NEW 사유: 원장에 소유 행이 없는 입력 대기 · 왜 필요: D3 5행,research§4
BLK-S2-1,detail,T4,C1,[차단 입력 S2-1] Railway 운영 변수 4종 설정 여부(값 아님) — `WAPI_SERVER_KEY_REQUIRED`·`SHOPBY_WEBHOOK_SECRET`·`SHOPBY_SYSTEM_KEY`·`SHOPBY_ACCESS_TOKEN`,NEW,서희항,,,,,,,,.moai/specs/SPEC-LAUNCHPLAN-001/research.md:314,결정·확인 기록 화면을 열어 「Railway 운영 변수 4종 설정 여부(값 아님) — `WAPI_SERVER_KEY_REQUIRED`·`SHOPBY_WEBHOOK_SECRET`·`SHOPBY_SYSTEM_KEY`·`SHOPBY_ACCESS_TOKEN`」 가 적혀 있는지 조회한다,—,미착수,huni,config,none,샵바이 비경유,,C1 · 매칭 규칙 없음,,,NEW 사유: 원장에 소유 행이 없는 입력 대기 · 왜 필요: C1 서버키 판정 · C3 수신 활성 · C6 착수 가능 여부,research§4
BLK-S2-2,detail,T4,C3,[차단 입력 S2-2] 샵바이 어드민 웹훅 등록 현황(URL·구독 이벤트),NEW,최숙진,,,,,,,,.moai/specs/SPEC-LAUNCHPLAN-001/research.md:315,결정·확인 기록 화면을 열어 「샵바이 어드민 웹훅 등록 현황(URL·구독 이벤트)」 가 적혀 있는지 조회한다,—,미착수,nhn,config,admin-manual,해당 엔드포인트 없음 (셀러어드민 화면으로만 제공),N,nhn · Server API 대응 규칙 없음,,,NEW 사유: 원장에 소유 행이 없는 입력 대기 · 왜 필요: D-P4 매핑표의 분모,research§4
BLK-S2-3,detail,T4,C5,[차단 입력 S2-3] MES WCF 스펙(WSDL·상태 코드·품목 마스터) 보유 여부·위치,NEW,외부(MES 공급사),,,,,,,,.moai/specs/SPEC-LAUNCHPLAN-001/research.md:316,회신 메일·메신저 기록을 열어 「MES WCF 스펙(WSDL·상태 코드·품목 마스터) 보유 여부·위치」 값이 적혀 있는지 조회한다,—,대기,ext,wait,none,샵바이 비경유(외부 벤더 대기),,ext,외부(MES 공급사),,NEW 사유: 원장에 소유 행이 없는 입력 대기 · 왜 필요: D-P5·D-P6 을 추정에서 확정으로,research§4
BLK-S2-4,detail,T4,C4,[차단 입력 S2-4] PitStop 구매 진행 상태(견적·라이선스·인스턴스 계획),NEW,외부(PitStop 공급사),,,,,,,,.moai/specs/SPEC-LAUNCHPLAN-001/research.md:317,회신 메일·메신저 기록을 열어 「PitStop 구매 진행 상태(견적·라이선스·인스턴스 계획)」 값이 적혀 있는지 조회한다,—,대기,ext,wait,none,샵바이 비경유(외부 벤더 대기),,ext,외부(PitStop 공급사),,NEW 사유: 원장에 소유 행이 없는 입력 대기 · 왜 필요: C4 임계경로 산정,research§4
BLK-S2-5,detail,T4,C2,[차단 입력 S2-5] Lightsail 이전 후 크론·워커 실행 형태,NEW,서희항,,,,,,,,.moai/specs/SPEC-LAUNCHPLAN-001/research.md:318,결정·확인 기록 화면을 열어 「Lightsail 이전 후 크론·워커 실행 형태」 가 적혀 있는지 조회한다,—,미착수,huni,config,none,샵바이 비경유,,C2 · 매칭 규칙 없음,,,NEW 사유: 원장에 소유 행이 없는 입력 대기 · 왜 필요: D-P2 · 스윕·폴링·재시도 설계,research§4
BLK-S3-1,detail,T3,B5,[차단 입력 S3-1] 구 사이트 DB 접속 권한·경로,NEW,외부(구 사이트 운영사),,,,,,,,.moai/specs/SPEC-LAUNCHPLAN-001/research.md:325,회신 메일·메신저 기록을 열어 「구 사이트 DB 접속 권한·경로」 값이 적혀 있는지 조회한다,—,대기,ext,wait,none,샵바이 비경유(외부 벤더 대기),,ext,외부(구 사이트 운영사),,NEW 사유: 원장에 소유 행이 없는 입력 대기 · 왜 필요: 6단계 ①②가 착수 불가,research§4
BLK-S3-2,detail,T3,B5,[차단 입력 S3-2] Shopby 회원 일괄등록 수단(어드민 엑셀 / Server API 부재 확인 / 외부회원연동),NEW,신우진,,,,,,,,.moai/specs/SPEC-LAUNCHPLAN-001/research.md:326,결정·확인 기록 화면을 열어 「Shopby 회원 일괄등록 수단(어드민 엑셀 / Server API 부재 확인 / 외부회원연동)」 가 적혀 있는지 조회한다,—,미착수,nhn,config,admin-manual,해당 엔드포인트 없음 (셀러어드민 화면으로만 제공),N,nhn · Server API 대응 규칙 없음,,,NEW 사유: 원장에 소유 행이 없는 입력 대기 · 왜 필요: 등록 경로 없이는 이관 설계 불성립,research§4
BLK-S3-3,detail,T3,B5,[차단 입력 S3-3] 이메일 NULL·중복 회원 규모와 처리 원칙,NEW,신우진,,,,,,,,.moai/specs/SPEC-LAUNCHPLAN-001/research.md:327,결정·확인 기록 화면을 열어 「이메일 NULL·중복 회원 규모와 처리 원칙」 가 적혀 있는지 조회한다,—,미착수,huni,config,none,샵바이 비경유,,B5 · 매칭 규칙 없음,,,NEW 사유: 원장에 소유 행이 없는 입력 대기 · 왜 필요: 이메일=memberId 정책과 직접 충돌,research§4
BLK-S3-5,detail,T6,D5,[차단 입력 S3-5] Shopby 엔터프라이즈 플랜·외부포인트 정식 적용(V9) + NHN 1:1 세팅 주체,NEW,외부(NHN커머스),,,,,,,,.moai/specs/SPEC-LAUNCHPLAN-001/research.md:329,회신 메일·메신저 기록을 열어 「Shopby 엔터프라이즈 플랜·외부포인트 정식 적용(V9) + NHN 1:1 세팅 주체」 값이 적혀 있는지 조회한다,—,대기,ext,wait,none,샵바이 비경유(외부 벤더 대기),,ext,외부(NHN커머스),,NEW 사유: 원장에 소유 행이 없는 입력 대기 · 왜 필요: T6 자체의 성립 조건,research§4
BLK-S3-6,detail,T6,D5,[차단 입력 S3-6] 프린팅머니 개발 주체·배치·SLA 책임자(세 기록 불일치 해소),NEW,채훈희,,,,,,,,.moai/specs/SPEC-LAUNCHPLAN-001/research.md:330,결정·확인 기록 화면을 열어 「프린팅머니 개발 주체·배치·SLA 책임자(세 기록 불일치 해소)」 가 적혀 있는지 조회한다,—,미착수,huni,config,none,샵바이 비경유,,D5 · 매칭 규칙 없음,,,NEW 사유: 원장에 소유 행이 없는 입력 대기 · 왜 필요: 구현·운영 책임 없이 계약 세팅 불가,research§4
BLK-S3-7,detail,T6,D5,[차단 입력 S3-7] 토스 계약 4건 회신(면제·수수료·업종 심사·샌드박스) + 정산한도·환불계좌 절차,NEW,외부(토스페이먼츠),,,,,,,,.moai/specs/SPEC-LAUNCHPLAN-001/research.md:331,회신 메일·메신저 기록을 열어 「토스 계약 4건 회신(면제·수수료·업종 심사·샌드박스) + 정산한도·환불계좌 절차」 값이 적혀 있는지 조회한다,—,대기,ext,wait,none,샵바이 비경유(외부 벤더 대기),,ext,외부(토스페이먼츠),,NEW 사유: 원장에 소유 행이 없는 입력 대기 · 왜 필요: 충전 경로 확정(미충족 시 무통장 복귀),research§4
BLK-S3-10,detail,T6,D5,[차단 입력 S3-10] 컷오버 동결 창·delta 규칙(구 사이트 충전·사용·가입 중단 가능 여부),NEW,외부(구 사이트 운영사),,,,,,,,.moai/specs/SPEC-LAUNCHPLAN-001/research.md:334,회신 메일·메신저 기록을 열어 「컷오버 동결 창·delta 규칙(구 사이트 충전·사용·가입 중단 가능 여부)」 값이 적혀 있는지 조회한다,—,대기,ext,wait,none,샵바이 비경유(외부 벤더 대기),,ext,외부(구 사이트 운영사),,NEW 사유: 원장에 소유 행이 없는 입력 대기 · 왜 필요: 6단계 ⑥ 정합,research§4
BLK-S4-1,detail,T1,F1,[차단 입력 S4-1] OIDC 신뢰정책 회신(`sub` 조건 + `lightsail:GetContainerServices` 포함 여부),NEW,외부(인프라팀),,,,,,,,.moai/specs/SPEC-LAUNCHPLAN-001/research.md:340,회신 메일·메신저 기록을 열어 「OIDC 신뢰정책 회신(`sub` 조건 + `lightsail:GetContainerServices` 포함 여부)」 값이 적혀 있는지 조회한다,—,대기,ext,wait,none,샵바이 비경유(외부 벤더 대기),,ext,외부(인프라팀),,NEW 사유: 원장에 소유 행이 없는 입력 대기 · 왜 필요: F1-1 — 없으면 조립기가 배포 거부,research§4
BLK-S4-2,detail,T1,F1,[차단 입력 S4-2] `huni/dev/admin-runtime-env` 필수 키 존재 여부(값 아님),NEW,외부(인프라팀),,,,,,,,.moai/specs/SPEC-LAUNCHPLAN-001/research.md:341,회신 메일·메신저 기록을 열어 「`huni/dev/admin-runtime-env` 필수 키 존재 여부(값 아님)」 값이 적혀 있는지 조회한다,—,대기,ext,wait,none,샵바이 비경유(외부 벤더 대기),,ext,외부(인프라팀),,NEW 사유: 원장에 소유 행이 없는 입력 대기 · 왜 필요: F1-2,research§4
BLK-S4-3,detail,T1,F2,[차단 입력 S4-3] SSH 터널 접속정보(호스트·포트·키 배포 방식),NEW,외부(인프라팀),,,,,,,,.moai/specs/SPEC-LAUNCHPLAN-001/research.md:342,회신 메일·메신저 기록을 열어 「SSH 터널 접속정보(호스트·포트·키 배포 방식)」 값이 적혀 있는지 조회한다,—,대기,ext,wait,none,샵바이 비경유(외부 벤더 대기),,ext,외부(인프라팀),,NEW 사유: 원장에 소유 행이 없는 입력 대기 · 왜 필요: F2-1 — 8/31 확정 후 미수령,research§4
BLK-S4-4,detail,T1,F2,[차단 입력 S4-4] Lightsail PG 17 인스턴스 사양 · `hunidb`/`webapp` 2 DB 생성 · `pgcrypto`·`citext` 가능 여부,NEW,외부(인프라팀),,,,,,,,.moai/specs/SPEC-LAUNCHPLAN-001/research.md:343,회신 메일·메신저 기록을 열어 「Lightsail PG 17 인스턴스 사양 · `hunidb`/`webapp` 2 DB 생성 · `pgcrypto`·`citext` 가능 여부」 값이 적혀 있는지 조회한다,—,대기,ext,wait,none,샵바이 비경유(외부 벤더 대기),,ext,외부(인프라팀),,NEW 사유: 원장에 소유 행이 없는 입력 대기 · 왜 필요: F2-1 · F4-4,research§4
BLK-S4-5,detail,T1,F3,[차단 입력 S4-5] 프록시 Basic Auth 등록(`huni/dev/proxy.proxy_url`),NEW,외부(인프라팀),,,,,,,,.moai/specs/SPEC-LAUNCHPLAN-001/research.md:344,회신 메일·메신저 기록을 열어 「프록시 Basic Auth 등록(`huni/dev/proxy.proxy_url`)」 값이 적혀 있는지 조회한다,—,대기,ext,wait,none,샵바이 비경유(외부 벤더 대기),,ext,외부(인프라팀),,NEW 사유: 원장에 소유 행이 없는 입력 대기 · 왜 필요: F3-4,research§4
BLK-S4-6,detail,T1,F4,[차단 입력 S4-6] Vercel 프로젝트 접근 · 현재 `DATABASE_URL`·`NEXTAUTH_URL` 소재 · 리다이렉트 설정 유무,NEW,외부(Vercel 계정 소유자),,,,,,,,.moai/specs/SPEC-LAUNCHPLAN-001/research.md:345,회신 메일·메신저 기록을 열어 「Vercel 프로젝트 접근 · 현재 `DATABASE_URL`·`NEXTAUTH_URL` 소재 · 리다이렉트 설정 유무」 값이 적혀 있는지 조회한다,—,대기,ext,wait,none,샵바이 비경유(외부 벤더 대기),,ext,외부(Vercel 계정 소유자),,NEW 사유: 원장에 소유 행이 없는 입력 대기 · 왜 필요: F4-3·F4-4,research§4
BLK-S4-7,detail,T1,F3,[차단 입력 S4-7] DNS 관리 권한자(Cloudflare `printly.co.kr` · `huniprinting.co.kr` 두 존),NEW,외부(Cloudflare DNS 권한자),,,,,,,,.moai/specs/SPEC-LAUNCHPLAN-001/research.md:346,회신 메일·메신저 기록을 열어 「DNS 관리 권한자(Cloudflare `printly.co.kr` · `huniprinting.co.kr` 두 존)」 값이 적혀 있는지 조회한다,—,대기,ext,wait,none,샵바이 비경유(외부 벤더 대기),,ext,외부(Cloudflare DNS 권한자),,NEW 사유: 원장에 소유 행이 없는 입력 대기 · 왜 필요: F3-7 · F4-5,research§4
BLK-S4-9,detail,T1,F3,[차단 입력 S4-9] 샵바이 콘솔 권한자(IP 화이트리스트·웹훅 URL 편집),NEW,최숙진,,,,,,,,.moai/specs/SPEC-LAUNCHPLAN-001/research.md:348,결정·확인 기록 화면을 열어 「샵바이 콘솔 권한자(IP 화이트리스트·웹훅 URL 편집)」 가 적혀 있는지 조회한다,—,미착수,nhn,config,admin-manual,해당 엔드포인트 없음 (셀러어드민 화면으로만 제공),N,nhn · Server API 대응 규칙 없음,,,NEW 사유: 원장에 소유 행이 없는 입력 대기 · 왜 필요: F3-4·F3-5,research§4
BLK-S4-10,detail,T1,F4,[차단 입력 S4-10] 소셜 3사 콘솔 권한자(Redirect URI 편집),NEW,외부(소셜 3사 콘솔 권한자),,,,,,,,.moai/specs/SPEC-LAUNCHPLAN-001/research.md:349,회신 메일·메신저 기록을 열어 「소셜 3사 콘솔 권한자(Redirect URI 편집)」 값이 적혀 있는지 조회한다,—,대기,ext,wait,none,샵바이 비경유(외부 벤더 대기),,ext,외부(소셜 3사 콘솔 권한자),,NEW 사유: 원장에 소유 행이 없는 입력 대기 · 왜 필요: F4-6,research§4
