row_id,track,step,title,status,owner_now,remaining,verdict,owner_proposed,judged_by,basis,note,evidence
T1-1,T1,F1,관리서버(webadmin) Lightsail dev 배포·검증 — F1-1~F1-5,미착수,서희항,Y,담당맞음,서희항,rule-step,_workspace/huni-launch-runway/07_rebaseline/S/S4-infra/migration-plan.md:36,사는 시스템 미확인 — 단계 F1 기본 담당과 일치(약한 근거),_workspace/huni-launch-runway/07_rebaseline/S/S4-infra/migration-plan.md:36
T1-2,T1,F2,DB 반입(PG 18.6→17) 리허설·본반입·검증 4종·vc_ 분리 — F2-1~F2-4,미착수,서희항,Y,담당맞음,서희항,rule-step,_workspace/huni-launch-runway/07_rebaseline/S/S4-infra/migration-plan.md:46,사는 시스템 미확인 — 단계 F2 기본 담당과 일치(약한 근거),_workspace/huni-launch-runway/07_rebaseline/S/S4-infra/migration-plan.md:46
T1-3,T1,F3,운영 전환 12단계(F3-11 Railway 종료는 오픈 테스트 통과 전 금지),미착수,서희항,Y,담당맞음,서희항,rule-step,_workspace/huni-launch-runway/07_rebaseline/S/S4-infra/migration-plan.md:55,사는 시스템 미확인 — 단계 F3 기본 담당과 일치(약한 근거),_workspace/huni-launch-runway/07_rebaseline/S/S4-infra/migration-plan.md:55
T1-4,T1,F4,스킨 컨테이너화·도메인·소셜 콜백·env 이관(F4-8 Vercel 정지는 오픈 테스트 통과 전 금지) + 로그인 리다이렉트 재검증,미착수,김동학,Y,담당맞음,김동학,rule-step,_workspace/huni-launch-runway/07_rebaseline/S/S4-infra/migration-plan.md:72,사는 시스템 미확인 — 단계 F4 기본 담당과 일치(약한 근거),_workspace/huni-launch-runway/07_rebaseline/S/S4-infra/migration-plan.md:72
T2-1,T2,A1,상품·가격 데이터 충전 — 기본사양가 없음 2건·0원 조합 교정,부분,최숙진,Y,담당맞음,최숙진,rule-step,_workspace/huni-launch-runway/07_rebaseline/S/S5-plan/status-28.csv:3,사는 시스템 미확인 — 단계 A1 기본 담당과 일치(약한 근거),_workspace/huni-launch-runway/07_rebaseline/S/S5-plan/status-28.csv:3
T2-2,T2,A3,위젯 기본값 미지정 교정·재게시,부분,최숙진,Y,재배정,서희항,merged-owner_side,"merged.csv t49:258,t49:259,t49:300 owner_side/system=widget",그 일이 사는 곳=widget,_workspace/huni-launch-runway/07_rebaseline/S/S5-plan/status-28.csv:4
T2-3,T2,A4,샵바이 상품 연동 — 시작가 「10원~」 교정·상품 수 296/291/297 불일치 규명,부분,서희항,Y,담당맞음,서희항,merged-owner_side,"merged.csv t49:159,t49:160,t49:195 owner_side/system=webadmin",,_workspace/huni-launch-runway/07_rebaseline/S/S5-plan/status-28.csv:5
T2-4,T2,B2,위젯 견적·원고 업로드·편집기(Edicus) 경로 검증,부분,서희항,Y,담당맞음,서희항,merged-owner_side,"merged.csv t49:226,t49:250 owner_side/system=webadmin,widget","여러 시스템에 걸치나 담당은 한 사람(webadmin,widget)",_workspace/huni-launch-runway/07_rebaseline/S/S5-plan/status-28.csv:9
T3-1,T3,B4,회원 장바구니 인증 결함 수정(서버 프록시 토큰 · D-1) — 결함 1·2·3·5 공통 뿌리,부분,김동학,Y,담당맞음,김동학,rule-step,_workspace/huni-launch-runway/07_rebaseline/S/S6-defects/defect-code-analysis.md:5,사는 시스템 미확인 — 단계 B4 기본 담당과 일치(약한 근거),_workspace/huni-launch-runway/07_rebaseline/S/S6-defects/defect-code-analysis.md:5
T3-2,T3,B5,로그인 성공인데 오류 문구·리다이렉트 없음 수정(D-2) + 회원 이관 경로 확정,부분,김동학,Y,분할,김동학+신우진,rule-track,_workspace/huni-launch-runway/07_rebaseline/S/S6-defects/defect-code-analysis.md:24,결정 안건이 실무 담당에게 걸려 있다 — 결정(PM)/실행(담당) 분리,_workspace/huni-launch-runway/07_rebaseline/S/S6-defects/defect-code-analysis.md:24
T3-3,T3,B6,주문서·결제 — 결제수단 범위 결정 후 스킨 결제 분기·주문 성립 1건 종단,부분,김동학,Y,분할,김동학+신우진,rule-track,_workspace/huni-launch-runway/07_rebaseline/S/S5-plan/status-28.csv:12,결정 안건이 실무 담당에게 걸려 있다 — 결정(PM)/실행(담당) 분리,_workspace/huni-launch-runway/07_rebaseline/S/S5-plan/status-28.csv:12
T3-4,T3,D2,마이페이지 배송지 결함·비로그인 노출·홈/목록 더미 정리,부분,김동학,Y,담당맞음,김동학,rule-step,_workspace/huni-launch-runway/07_rebaseline/S/S6-defects/defect-code-analysis.md:58,사는 시스템 미확인 — 단계 D2 기본 담당과 일치(약한 근거),_workspace/huni-launch-runway/07_rebaseline/S/S6-defects/defect-code-analysis.md:58
T3-5,T3,D3,취소·반품·문의 — 범위 결정 후 스킨 버튼·문의 라우트 구현,없음,신우진,Y,분할,신우진+김동학,rule-track,_workspace/huni-launch-runway/07_rebaseline/S/S5-plan/status-28.csv:23,「범위 결정」(PM) + 「스킨 버튼·문의 라우트 구현」(김동학)이 한 행에 섞였다 — 결정/구현 분리,_workspace/huni-launch-runway/07_rebaseline/S/S5-plan/status-28.csv:23
T4-1,T4,C1,주문 등록 다리 — 스킨이 결제 직후 order/register 를 부르게 배선(부르는 쪽 0건),부분,김동학,Y,담당맞음,김동학,rule-step,_workspace/huni-launch-runway/07_rebaseline/S/S2-pipeline/pipeline-status.csv:2,사는 시스템 미확인 — 단계 C1 기본 담당과 일치(약한 근거),_workspace/huni-launch-runway/07_rebaseline/S/S2-pipeline/pipeline-status.csv:2
T4-2,T4,C2,원고 승격 실파일 1건 종단 + 웹훅 해석 소비자 구현(입금→PAID 전이),구현-미검증,서희항,Y,담당맞음,서희항,rule-step,_workspace/huni-launch-runway/07_rebaseline/S/S2-pipeline/pipeline-status.csv:13,사는 시스템 미확인 — 단계 C2 기본 담당과 일치(약한 근거),_workspace/huni-launch-runway/07_rebaseline/S/S2-pipeline/pipeline-status.csv:13
T4-3,T4,C4,파일 검수 경로 결정·구축 — PitStop 조달 또는 사람 검수(D-P1·D-P2),없음,서희항,Y,분할,서희항+신우진,rule-track,_workspace/huni-launch-runway/07_rebaseline/S/S2-pipeline/pipeline-status.csv:17,결정 안건이 실무 담당에게 걸려 있다 — 결정(PM)/실행(담당) 분리,_workspace/huni-launch-runway/07_rebaseline/S/S2-pipeline/pipeline-status.csv:17
T4-4,T4,C5,접수 화면·주문 상태머신·MES 접수 전송(D-P5·D-P6·D-P7),없음,서희항,Y,분할,미정+최숙진,merged-owner_side,"merged.csv t50:26,t50:28,t50:83 owner_side/system=mes,미정","두 시스템에 걸침(mes,미정) — 행을 나눠 각자에게",_workspace/huni-launch-runway/07_rebaseline/S/S2-pipeline/pipeline-status.csv:20
T4-5,T4,C6,출고·송장 — 셀러어드민 수동 등록 경로 확인 + 생산 상태의 고객 반영 방식 결정,없음,최숙진,Y,분할,최숙진+신우진,rule-track,_workspace/huni-launch-runway/07_rebaseline/S/S5-plan/status-28.csv:19,결정 안건이 실무 담당에게 걸려 있다 — 결정(PM)/실행(담당) 분리,_workspace/huni-launch-runway/07_rebaseline/S/S5-plan/status-28.csv:19
T5-1,T5,E1,셀러어드민 기초정보 7항목·대표전화/메일 교체·PG 신청·결제수단 노출·운영자 계정,부분,최숙진,Y,담당맞음,최숙진,rule-step,_workspace/huni-launch-runway/07_rebaseline/S/S5-plan/status-28.csv:26,사는 시스템 미확인 — 단계 E1 기본 담당과 일치(약한 근거),_workspace/huni-launch-runway/07_rebaseline/S/S5-plan/status-28.csv:26
T5-2,T5,D1,알림 — SMS 사용설정·알림톡 33건 개별 판단 후 켜기·템플릿 카카오 검수,부분,최숙진,Y,분할,최숙진+신우진,rule-track,_workspace/huni-launch-runway/07_rebaseline/S/S5-plan/status-28.csv:21,결정 안건이 실무 담당에게 걸려 있다 — 결정(PM)/실행(담당) 분리,_workspace/huni-launch-runway/07_rebaseline/S/S5-plan/status-28.csv:21
T5-3,T5,E3,법정 표기 단일화(사업자번호 206-29-88022 우세)·증빙 화면 목업 제거(D-5),부분,김동학,Y,분할,김동학+최숙진,rule-track,_workspace/huni-launch-runway/07_rebaseline/S/S6-defects/defect-code-analysis.md:68,법정 표기 단일화(표기 내용=최숙진) + 증빙 화면 목업 제거(스킨 구현=김동학). PM 은 만들지 않는다,_workspace/huni-launch-runway/07_rebaseline/S/S6-defects/defect-code-analysis.md:68
T5-4,T5,D4,현금영수증·세금계산서 발급 주체 결정(Shopby / 자체 / 외부),없음,신우진,Y,담당맞음,신우진,rule-track,_workspace/huni-launch-runway/07_rebaseline/S/S5-plan/status-28.csv:24,발급 주체 결정 = 순수 결정 안건. 구현은 결정 뒤 별도 행,_workspace/huni-launch-runway/07_rebaseline/S/S5-plan/status-28.csv:24
T6-1,T6,D5,프린팅머니 잔액 이관 — 추출 주체·개발 주체 결정 후 6단계,없음,채훈희,Y,담당맞음,채훈희,rule-track,_workspace/huni-launch-runway/07_rebaseline/S/S3-migration/migration-status.md:24,결정·조율 안건 — PM/대표가 맞다,_workspace/huni-launch-runway/07_rebaseline/S/S3-migration/migration-status.md:24
T6-2,T6,D5,Shopby 엔터프라이즈 플랜·외부포인트 정식 적용 회신,대기,외부(NHN커머스),Y,미정,외부(NHN커머스),rule-track,_workspace/huni-launch-runway/07_rebaseline/S/S3-migration/migration-status.md:67,사내 4담당 경계 밖(외부·미정) — 이번 재판정 대상 아님,_workspace/huni-launch-runway/07_rebaseline/S/S3-migration/migration-status.md:67
T6-3,T6,D5,토스페이먼츠 계약 4건 회신(면제·수수료·업종 심사·샌드박스),대기,외부(토스페이먼츠),Y,미정,외부(토스페이먼츠),rule-track,_workspace/huni-launch-runway/07_rebaseline/S/S3-migration/migration-status.md:54,사내 4담당 경계 밖(외부·미정) — 이번 재판정 대상 아님,_workspace/huni-launch-runway/07_rebaseline/S/S3-migration/migration-status.md:54
T7-1,T7,E4,오픈 테스트 진입 조건 9항을 리허설 체크리스트로 승격,미착수,신우진,Y,담당맞음,신우진,rule-step,_workspace/huni-launch-runway/07_rebaseline/S/S4-infra/migration-plan.md:89,사는 시스템 미확인 — 단계 E4 기본 담당과 일치(약한 근거),_workspace/huni-launch-runway/07_rebaseline/S/S4-infra/migration-plan.md:89
T7-2,T7,E4,종단 주문 테스트 — 실주문 1건이 결제→접수→MES→송장→고객 조회까지,미착수,신우진,Y,담당맞음,신우진,rule-step,_workspace/huni-launch-runway/07_rebaseline/S/S5-plan/status-28.csv:29,사는 시스템 미확인 — 단계 E4 기본 담당과 일치(약한 근거),_workspace/huni-launch-runway/07_rebaseline/S/S5-plan/status-28.csv:29
T7-3,T7,E4,Go/No-Go 판정 회의·컷오버·롤백 트리거 확정,미착수,채훈희,Y,담당맞음,채훈희,rule-track,_workspace/huni-launch-runway/07_rebaseline/S/S5-plan/status-28.csv:29,결정·조율 안건 — PM/대표가 맞다,_workspace/huni-launch-runway/07_rebaseline/S/S5-plan/status-28.csv:29
STD-CAT-001,T2,A4,대분류/중분류/소분류 다단 카테고리 트리 노출,작동,김동학,N,담당맞음,김동학,merged-owner_side,merged.csv t48:213 owner_side/system=huni-mall,,https://shopby.huniprinting.co.kr/@2026-09-16 21:33
STD-CAT-002,T2,A4,카테고리별 상품 리스팅(정렬·페이징),부분,김동학,Y,담당맞음,김동학,merged-owner_side,merged.csv t48:180 owner_side/system=huni-mall,,huni-skin-shopby/src/lib/api/server/catalog.ts:5 · src/components/shop/shop-list.tsx:18-24
STD-CAT-003,T2,A4,상품군 전용 랜딩(출력/책자/실사/패키지/굿즈),미착수,김동학,Y,담당맞음,김동학,merged-owner_side,merged.csv t48:177 owner_side/system=huni-mall,,F-088/SCOPE-088/IA-088 랜딩페이지 5종(종이·제본·캘린더·파우치·스티커) 미착수
STD-CAT-004,T3,B1,상품명 통합검색,작동,김동학,N,담당맞음,김동학,merged-owner_side,merged.csv t48:178 owner_side/system=huni-mall,,https://shopby.huniprinting.co.kr/search?q=스티커@2026-09-16 21:26
STD-CAT-005,T3,B1,종이/소재명 기준 검색(아트지·스노우지 등),미착수,김동학,Y,담당맞음,김동학,merged-owner_side,merged.csv t48:179 owner_side/system=huni-mall,,SCOPE-154 상품 검색·필터 엔진 PARTIAL
STD-CAT-006,T3,B1,검색어 자동완성·인기검색어,부분,김동학,Y,담당맞음,김동학,merged-owner_side,merged.csv t48:214 owner_side/system=huni-mall,,huni-skin-shopby/src/app/(main)/search/page.tsx:1 · 인기검색어 src/lib/api/hooks/use-search.ts:13
STD-CAT-007,T3,A5,상품 상세페이지 본문(이미지·설명 블록),부분,김동학,Y,분할,김동학+최숙진,merged-owner_side,"merged.csv t48:161,t49:40 owner_side/system=huni-mall,pagebuilder",상품 상세페이지 본문 — 이미지·설명 블록 화면=김동학 / 본문 콘텐츠=최숙진(역할②),huni-skin-shopby/src/app/(main)/product/[slug]/page.tsx:42-47 · :51-56 · src/components/product/product-sections.tsx:1
STD-CAT-008,T3,A5,동일 계열 상품 분기 안내(일반명함/고급지명함/부분UV명함 등),미착수,김동학,Y,담당맞음,김동학,merged-owner_side,merged.csv t48:162 owner_side/system=huni-mall,,print-story/02_capture/order-flow-steps.md §A-0 레드프린팅 상품 분할 전략
STD-CAT-009,T3,A5,후가공 용어 설명 툴팁(도무송·오시·형압·귀돌이),미착수,김동학,Y,분할,김동학+최숙진,merged-owner_side,merged.csv t48:163 owner_side/system=huni-mall,후가공 용어 툴팁 — 툴팁 구현=김동학 / 용어 설명 문구=최숙진(역할②),print-story/02_capture/order-flow-steps.md §E-4 3사 용어 불일치
STD-CAT-010,T3,A5,재단사이즈 vs 작업사이즈 설명 가이드,작동,김동학,N,담당맞음,김동학,merged-owner_side,merged.csv t48:164 owner_side/system=huni-mall,,https://shopby.huniprinting.co.kr/product/136578124@2026-09-16 21:29
STD-CAT-011,T3,A5,상품별 제작 소요일/출고 기준 안내,미착수,김동학,Y,분할,김동학+서희항,merged-owner_side,"merged.csv t48:165,t49:54 owner_side/system=huni-mall,webadmin","두 시스템에 걸침(huni-mall,webadmin) — 행을 나눠 각자에게",print-story/02_capture/order-flow-steps.md §C-6 출고 옵션
STD-CAT-012,T3,A5,재작업 불가 사항 고지(폰트 아웃라인 등),부분,김동학,Y,분할,김동학+최숙진,merged-owner_side,"merged.csv t48:166,t49:38 owner_side/system=huni-mall,pagebuilder",재작업 불가 고지 — guide-data.ts 스텁 채우기=김동학 / 고지 문구=최숙진(역할①),"huni-skin-shopby/src/lib/guide-data.ts:41-50,158-202 (대부분 '준비중' 스텁)"
STD-CAT-013,T3,A5,상품 Q&A 게시,미착수,김동학,Y,담당맞음,김동학,merged-owner_side,merged.csv t48:107 owner_side/system=huni-mall,,huni-skin-shopby/src/app/(main) 하위 inquiry/qna 라우트 부재 (SB-056 absent)
STD-CAT-014,T3,A5,상품 리뷰 목록·평점 노출,작동,김동학,N,분할,김동학+최숙진,merged-owner_side,"merged.csv t48:167,t49:42 owner_side/system=huni-mall,shopby","두 시스템에 걸침(huni-mall,shopby) — 행을 나눠 각자에게",https://shopby.huniprinting.co.kr/product/136578124@2026-09-16 21:34
STD-CAT-015,T3,A5,사진 리뷰 갤러리,부분,김동학,Y,담당맞음,김동학,merged-owner_side,merged.csv t48:168 owner_side/system=huni-mall,,huni-skin-shopby/src/lib/api/hooks/use-product-reviews.ts:41 (목록만)
STD-CAT-016,T3,A5,관련상품/함께 주문한 상품 추천,미착수,김동학,Y,담당맞음,김동학,merged-owner_side,merged.csv t48:169 owner_side/system=huni-mall,,print-quote/04_design/ia.md §2.1 리스팅 파생
STD-CAT-017,T3,A5,최근 본 상품,미착수,김동학,Y,담당맞음,김동학,merged-owner_side,merged.csv t48:215 owner_side/system=huni-mall,,print-quote/04_design/ia.md §2.1 GNB 파생
STD-CAT-018,T3,A5,찜/관심상품,미착수,김동학,Y,담당맞음,김동학,merged-owner_side,merged.csv t48:170 owner_side/system=huni-mall,,print-kb/wiki/policy/mypage.md 파생
STD-CAT-021,T3,A5,메인 기획전/배너 영역,부분,김동학,Y,담당맞음,김동학,merged-owner_side,merged.csv t48:257 owner_side/system=huni-mall,,huni-skin-shopby/src/app/(main)/page.tsx:1 · BEST 큐레이션 stub src/lib/legacy-data/hooks.ts:60
STD-CAT-022,T2,A4,품절/판매중지 상품 표시 및 대체 안내,미착수,김동학,Y,담당맞음,김동학,merged-owner_side,merged.csv t48:181 owner_side/system=huni-mall,,huni-shopby/01_research/order-to-delivery-contract.md §4.2 OUT_OF_STOCK
STD-CAT-023,T2,A1,상품 기본정보 세팅·로드(상품코드·주문가능여부·회원전용 노출 게이팅),작동,김동학,N,담당맞음,김동학,evidence-path,https://shopby.huniprinting.co.kr/product/136578124@2026-09-16 21:29,,https://shopby.huniprinting.co.kr/product/136578124@2026-09-16 21:29
STD-CAT-024,T2,A1,포장재 상품군 주문 경로(전용 옵션·주문 흐름),부분,김동학,Y,담당맞음,김동학,evidence-path,"L3/legacy-normalized.json#F-091,IA-091,SCOPE-091 · _workspace/huni-launch-scope/02_gap/fit-gap-matrix.csv:92 · docs/huni",,"L3/legacy-normalized.json#F-091,IA-091,SCOPE-091 · _workspace/huni-launch-scope/02_gap/fit-gap-matrix.csv:92 · docs/huni/후니프린팅_통합IA_일정_역할분담_260616.xlsx#02_IA마스터!A92:K92 || P1판정(260902): huni-skin-shopby 에 「포장재」 전용 경로 grep 0건 · 샵바이 카테고리로 흡수됐는지 미확인"
STD-CAT-025,T2,A1,굿즈 상품군 주문 경로(파우치·백 포함),부분,김동학,Y,담당맞음,김동학,evidence-path,"L3/legacy-normalized.json#F-092,IA-092,SCOPE-092 · _workspace/huni-launch-scope/02_gap/fit-gap-matrix.csv:93 · docs/huni",,"L3/legacy-normalized.json#F-092,IA-092,SCOPE-092 · _workspace/huni-launch-scope/02_gap/fit-gap-matrix.csv:93 · docs/huni/후니프린팅_통합IA_일정_역할분담_260616.xlsx#02_IA마스터!A93:K93 || P1판정(260902): huni-skin-shopby/src/components/home/home-content.ts:120 「아크릴굿즈」 메뉴 실재 — 카탈로그 노출은 됨"
STD-CAT-026,T2,A1,수작 상품 메인·상품페이지 경로,미착수,신우진,Y,재배정,김동학,evidence-path,"L3/legacy-normalized.json#F-093,IA-093,SCOPE-093 · _workspace/huni-launch-scope/02_gap/fit-gap-matrix.csv:94 · docs/huni",그 일이 사는 곳=huni-mall,"L3/legacy-normalized.json#F-093,IA-093,SCOPE-093 · _workspace/huni-launch-scope/02_gap/fit-gap-matrix.csv:94 · docs/huni/후니프린팅_통합IA_일정_역할분담_260616.xlsx#02_IA마스터!A94:K94 || P1판정(260902): huni-skin-shopby 에 「수작」 grep 0건 · 상품 등록 여부는 셀러어드민 확인 필요"
STD-CAT-027,T3,A5,홈 더미 콘텐츠 정리(BEST 8종 /product/1 404 · 프로모션 ZONE·새소식 영문 문구),미착수,김동학,Y,담당맞음,김동학,merged-owner_side,merged.csv t48:258 owner_side/system=huni-mall,,https://shopby.huniprinting.co.kr/ @ 2026-09-16 21:26
STD-CAT-028,T2,A2,목록·검색 시작가 「10원~」 표시(샵바이 salePrice 더미),미착수,최숙진,Y,재배정,김동학,evidence-path,https://shopby.huniprinting.co.kr/shop/1142983 @ 2026-09-16 21:26,그 일이 사는 곳=huni-mall,https://shopby.huniprinting.co.kr/shop/1142983 @ 2026-09-16 21:26
STD-CAT-029,T3,A5,메뉴 슬러그형 목업 상세(/product/calendar 등) 잔존 — 「(44 Reviews)」·더미 옵션,미착수,김동학,Y,담당맞음,김동학,merged-owner_side,merged.csv t48:171 owner_side/system=huni-mall,,https://shopby.huniprinting.co.kr/product/calendar @ 2026-09-16 21:27
STD-CAT-030,T2,A4,상품 0개 중분류(스티커 팩 0 등) 노출 정리,미착수,최숙진,Y,담당맞음,최숙진,merged-owner_side,merged.csv t48:33 owner_side/system=shopby,셀러어드민 설정·운영(코드 0),https://shopby.huniprinting.co.kr/shop/1142983 @ 2026-09-16 21:26
STD-CAT-031,T2,A1,캘린더 4종 1차 오픈 포함 확정,부분,최숙진,Y,분할,최숙진+신우진,rule-track,후니정기미팅 정리260915.html §디자인 상품·편집기·보관함 · 확정 1 / 후니-오픈잔여작업-실무진안내_260909.html §항목 8 · ④ 완료 기준,결정 안건이 실무 담당에게 걸려 있다 — 결정(PM)/실행(담당) 분리,후니정기미팅 정리260915.html §디자인 상품·편집기·보관함 · 확정 1 / 후니-오픈잔여작업-실무진안내_260909.html §항목 8 · ④ 완료 기준
STD-CAT-032,T2,A1,포토앨범 1차 오픈 제외 — 전달·문의 멘트 통일,부분,최숙진,Y,담당맞음,최숙진,rule-step,후니정기미팅 정리260915.html §디자인 상품·편집기·보관함 · 확정 1 / 후니-오픈잔여작업-실무진안내_260909.html §항목 7 · ④ 완료 기준,사는 시스템 미확인 — 단계 A1 기본 담당과 일치(약한 근거),후니정기미팅 정리260915.html §디자인 상품·편집기·보관함 · 확정 1 / 후니-오픈잔여작업-실무진안내_260909.html §항목 7 · ④ 완료 기준
STD-CAT-033,T2,A1,디자인 상품 화면 구조 — 카테고리 → 디자인 목록 → 상세 페이지,미착수,김동학,Y,재배정,서희항,merged-owner_side,"merged.csv t49:137,t49:230 owner_side/system=webadmin,widget","여러 시스템에 걸치나 담당은 한 사람(webadmin,widget)",후니정기미팅 정리260915.html §디자인 상품·편집기·보관함 · 확정 2
STD-CAT-034,T3,A5,상세페이지 탭 6종 자동 등록(디자인가이드·디자인보기 포함),부분,김동학,Y,분할,김동학+서희항+최숙진,merged-owner_side,"merged.csv t48:172,t49:27,t49:37 owner_side/system=huni-mall,pagebuilder,webadmin",상세페이지 탭 6종 자동 등록 — 자동등록 도구=서희항(webadmin)·표시=김동학(스킨·페이지빌더) / 탭 콘텐츠=최숙진(역할②),후니정기미팅 정리260915.html §디자인 상품·편집기·보관함 · 확정 3 / 후니-오픈잔여작업-실무진안내_260909.html §항목 2 · ④ 완료 기준
STD-CAT-035,T2,A1,디자인 식별 규약 — PS코드 1개 + 템플릿 경로(이름) 구분·정사각형 공용 템플릿,미착수,서희항,Y,담당맞음,서희항,merged-owner_side,"merged.csv t49:142,t49:143,t49:144 owner_side/system=webadmin",,후니정기미팅 정리260915.html §디자인 상품·편집기·보관함 · 확정 4
STD-CAT-036,T2,A1,디자인 목록 API — webadmin 등록분을 신규몰이 불러오는 연동,미착수,서희항,Y,담당맞음,서희항,merged-owner_side,"merged.csv t50:107,t49:203,t49:204 owner_side/system=webadmin,widget","여러 시스템에 걸치나 담당은 한 사람(webadmin,widget)",후니정기미팅 정리260915.html §디자인 상품·편집기·보관함 · 확정 5
STD-CAT-037,T2,A1,디자인 그룹핑 기준(태그·그룹·복수 그룹 등록·노출 순서),미착수,최숙진,Y,담당맞음,최숙진,rule-step,후니정기미팅 정리260915.html §디자인 상품·편집기·보관함 · 미결 1,사는 시스템 미확인 — 단계 A1 기본 담당과 일치(약한 근거),후니정기미팅 정리260915.html §디자인 상품·편집기·보관함 · 미결 1
STD-CAT-038,T2,A1,디자인 목록용 API·어드민 기능 개발자 협의,미착수,신우진,Y,담당맞음,신우진,rule-track,후니정기미팅 정리260915.html §디자인 상품·편집기·보관함 · 미결 5,결정·조율 안건 — PM/대표가 맞다,후니정기미팅 정리260915.html §디자인 상품·편집기·보관함 · 미결 5
STD-CAT-039,T2,A1,목록 시작가 자동 계산(위젯 기본값) — 오리지널 명함만 수기 입력,부분,서희항,Y,담당맞음,서희항,merged-owner_side,merged.csv t49:183 owner_side/system=webadmin,,후니정기미팅 정리260915.html §가격·템플릿 데이터 · 확정 1
STD-CAT-040,T2,A1,시작가가 API 로 샵바이에 내려가는데 쇼핑몰에 반영되지 않는 원인 확인,미착수,신우진,Y,재배정,서희항·최숙진,rule-step,후니정기미팅 정리260915.html §가격·템플릿 데이터 · 미결 2,사는 시스템 미확인 — 단계 A1 기본 담당과 불일치(약한 근거·실측 필요),후니정기미팅 정리260915.html §가격·템플릿 데이터 · 미결 2
STD-CAT-041,T2,A1,판매중 상품 수 3갈래(대시보드 291·상품목록 판매중 297/검색 291·API ONSALE 226) 기준 정리,미착수,김동학,Y,재배정,최숙진,evidence-path,https://service.shopby.co.kr/ 대시보드 「판매중인 상품 291」 · /product/list 「판매중 297건·검색결과 291」 · API saleStatusType ONSALE 226/STO,셀러어드민 설정·운영(코드 0),https://service.shopby.co.kr/ 대시보드 「판매중인 상품 291」 · /product/list 「판매중 297건·검색결과 291」 · API saleStatusType ONSALE 226/STOP 71 @ 2026-09-16 21:27~21:34 (R/R1d/evidence/00-dashboard.txt·80-product-list.txt·api-server-products-search.json)
STD-CAT-042,T3,A5,레거시 mock 훅 제거 — legacy-data 참조 17파일(configurator 11종·홈 뉴스/프로모·포인트 모달),미착수,김동학,Y,담당맞음,김동학,merged-owner_side,merged.csv t48:216 owner_side/system=huni-mall,,`grep -rl legacy-data huni-skin-shopby/src` 17 · src/lib/legacy-data/hooks.ts:4 「순수 mock」 · SPEC-TAKEOVER-001 D-6·related SPEC-LEGACY-MOCK-001(문서 부재)
STD-CAT-043,T2,A4,목록·검색 시작가를 webadmin `GET /api/w/v1/catalog`(게시 위젯+시작가) 로 이관 — 「10원~」 더미 대체 개발안,미착수,김동학,Y,분할,김동학+서희항,merged-owner_side,"merged.csv t48:182,t49:217 owner_side/system=huni-mall,webadmin","두 시스템에 걸침(huni-mall,webadmin) — 행을 나눠 각자에게",SPEC-TAKEOVER-001 spec.md D-2 ① · huni-skin-shopby/src/lib/api/server/catalog.ts(shopby salePrice 사용)
STD-CAT-019,T3,A5,인쇄 가이드 콘텐츠(11종),부분,최숙진,Y,분할,최숙진+김동학,merged-owner_side,"merged.csv t48:98,t49:41 owner_side/system=huni-mall,pagebuilder",인쇄 가이드 11종 — 원고·콘텐츠=최숙진 / guide-data.ts 스텁 채우기·화면=김동학,"huni-skin-shopby/src/lib/guide-data.ts:41-50,158-202"
STD-CAT-020,T3,A5,템플릿/샘플 다운로드 제공,미실측,미정,Y,미정,미정,merged-owner_side,"merged.csv t48:99,t49:2,t49:151 owner_side/system=huni-mall,webadmin",사내 4담당 경계 밖(외부·미정) — 이번 재판정 대상 아님,"raw/webadmin/webadmin/config/urls.py:280,283,285,287,288 (가이드파일 조회) · :72-87 (업로드/관리)"
STD-CLM-018,T3,D3,공지사항·FAQ 열람,부분,신우진,Y,재배정,김동학,merged-owner_side,merged.csv t48:96 owner_side/system=huni-mall,그 일이 사는 곳=huni-mall,huni-skin-shopby/src/app/(main)/notice/page.tsx:1-27 · src/lib/api/server/board.ts:1 (공지 done) — FAQ 라우트 부재(SB-056 absent)
STD-INF-001,T5,E3,회사소개 페이지,부분,신우진,Y,재배정,김동학,merged-owner_side,merged.csv t48:221 owner_side/system=huni-mall,그 일이 사는 곳=huni-mall,"L3/legacy-normalized.json#IA-083,SCOPE-083 · docs/huni/후니프린팅_통합IA_일정_역할분담_260616.xlsx#02_IA마스터!A84:K84 · L2/as-is-inventory.csv#SB-058 huni-skin-shopby/src/app/(main)/company/page.tsx:1"
STD-INF-002,T5,E3,찾아오시는 길(약도·교통 안내),작동,신우진,N,재배정,김동학,merged-owner_side,merged.csv t48:222 owner_side/system=huni-mall,그 일이 사는 곳=huni-mall,https://shopby.huniprinting.co.kr/location@2026-09-16 21:27
STD-INF-003,T5,E3,이용약관 페이지 게시,작동,신우진,N,재배정,김동학,merged-owner_side,merged.csv t48:224 owner_side/system=huni-mall,그 일이 사는 곳=huni-mall,https://shopby.huniprinting.co.kr/terms@2026-09-16 21:27
STD-INF-004,T5,E3,개인정보처리방침 페이지 게시,작동,신우진,N,재배정,김동학,merged-owner_side,merged.csv t48:223 owner_side/system=huni-mall,그 일이 사는 곳=huni-mall,https://shopby.huniprinting.co.kr/privacy@2026-09-16 21:27
STD-INF-005,T3,A5,공지사항 고객 화면(목록·상세),부분,최숙진,Y,분할,김동학+최숙진,merged-owner_side,merged.csv t48:105 owner_side/system=huni-mall,공지사항 고객 화면 — 화면=김동학 / 공지 내용 작성·게시=최숙진,https://shopby.huniprinting.co.kr/notice @ 2026-09-16 21:27
STD-INF-006,T3,A5,자주묻는질문(FAQ) 고객 화면,미착수,김동학,Y,담당맞음,김동학,merged-owner_side,merged.csv t48:97 owner_side/system=huni-mall,,https://shopby.huniprinting.co.kr/faq 404 @ 2026-09-16 21:27
STD-INF-007,T3,A5,가이드북 고객 화면(작업 유의사항 11종),부분,최숙진,Y,분할,최숙진+김동학,merged-owner_side,"merged.csv t48:100,t49:4 owner_side/system=huni-mall,pagebuilder",가이드북 고객 화면 — 작업 유의사항 11종 내용=최숙진 / 화면 구현=김동학,https://shopby.huniprinting.co.kr/guide @ 2026-09-16 21:27
STD-INF-008,T5,E3,푸터 SNS 4종·입점제휴문의·카톡상담 링크가 '#',미착수,최숙진,Y,재배정,김동학,merged-owner_side,merged.csv t48:217 owner_side/system=huni-mall,그 일이 사는 곳=huni-mall,https://shopby.huniprinting.co.kr/ @ 2026-09-16 21:26
STD-INF-009,T3,A5,[구IA#64] 공지사항 관리 (등록/수정/html생성),미실측,최숙진,Y,담당맞음,최숙진,merged-owner_side,merged.csv t48:7 owner_side/system=shopby,셀러어드민 설정·운영(코드 0),IA No.64 공지사항 · webadmin 해당 없음 @ 2026-09-16 21:28 · 샵바이 게시판(R1d 미확인)
STD-INF-010,T3,A5,[구IA#65] 자주묻는질문 관리,미실측,최숙진,Y,담당맞음,최숙진,merged-owner_side,merged.csv t48:8 owner_side/system=shopby,셀러어드민 설정·운영(코드 0),IA No.65 FAQ · webadmin 해당 없음 @ 2026-09-16 21:28
STD-INF-011,T3,A5,[구IA#72] 이용후기관리 (관리자등록/수정),미실측,최숙진,Y,담당맞음,최숙진,merged-owner_side,merged.csv t48:9 owner_side/system=shopby,셀러어드민 설정·운영(코드 0),IA No.72 이용후기 · 샵바이 상품후기(R1d 미확인)
STD-INF-012,T3,A5,뉴스·소식 공간 신설(갤러리형/게시판형/커뮤니티형 중 택1 + 메뉴명),미착수,채훈희,Y,재배정,김동학,merged-owner_side,merged.csv t48:106 owner_side/system=huni-mall,그 일이 사는 곳=huni-mall,후니-오픈잔여작업-실무진안내_260909.html §항목 5 · ④ 완료 기준
STD-INF-013,T3,A5,저장소 문서 stale 정비 — docs/api/README 「코드는 아직 backend API 기준」·frontend README 「서버 확정 시 기입」·연동 현황 보고서(9/2) 갱신,미착수,김동학,Y,담당맞음,김동학,merged-owner_side,merged.csv t48:183 owner_side/system=huni-mall,,huni-skin-shopby/docs/api/README.md:16-17 · docs/api/frontend/README.md:5-7 · artifacts/shopby-integration-status-report.md:6(2026-09-02 기준)
STD-OPT-001,T2,A3,상품 상세 내 주문옵션 위젯 마운트(격리 렌더),작동,서희항,N,담당맞음,서희항,merged-owner_side,"merged.csv t49:211,t49:238,t49:313 owner_side/system=widget",,https://huni-admin.printly.co.kr/admin/widget-builder/?prd=PRD_000069@2026-09-16 21:34
STD-OPT-002,T2,A3,정규화 옵션 데이터 계약 기반 위젯 구동,작동,서희항,N,담당맞음,서희항,merged-owner_side,"merged.csv t49:227,t49:239 owner_side/system=webadmin,widget","여러 시스템에 걸치나 담당은 한 사람(webadmin,widget)",https://huni-admin.printly.co.kr/sdk/guide/@2026-09-16 21:29
STD-OPT-003,T2,A3,옵션 컴포넌트 타입 다형 렌더(셀렉트·라디오·체크·수치입력·이미지선택),작동,서희항,N,담당맞음,서희항,merged-owner_side,"merged.csv t49:243,t49:257,t49:260 owner_side/system=widget",,https://huni-admin.printly.co.kr/admin/widget-builder/?prd=PRD_000031@2026-09-16 21:34
STD-OPT-004,T2,A3,옵션 선택 캐스케이드(상위 선택이 하위 목록 갱신),부분,서희항,Y,담당맞음,서희항,merged-owner_side,merged.csv t49:244 owner_side/system=widget,,raw/webadmin/webadmin/config/urls.py:249 (validate) · :368 (dim-choices)
STD-OPT-005,T2,A3,토글형 후가공 섹션(켜야 하위 선택지 노출),부분,서희항,Y,담당맞음,서희항,rule-step,print-story/02_capture/order-flow-steps.md §A-7 토글형 후가공,사는 시스템 미확인 — 단계 A3 기본 담당과 일치(약한 근거),print-story/02_capture/order-flow-steps.md §A-7 토글형 후가공
STD-OPT-006,T2,A3,옵션 그룹 접기/펼치기·진행 스텝 표시,부분,서희항,Y,담당맞음,서희항,merged-owner_side,merged.csv t49:271 owner_side/system=widget,,print-story/02_capture/order-flow-steps.md §C 옵션 테이블 복잡도
STD-OPT-007,T2,A3,선택 요약 패널(현재 사양 한눈에),작동,서희항,N,담당맞음,서희항,merged-owner_side,merged.csv t49:229 owner_side/system=widget,,https://huni-admin.printly.co.kr/admin/widget-builder/?prd=PRD_000031@2026-09-16 21:34
STD-OPT-008,T2,B2,용지(자재) 선택,작동,서희항,N,담당맞음,서희항,evidence-path,https://huni-admin.printly.co.kr/admin/product-viewer/?prd=PRD_000069@2026-09-16 21:30,,https://huni-admin.printly.co.kr/admin/product-viewer/?prd=PRD_000069@2026-09-16 21:30
STD-OPT-009,T2,B2,평량(g/㎡) 선택,작동,서희항,N,담당맞음,서희항,evidence-path,https://huni-admin.printly.co.kr/admin/product-viewer/?prd=PRD_000069@2026-09-16 21:30,,https://huni-admin.printly.co.kr/admin/product-viewer/?prd=PRD_000069@2026-09-16 21:30
STD-OPT-010,T2,B2,비종이 소재 선택(아크릴·PVC·패브릭 등),작동,서희항,N,담당맞음,서희항,evidence-path,https://huni-admin.printly.co.kr/admin/product-viewer/?prd=PRD_000069@2026-09-16 21:30,,https://huni-admin.printly.co.kr/admin/product-viewer/?prd=PRD_000069@2026-09-16 21:30
STD-OPT-011,T2,B2,인쇄도수 선택(단면/양면·4도/8도·1도),작동,서희항,N,담당맞음,서희항,evidence-path,https://huni-admin.printly.co.kr/admin/product-viewer/?prd=PRD_000069@2026-09-16 21:30,,https://huni-admin.printly.co.kr/admin/product-viewer/?prd=PRD_000069@2026-09-16 21:30
STD-OPT-012,T2,B2,별색(spot color) 선택,작동,서희항,N,담당맞음,서희항,evidence-path,https://huni-admin.printly.co.kr/admin/widget-builder/?prd=PRD_000031@2026-09-16 21:34,,https://huni-admin.printly.co.kr/admin/widget-builder/?prd=PRD_000031@2026-09-16 21:34
STD-OPT-013,T2,B2,화이트/UV white 언더베이스 선택,작동,서희항,N,담당맞음,서희항,evidence-path,https://huni-admin.printly.co.kr/admin/price-simulator/@2026-09-16 21:29,,https://huni-admin.printly.co.kr/admin/price-simulator/@2026-09-16 21:29
STD-OPT-014,T2,B2,규격 사이즈 선택(프리셋),작동,서희항,N,담당맞음,서희항,merged-owner_side,merged.csv t49:261 owner_side/system=widget,,https://huni-admin.printly.co.kr/admin/product-viewer/?prd=PRD_000069@2026-09-16 21:30
STD-OPT-015,T2,B2,비규격 사이즈 직접입력(재단 가로·세로),작동,서희항,N,담당맞음,서희항,merged-owner_side,merged.csv t49:268 owner_side/system=widget,,https://huni-admin.printly.co.kr/admin/widget-builder/?prd=PRD_000146@2026-09-16 21:34
STD-OPT-016,T2,B2,작업 사이즈 입력·자동 도출(도련 포함),부분,최숙진,Y,재배정,서희항,merged-owner_side,merged.csv t49:278 owner_side/system=widget,그 일이 사는 곳=widget,P-BLEED-32-01 HOLD_BASIS 32건 — 라이브 완제품 사이즈에 블리드 미적용(자동제외 중)
STD-OPT-017,T2,B2,수량 선택(구간 프리셋 + 직접입력),작동,서희항,N,담당맞음,서희항,merged-owner_side,merged.csv t49:276 owner_side/system=widget,,https://huni-admin.printly.co.kr/admin/widget-builder/?prd=PRD_000146@2026-09-16 21:34
STD-OPT-018,T2,B2,건수(디자인 종류 수) 입력 및 총량 = 건수×수량 규칙 표시,작동,서희항,N,담당맞음,서희항,merged-owner_side,merged.csv t49:256 owner_side/system=widget,,https://huni-admin.printly.co.kr/admin/widget-builder/?prd=PRD_000031@2026-09-16 21:34
STD-OPT-019,T2,B2,페이지 수 입력(책자류 필수 축),부분,서희항,Y,담당맞음,서희항,rule-step,X-ENGINE-PAGE-01 094 30P 보류(page 전송 코드트랙) · P-PHOTOBOOK-PAGEFEE-01 페이지비 전액 미청구,사는 시스템 미확인 — 단계 B2 기본 담당과 일치(약한 근거),X-ENGINE-PAGE-01 094 30P 보류(page 전송 코드트랙) · P-PHOTOBOOK-PAGEFEE-01 페이지비 전액 미청구
STD-OPT-020,T2,B2,표지/내지/간지 용지 개별 선택,작동,서희항,N,담당맞음,서희항,merged-owner_side,merged.csv t49:267 owner_side/system=widget,,https://huni-admin.printly.co.kr/admin/widget-builder/?prd=PRD_000069@2026-09-16 21:34
STD-OPT-021,T2,B2,표지/내지 인쇄도수 개별 선택,작동,서희항,N,담당맞음,서희항,evidence-path,https://huni-admin.printly.co.kr/admin/widget-builder/?prd=PRD_000069@2026-09-16 21:34,,https://huni-admin.printly.co.kr/admin/widget-builder/?prd=PRD_000069@2026-09-16 21:34
STD-OPT-022,T2,B2,제본 방식 선택(중철·무선·PUR·트윈링·하드커버),작동,서희항,N,담당맞음,서희항,evidence-path,https://huni-admin.printly.co.kr/admin/price-simulator/@2026-09-16 21:29,,https://huni-admin.printly.co.kr/admin/price-simulator/@2026-09-16 21:29
STD-OPT-023,T2,B2,제본 방향 선택(좌철/상철 × 세로/가로),작동,서희항,N,담당맞음,서희항,evidence-path,https://huni-admin.printly.co.kr/admin/price-simulator/@2026-09-16 21:29,,https://huni-admin.printly.co.kr/admin/price-simulator/@2026-09-16 21:29
STD-OPT-024,T2,B2,코팅 선택(무광/유광 × 단면/양면),부분,서희항,Y,담당맞음,서희항,rule-step,X-ENGINE-SETCOAT-01 price_simulate_set이 coat_side_cnt 드롭 → 셋트 경로 표지 코팅비 누락(C트랙),사는 시스템 미확인 — 단계 B2 기본 담당과 일치(약한 근거),X-ENGINE-SETCOAT-01 price_simulate_set이 coat_side_cnt 드롭 → 셋트 경로 표지 코팅비 누락(C트랙)
STD-OPT-025,T2,B2,박 선택(색상 다종 × 면 × 크기 × 내용같음/틀림),부분,최숙진,Y,재배정,서희항,merged-owner_side,merged.csv t49:277 owner_side/system=widget,그 일이 사는 곳=widget,X-ENGINE-FOIL-01 박 엔진 미지원 — 027/028/029 박 가산 전부 0(데이터로 못 고침·C트랙)
STD-OPT-026,T2,B2,형압(양각/음각) 선택,부분,서희항,Y,담당맞음,서희항,evidence-path,raw/webadmin/webadmin/config/urls.py:356-360 (옵션 축) · X-ENGINE-FOIL-01 동일 엔진 경로,,raw/webadmin/webadmin/config/urls.py:356-360 (옵션 축) · X-ENGINE-FOIL-01 동일 엔진 경로
STD-OPT-027,T2,B2,오시 선택(줄 수 × 방향),부분,서희항,Y,담당맞음,서희항,evidence-path,raw/webadmin/webadmin/config/urls.py:356-360 · 오배선 실증 huni-product-lifecycle §7.4,,raw/webadmin/webadmin/config/urls.py:356-360 · 오배선 실증 huni-product-lifecycle §7.4
STD-OPT-028,T2,B2,미싱 선택,부분,서희항,Y,담당맞음,서희항,rule-step,P-DEDUP-PROC-3-01 공정 중복정리 BLOCKED 3건(미싱086 포함) — 부모↔자식 가격사슬 단절,사는 시스템 미확인 — 단계 B2 기본 담당과 일치(약한 근거),P-DEDUP-PROC-3-01 공정 중복정리 BLOCKED 3건(미싱086 포함) — 부모↔자식 가격사슬 단절
STD-OPT-029,T2,B2,타공 선택(직경 × 개수 × 위치),부분,서희항,Y,담당맞음,서희항,rule-step,X-WGT-PUNCH-01 시뮬레이터/위젯이 procs detail{타공수}를 전송해야 타공수별 가산 작동(코드트랙),사는 시스템 미확인 — 단계 B2 기본 담당과 일치(약한 근거),X-WGT-PUNCH-01 시뮬레이터/위젯이 procs detail{타공수}를 전송해야 타공수별 가산 작동(코드트랙)
STD-OPT-030,T2,B2,귀돌이/라운딩 선택(반경 × 모서리 위치),부분,서희항,Y,담당맞음,서희항,rule-step,X-WGT-ATTB-01 합성 ATTB / size-linked 반경 잠복 — 컨버전 시 보정 필요,사는 시스템 미확인 — 단계 B2 기본 담당과 일치(약한 근거),X-WGT-ATTB-01 합성 ATTB / size-linked 반경 잠복 — 컨버전 시 보정 필요
STD-OPT-031,T2,B2,도무송(전체/부분·모양·개수) 선택,작동,서희항,N,담당맞음,서희항,evidence-path,https://huni-admin.printly.co.kr/admin/product-viewer/?prd=PRD_000066@2026-09-16 21:30,,https://huni-admin.printly.co.kr/admin/product-viewer/?prd=PRD_000066@2026-09-16 21:30
STD-OPT-032,T2,B2,넘버링(일반/난수 × 자릿수 × 개수) 선택,미착수,서희항,Y,담당맞음,서희항,rule-step,print-story/02_capture/order-flow-steps.md §C-7-5 넘버링,사는 시스템 미확인 — 단계 B2 기본 담당과 일치(약한 근거),print-story/02_capture/order-flow-steps.md §C-7-5 넘버링
STD-OPT-033,T2,B2,부분UV/에폭시 선택,부분,서희항,Y,담당맞음,서희항,rule-step,X-GAP-UVFORM-01 webadmin UV 변형 입력 폼 적재경로 '미상' 정직 표기 잔존,사는 시스템 미확인 — 단계 B2 기본 담당과 일치(약한 근거),X-GAP-UVFORM-01 webadmin UV 변형 입력 폼 적재경로 '미상' 정직 표기 잔존
STD-OPT-034,T2,B2,부자재 선택(케이스·폴리백·포장),작동,서희항,N,담당맞음,서희항,merged-owner_side,merged.csv t49:255 owner_side/system=widget,,https://huni-admin.printly.co.kr/admin/widget-builder/?prd=PRD_000146@2026-09-16 21:34
STD-OPT-035,T2,B2,상품별 기본제공 부자재 규칙 표시,미착수,최숙진,Y,재배정,서희항,merged-owner_side,merged.csv t49:320 owner_side/system=widget,그 일이 사는 곳=widget,F-046/SCOPE-046/IA-046 B13 추가상품 PARTIAL·미착수
STD-OPT-036,T2,B2,추가상품(악세사리) 템플릿 묶음 선택,작동,서희항,N,담당맞음,서희항,merged-owner_side,merged.csv t49:269 owner_side/system=widget,,https://huni-admin.printly.co.kr/admin/sku-catalog/@2026-09-16 21:28
STD-OPT-037,T2,A3,옵션 조합 제약 규칙 평가(불가 조합 차단·사유 표시),부분,서희항,Y,담당맞음,서희항,merged-owner_side,"merged.csv t49:228,t49:288 owner_side/system=widget",,raw/webadmin/webadmin/config/urls.py:371 (제약규칙 관리) · :249 (validate) — 그러나 X-CR-ENFORCE-CLIENT-01: 위젯/장바구니/주문 어디에도 validate 호출 없음
STD-OPT-038,T2,A3,자재→가능 인쇄방식 게이팅,부분,서희항,Y,담당맞음,서희항,evidence-path,raw/webadmin/webadmin/config/urls.py:371 · X-CR-ENFORCE-ENGINE-01 가격엔진이 제약을 전혀 참조하지 않음,,raw/webadmin/webadmin/config/urls.py:371 · X-CR-ENFORCE-ENGINE-01 가격엔진이 제약을 전혀 참조하지 않음
STD-OPT-039,T2,A3,공정 택일 그룹(상호배타) 처리,부분,최숙진,Y,재배정,서희항,evidence-path,raw/webadmin/webadmin/config/urls.py:371 · P-CPQ-CLASSA-01 PRD_000146 고리 그룹 sel_typ/min/max NULL,그 일이 사는 곳=webadmin,raw/webadmin/webadmin/config/urls.py:371 · P-CPQ-CLASSA-01 PRD_000146 고리 그룹 sel_typ/min/max NULL
STD-OPT-040,T2,A3,필수 동반 옵션 강제(예 인쇄없음 시 후가공 필수),부분,서희항,Y,담당맞음,서희항,rule-step,X-CR-C9-01 폼빌더에 수치 범위 조건 타입 부재 — 자유치수 19건+raw-only 7건 UI 관리 불가,사는 시스템 미확인 — 단계 A3 기본 담당과 일치(약한 근거),X-CR-C9-01 폼빌더에 수치 범위 조건 타입 부재 — 자유치수 19건+raw-only 7건 UI 관리 불가
STD-OPT-041,T2,A3,수량 최소/최대/증분 검증,작동,서희항,N,담당맞음,서희항,merged-owner_side,"merged.csv t49:171,t49:173 owner_side/system=webadmin",,https://huni-admin.printly.co.kr/admin/product-viewer/?prd=PRD_000066@2026-09-16 21:30
STD-OPT-042,T2,A3,사이즈 범위·비율 검증(매트릭스 밖 사이즈 차단),부분,서희항,Y,담당맞음,서희항,rule-step,X-CR-C9-01 수치 범위 조건 타입 부재,사는 시스템 미확인 — 단계 A3 기본 담당과 일치(약한 근거),X-CR-C9-01 수치 범위 조건 타입 부재
STD-OPT-043,T2,A2,옵션 변경 시 실시간 재견적,작동,서희항,N,담당맞음,서희항,merged-owner_side,merged.csv t49:240 owner_side/system=widget,,https://huni-admin.printly.co.kr/admin/widget-builder/?prd=PRD_000031@2026-09-16 21:34
STD-OPT-044,T2,A2,서버 권위 가격 계산(클라이언트 계산 금지),작동,서희항,N,담당맞음,서희항,merged-owner_side,merged.csv t49:225 owner_side/system=webadmin,,https://huni-admin.printly.co.kr/sdk/guide/@2026-09-16 21:29
STD-OPT-045,T2,A2,가격 0원/계산불가 상태 처리 및 사용자 안내,부분,최숙진,Y,담당맞음,최숙진,rule-step,P-ZEROQUOTE-119-01 0원 견적 조합 119건/32상품 — 손님이 0원에 주문 가능(4주째 OPEN),사는 시스템 미확인 — 단계 A2 기본 담당과 일치(약한 근거),P-ZEROQUOTE-119-01 0원 견적 조합 119건/32상품 — 손님이 0원에 주문 가능(4주째 OPEN)
STD-OPT-046,T2,A2,가격 내역 분해 표시(인쇄비·후가공비·부가세),작동,서희항,N,담당맞음,서희항,merged-owner_side,"merged.csv t49:241,t49:274 owner_side/system=widget",,https://huni-admin.printly.co.kr/admin/widget-builder/?prd=PRD_000069@2026-09-16 21:34
STD-OPT-047,T2,A2,수량구간 할인 적용,작동,서희항,N,담당맞음,서희항,merged-owner_side,merged.csv t49:242 owner_side/system=widget,,https://huni-admin.printly.co.kr/admin/price-viewer/?prd=PRD_000146@2026-09-16 21:30
STD-OPT-048,T2,A2,면적 기반 가격 계산(실사·현수막·아크릴),부분,최숙진,Y,재배정,서희항,evidence-path,raw/webadmin/webadmin/catalog/pricing.py:1 · P-ACRYL-INTEGRITY-156-01 면적 미적재 156셀 + 12/13 상품 공식 0바인딩,그 일이 사는 곳=webadmin,raw/webadmin/webadmin/catalog/pricing.py:1 · P-ACRYL-INTEGRITY-156-01 면적 미적재 156셀 + 12/13 상품 공식 0바인딩
STD-OPT-049,T2,A2,원자합산형 가격 계산(디지털인쇄),작동,서희항,N,담당맞음,서희항,evidence-path,https://huni-admin.printly.co.kr/admin/widget-builder/?prd=PRD_000031@2026-09-16 21:34,,https://huni-admin.printly.co.kr/admin/widget-builder/?prd=PRD_000031@2026-09-16 21:34
STD-OPT-050,T2,A2,고정가형 가격 계산(수량×옵션),부분,최숙진,Y,재배정,서희항,evidence-path,raw/webadmin/webadmin/catalog/pricing.py:1 · config/urls.py:113-117 (시작가) · P-GOODS-DIRECTPRICE-01 굿즈파우치 직접단가 110건 미적재,그 일이 사는 곳=webadmin,raw/webadmin/webadmin/catalog/pricing.py:1 · config/urls.py:113-117 (시작가) · P-GOODS-DIRECTPRICE-01 굿즈파우치 직접단가 110건 미적재
STD-OPT-051,T2,A2,셋트/부품조립 상품 합산 가격 계산,부분,최숙진,Y,재배정,서희항,merged-owner_side,merged.csv t49:87 owner_side/system=webadmin,그 일이 사는 곳=webadmin,raw/webadmin/webadmin/config/urls.py:336 (셋트상품 관리) · :169 (셋트 가격 시뮬레이션) · X-SET-SIZCD-01 고정가형 셋트 화면 0원
STD-OPT-052,T2,A2,판걸이수 기반 판형 원가 반영,작동,서희항,N,담당맞음,서희항,evidence-path,https://huni-admin.printly.co.kr/admin/widget-builder/?prd=PRD_000069@2026-09-16 21:34,,https://huni-admin.printly.co.kr/admin/widget-builder/?prd=PRD_000069@2026-09-16 21:34
STD-OPT-053,T2,B2,견적 결과 저장(옵션보관함),미착수,신우진,Y,재배정,서희항,rule-track,F-065/SCOPE-065/IA-065 F5 옵션 보관함 저장·불러오기 CUSTOM·미착수,견적 결과 저장(옵션보관함) = 위젯 상태 저장 축,F-065/SCOPE-065/IA-065 F5 옵션 보관함 저장·불러오기 CUSTOM·미착수
STD-OPT-054,T2,B2,견적서 PDF/출력물 발급,미착수,신우진,Y,재배정,서희항,rule-track,F-051/SCOPE-051/IA-051 C3 견적서 생성·다운로드 CUSTOM·미착수,견적서 발급 = 가격엔진 산출물,F-051/SCOPE-051/IA-051 C3 견적서 생성·다운로드 CUSTOM·미착수
STD-OPT-055,T2,B2,대량주문 견적 문의 접수,미착수,최숙진,Y,재배정,김동학,evidence-path,huni-skin-shopby src/app/(main) 하위 inquiry/qna 라우트 부재 (SB-056 absent),그 일이 사는 곳=huni-mall,huni-skin-shopby src/app/(main) 하위 inquiry/qna 라우트 부재 (SB-056 absent)
STD-OPT-056,T2,B2,캘린더 가공·장수(월수) 선택,구현-미검증,서희항,Y,재배정,김동학,evidence-path,"L3/legacy-normalized.json#F-045,IA-045,SCOPE-045 · _workspace/huni-launch-scope/02_gap/fit-gap-matrix.csv:46 · docs/huni",그 일이 사는 곳=huni-mall,"L3/legacy-normalized.json#F-045,IA-045,SCOPE-045 · _workspace/huni-launch-scope/02_gap/fit-gap-matrix.csv:46 · docs/huni/후니프린팅_통합IA_일정_역할분담_260616.xlsx#02_IA마스터!A46:K46 || P1판정(260902): huni-skin-shopby/src/components/product/configurators/calendar-configurator.tsx:167 장수 · :196 캘린더 가공"
STD-OPT-057,T3,A5,규격 가이드 모달(사이즈 안내 팝업),미착수,서희항,Y,분할,김동학+최숙진,merged-owner_side,merged.csv t48:174 owner_side/system=huni-mall,규격 가이드 모달 — 모달 구현=김동학 / 사이즈 안내 내용=최숙진(역할①),"L3/legacy-normalized.json#IA-057,SCOPE-057 · docs/huni/후니프린팅_통합IA_일정_역할분담_260616.xlsx#02_IA마스터!A58:K58 || P1판정(260902): huni-skin-shopby 에 규격 가이드 모달 컴포넌트 grep 0건 · guide-data.ts:90 은 가이드 문서(모달 아님)"
STD-OPT-058,T3,A5,주문가능 자재(용지) 목록 모달,미착수,서희항,Y,분할,김동학+최숙진,merged-owner_side,merged.csv t48:175 owner_side/system=huni-mall,주문가능 자재 목록 모달 — 모달 구현=김동학 / 자재 안내 내용=최숙진(역할①),"L3/legacy-normalized.json#F-059,IA-059,SCOPE-059 · _workspace/huni-launch-scope/02_gap/fit-gap-matrix.csv:60 · docs/huni/후니프린팅_통합IA_일정_역할분담_260616.xlsx#02_IA마스터!A60:K60 || P1판정(260902): huni-skin-shopby 에 「주문가능 자재(용지) 목록 모달」 컴포넌트 grep 0건 · guide-data.ts:161,170 은 가이드 문서"
STD-ART-001,T2,B3,인쇄원고 파일 업로드(PDF/AI/EPS),작동,서희항,N,담당맞음,서희항,merged-owner_side,"merged.csv t49:224,t49:247,t49:265 owner_side/system=webadmin,widget","여러 시스템에 걸치나 담당은 한 사람(webadmin,widget)",https://huni-admin.printly.co.kr/admin/widget-builder/?prd=PRD_000069@2026-09-16 21:34
STD-ART-002,T2,B3,대용량 파일 분할/재개 업로드,구현-미검증,서희항,Y,담당맞음,서희항,merged-owner_side,"merged.csv t49:223,t49:248,t49:319 owner_side/system=webadmin,widget","여러 시스템에 걸치나 담당은 한 사람(webadmin,widget)",raw/webadmin/webadmin/catalog/s3_artwork.py:208-280 (멀티파트)
STD-ART-003,T2,B3,업로드 진행률·실패 재시도,부분,서희항,Y,담당맞음,서희항,rule-step,F-052/SCOPE-052/IA-052 D1 파일 업로드 CUSTOM·미착수,사는 시스템 미확인 — 단계 B3 기본 담당과 일치(약한 근거),F-052/SCOPE-052/IA-052 D1 파일 업로드 CUSTOM·미착수
STD-ART-004,T2,B3,건수별 개별 파일 업로드(디자인 N종),부분,서희항,Y,담당맞음,서희항,merged-owner_side,merged.csv t49:249 owner_side/system=widget,,print-story/02_capture/order-flow-steps.md §A-4 건수 · §C-8 앞/뒷면 각각
STD-ART-005,T2,B3,앞면/뒷면 파일 분리 업로드,부분,서희항,Y,담당맞음,서희항,rule-step,print-story/02_capture/order-flow-steps.md §C-8,사는 시스템 미확인 — 단계 B3 기본 담당과 일치(약한 근거),print-story/02_capture/order-flow-steps.md §C-8
STD-ART-006,T2,B3,주문 이후 파일 업로드 경로(결제 후 입고),부분,서희항,Y,담당맞음,서희항,evidence-path,raw/webadmin/webadmin/catalog/artwork_promote.py:1 (tmp→order 버킷 승격) · models.py:1081,,raw/webadmin/webadmin/catalog/artwork_promote.py:1 (tmp→order 버킷 승격) · models.py:1081
STD-ART-007,T2,B3,파일 재업로드·버전 이력 보관,부분,서희항,Y,담당맞음,서희항,evidence-path,raw/webadmin/webadmin/catalog/artwork_promote.py:1,,raw/webadmin/webadmin/catalog/artwork_promote.py:1
STD-ART-008,T4,C4,파일 포맷 유효성 검사,미착수,서희항,Y,provided,서희항,merged-owner_side,merged.csv t50:117 owner_side/system=pitstop,외부 제품 제공 기능(t51 work_type=provided) — 개발 일 아님. 연동·확인만 서희항,X-DEC-FILECHECK-01 OQ-G11 파일 검수 기준 미확정(1차)
STD-ART-009,T4,C4,재단선/블리드 3mm 확보 검사,미착수,서희항,Y,provided,서희항,merged-owner_side,merged.csv t50:118 owner_side/system=pitstop,외부 제품 제공 기능(t51 work_type=provided) — 개발 일 아님. 연동·확인만 서희항,X-DEC-FILECHECK-01 OQ-G11 파일 검수 기준 미확정(1차)
STD-ART-010,T4,C4,색공간(CMYK) 검사 및 RGB 경고,미착수,서희항,Y,provided,서희항,merged-owner_side,merged.csv t50:119 owner_side/system=pitstop,외부 제품 제공 기능(t51 work_type=provided) — 개발 일 아님. 연동·확인만 서희항,X-DEC-FILECHECK-01 OQ-G11 파일 검수 기준 미확정(1차)
STD-ART-011,T4,C4,해상도(dpi) 검사,미착수,서희항,Y,provided,서희항,merged-owner_side,merged.csv t50:120 owner_side/system=pitstop,외부 제품 제공 기능(t51 work_type=provided) — 개발 일 아님. 연동·확인만 서희항,X-DEC-FILECHECK-01 OQ-G11 파일 검수 기준 미확정(1차)
STD-ART-012,T4,C4,폰트 아웃라인 여부 검사,미착수,서희항,Y,provided,서희항,merged-owner_side,merged.csv t50:121 owner_side/system=pitstop,외부 제품 제공 기능(t51 work_type=provided) — 개발 일 아님. 연동·확인만 서희항,X-DEC-FILECHECK-01 OQ-G11 파일 검수 기준 미확정(1차)
STD-ART-013,T4,C4,주문 사양과 파일 실측 사이즈 대조,미착수,서희항,Y,provided,서희항,merged-owner_side,merged.csv t50:122 owner_side/system=pitstop,외부 제품 제공 기능(t51 work_type=provided) — 개발 일 아님. 연동·확인만 서희항,X-DEC-FILECHECK-01 OQ-G11 파일 검수 기준 미확정(1차)
STD-ART-014,T4,C4,별색 채널·오버프린트 검사,미착수,서희항,Y,provided,서희항,merged-owner_side,merged.csv t50:123 owner_side/system=pitstop,외부 제품 제공 기능(t51 work_type=provided) — 개발 일 아님. 연동·확인만 서희항,X-DEC-FILECHECK-01 OQ-G11 파일 검수 기준 미확정(1차)
STD-ART-015,T4,C4,검판 결과 리포트 고객 노출,미착수,서희항,Y,담당맞음,서희항,rule-step,F-137/SCOPE-137/IA-137 파일확인처리 CUSTOM·미착수,사는 시스템 미확인 — 단계 C4 기본 담당과 일치(약한 근거),F-137/SCOPE-137/IA-137 파일확인처리 CUSTOM·미착수
STD-ART-016,T4,C4,자동검판 도구 연동(PitStop 등),미착수,신우진,Y,재배정,서희항,merged-owner_side,merged.csv t50:125 owner_side/system=webadmin,PitStop 연동 = 경계 정의상 위젯/파이프라인 축(merged lives=webadmin),print-kb/wiki/policy/order-mgmt.md#OMG-02 PitStop 연동 후보
STD-ART-017,T4,C4,검판 게이트 통과/보류 상태 관리,미착수,최숙진,Y,담당맞음,최숙진,rule-step,F-137/SCOPE-137/IA-137 파일확인처리,사는 시스템 미확인 — 단계 C4 기본 담당과 일치(약한 근거),F-137/SCOPE-137/IA-137 파일확인처리
STD-ART-018,T4,C4,재업로드 요청 발송(문자/알림),미착수,서희항,Y,담당맞음,서희항,rule-step,F-138/SCOPE-138/IA-138 재업로드요청 문자 발송 PARTIAL·대기 · X-SMS-CONTRACT-01 알림톡/SMS 계약 미체결,사는 시스템 미확인 — 단계 C4 기본 담당과 일치(약한 근거),F-138/SCOPE-138/IA-138 재업로드요청 문자 발송 PARTIAL·대기 · X-SMS-CONTRACT-01 알림톡/SMS 계약 미체결
STD-ART-019,T2,B3,업로드 파일 썸네일·PDF 미리보기,미착수,김동학,Y,재배정,서희항,rule-step,F-053/SCOPE-053/IA-053 D2 편집상품 미리보기·썸네일 CUSTOM·미착수,사는 시스템 미확인 — 단계 B3 기본 담당과 불일치(약한 근거·실측 필요),F-053/SCOPE-053/IA-053 D2 편집상품 미리보기·썸네일 CUSTOM·미착수
STD-ART-020,T2,B3,재단선 오버레이 미리보기,미착수,김동학,Y,재배정,서희항,rule-step,SCOPE-058/IA-058 E2 인쇄영역·도련 가이드 PARTIAL·미착수,사는 시스템 미확인 — 단계 B3 기본 담당과 불일치(약한 근거·실측 필요),SCOPE-058/IA-058 E2 인쇄영역·도련 가이드 PARTIAL·미착수
STD-ART-021,T2,B3,온라인 디자인 에디터 진입,부분,최숙진,Y,재배정,서희항,merged-owner_side,"merged.csv t50:96,t49:219,t49:232 owner_side/system=webadmin,widget","여러 시스템에 걸치나 담당은 한 사람(webadmin,widget)","raw/webadmin/webadmin/config/urls.py:274,275 · catalog/edicus_lookup.py:214-260 (resolve/token done) — 그러나 SB-020 stub: configurator-actions.tsx:170-176 onClick 없음(데드 버튼)"
STD-ART-022,T2,B3,에디터 템플릿 선택·불러오기,작동,서희항,N,담당맞음,서희항,merged-owner_side,"merged.csv t50:97,t50:95 owner_side/system=edicus,webadmin","여러 시스템에 걸치나 담당은 한 사람(edicus,webadmin)",https://huni-admin.printly.co.kr/admin/edicus-template-md/@2026-09-16 21:28
STD-ART-023,T2,B3,에디터 작업물 저장·재편집,미착수,신우진,Y,재배정,서희항,rule-track,X-WGTF-EDICUS-01 에디터 연동 계약 미상(U-6/U-7),에디터 작업물 저장·재편집 = Edicus 연동 계약(위젯 축),X-WGTF-EDICUS-01 에디터 연동 계약 미상(U-6/U-7)
STD-ART-024,T2,B3,에디터 산출물 인쇄용 파일 변환·주문 연결,부분,서희항,Y,담당맞음,서희항,merged-owner_side,"merged.csv t50:102,t49:234 owner_side/system=webadmin,widget","여러 시스템에 걸치나 담당은 한 사람(webadmin,widget)",X-WGTF-EDICUS-01 · X-EDX-D8-01 EDICUS Link Manager POD 채널 이중 등록
STD-ART-025,T2,B3,선택 옵션(사이즈·페이지)과 에디터 캔버스 동기화,부분,최숙진,Y,재배정,서희항,rule-step,P-EDICUS-MISSING-01 EDICUS 미등록/결손 — 셋트문구 5종·레더하드커버·벽걸이캘린더 2사이즈,사는 시스템 미확인 — 단계 B3 기본 담당과 불일치(약한 근거·실측 필요),P-EDICUS-MISSING-01 EDICUS 미등록/결손 — 셋트문구 5종·레더하드커버·벽걸이캘린더 2사이즈
STD-ART-026,T4,C2,고객 파일 보관기간 정책 적용·만료 삭제,미착수,미정,Y,미정,미정,rule-track,print-kb/wiki/policy/operations.md#OPS-02 현행 무정책 To-Be,사내 4담당 경계 밖(외부·미정) — 이번 재판정 대상 아님,print-kb/wiki/policy/operations.md#OPS-02 현행 무정책 To-Be
STD-ART-027,T4,C2,과거 주문 파일 재사용 재주문,미착수,신우진,Y,분할,서희항+김동학,rule-track,F-010/SCOPE-010/IA-010 주문상세조회(편집상품 미리보기) CUSTOM·미착수,과거 주문 파일 재사용 = 원고 보관(webadmin) + 재주문 진입(스킨),F-010/SCOPE-010/IA-010 주문상세조회(편집상품 미리보기) CUSTOM·미착수
STD-ART-028,T4,C5,생산용 원고 자동 다운로드/전달,부분,서희항,Y,담당맞음,서희항,evidence-path,raw/webadmin/webadmin/catalog/artwork_promote.py:1 (order 버킷 승격),,raw/webadmin/webadmin/catalog/artwork_promote.py:1 (order 버킷 승격)
STD-ART-029,T2,B3,가변데이터 인쇄(VDP) 데이터 업로드·병합,미착수,서희항,Y,재배정,김동학,evidence-path,"L3/legacy-normalized.json#F-055,IA-055,SCOPE-055 · _workspace/huni-launch-scope/02_gap/fit-gap-matrix.csv:56 · docs/huni",그 일이 사는 곳=huni-mall,"L3/legacy-normalized.json#F-055,IA-055,SCOPE-055 · _workspace/huni-launch-scope/02_gap/fit-gap-matrix.csv:56 · docs/huni/후니프린팅_통합IA_일정_역할분담_260616.xlsx#02_IA마스터!A56:K56 || P1판정(260902): huni-skin-shopby 전수 grep 'vdp|가변데이터' 0건(260902)"
STD-ART-030,T2,B3,「옵션 조합에 연결된 편집기 템플릿 없음」 오류 — 에디쿠스 템플릿 연결 점검,미착수,서희항,Y,담당맞음,서희항,merged-owner_side,"merged.csv t50:93,t49:218,t49:231 owner_side/system=webadmin,widget","여러 시스템에 걸치나 담당은 한 사람(webadmin,widget)",후니정기미팅 정리260915.html §가격·템플릿 데이터 · 미결 3
STD-ART-031,T2,B3,삭제된 사이즈 코드가 연결된 템플릿 전수조사(800여 개 중 노출 대상 선별),미착수,서희항,Y,담당맞음,서희항,rule-step,후니정기미팅 정리260915.html §가격·템플릿 데이터 · 미결 4,사는 시스템 미확인 — 단계 B3 기본 담당과 일치(약한 근거),후니정기미팅 정리260915.html §가격·템플릿 데이터 · 미결 4
STD-ART-032,T2,B3,에디쿠스 테스트용 단순 상품(메모패드 등) 제공,미착수,최숙진,Y,재배정,서희항,rule-step,후니정기미팅 정리260915.html §가격·템플릿 데이터 · 미결 5,사는 시스템 미확인 — 단계 B3 기본 담당과 불일치(약한 근거·실측 필요),후니정기미팅 정리260915.html §가격·템플릿 데이터 · 미결 5
STD-ART-033,T4,C4,PitStop 연동 소요 시간 다음 미팅 상정·일정 반영,미착수,미정,Y,미정,미정,rule-track,후니정기미팅 정리260915.html §PDF 프리플라이트 · 미결 1,사내 4담당 경계 밖(외부·미정) — 이번 재판정 대상 아님,후니정기미팅 정리260915.html §PDF 프리플라이트 · 미결 1
STD-ART-034,T4,C4,PitStop 연동 방식 결정(핫폴더 vs CLI),미착수,미정,Y,미정,미정,rule-track,후니정기미팅 정리260915.html §PDF 프리플라이트 · 미결 3,사내 4담당 경계 밖(외부·미정) — 이번 재판정 대상 아님,후니정기미팅 정리260915.html §PDF 프리플라이트 · 미결 3
STD-ART-035,T4,C4,PitStop 작업 범위 산정(상품별 프로파일·S3↔서버 파일 이동·결과 표시·대용량 테스트),미착수,미정,Y,미정,미정,merged-owner_side,merged.csv t50:115 owner_side/system=webadmin,사내 4담당 경계 밖(외부·미정) — 이번 재판정 대상 아님,후니정기미팅 정리260915.html §PDF 프리플라이트 · 미결 4
STD-ORD-001,T3,B4,장바구니 담기(인쇄옵션+파일 동반),작동,김동학,N,담당맞음,김동학,merged-owner_side,merged.csv t48:176 owner_side/system=huni-mall,,https://shopby.huniprinting.co.kr/product/136578124@2026-09-16 21:29
STD-ORD-002,T3,B4,장바구니 조회,작동,김동학,N,담당맞음,김동학,merged-owner_side,merged.csv t48:201 owner_side/system=huni-mall,,https://shopby.huniprinting.co.kr/cart@2026-09-16 21:27
STD-ORD-003,T3,B4,장바구니 수량/옵션 수정,작동,김동학,N,담당맞음,김동학,merged-owner_side,merged.csv t48:202 owner_side/system=huni-mall,,https://shopby.huniprinting.co.kr/cart@2026-09-16 21:27
STD-ORD-004,T3,B4,장바구니 항목 삭제,작동,김동학,N,담당맞음,김동학,merged-owner_side,merged.csv t48:203 owner_side/system=huni-mall,,https://shopby.huniprinting.co.kr/cart@2026-09-16 21:27
STD-ORD-005,T3,B4,선택 상품 금액 계산,작동,김동학,N,담당맞음,김동학,merged-owner_side,merged.csv t48:204 owner_side/system=huni-mall,,https://shopby.huniprinting.co.kr/cart@2026-09-16 21:27
STD-ORD-006,T3,B4,구매가능 검증(결제 전 sanity),부분,김동학,Y,담당맞음,김동학,merged-owner_side,merged.csv t48:205 owner_side/system=huni-mall,,raw/webadmin/webadmin/config/urls.py:249 (validate) — X-CR-ENFORCE-CLIENT-01 호출 지점 0건
STD-ORD-007,T3,B4,비회원 장바구니 계산(비영속),작동,김동학,N,담당맞음,김동학,merged-owner_side,merged.csv t48:206 owner_side/system=huni-mall,,https://shopby.huniprinting.co.kr/cart@2026-09-16 21:27
STD-ORD-008,T3,B4,장바구니 인쇄사양 요약 표시,작동,김동학,N,담당맞음,김동학,merged-owner_side,merged.csv t48:207 owner_side/system=huni-mall,,https://shopby.huniprinting.co.kr/cart@2026-09-16 21:27
STD-ORD-009,T3,B6,주문서 작성,작동,김동학,N,담당맞음,김동학,merged-owner_side,merged.csv t48:228 owner_side/system=huni-mall,,https://shopby.huniprinting.co.kr/checkout/202609160243938684@2026-09-16 21:33
STD-ORD-010,T3,B6,주문서 조회,작동,김동학,N,담당맞음,김동학,merged-owner_side,merged.csv t48:229 owner_side/system=huni-mall,,https://shopby.huniprinting.co.kr/checkout/202609160243938684@2026-09-16 21:33
STD-ORD-011,T3,B6,쿠폰·배송지 반영 최종 금액 계산,부분,김동학,Y,담당맞음,김동학,merged-owner_side,merged.csv t48:230 owner_side/system=huni-mall,,"huni-skin-shopby/src/lib/api/hooks/use-order-sheet.ts:177,252 · use-order-coupons.ts:34,69,102"
STD-ORD-012,T3,B6,주문자/수령자 정보 입력,작동,김동학,N,담당맞음,김동학,merged-owner_side,merged.csv t48:231 owner_side/system=huni-mall,,https://shopby.huniprinting.co.kr/checkout/202609160243938684@2026-09-16 21:33
STD-ORD-013,T3,B6,배송지 주소 검색(우편번호),작동,김동학,N,담당맞음,김동학,merged-owner_side,merged.csv t48:232 owner_side/system=huni-mall,,https://shopby.huniprinting.co.kr/checkout/202609160243938684@2026-09-16 21:33
STD-ORD-014,T3,B6,배송 요청사항 입력,미착수,김동학,Y,담당맞음,김동학,merged-owner_side,merged.csv t48:233 owner_side/system=huni-mall,,F-077/SCOPE-077/IA-077 배송정보입력 PARTIAL·미착수
STD-ORD-015,T3,B6,나중배송(배송지 미입력) 주문,미착수,신우진,Y,재배정,김동학,merged-owner_side,merged.csv t48:234 owner_side/system=huni-mall,그 일이 사는 곳=huni-mall,huni-shopby/01_research/order-to-delivery-contract.md §2.2 later-input-shippings
STD-ORD-016,T3,B6,주문 제목/작업명 입력,부분,김동학,Y,담당맞음,김동학,merged-owner_side,merged.csv t48:235 owner_side/system=huni-mall,,print-story/02_capture/order-flow-steps.md §A-6 주문제목
STD-ORD-017,T3,B6,출고 옵션 선택(오늘출고·토요일출고),미착수,신우진,Y,재배정,김동학,merged-owner_side,merged.csv t48:236 owner_side/system=huni-mall,그 일이 사는 곳=huni-mall,print-story/02_capture/order-flow-steps.md §C-6 출고 옵션
STD-ORD-018,T3,B6,약관 동의(구매·개인정보 제3자),부분,김동학,Y,담당맞음,김동학,merged-owner_side,merged.csv t48:237 owner_side/system=huni-mall,,X-SHOPBY-TERMS-01 Q-MISC-1 reserve 필수 agreementTermsAgrees termsType 세트 미상
STD-ORD-019,T3,B7,주문 예약(reserve) 및 금액 검증,부분,김동학,Y,담당맞음,김동학,merged-owner_side,merged.csv t48:238 owner_side/system=huni-mall,,huni-skin-shopby/src/components/checkout/checkout-form.tsx:157-158 · src/lib/payments/ncp-pay.ts:47-70 — X-PAY-FLOW-01 reserve/paymentAmtForVerification 산식 미상
STD-ORD-020,T3,B7,주문 완료 화면·주문번호 발급,작동,김동학,N,담당맞음,김동학,merged-owner_side,merged.csv t48:251 owner_side/system=huni-mall,,https://shopby.huniprinting.co.kr/order-complete@2026-09-16 21:27
STD-ORD-021,T3,B7,주문 상태 조회(회원),부분,김동학,Y,담당맞음,김동학,merged-owner_side,merged.csv t48:149 owner_side/system=huni-mall,,"huni-skin-shopby/src/lib/api/hooks/use-my-orders.ts:84,354"
STD-ORD-022,T3,B7,비회원 주문 조회(주문번호+휴대전화),작동,김동학,N,담당맞음,김동학,merged-owner_side,merged.csv t48:254 owner_side/system=huni-mall,,https://shopby.huniprinting.co.kr/guest-order@2026-09-16 21:27
STD-ORD-023,T3,B7,주문 상태 머신 전이 표시(결제완료→상품준비→배송준비→배송중→배송완료→구매확정),부분,김동학,Y,담당맞음,김동학,merged-owner_side,merged.csv t48:142 owner_side/system=huni-mall,,"huni-skin-shopby/src/lib/api/hooks/use-my-orders.ts:84,354 · X-DEC-MIRROR-01 샵바이→후니 상태 미러 채널 미확인"
STD-ORD-024,T3,B7,인쇄 공정 단계 상태 노출(검판·출력·후가공),미착수,김동학,Y,담당맞음,김동학,merged-owner_side,merged.csv t48:143 owner_side/system=huni-mall,,SCOPE-162 주문/주문상세 런타임 그릇 구축 PARTIAL·미착수
STD-ORD-025,T3,B7,구매확정(고객·자동),미착수,최숙진,Y,재배정,김동학,merged-owner_side,merged.csv t48:144 owner_side/system=huni-mall,그 일이 사는 곳=huni-mall,huni-shopby/01_research/order-to-delivery-contract.md §3 confirm
STD-ORD-026,T3,B7,재주문(동일 사양 반복),미착수,김동학,Y,담당맞음,김동학,merged-owner_side,merged.csv t48:150 owner_side/system=huni-mall,,F-011/SCOPE-011/IA-011 옵션보관함 CUSTOM·미착수
STD-ORD-027,T3,B7,오프라인 주문 별도 등록 경로,부분,김동학,Y,재배정,서희항,evidence-path,raw/webadmin/webadmin/catalog/models.py:87 (TCusCustomers 모델만 · 전용 운영화면 urls.py 부재),그 일이 사는 곳=webadmin,raw/webadmin/webadmin/catalog/models.py:87 (TCusCustomers 모델만 · 전용 운영화면 urls.py 부재)
STD-ORD-028,T3,B7,선택옵션→주문 데이터 변환(확정 사양의 주문항목 생성),작동,김동학,N,담당맞음,김동학,merged-owner_side,merged.csv t48:208 owner_side/system=huni-mall,,https://shopby.huniprinting.co.kr/cart@2026-09-16 21:27
STD-ORD-029,T3,B6,결제 직전 재견적(최종 금액을 다시 확정하고 결제로 넘김),미착수,김동학,Y,담당맞음,김동학,merged-owner_side,merged.csv t48:239 owner_side/system=huni-mall,,L0/N3/ARCHITECTURE-v2.md §10 A-15 (cart/* 미채택 · order/register 미호출 · 결제 직전 재견적 누락)
STD-ORD-030,T3,B7,주문 생성 직후 후니 주문등록 S2S 호출(order/register),미착수,김동학,Y,담당맞음,김동학,merged-owner_side,merged.csv t48:193 owner_side/system=huni-mall,,L0/M2/interface-6.md I-4 · L0/N3/ARCHITECTURE-v2.md §10 A-15 (cart/* 미채택 · order/register 미호출) · L0/M2/contract-c2-shopby.md:396 저장소 전체 grep 결과 `order/register`·`X-Huni-Server-Key` 0건 · 수신측은 raw/webadmin/webadmin/config/urls.py:267 에 이미 있다
STD-ORD-031,T3,B7,주문완료 메일/알림 발송,미착수,최숙진,Y,provided,최숙진,merged-owner_side,merged.csv t48:38 owner_side/system=shopby,외부 제품 제공 기능(t51 work_type=provided) — 개발 일 아님. 연동·확인만 최숙진,https://shopby.huniprinting.co.kr/order-complete @ 2026-09-16 21:27
STD-ORD-032,T3,B6,비회원 주문서 무통장 계좌·입금자명 표시(회원 주문서와 동일 여부),부분,김동학,Y,담당맞음,김동학,merged-owner_side,merged.csv t48:240 owner_side/system=huni-mall,,https://shopby.huniprinting.co.kr/checkout/202609160243938684 @ 2026-09-16 21:33
STD-PAY-001,T3,B6,신용카드 결제(PG),미착수,신우진,Y,재배정,김동학,merged-owner_side,merged.csv t48:241 owner_side/system=huni-mall,그 일이 사는 곳=huni-mall,huni-skin-shopby/src/components/checkout/checkout-form.tsx:8-9 주석 'PG 연동은 후속 — 현재는 무통장만 동작' (SB-032 absent) · X-PG-CONTRACT-01 이니시스 계약 미체결
STD-PAY-002,T3,B6,실시간 계좌이체,미착수,최숙진,Y,재배정,김동학,merged-owner_side,merged.csv t48:242 owner_side/system=huni-mall,그 일이 사는 곳=huni-mall,huni-skin-shopby/src/components/checkout/checkout-form.tsx:8-9 (SB-032 absent)
STD-PAY-003,T3,B6,무통장입금(가상계좌)·입금대기 상태,작동,최숙진,N,provided,최숙진,merged-owner_side,merged.csv t48:90 owner_side/system=shopby,외부 제품 제공 기능(t51 work_type=provided) — 개발 일 아님. 연동·확인만 최숙진,https://service.shopby.co.kr/mall/modification/81683@2026-09-16 21:31
STD-PAY-004,T3,B6,네이버페이 결제,미착수,외부(네이버페이),Y,미정,외부(네이버페이),merged-owner_side,merged.csv t48:11 owner_side/system=shopby,사내 4담당 경계 밖(외부·미정) — 이번 재판정 대상 아님,X-DEC-NAVERPAY-01 NaverPay 별도 mini-OrderSheet 1차 범위 포함 여부 미결
STD-PAY-005,T3,B6,카카오페이 결제,미착수,외부(카카오페이),Y,미정,외부(카카오페이),merged-owner_side,merged.csv t48:12 owner_side/system=shopby,사내 4담당 경계 밖(외부·미정) — 이번 재판정 대상 아님,print-kb/wiki/policy/order-payment.md#PAY-03
STD-PAY-006,T3,B6,토스페이 결제,미착수,신우진,Y,재배정,최숙진,merged-owner_side,merged.csv t48:13 owner_side/system=shopby,셀러어드민 설정·운영(코드 0),print-kb/wiki/policy/order-payment.md#PAY-03
STD-PAY-007,T3,B6,적립금(프린팅머니) 결제,부분,서희항,Y,재배정,김동학,merged-owner_side,merged.csv t48:243 owner_side/system=huni-mall,그 일이 사는 곳=huni-mall,"huni-skin-shopby/src/lib/api/hooks/use-points.ts:22,62 (조회 done) · checkout-form.tsx:52 (적립/충전은 mock)"
STD-PAY-008,T3,B6,복합결제(적립금+PG 병용),미착수,김동학,Y,담당맞음,김동학,merged-owner_side,merged.csv t48:244 owner_side/system=huni-mall,,huni-skin-shopby/src/components/checkout/checkout-form.tsx:52 (mock)
STD-PAY-009,T3,B6,할부·무이자 옵션,미착수,외부(KG이니시스),Y,미정,외부(KG이니시스),merged-owner_side,merged.csv t48:14 owner_side/system=shopby,사내 4담당 경계 밖(외부·미정) — 이번 재판정 대상 아님,print-kb/wiki/policy/order-payment.md#PAY-04
STD-PAY-010,T3,B6,B2B 후불결제,미착수,신우진,Y,재배정,김동학,merged-owner_side,merged.csv t48:245 owner_side/system=huni-mall,그 일이 사는 곳=huni-mall,F-141/SCOPE-141/IA-141 주문관리-후불결제 PARTIAL·미착수
STD-PAY-011,T3,B6,PG 리다이렉트·결제 확정 콜백,부분,김동학,Y,담당맞음,김동학,merged-owner_side,merged.csv t48:246 owner_side/system=huni-mall,,huni-skin-shopby/src/lib/payments/ncp-pay.ts:47-70 · src/app/api/pay-config/route.ts:8 — X-PAY-FLOW-01 PG 콜백 흐름 미상
STD-PAY-012,T3,B6,결제 실패 안내·재시도,미착수,김동학,Y,담당맞음,김동학,merged-owner_side,merged.csv t48:252 owner_side/system=huni-mall,,X-PAY-FLOW-01 결제 확정 흐름 미상
STD-PAY-013,T3,B6,결제 금액 위변조 검증(서버 재계산 대조),부분,김동학,Y,분할,김동학+서희항,manual-read,huni-skin-shopby/src/lib/api/widget-order.ts:26-35,위변조 검증은 스킨이 부르고 위젯 /handoff/verify 가 판정한다 — 호출측·판정측이 다른 사람,huni-skin-shopby/src/lib/api/widget-order.ts:26-35 (10원×orderCnt 적재 — 견적가 우회 적재) · X-PRICE-BRIDGE-01 동적 계산가 무손실 환원 경로 미확정
STD-PAY-014,T3,B6,결제 포기 처리,미착수,김동학,Y,담당맞음,김동학,merged-owner_side,merged.csv t48:247 owner_side/system=huni-mall,,huni-shopby/01_research/order-to-delivery-contract.md §1 PAY_CANCEL
STD-PAY-015,T5,D4,현금영수증 발급,미착수,최숙진,Y,재배정,김동학,merged-owner_side,merged.csv t48:126 owner_side/system=huni-mall,그 일이 사는 곳=huni-mall,huni-skin-shopby/src/components/mypage/document-section.tsx:1-6 (정적 표 UI만·API 호출 없음 = stub) · X-TAXDOC-01 팝빌 연동 미결
STD-PAY-016,T5,D4,세금계산서 발급 신청·내역,미착수,김동학,Y,담당맞음,김동학,merged-owner_side,merged.csv t48:127 owner_side/system=huni-mall,,huni-skin-shopby/src/components/mypage/document-section.tsx:1-6 (stub)
STD-PAY-017,T5,D4,사업자정보 등록·관리,부분,최숙진,Y,재배정,김동학,merged-owner_side,merged.csv t48:128 owner_side/system=huni-mall,그 일이 사는 곳=huni-mall,F-026/027·SCOPE-026/027·IA-026/027 사업자정보 목록·등록 PARTIAL·미착수
STD-PAY-018,T5,D4,거래명세서 출력,부분,최숙진,Y,재배정,김동학,merged-owner_side,merged.csv t48:129 owner_side/system=huni-mall,그 일이 사는 곳=huni-mall,F-142/SCOPE-142/IA-142 증빙서류발급 관리 PARTIAL·미착수
STD-PAY-019,T3,B6,수동카드결제(키인·가상단말 · PC+모바일),미착수,외부(KG이니시스),Y,미정,외부(KG이니시스),merged-owner_side,merged.csv t48:15 owner_side/system=shopby,사내 4담당 경계 밖(외부·미정) — 이번 재판정 대상 아님,"L3/legacy-normalized.json#F-074,IA-074,SCOPE-074 · _workspace/huni-launch-scope/02_gap/fit-gap-matrix.csv:75 · docs/huni/후니프린팅_통합IA_일정_역할분담_260616.xlsx#02_IA마스터!A75:K75 || P1판정(260902): huni-skin-shopby 전수 grep '키인|manualCard|가상단말' 0건(260902)"
STD-PAY-020,T3,B6,카드 결제 화면 분기(비회원·회원 주문서),미착수,김동학,Y,담당맞음,김동학,merged-owner_side,merged.csv t48:248 owner_side/system=huni-mall,,https://shopby.huniprinting.co.kr/checkout/202609160243938684 @ 2026-09-16 21:33
STD-PAY-021,T3,B6,충전은 현금만 수납 — 이니시스 PG 결제와 회계 분리,미착수,신우진,Y,담당맞음,신우진,rule-track,후니정기미팅 정리260915.html §프린팅머니 · 확정 7,충전 수납·회계 분리 = 정책 확정 안건,후니정기미팅 정리260915.html §프린팅머니 · 확정 7
STD-PAY-022,T3,B6,토스 계약 조건 확인(건당 수수료·가입비/연관리비 면제 프로모션·포트원 경유),미착수,외부(토스페이먼츠),Y,미정,외부(토스페이먼츠),rule-track,후니정기미팅 정리260915.html §프린팅머니 · 미결 3,사내 4담당 경계 밖(외부·미정) — 이번 재판정 대상 아님,후니정기미팅 정리260915.html §프린팅머니 · 미결 3
STD-PAY-023,T3,B6,「자사 상품 전용 선불 충전」 용도 가맹점 심사 가능 여부 사전 확인,미착수,외부(토스페이먼츠),Y,미정,외부(토스페이먼츠),rule-track,후니정기미팅 정리260915.html §프린팅머니 · 미결 6,사내 4담당 경계 밖(외부·미정) — 이번 재판정 대상 아님,후니정기미팅 정리260915.html §프린팅머니 · 미결 6
STD-PAY-024,T3,B6,카카오페이 신청 서류·절차 정리 후 전달,미착수,신우진,Y,담당맞음,신우진,rule-track,후니정기미팅 정리260915.html §결제수단 · 미결 2,카카오페이 신청 서류·절차 = 대외 조달 행(구현 아님),후니정기미팅 정리260915.html §결제수단 · 미결 2
STD-PAY-025,T3,B6,샵바이 어드민의 카카오페이 신청 경로 확인,미착수,최숙진,Y,재배정,김동학,rule-step,후니정기미팅 정리260915.html §결제수단 · 미결 3,사는 시스템 미확인 — 단계 B6 기본 담당과 불일치(약한 근거·실측 필요),후니정기미팅 정리260915.html §결제수단 · 미결 3
STD-PAY-026,T3,B6,경로별 수수료 차이(이니시스 경유 +0.x% 여부) 확인,미착수,외부(이니시스·카카오페이),Y,미정,외부(이니시스·카카오페이),rule-track,후니정기미팅 정리260915.html §결제수단 · 미결 4,사내 4담당 경계 밖(외부·미정) — 이번 재판정 대상 아님,후니정기미팅 정리260915.html §결제수단 · 미결 4
STD-PAY-027,T3,B6,결제수단 노출설정 10항목 켜기(PG 승인 후),미착수,최숙진,Y,담당맞음,최숙진,merged-owner_side,merged.csv t48:16 owner_side/system=shopby,셀러어드민 설정·운영(코드 0),https://service.shopby.co.kr/mall/modification/81683 @ 2026-09-16 21:31 — 결제수단 노출설정 10항목(신용카드·계좌이체·가상계좌·휴대폰·에스크로 계좌이체/가상계좌·PAYCO·네이버페이 결제형/주문형·토스페이) 전부 「사용 안 함」(비활성) (R/R1d/evidence/24a-payment-exposure.png)
STD-PAY-028,T3,B6,무통장 입금 계좌 등록,작동,최숙진,N,provided,최숙진,merged-owner_side,merged.csv t48:17 owner_side/system=shopby,셀러어드민 기본 제공 기능이 이미 작동 — 개발 일 아님(확인·설정만),https://service.shopby.co.kr/mall/modification/81683@2026-09-16 21:31
STD-PAY-029,T3,B6,미입금 주문 자동취소 기간 정책 확정(현재 무통장 7영업일·가상계좌 7일),미착수,신우진,Y,재배정,최숙진,evidence-path,https://service.shopby.co.kr/mall/modification/81683 @ 2026-09-16 21:31 — 주문처리기간 설정: 무통장입금 주문완료 7영업일 이후 자동취소·가상계좌 7일 (R/,셀러어드민 설정·운영(코드 0),https://service.shopby.co.kr/mall/modification/81683 @ 2026-09-16 21:31 — 주문처리기간 설정: 무통장입금 주문완료 7영업일 이후 자동취소·가상계좌 7일 (R/R1d/evidence/24c-order-period.png)
STD-PAY-030,T5,D4,거래명세서 어드민 출력항목·수량 표기 확인(A-4),미착수,최숙진,Y,담당맞음,최숙진,merged-owner_side,merged.csv t48:57 owner_side/system=shopby,셀러어드민 설정·운영(코드 0),https://service.shopby.co.kr/configuration/payment/order-extra-config @ 2026-09-16 21:30 — 어드민 출력 항목 「설정」(상품번호 체크·즉시할인가 회색체크) · 쇼핑몰 노출 「미노출」 (R/R1d/evidence/14-order-extra-config.png)
STD-PAY-031,T3,B6,위젯 총액↔shopby 청구액 「10원×수량」 모델 정합 검증(표시↔청구 불일치 알려진 이슈),미착수,김동학,Y,분할,김동학+서희항,manual-read,huni-skin-shopby/src/lib/api/widget-order.ts:26-35,amountToOrderCnt(10원×수량)는 스킨 코드. 그러나 총액 권위는 위젯 handoff/requote(서희항). 표시↔청구 정합은 두 쪽 합의 행,huni-skin-shopby/README.md:70 「⚠ 알려진 이슈」 · commit 223c490 `orderCnt=총액÷10` · commit 30cb88a 본문 「10원×수량 모델과 일치」
STD-SHP-001,T5,E1,기본 배송비 부과,부분,최숙진,Y,담당맞음,최숙진,merged-owner_side,merged.csv t48:21 owner_side/system=shopby,셀러어드민 설정·운영(코드 0),"huni-skin-shopby/src/lib/api/hooks/use-order-sheet.ts:177,252 (금액계산에 배송비 포함) · X-DEC-SHIPPING-01 배송비 정책 미확정"
STD-SHP-002,T5,E1,무료배송 기준금액 적용,부분,최숙진,Y,담당맞음,최숙진,merged-owner_side,merged.csv t48:22 owner_side/system=shopby,셀러어드민 설정·운영(코드 0),"huni-skin-shopby/src/lib/api/hooks/use-order-sheet.ts:177,252"
STD-SHP-003,T5,E1,제주 추가 배송비,미착수,최숙진,Y,담당맞음,최숙진,merged-owner_side,merged.csv t48:23 owner_side/system=shopby,셀러어드민 설정·운영(코드 0),F-150/SCOPE-150 도서산간 추가배송비 데이터화 PARTIAL·미착수
STD-SHP-004,T5,E1,도서산간 권역별 추가 배송비,미착수,최숙진,Y,담당맞음,최숙진,merged-owner_side,merged.csv t48:24 owner_side/system=shopby,셀러어드민 설정·운영(코드 0),F-150/SCOPE-150 도서산간 추가배송비 데이터화
STD-SHP-005,T5,E1,특정 상품군 무료배송 제외(실사·대형),미착수,최숙진,Y,담당맞음,최숙진,merged-owner_side,merged.csv t48:25 owner_side/system=shopby,셀러어드민 설정·운영(코드 0),SCOPE-151 배송비 템플릿/조건부 무료배송 PARTIAL
STD-SHP-006,T5,E1,혼합주문 배송비 산정(최고값 1건),작동,최숙진,N,provided,최숙진,merged-owner_side,merged.csv t48:26 owner_side/system=shopby,셀러어드민 기본 제공 기능이 이미 작동 — 개발 일 아님(확인·설정만),https://service.shopby.co.kr/delivery/condition/group/list@2026-09-16 21:30
STD-SHP-007,T5,E1,배송 권역·템플릿 관리,부분,최숙진,Y,담당맞음,최숙진,merged-owner_side,merged.csv t48:27 owner_side/system=shopby,셀러어드민 설정·운영(코드 0),SCOPE-151 배송비 템플릿
STD-SHP-008,T4,C6,택배 배송,작동,김동학,N,provided,최숙진,merged-owner_side,merged.csv t48:28 owner_side/system=shopby,셀러어드민 기본 제공 기능이 이미 작동 — 개발 일 아님(확인·설정만),https://shopby.huniprinting.co.kr/checkout/202609160243938684@2026-09-16 21:33
STD-SHP-009,T4,C6,퀵/화물 배송(대형 인쇄물),미착수,최숙진,Y,담당맞음,최숙진,merged-owner_side,merged.csv t48:29 owner_side/system=shopby,셀러어드민 설정·운영(코드 0),print-kb/wiki/policy/shipping.md#SHIP-03 실사 대형 파생
STD-SHP-010,T4,C6,매장 방문수령,미착수,최숙진,Y,담당맞음,최숙진,merged-owner_side,merged.csv t48:30 owner_side/system=shopby,셀러어드민 설정·운영(코드 0),print-kb/wiki/policy/order-mgmt.md#OMG-07 오프라인 경로 파생
STD-SHP-011,T4,C6,분할배송(건별 부분 출고),미착수,신우진,Y,재배정,최숙진,merged-owner_side,merged.csv t48:58 owner_side/system=shopby,셀러어드민 설정·운영(코드 0),huni-shopby/01_research/order-to-delivery-contract.md §2.1 주문상품옵션 단위 송장
STD-SHP-012,T4,C7,송장번호 등록(판매자),부분,김동학,Y,재배정,서희항,merged-owner_side,merged.csv t48:59 owner_side/system=webadmin,그 일이 사는 곳=webadmin,F-140/SCOPE-140/IA-140 주문상태변경 처리(+문자) PARTIAL·미착수
STD-SHP-013,T4,C7,송장 기반 배송상태 일괄변경,부분,김동학,Y,재배정,서희항,merged-owner_side,merged.csv t48:60 owner_side/system=webadmin,그 일이 사는 곳=webadmin,F-143/SCOPE-143/IA-143 주문상태변경(일괄) PARTIAL·미착수
STD-SHP-014,T4,C7,고객 배송 조회(택배사 추적),부분,김동학,Y,담당맞음,김동학,merged-owner_side,merged.csv t48:145 owner_side/system=huni-mall,,"huni-skin-shopby/src/lib/api/hooks/use-my-orders.ts:84,354"
STD-SHP-015,T4,C7,배송지 변경/추가,부분,김동학,Y,담당맞음,김동학,merged-owner_side,merged.csv t48:114 owner_side/system=huni-mall,,huni-skin-shopby/src/lib/api/hooks/use-shipping-address.ts:65-125 (CRUD·기본배송지)
STD-SHP-016,T5,D1,배송 상태 변경 알림 발송,미착수,김동학,Y,provided,최숙진,merged-owner_side,merged.csv t48:41 owner_side/system=shopby,외부 제품 제공 기능(t51 work_type=provided) — 개발 일 아님. 연동·확인만 최숙진,X-SMS-CONTRACT-01 OQ-G8 알림톡/SMS 서비스 계약 미체결(1차 영향)
STD-SHP-017,T5,E1,금지 설정 4종 확인(A-14/U-1): 수량비례·중량 배송비 / 최대구매수량 / 즉시할인,부분,김동학,Y,재배정,최숙진,merged-owner_side,merged.csv t48:31 owner_side/system=shopby,셀러어드민 설정·운영(코드 0),https://service.shopby.co.kr/delivery/condition/group/list 배송비유형 「무료」(수량·중량 기준 아님) · API ONSALE 226건 immediateDiscountValue 0 · 샘플 maxBuyPersonCnt/maxBuyTimeCnt 0 · /promotion/discount 추가할인 0건 @ 2026-09-16 21:30~21:33 (R/R1d/evidence/21-delivery-condition.png·api-server-products-search.json·70-promotion-discount.txt)
STD-CLM-001,T3,D3,주문 전체 취소 신청,미착수,김동학,Y,담당맞음,김동학,merged-owner_side,merged.csv t48:131 owner_side/system=huni-mall,,huni-shopby/01_research/order-to-delivery-contract.md §4.3 claims-*
STD-CLM-002,T3,D3,옵션 부분 취소 신청,미착수,김동학,Y,담당맞음,김동학,merged-owner_side,merged.csv t48:132 owner_side/system=huni-mall,,huni-shopby/01_research/order-to-delivery-contract.md §4.3 claims-*
STD-CLM-003,T3,D3,비회원 취소 신청,미착수,김동학,Y,담당맞음,김동학,merged-owner_side,merged.csv t48:253 owner_side/system=huni-mall,,huni-shopby/01_research/order-to-delivery-contract.md §4.3 claims-*
STD-CLM-004,T3,D3,제작 착수 후 취소 제한·협의 안내,미착수,최숙진,Y,재배정,김동학,merged-owner_side,merged.csv t48:133 owner_side/system=huni-mall,그 일이 사는 곳=huni-mall,print-kb/wiki/policy/operations.md#OPS-01 케이스별 협의
STD-CLM-005,T3,D3,반품 신청(단일·복수),미착수,김동학,Y,담당맞음,김동학,merged-owner_side,merged.csv t48:134 owner_side/system=huni-mall,,huni-shopby/01_research/order-to-delivery-contract.md §4.3 claims-*
STD-CLM-006,T3,D3,교환 신청(출고 전/후),미착수,김동학,Y,담당맞음,김동학,merged-owner_side,merged.csv t48:135 owner_side/system=huni-mall,,huni-shopby/01_research/order-to-delivery-contract.md §4.3 claims-*
STD-CLM-007,T3,D3,환불 예상금액 계산,미착수,김동학,Y,담당맞음,김동학,merged-owner_side,merged.csv t48:136 owner_side/system=huni-mall,,huni-shopby/01_research/order-to-delivery-contract.md §4.3 claims-*
STD-CLM-008,T3,D3,환불계좌 등록·수정,미착수,김동학,Y,담당맞음,김동학,merged-owner_side,merged.csv t48:137 owner_side/system=huni-mall,,huni-shopby/01_research/order-to-delivery-contract.md §4.3 claims-*
STD-CLM-009,T3,D3,클레임 철회,미착수,김동학,Y,담당맞음,김동학,merged-owner_side,merged.csv t48:138 owner_side/system=huni-mall,,huni-shopby/01_research/order-to-delivery-contract.md §4.3 claims-*
STD-CLM-010,T3,D3,클레임 사유 분류 선택(12종),미착수,김동학,Y,담당맞음,김동학,merged-owner_side,merged.csv t48:139 owner_side/system=huni-mall,,huni-shopby/01_research/order-to-delivery-contract.md §4.2 claimReasonType
STD-CLM-011,T3,D3,귀책 구분(구매자/판매자/단순변심),미착수,김동학,Y,재배정,최숙진,merged-owner_side,merged.csv t48:63 owner_side/system=shopby,셀러어드민 설정·운영(코드 0),huni-shopby/01_research/order-to-delivery-contract.md §4.2 responsibleObjectType
STD-CLM-012,T3,D3,클레임 목록·상세 조회,미착수,김동학,Y,담당맞음,김동학,merged-owner_side,merged.csv t48:147 owner_side/system=huni-mall,,X-SHOPBY-CLAIM-FSM-01 클레임 상태머신 미폐합 — 수거진행 중간상태 누락·입금대기/교환대기/환불완료 전이 미정의
STD-CLM-013,T3,D3,판매자 클레임 승인·거부 처리,미착수,김동학,Y,재배정,최숙진,merged-owner_side,merged.csv t48:64 owner_side/system=shopby,셀러어드민 설정·운영(코드 0),X-SHOPBY-CLAIM-FSM-01 클레임 상태머신 미폐합
STD-CLM-014,T3,D3,인쇄 불량 접수(사진 첨부),미착수,김동학,Y,담당맞음,김동학,merged-owner_side,merged.csv t48:101 owner_side/system=huni-mall,,print-kb/wiki/policy/operations.md#OPS-04 클레임/불량
STD-CLM-015,T3,D3,재제작(재작업) 처리 경로,미착수,신우진,Y,분할,신우진+최숙진,rule-track,print-kb/wiki/policy/operations.md#OPS-04 재제작 우선,재제작 처리 「경로 결정」(PM) + 「운영 절차」(실무운영). 화면 근거 없음,print-kb/wiki/policy/operations.md#OPS-04 재제작 우선
STD-CLM-016,T3,D3,1:1 문의 등록·답변,미착수,김동학,Y,담당맞음,김동학,merged-owner_side,merged.csv t48:102 owner_side/system=huni-mall,,huni-skin-shopby/src/app/(main) 하위 inquiry/qna 라우트 부재 (SB-056 absent)
STD-CLM-017,T3,D3,상품 Q&A 등록·답변,미착수,김동학,Y,담당맞음,김동학,merged-owner_side,merged.csv t48:108 owner_side/system=huni-mall,,huni-skin-shopby/src/app/(main) 하위 inquiry/qna 라우트 부재 (SB-056 absent)
STD-CLM-019,T3,D3,기업인쇄 상담 접수,미착수,김동학,Y,담당맞음,김동학,merged-owner_side,merged.csv t48:103 owner_side/system=huni-mall,,huni-skin-shopby src/app/(main) 하위 inquiry 라우트 부재 (SB-056 absent)
STD-CLM-020,T3,D3,디자인 상담 접수,미착수,김동학,Y,담당맞음,김동학,merged-owner_side,merged.csv t48:104 owner_side/system=huni-mall,,huni-skin-shopby src/app/(main) 하위 inquiry 라우트 부재 (SB-056 absent)
STD-CLM-021,T3,D3,디자인 의뢰하기(주문 흐름 내),미착수,신우진,Y,재배정,김동학,merged-owner_side,merged.csv t48:173 owner_side/system=huni-mall,그 일이 사는 곳=huni-mall,https://shopby.huniprinting.co.kr/checkout/202609160243938684 @ 2026-09-16 21:33
STD-CLM-022,T3,D3,[구IA#67] 기업인쇄상담 (확인/답변),미실측,최숙진,Y,담당맞음,최숙진,merged-owner_side,merged.csv t48:3 owner_side/system=shopby,셀러어드민 설정·운영(코드 0),IA No.67 기업인쇄상담 · webadmin 해당 없음 @ 2026-09-16 21:28
STD-CLM-023,T3,D3,[구IA#68] 디자인상담 (확인/답변),미실측,최숙진,Y,담당맞음,최숙진,merged-owner_side,merged.csv t48:4 owner_side/system=shopby,셀러어드민 설정·운영(코드 0),IA No.68 디자인상담 · webadmin 해당 없음 @ 2026-09-16 21:28
STD-CLM-024,T3,D3,[구IA#69] 상품Q&A (확인/답변),미실측,최숙진,Y,담당맞음,최숙진,merged-owner_side,merged.csv t48:5 owner_side/system=shopby,셀러어드민 설정·운영(코드 0),IA No.69 상품Q&A · 샵바이 기본 기능(R1d 미확인)
STD-CLM-025,T3,D3,[구IA#70] 1:1문의 (확인/답변),미실측,최숙진,Y,담당맞음,최숙진,merged-owner_side,merged.csv t48:6 owner_side/system=shopby,셀러어드민 설정·운영(코드 0),IA No.70 1:1문의 · 샵바이 기본 기능(R1d 미확인)
STD-CLM-026,T3,D3,가상계좌 입금분 환불 시 고객 환불계좌 수령 절차,미착수,미정,Y,미정,미정,merged-owner_side,merged.csv t48:65 owner_side/system=shopby,사내 4담당 경계 밖(외부·미정) — 이번 재판정 대상 아님,후니정기미팅 정리260915.html §프린팅머니 · 미결 7
STD-MEM-001,T3,B5,회원가입(이메일 식별자),작동,김동학,N,담당맞음,김동학,merged-owner_side,merged.csv t48:266 owner_side/system=huni-mall,,https://shopby.huniprinting.co.kr/signup@2026-09-16 21:33
STD-MEM-002,T3,B5,약관 동의·전체동의,부분,김동학,Y,담당맞음,김동학,merged-owner_side,merged.csv t48:267 owner_side/system=huni-mall,,"[L4b보강] huni-skin-shopby/src/components/auth/signup-form.tsx:24-25,75-76"
STD-MEM-003,T3,B5,휴대전화 본인인증(SMS/PASS),부분,김동학,Y,담당맞음,김동학,merged-owner_side,merged.csv t48:268 owner_side/system=huni-mall,,SB-043 absent(인증 SDK·API 호출 지점 0건) · L2 service-dependency D-17 endpoint='(호출 지점 없음)'
STD-MEM-004,T3,B5,14세 미만 가입 제한,작동,김동학,N,담당맞음,김동학,merged-owner_side,merged.csv t48:269 owner_side/system=huni-mall,,https://shopby.huniprinting.co.kr/signup@2026-09-16 21:27
STD-MEM-005,T3,B5,1인 1계정 중복가입 제한,부분,김동학,Y,담당맞음,김동학,merged-owner_side,merged.csv t48:270 owner_side/system=huni-mall,,huni-skin-shopby/src/app/api/auth/signup/route.ts:8-33
STD-MEM-006,T3,B5,가입완료 혜택 자동지급(쿠폰+적립금),미착수,최숙진,Y,담당맞음,최숙진,merged-owner_side,merged.csv t48:73 owner_side/system=shopby,셀러어드민 설정·운영(코드 0),print-kb/wiki/policy/membership-auth.md#MEM-07 · L4 사유: L2 인벤토리에 가입완료 혜택 지급 행 없음. X-SHOPBY-NATIVE-01 가입완료 메일 native 범위 미확인.
STD-MEM-007,T3,B5,아이디/비밀번호 로그인,부분,김동학,Y,담당맞음,김동학,merged-owner_side,merged.csv t48:261 owner_side/system=huni-mall,,huni-skin-shopby/src/lib/auth/auth.config.ts:12-22 · src/lib/auth/shopby-auth.ts:1
STD-MEM-008,T3,B5,아이디 찾기(마스킹),미착수,김동학,Y,담당맞음,김동학,merged-owner_side,merged.csv t48:259 owner_side/system=huni-mall,,SB-042 stub — huni-skin-shopby/src/components/auth/find-id-form.tsx:50-56 (토스트 '준비 중')
STD-MEM-009,T3,B5,비밀번호 재설정(이메일 링크),미착수,김동학,Y,담당맞음,김동학,merged-owner_side,merged.csv t48:260 owner_side/system=huni-mall,,SB-042 stub — find-id-form.tsx:50-56
STD-MEM-010,T3,B5,카카오 소셜 로그인,부분,김동학,Y,담당맞음,김동학,merged-owner_side,merged.csv t48:262 owner_side/system=huni-mall,,SB-041 stub — huni-skin-shopby/src/components/auth/sns-buttons.tsx:74-80 (토스트만·signIn 미호출) · D-16 providers 빈 배열
STD-MEM-011,T3,B5,네이버 소셜 로그인,부분,김동학,Y,담당맞음,김동학,merged-owner_side,merged.csv t48:263 owner_side/system=huni-mall,,SB-041 stub — sns-buttons.tsx:74-80 · D-16
STD-MEM-012,T3,B5,구글/애플 소셜 로그인,부분,김동학,Y,담당맞음,김동학,merged-owner_side,merged.csv t48:264 owner_side/system=huni-mall,,SB-041 stub — sns-buttons.tsx:74-80 · D-16
STD-MEM-013,T3,B5,로그인 세션 유지·자동 갱신,부분,김동학,Y,담당맞음,김동학,merged-owner_side,merged.csv t48:218 owner_side/system=huni-mall,,SB-040 done — huni-skin-shopby/src/lib/auth/auth.config.ts:18-22 · src/app/api/shop/[...path]/route.ts:20-27
STD-MEM-014,T3,B5,비회원 게스트 세션 처리,작동,김동학,N,담당맞음,김동학,merged-owner_side,merged.csv t48:219 owner_side/system=huni-mall,,https://shopby.huniprinting.co.kr/cart@2026-09-16 21:27
STD-MEM-015,T3,B5,회원정보 수정(비밀번호 재확인),부분,김동학,Y,담당맞음,김동학,merged-owner_side,merged.csv t48:110 owner_side/system=huni-mall,,huni-skin-shopby/src/lib/api/hooks/use-profile.ts:42
STD-MEM-016,T3,B5,비밀번호 변경,부분,김동학,Y,담당맞음,김동학,merged-owner_side,merged.csv t48:111 owner_side/system=huni-mall,,huni-skin-shopby/src/lib/api/hooks/use-profile.ts:42
STD-MEM-017,T3,B5,회원탈퇴,부분,김동학,Y,담당맞음,김동학,merged-owner_side,merged.csv t48:153 owner_side/system=huni-mall,,huni-skin-shopby/src/lib/api/hooks/use-profile.ts:112 · src/components/mypage/withdraw-section.tsx:4
STD-MEM-018,T3,B5,회원등급 산정·자동 승급,미착수,최숙진,Y,재배정,서희항,merged-owner_side,merged.csv t48:87 owner_side/system=webadmin,그 일이 사는 곳=webadmin,[L4b보강] huni-skin-shopby/src/lib/api/hooks/use-profile.ts:39 (memberGradeName 표시 필드만)
STD-MEM-019,T3,B5,휴면계정 전환·복구,미착수,최숙진,Y,담당맞음,최숙진,merged-owner_side,merged.csv t48:88 owner_side/system=shopby,셀러어드민 설정·운영(코드 0),[L4b보강] huni-skin-shopby/src/lib/auth/shopby-auth.ts:28 (휴면 응답 주석만·전환/복구 화면 0건)
STD-MEM-020,T3,B5,기존 회원 데이터 이관(구 사이트),미착수,김동학,Y,재배정,서희항,merged-owner_side,merged.csv t48:89 owner_side/system=webadmin,그 일이 사는 곳=webadmin,print-kb/wiki/policy/membership-auth.md#MEM-01 마이그레이션 이슈 명시 · L4 사유: 돈 걸림. 구 DB 미접근(X-OLDDB-ACCESS-01)이 20개 질문의 공통 선행 블로커. 이관 리허설 미실행.
STD-MEM-021,T3,B5,가입완료 안내 메일 발송,미착수,최숙진,Y,provided,최숙진,merged-owner_side,merged.csv t48:37 owner_side/system=shopby,외부 제품 제공 기능(t51 work_type=provided) — 개발 일 아님. 연동·확인만 최숙진,https://shopby.huniprinting.co.kr/signup 2단계(정보입력) @ 2026-09-16 21:33
STD-MEM-022,T3,B5,로그인 식별자 정책(이메일 전용 vs 아이디) 확정·테스트회원 계정 정비,미착수,신우진,Y,재배정,김동학,evidence-path,https://shopby.huniprinting.co.kr/login 테스트회원 ID 입력 → 「올바른 이메일 형식이 아닙니다」 @ 2026-09-16 21:30,그 일이 사는 곳=huni-mall,https://shopby.huniprinting.co.kr/login 테스트회원 ID 입력 → 「올바른 이메일 형식이 아닙니다」 @ 2026-09-16 21:30
STD-MEM-023,T3,B5,소셜 로그인 전제 설정 — 셀러어드민 간편로그인 앱(네이버·카카오·구글) 등록 + 각 개발자센터 Redirect URI `{origin}/oauth/callback` 등록,미착수,최숙진,Y,담당맞음,최숙진,merged-owner_side,merged.csv t48:48 owner_side/system=shopby,셀러어드민 설정·운영(코드 0),commit 13ed106 본문 「⚠ 동작 전제(코드 외)」 · huni-skin-shopby/src/components/auth/sns-buttons.tsx:66-67
STD-MEM-024,T3,B5,소셜 최초 로그인 가입완료(WAITING→ACTIVE) 추가정보 화면 실검증 — 약관 타입·필수항목이 몰 설정과 맞는지,미착수,김동학,Y,담당맞음,김동학,merged-owner_side,merged.csv t48:272 owner_side/system=huni-mall,,commit 4f33a67 · huni-skin-shopby/src/app/api/auth/social-join/route.ts:1-9 · https://shopby.huniprinting.co.kr/social-join 200 「추가정보 입력」 @ 2026-09-16 22:00
STD-MYP-001,T3,D2,주문 목록 조회,부분,김동학,Y,담당맞음,김동학,merged-owner_side,merged.csv t48:148 owner_side/system=huni-mall,,huni-skin-shopby/src/lib/api/hooks/use-my-orders.ts:84
STD-MYP-002,T3,D2,주문 상세 조회(사양·파일·상태),부분,김동학,Y,담당맞음,김동학,merged-owner_side,merged.csv t48:140 owner_side/system=huni-mall,,huni-skin-shopby/src/lib/api/hooks/use-my-orders.ts:84 (목록/상세)
STD-MYP-003,T3,D2,편집상품 미리보기,미착수,김동학,Y,분할,서희항+김동학,manual-read,huni-skin-shopby/src/components/product/configurator-actions.tsx:170-176,스킨 버튼은 onClick 없는 데드 버튼(=김동학 몫). 미리보기 산출물 자체는 Edicus/위젯(=서희항),SB-020 stub — huni-skin-shopby/src/components/product/configurator-actions.tsx:170-176 (onClick 없음)
STD-MYP-004,T3,D2,옵션보관함 저장/불러오기,미착수,신우진,Y,재배정,김동학,merged-owner_side,merged.csv t48:157 owner_side/system=huni-mall,그 일이 사는 곳=huni-mall,[L4b보강] huni-skin-shopby/src/components/cart/cart-page.tsx:6 ('shopby 장바구니에는 보관함(draft) 개념이 없어 단일 목록으로 렌더')
STD-MYP-005,T3,D2,보관 기간 정책 적용·만료 처리,미착수,신우진,Y,재배정,김동학,merged-owner_side,merged.csv t48:158 owner_side/system=huni-mall,그 일이 사는 곳=huni-mall,print-kb/wiki/policy/mypage.md#MYP-01 3개월 권장 · L4 사유: new — 보관 만료 정책은 화면이 아니라 배치 규칙이라 legacy 화면 분모에 수록된 적 없음. 근거 print-kb/mypage.md(ia.md 오염 아님).
STD-MYP-006,T6,D5,프린팅머니 잔액·내역 조회,부분,김동학,Y,담당맞음,김동학,merged-owner_side,merged.csv t48:151 owner_side/system=huni-mall,,huni-skin-shopby/src/lib/api/hooks/use-points.ts:22
STD-MYP-007,T6,D5,프린팅머니 충전(PG 결제→적립 전환),부분,김동학,Y,담당맞음,김동학,merged-owner_side,merged.csv t48:115 owner_side/system=huni-mall,,SB-051 stub — huni-skin-shopby/src/components/mypage/point-section.tsx:11-14 → src/lib/legacy-data/hooks.ts:423-432 (no-op)
STD-MYP-008,T6,D5,구매확정 적립금 자동 지급,미착수,최숙진,Y,provided,최숙진,merged-owner_side,merged.csv t48:92 owner_side/system=shopby,외부 제품 제공 기능(t51 work_type=provided) — 개발 일 아님. 연동·확인만 최숙진,SB-030 partial — huni-skin-shopby/src/components/checkout/checkout-form.tsx:52 (조회는 실API·적립/충전은 mock)
STD-MYP-009,T6,D5,기존 프린트머니 잔액 이관,미착수,김동학,Y,재배정,서희항,merged-owner_side,merged.csv t48:93 owner_side/system=webadmin,그 일이 사는 곳=webadmin,print-kb/wiki/policy/mypage.md#MYP-02 · print-kb/wiki/policy/custom-dev.md#CST-04 · L4 사유: 돈 걸림. 컷오버 대사 불일치 시 즉시 NO-GO 게이트.
STD-MYP-010,T3,D2,보유 쿠폰 목록,부분,김동학,Y,담당맞음,김동학,merged-owner_side,merged.csv t48:117 owner_side/system=huni-mall,,huni-skin-shopby/src/lib/api/hooks/use-coupons.ts:71
STD-MYP-011,T3,D2,쿠폰 번호 등록,부분,김동학,Y,담당맞음,김동학,merged-owner_side,merged.csv t48:118 owner_side/system=huni-mall,,huni-skin-shopby/src/lib/api/hooks/use-coupons.ts:71
STD-MYP-012,T3,D2,내 리뷰 작성·조회,부분,김동학,Y,담당맞음,김동학,merged-owner_side,merged.csv t48:152 owner_side/system=huni-mall,,huni-skin-shopby/src/lib/api/hooks/use-review-write.ts:38 · use-my-reviews.ts:84
STD-MYP-013,T3,D2,내 상품Q&A/1:1문의 조회,미착수,김동학,Y,담당맞음,김동학,merged-owner_side,merged.csv t48:130 owner_side/system=huni-mall,,SB-056 absent — huni-skin-shopby/src/app/(main) 하위 inquiry/qna 라우트 부재
STD-MYP-014,T5,D4,증빙서류 발급내역 조회,미착수,김동학,Y,담당맞음,김동학,merged-owner_side,merged.csv t48:119 owner_side/system=huni-mall,,SB-053 stub — huni-skin-shopby/src/components/mypage/document-section.tsx:1-6 (정적 표 UI·API 호출 0) · D-18 endpoint='(호출 지점 없음)'
STD-MYP-015,T5,D4,현금영수증 정보 관리,미착수,김동학,Y,담당맞음,김동학,merged-owner_side,merged.csv t48:120 owner_side/system=huni-mall,,SB-053 stub — document-section.tsx:1-6 · D-18 호출 지점 없음
STD-MYP-016,T3,D2,배송지 주소록 관리,부분,김동학,Y,담당맞음,김동학,merged-owner_side,merged.csv t48:113 owner_side/system=huni-mall,,SB-048 done — huni-skin-shopby/src/lib/api/hooks/use-shipping-address.ts:65-125 · SB-028 src/components/checkout/address-modal.tsx:1
STD-MYP-017,T3,D2,마이페이지 메인 대시보드(주문요약·프린팅머니·쿠폰 한눈에),부분,김동학,Y,담당맞음,김동학,merged-owner_side,merged.csv t48:154 owner_side/system=huni-mall,,"L3/legacy-normalized.json#F-029,IA-029,SCOPE-029 · _workspace/huni-launch-scope/02_gap/fit-gap-matrix.csv:30 · docs/huni/후니프린팅_통합IA_일정_역할분담_260616.xlsx#02_IA마스터!A30:K30 · L2/as-is-inventory.csv#SB-044 huni-skin-shopby/src/components/mypage/dashboard-section.tsx:17-59"
STD-MYP-018,T3,D2,마이페이지 서브메인(기능군 랜딩) 화면,부분,김동학,Y,담당맞음,김동학,merged-owner_side,merged.csv t48:155 owner_side/system=huni-mall,,"L3/legacy-normalized.json#F-030,IA-030,SCOPE-030 · _workspace/huni-launch-scope/02_gap/fit-gap-matrix.csv:31 · docs/huni/후니프린팅_통합IA_일정_역할분담_260616.xlsx#02_IA마스터!A31:K31 || P1판정(260902): huni-skin-shopby/src/app/(main)/mypage/page.tsx:10 DashboardSection · layout.tsx (중첩 라우트 전환)"
STD-MYP-019,T3,D2,마이페이지 통합 검색결과 LIST 화면,미착수,신우진,Y,재배정,김동학,merged-owner_side,merged.csv t48:156 owner_side/system=huni-mall,그 일이 사는 곳=huni-mall,"L3/legacy-normalized.json#F-031,IA-031,SCOPE-031 · _workspace/huni-launch-scope/02_gap/fit-gap-matrix.csv:32 · docs/huni/후니프린팅_통합IA_일정_역할분담_260616.xlsx#02_IA마스터!A32:K32 || P1판정(260902): huni-skin-shopby 전수 grep 'mypage.*search' 0건(260902) — 마이페이지 통합 검색 라우트 없음"
STD-MYP-020,T5,D4,사업자정보 목록,미착수,김동학,Y,담당맞음,김동학,merged-owner_side,merged.csv t48:121 owner_side/system=huni-mall,,https://www.huniprinting.com/mypage/tax01.asp @ 2026-09-16 21:33
STD-MYP-021,T5,D4,사업자정보 등록(쓰기),미착수,김동학,Y,담당맞음,김동학,merged-owner_side,merged.csv t48:122 owner_side/system=huni-mall,,https://www.huniprinting.com/mypage/tax01.asp @ 2026-09-16 21:33
STD-MYP-022,T6,D5,프린트머니 원장·외부포인트 API 5종·증빙 발행·충전 운영 화면의 개발 주체·배치 확정,미착수,신우진,Y,담당맞음,신우진,rule-track,후니정기미팅 정리260915.html §개발 역할 분담 · 미결 2,결정·조율 안건 — PM/대표가 맞다,후니정기미팅 정리260915.html §개발 역할 분담 · 미결 2
STD-MYP-023,T6,D5,토스 가상계좌 API 연동·입금 알림 수신 담당 확정,미착수,미정,Y,미정,미정,rule-track,후니정기미팅 정리260915.html §개발 역할 분담 · 미결 3,사내 4담당 경계 밖(외부·미정) — 이번 재판정 대상 아님,후니정기미팅 정리260915.html §개발 역할 분담 · 미결 3
STD-MYP-024,T6,D5,기존 회원·잔액 이관 / PitStop Server 연동 담당 확정,미착수,미정,Y,미정,미정,rule-track,후니정기미팅 정리260915.html §개발 역할 분담 · 미결 4,사내 4담당 경계 밖(외부·미정) — 이번 재판정 대상 아님,후니정기미팅 정리260915.html §개발 역할 분담 · 미결 4
STD-MYP-025,T6,D5,프린트머니 정책 — 소멸기한 없음·충전 1:1·추가 적립 없음,미착수,신우진,Y,미정,신우진,rule-track,후니정기미팅 정리260915.html §프린팅머니 · 확정 3,사는 시스템도 단계 기본 담당도 못 짚음(D5 프린트머니 등) — 실측·결정 필요,후니정기미팅 정리260915.html §프린팅머니 · 확정 3
STD-MYP-026,T6,D5,구 ASP 코드·DB 미제공 전제 — 이관 원천은 잔액 스냅샷만,미착수,최숙진,Y,미정,최숙진,rule-track,후니정기미팅 정리260915.html §프린팅머니 · 확정 4,사는 시스템도 단계 기본 담당도 못 짚음(D5 프린트머니 등) — 실측·결정 필요,후니정기미팅 정리260915.html §프린팅머니 · 확정 4
STD-MYP-027,T6,D5,샵바이 외부포인트 연동 협의 완료,구현-미검증,외부(샵바이(NHN커머스)),Y,미정,외부(샵바이(NHN커머스)),rule-track,후니정기미팅 정리260915.html §프린팅머니 · 확정 6,사내 4담당 경계 밖(외부·미정) — 이번 재판정 대상 아님,후니정기미팅 정리260915.html §프린팅머니 · 확정 6
STD-MYP-028,T6,D5,충전 입금 확인 = 토스페이먼츠 가상계좌 API 직접 발급,미착수,미정,Y,미정,미정,rule-track,후니정기미팅 정리260915.html §프린팅머니 · 확정 8,사내 4담당 경계 밖(외부·미정) — 이번 재판정 대상 아님,후니정기미팅 정리260915.html §프린팅머니 · 확정 8
STD-MYP-029,T6,D5,입금 확인 자동화 — 가상계좌 DEPOSIT_CALLBACK 웹훅 수신→자동 충전,미착수,미정,Y,미정,미정,rule-track,후니정기미팅 정리260915.html §프린팅머니 · 확정 9(「입금 확인은 가상계좌 입금 알림으로 자동 처리」까지) · DEPOSIT_CALLBACK 명칭 출처: _workspace/huni-shopby/17_pr,사내 4담당 경계 밖(외부·미정) — 이번 재판정 대상 아님,후니정기미팅 정리260915.html §프린팅머니 · 확정 9(「입금 확인은 가상계좌 입금 알림으로 자동 처리」까지) · DEPOSIT_CALLBACK 명칭 출처: _workspace/huni-shopby/17_prepaid-money/prepaid-money-design-260915.md:316
STD-MYP-030,T3,D2,"편집 디자인 보관함 — 편집 종료 후 보관, 장바구니 담기 전까지 수정 가능",부분,김동학,Y,분할,김동학+서희항,merged-owner_side,"merged.csv t50:101,t48:159 owner_side/system=huni-mall,widget","두 시스템에 걸침(huni-mall,widget) — 행을 나눠 각자에게",후니정기미팅 정리260915.html §디자인 상품·편집기·보관함 · 확정 7 / 후니-오픈잔여작업-실무진안내_260909.html §항목 11 · ④ 완료 기준
STD-MYP-031,T3,D2,보관함 저장 시점 결정(저장 버튼 vs 편집 종료 시 자동),미착수,신우진,Y,담당맞음,신우진,rule-track,후니정기미팅 정리260915.html §디자인 상품·편집기·보관함 · 미결 2,결정·조율 안건 — PM/대표가 맞다,후니정기미팅 정리260915.html §디자인 상품·편집기·보관함 · 미결 2
STD-MYP-032,T3,D2,편집 후 장바구니를 누르지 않고 이탈한 고객 안내 방법,미착수,최숙진,Y,재배정,김동학,rule-step,후니정기미팅 정리260915.html §디자인 상품·편집기·보관함 · 미결 3,사는 시스템 미확인 — 단계 D2 기본 담당과 불일치(약한 근거·실측 필요),후니정기미팅 정리260915.html §디자인 상품·편집기·보관함 · 미결 3
STD-MYP-033,T3,D2,보관함을 일반 상품까지 확대할지 여부,미착수,신우진,Y,담당맞음,신우진,rule-track,후니정기미팅 정리260915.html §디자인 상품·편집기·보관함 · 미결 6,보관함 확대 여부 = 범위 결정 안건,후니정기미팅 정리260915.html §디자인 상품·편집기·보관함 · 미결 6
STD-MYP-034,T5,D4,증빙 신청 탭 3개(신청 가능 / 신청 완료 / 신용카드 결제),미착수,김동학,Y,담당맞음,김동학,merged-owner_side,merged.csv t48:123 owner_side/system=huni-mall,,후니정기미팅 정리260915.html §증빙서류 · 확정 3
STD-MYP-035,T5,D4,현금 결제 건만 신청 대상 — 세금계산서·현금영수증 중 택1,미착수,김동학,Y,담당맞음,김동학,merged-owner_side,merged.csv t48:124 owner_side/system=huni-mall,,후니정기미팅 정리260915.html §증빙서류 · 확정 4
STD-MYP-036,T5,D4,카드 결제 건·발행 완료 건은 목록에 보이되 비활성+사유 표시,미착수,김동학,Y,담당맞음,김동학,merged-owner_side,merged.csv t48:125 owner_side/system=huni-mall,,후니정기미팅 정리260915.html §증빙서류 · 확정 5
STD-MYP-037,T5,D4,프린트머니 증빙 발행 규칙 — 충전 시 충전액·주문 시 실결제액·환불 시 마이너스 계산서,미착수,김동학,Y,담당맞음,김동학,rule-step,후니정기미팅 정리260915.html §증빙서류 · 확정 7,사는 시스템 미확인 — 단계 D4 기본 담당과 일치(약한 근거),후니정기미팅 정리260915.html §증빙서류 · 확정 7
STD-MYP-038,T5,D4,프린트머니 증빙 발행 시점 세무 확인(충전 시 vs 사용 시),미착수,미정,Y,미정,미정,rule-track,후니정기미팅 정리260915.html §증빙서류 · 미결 1,사내 4담당 경계 밖(외부·미정) — 이번 재판정 대상 아님,후니정기미팅 정리260915.html §증빙서류 · 미결 1
STD-MYP-039,T5,D4,세금계산서 API 자동 발행 여부 결정,미착수,최숙진,Y,분할,최숙진+신우진,rule-track,후니정기미팅 정리260915.html §증빙서류 · 미결 2,결정 안건이 실무 담당에게 걸려 있다 — 결정(PM)/실행(담당) 분리,후니정기미팅 정리260915.html §증빙서류 · 미결 2
STD-MYP-040,T3,D2,마이페이지 9개 메뉴 점검·판정표 + 프린트머니 범위 결정,부분,최숙진,Y,분할,최숙진+신우진,rule-track,후니정기미팅 정리260915.html §일정·설계 · 미결 3 / 후니-오픈잔여작업-실무진안내_260909.html §항목 4 · ④ 완료 기준,결정 안건이 실무 담당에게 걸려 있다 — 결정(PM)/실행(담당) 분리,후니정기미팅 정리260915.html §일정·설계 · 미결 3 / 후니-오픈잔여작업-실무진안내_260909.html §항목 4 · ④ 완료 기준
STD-MYP-041,T6,D5,프린트머니 화면 피그마 부재·명칭 미정(「마이 포인트」 등),미착수,최숙진,Y,미정,최숙진,rule-track,후니정기미팅 정리260915.html §일정·설계 · 미결 4,사는 시스템도 단계 기본 담당도 못 짚음(D5 프린트머니 등) — 실측·결정 필요,후니정기미팅 정리260915.html §일정·설계 · 미결 4
STD-MYP-042,T6,D5,프린트머니 구현 M0 — 어드민 설정 + 충전권 상품 6종 + 실측 V1~V8,미착수,미정,Y,미정,미정,merged-owner_side,merged.csv t48:34 owner_side/system=shopby,사내 4담당 경계 밖(외부·미정) — 이번 재판정 대상 아님,_workspace/huni-shopby/17_prepaid-money/prepaid-money-design-260915.md:288
STD-MYP-043,T6,D5,프린트머니 구현 M1 — webadmin t_pm_charge_txn + 감지·지급 잡(폴링) + 웹훅 신호 연결,미착수,미정,Y,미정,미정,rule-track,_workspace/huni-shopby/17_prepaid-money/prepaid-money-design-260915.md:289,사내 4담당 경계 밖(외부·미정) — 이번 재판정 대상 아님,_workspace/huni-shopby/17_prepaid-money/prepaid-money-design-260915.md:289
STD-MYP-044,T6,D5,프린트머니 구현 M2 — 스킨 충전 화면 배선(useChargePoint → 충전권 주문서),미착수,미정,Y,미정,미정,merged-owner_side,merged.csv t48:116 owner_side/system=huni-mall,사내 4담당 경계 밖(외부·미정) — 이번 재판정 대상 아님,_workspace/huni-shopby/17_prepaid-money/prepaid-money-design-260915.md:290
STD-MYP-045,T6,D5,프린트머니 구현 M3 — 체크아웃 전액결제 분기,미착수,미정,Y,미정,미정,merged-owner_side,merged.csv t48:227 owner_side/system=huni-mall,사내 4담당 경계 밖(외부·미정) — 이번 재판정 대상 아님,_workspace/huni-shopby/17_prepaid-money/prepaid-money-design-260915.md:291
STD-MYP-046,T6,D5,프린트머니 구현 M4 — 충전 취소/환불 처리 + 운영 화면(txn 목록·재시도),미착수,미정,Y,미정,미정,rule-track,_workspace/huni-shopby/17_prepaid-money/prepaid-money-design-260915.md:292,사내 4담당 경계 밖(외부·미정) — 이번 재판정 대상 아님,_workspace/huni-shopby/17_prepaid-money/prepaid-money-design-260915.md:292
STD-MYP-047,T6,D5,프린트머니 구현 M5 — 구 잔액 마이그레이션 시드 실행(260630 스펙),미착수,미정,Y,미정,미정,rule-track,_workspace/huni-shopby/17_prepaid-money/prepaid-money-design-260915.md:293,사내 4담당 경계 밖(외부·미정) — 이번 재판정 대상 아님,_workspace/huni-shopby/17_prepaid-money/prepaid-money-design-260915.md:293
STD-MYP-048,T6,D5,프린트머니 구현 M6 — PG 계약 후 카드 충전 활성(코드 변경 없이 availablePayTypes 로 자동),미착수,미정,Y,미정,미정,merged-owner_side,merged.csv t48:10 owner_side/system=shopby,사내 4담당 경계 밖(외부·미정) — 이번 재판정 대상 아님,_workspace/huni-shopby/17_prepaid-money/prepaid-money-design-260915.md:294
STD-MYP-049,T6,D5,"프린트머니 결정 요청 — 충전 단위·최소/최대(현 화면 6종 10,000~500,000) 유지 여부",미착수,지니,Y,담당맞음,지니,rule-track,_workspace/huni-shopby/17_prepaid-money/prepaid-money-design-260915.md:299,결정·조율 안건 — PM/대표가 맞다,_workspace/huni-shopby/17_prepaid-money/prepaid-money-design-260915.md:299
STD-MYP-050,T6,D5,프린트머니 결정 요청 — 일부 사용 후 충전 취소 정책(불가 vs 미사용분 부분 환불),미착수,지니,Y,담당맞음,지니,rule-track,_workspace/huni-shopby/17_prepaid-money/prepaid-money-design-260915.md:300,결정·조율 안건 — PM/대표가 맞다,_workspace/huni-shopby/17_prepaid-money/prepaid-money-design-260915.md:300
STD-MYP-051,T6,D5,프린트머니 결정 요청 — 원장 소유 결정 A(샵바이 적립금) vs B′(후니 원장+외부포인트 연동),미착수,지니,Y,담당맞음,지니,rule-track,_workspace/huni-shopby/17_prepaid-money/prepaid-money-design-260915.md:303,결정·조율 안건 — PM/대표가 맞다,_workspace/huni-shopby/17_prepaid-money/prepaid-money-design-260915.md:303
STD-MYP-052,T6,D5,프린트머니 결정 요청 — 충전 전용 입금계좌 분리 여부 · 과입금·부분입금 정책,미착수,지니,Y,담당맞음,지니,rule-track,_workspace/huni-shopby/17_prepaid-money/prepaid-money-design-260915.md:306,결정·조율 안건 — PM/대표가 맞다,_workspace/huni-shopby/17_prepaid-money/prepaid-money-design-260915.md:306
STD-MYP-053,T6,D5,테스트몰 실측 12항(전액결제 payType 조합·expireYmd 생략·externalKey 유일성·웹훅 페이로드 등),미착수,미정,Y,미정,미정,rule-track,_workspace/huni-shopby/HANDOFF.md:16,사내 4담당 경계 밖(외부·미정) — 이번 재판정 대상 아님,_workspace/huni-shopby/HANDOFF.md:16
STD-MYP-054,T6,D5,마이포인트(/mypage/point·shopby 적립금)와 프린팅머니(/mypage/money·UI 전용) 메뉴 중복 정리 — 노출 메뉴·명칭 확정,미착수,신우진,Y,재배정,김동학,evidence-path,huni-skin-shopby/src/components/mypage/mypage-shared.tsx:14-15 NAV 두 항목 · commit 2092b12,그 일이 사는 곳=huni-mall,huni-skin-shopby/src/components/mypage/mypage-shared.tsx:14-15 NAV 두 항목 · commit 2092b12
STD-PRM-001,T3,D2,신규회원 쿠폰 자동발행,미착수,최숙진,Y,담당맞음,최숙진,merged-owner_side,merged.csv t48:74 owner_side/system=shopby,셀러어드민 설정·운영(코드 0),print-kb/wiki/policy/coupon.md#CPN-01 · L4 사유: 돈 걸림(F-156). 자동발행 트리거 L2 무근거.
STD-PRM-002,T3,D2,리뷰 작성 보상 쿠폰 발행,미착수,김동학,Y,재배정,최숙진,merged-owner_side,merged.csv t48:75 owner_side/system=shopby,셀러어드민 설정·운영(코드 0),print-kb/wiki/policy/coupon.md#CPN-02 · L4 사유: new — 리뷰 보상 쿠폰은 legacy 3원 어디에도 없음. 근거 print-kb/coupon.md#CPN-02(ia.md 오염 아님).
STD-PRM-003,T3,D2,재구매 쿠폰 발행,미착수,김동학,Y,재배정,최숙진,merged-owner_side,merged.csv t48:76 owner_side/system=shopby,셀러어드민 설정·운영(코드 0),print-kb/wiki/policy/coupon.md#CPN-03 · L4 사유: new — 재구매 쿠폰 미수록. 근거 print-kb/coupon.md#CPN-03(오염 아님).
STD-PRM-004,T3,D2,회원등급(VIP) 쿠폰 발행,미착수,최숙진,Y,담당맞음,최숙진,merged-owner_side,merged.csv t48:77 owner_side/system=shopby,셀러어드민 설정·운영(코드 0),print-kb/wiki/policy/coupon.md#CPN-04 · L4 사유: 회원등급(STD-MEM-018) 종속. 돈 걸림.
STD-PRM-005,T3,D2,쿠폰 동시사용 개수 제한,부분,김동학,Y,재배정,최숙진,merged-owner_side,merged.csv t48:78 owner_side/system=shopby,셀러어드민 설정·운영(코드 0),SB-029 done — huni-skin-shopby/src/lib/api/hooks/use-order-coupons.ts:34 (최대할인 계산)
STD-PRM-006,T3,D2,쿠폰 유효기간 관리,미착수,최숙진,Y,담당맞음,최숙진,merged-owner_side,merged.csv t48:79 owner_side/system=shopby,셀러어드민 설정·운영(코드 0),print-kb/wiki/policy/coupon.md#CPN-06 · L4 사유: 쿠폰 발행·유효기간 관리 화면 L2 무근거(F-126 돈·L).
STD-PRM-007,T3,D2,장바구니/주문서 쿠폰 적용,부분,김동학,Y,담당맞음,김동학,merged-owner_side,merged.csv t48:249 owner_side/system=huni-mall,,huni-skin-shopby/src/lib/api/hooks/use-order-coupons.ts:34
STD-PRM-008,T3,D2,리뷰 삭제 시 보상 회수,미착수,김동학,Y,재배정,최숙진,merged-owner_side,merged.csv t48:80 owner_side/system=shopby,셀러어드민 설정·운영(코드 0),print-kb/wiki/policy/review.md#RVW-03 · L4 사유: new — 리뷰 삭제 시 보상 회수 규칙 미수록. 근거 print-kb/review.md#RVW-03(오염 아님).
STD-PRM-009,T3,D2,사진 리뷰 추가 보상,작동,김동학,N,provided,최숙진,merged-owner_side,merged.csv t48:81 owner_side/system=shopby,셀러어드민 기본 제공 기능이 이미 작동 — 개발 일 아님(확인·설정만),https://service.shopby.co.kr/accumulation/setting@2026-09-16 21:33
STD-PRM-010,T3,A5,기획전/할인 이벤트 페이지,미착수,김동학,Y,담당맞음,김동학,merged-owner_side,merged.csv t48:256 owner_side/system=huni-mall,,SB-001 partial — huni-skin-shopby/src/lib/legacy-data/hooks.ts:352-360 (프로모 데이터원 legacy mock 빈배열)
STD-PRM-011,T3,D2,체험단 모집·신청·당첨·후기,미착수,신우진,Y,재배정,김동학,merged-owner_side,merged.csv t48:255 owner_side/system=huni-mall,그 일이 사는 곳=huni-mall,print-kb/wiki/policy/custom-dev.md#CST-05 · L4 사유: 체험단 native 지원 범위 미확인. 3차 후보.
STD-PRM-012,T5,D1,알림톡/SMS 마케팅 발송,미착수,김동학,Y,재배정,최숙진,merged-owner_side,merged.csv t48:39 owner_side/system=shopby,셀러어드민 설정·운영(코드 0),print-kb/wiki/policy/membership-auth.md#MEM-02 알림톡 계약 필요 · L4 사유: 알림톡/SMS 계약 미체결 — 1차 영향·조기 필요.
STD-PRM-013,T5,D1,이메일 뉴스레터 발송,미착수,김동학,Y,재배정,최숙진,merged-owner_side,merged.csv t48:40 owner_side/system=shopby,셀러어드민 설정·운영(코드 0),print-quote/04_design/ia.md §2.1 고객센터 파생 · L4 사유: new(★ia.md 오염) — 근거출처가 print-quote/04_design/ia.md 파생이라 §4-1 상 「독립 발견」으로 신뢰하면 과대평가. 후니 IA 계보 안에서 파생된 항목.
STD-PRM-014,T5,D1,마케팅 수신동의 관리,작동,김동학,N,담당맞음,김동학,merged-owner_side,merged.csv t48:112 owner_side/system=huni-mall,,https://shopby.huniprinting.co.kr/signup@2026-09-16 21:27
STD-PRM-015,T3,A5,(IA r59 기능명 공란),미실측,신우진,Y,미정,신우진,rule-track,docs/huni/후니프린팅_IA.xlsx:IA 확인!r59 (기능명 없음),IA r59 기능명 공란 — 무슨 일인지조차 미상. 실측 전 배정 불가,docs/huni/후니프린팅_IA.xlsx:IA 확인!r59 (기능명 없음)
STD-PRM-016,T3,D2,이용후기 메인(전체 리뷰 모아보기),미착수,신우진,Y,재배정,김동학,merged-owner_side,merged.csv t48:109 owner_side/system=huni-mall,그 일이 사는 곳=huni-mall,https://shopby.huniprinting.co.kr/ @ 2026-09-16 21:26
STD-PRM-017,T3,D2,[구IA#71] 체험단관리 (등록/수정/신청내역),미실측,신우진,Y,재배정,김동학,rule-step,IA No.71 체험단관리 · 신규 어디에도 없음 @ 2026-09-16 21:28,사는 시스템 미확인 — 단계 D2 기본 담당과 불일치(약한 근거·실측 필요),IA No.71 체험단관리 · 신규 어디에도 없음 @ 2026-09-16 21:28
STD-PRM-018,T3,D2,[구IA#76] 쿠폰관리 (발행/매칭/사용내역),미실측,최숙진,Y,담당맞음,최숙진,merged-owner_side,merged.csv t48:82 owner_side/system=shopby,셀러어드민 설정·운영(코드 0),IA No.76 쿠폰관리 · 샵바이 쿠폰(R1d)
STD-PRM-019,T3,D2,[구IA#77] 쿠폰등록내역,미실측,최숙진,Y,담당맞음,최숙진,merged-owner_side,merged.csv t48:83 owner_side/system=shopby,셀러어드민 설정·운영(코드 0),IA No.77 쿠폰등록내역 · 샵바이(R1d)
STD-PRM-020,T3,D2,[구IA#78] 쿠폰사용내역,미실측,최숙진,Y,담당맞음,최숙진,merged-owner_side,merged.csv t48:84 owner_side/system=shopby,셀러어드민 설정·운영(코드 0),IA No.78 쿠폰사용내역 · 샵바이(R1d)
STD-PRM-021,T5,D1,080 수신거부 서비스 미도입 확정,구현-미검증,신우진,Y,담당맞음,신우진,rule-track,후니정기미팅 정리260915.html §회원·로그인·인증 · 확정 4,결정·조율 안건 — PM/대표가 맞다,후니정기미팅 정리260915.html §회원·로그인·인증 · 확정 4
STD-B2B-001,T5,E1,거래처(기업회원) 등록·관리,부분,김동학,Y,재배정,서희항,evidence-path,WA-060 partial — raw/webadmin/webadmin/catalog/models.py:87 (TCusCustomers 모델만·전용 운영화면 urls.py 부재),그 일이 사는 곳=webadmin,WA-060 partial — raw/webadmin/webadmin/catalog/models.py:87 (TCusCustomers 모델만·전용 운영화면 urls.py 부재)
STD-B2B-002,T5,E1,거래처별 단가/할인율 설정,미착수,김동학,Y,재배정,최숙진,rule-step,print-kb/wiki/huni/price-engine.md#PE-SOT-5 가격소스 우선순위 · L4 사유: 돈 걸림. 등급가 매핑 미결이 선행.,사는 시스템 미확인 — 단계 E1 기본 담당과 불일치(약한 근거·실측 필요),print-kb/wiki/huni/price-engine.md#PE-SOT-5 가격소스 우선순위 · L4 사유: 돈 걸림. 등급가 매핑 미결이 선행.
STD-B2B-003,T5,E1,거래처 소속 담당자 다계정,미착수,김동학,Y,재배정,최숙진,rule-step,WA-060 partial(모델만),사는 시스템 미확인 — 단계 E1 기본 담당과 불일치(약한 근거·실측 필요),WA-060 partial(모델만)
STD-B2B-004,T6,D5,후불 여신한도 설정,미착수,김동학,Y,미정,김동학,rule-track,print-kb/wiki/policy/custom-dev.md#CST-07 · L4 사유: F-141 후불결제(돈·주문) 미착수.,사는 시스템도 단계 기본 담당도 못 짚음(D5 프린트머니 등) — 실측·결정 필요,print-kb/wiki/policy/custom-dev.md#CST-07 · L4 사유: F-141 후불결제(돈·주문) 미착수.
STD-B2B-005,T6,D5,후불 주문 승인·미결제 관리,미착수,김동학,Y,분할,김동학+신우진,rule-track,print-kb/wiki/policy/order-mgmt.md#OMG-04 · L4 사유: 후불 승인·미결제 관리 L2 무근거.,결정 안건이 실무 담당에게 걸려 있다 — 결정(PM)/실행(담당) 분리,print-kb/wiki/policy/order-mgmt.md#OMG-04 · L4 사유: 후불 승인·미결제 관리 L2 무근거.
STD-B2B-006,T5,E1,월 마감 청구서 발행,미착수,김동학,Y,재배정,최숙진,rule-step,print-kb/wiki/policy/operations.md#OPS-05 월단위 마감 · L4 사유: 돈 걸림(F-098). 원장 월마감 미구현.,사는 시스템 미확인 — 단계 E1 기본 담당과 불일치(약한 근거·실측 필요),print-kb/wiki/policy/operations.md#OPS-05 월단위 마감 · L4 사유: 돈 걸림(F-098). 원장 월마감 미구현.
STD-B2B-007,T5,E1,업체별 미수금 관리,미착수,김동학,Y,재배정,최숙진,rule-step,print-quote/04_design/ia.md §2.3 SM-A-06 · L4 사유: 돈 걸림(F-099).,사는 시스템 미확인 — 단계 E1 기본 담당과 불일치(약한 근거·실측 필요),print-quote/04_design/ia.md §2.3 SM-A-06 · L4 사유: 돈 걸림(F-099).
STD-B2B-008,T6,D5,거래처 원장(온·오프라인 통합),미착수,김동학,Y,미정,김동학,rule-track,print-kb/wiki/policy/custom-dev.md#CST-06 · L4 사유: 온·오프라인 통합 원장 + 계좌관리. 전부 CUSTOM.,사는 시스템도 단계 기본 담당도 못 짚음(D5 프린트머니 등) — 실측·결정 필요,print-kb/wiki/policy/custom-dev.md#CST-06 · L4 사유: 온·오프라인 통합 원장 + 계좌관리. 전부 CUSTOM.
STD-B2B-009,T6,D5,원장 데이터 파일 생성(.txt 연계),미착수,김동학,Y,미정,김동학,rule-track,print-quote/04_design/ia.md §2.3 SM-A-02 .txt 생성 · L4 사유: .txt 연계 생성 미구현.,사는 시스템도 단계 기본 담당도 못 짚음(D5 프린트머니 등) — 실측·결정 필요,print-quote/04_design/ia.md §2.3 SM-A-02 .txt 생성 · L4 사유: .txt 연계 생성 미구현.
STD-B2B-010,T5,E1,대량 견적 요청 접수·회신,미착수,김동학,Y,재배정,최숙진,rule-step,SB-056 absent(문의 라우트 부재),사는 시스템 미확인 — 단계 E1 기본 담당과 불일치(약한 근거·실측 필요),SB-056 absent(문의 라우트 부재)
STD-B2B-011,T5,E1,견적서 발행(사업자 양식),미착수,김동학,Y,재배정,최숙진,rule-step,print-quote/04_design/ia.md §2.1 대량견적 파생 · L4 사유: F-051 견적서 생성·다운로드는 L4a 도메인 std 와도 물린다 — legacy 1:N 공유(§4-2).,사는 시스템 미확인 — 단계 E1 기본 담당과 불일치(약한 근거·실측 필요),print-quote/04_design/ia.md §2.1 대량견적 파생 · L4 사유: F-051 견적서 생성·다운로드는 L4a 도메인 std 와도 물린다 — legacy 1:N 공유(§4-2).
STD-B2B-012,T5,D4,세금계산서 일괄 발행,미착수,미정,Y,미정,미정,rule-track,SB-053 stub — document-section.tsx:1-6 · D-18 endpoint='(호출 지점 없음)',사내 4담당 경계 밖(외부·미정) — 이번 재판정 대상 아님,SB-053 stub — document-section.tsx:1-6 · D-18 endpoint='(호출 지점 없음)'
STD-B2B-013,T5,E1,[구IA#45] 거래처관리 (등록/수정/처리),미실측,신우진,Y,재배정,최숙진,merged-owner_side,merged.csv t48:86 owner_side/system=shopby,셀러어드민 설정·운영(코드 0),docs/huni/후니프린팅_IA.xlsx 「IA 확인」 No.45 · webadmin 사이드바 33화면에 거래처 없음 @ 2026-09-16 21:28 · 셀러어드민 미확인(R1d)
STD-B2B-014,T5,E1,[구IA#46] 매장게시판,미실측,신우진,Y,재배정,최숙진,merged-owner_side,merged.csv t48:2 owner_side/system=shopby,셀러어드민 설정·운영(코드 0),IA No.46 매장게시판 · webadmin 해당 없음 @ 2026-09-16 21:28
STD-B2B-015,T6,D5,[구IA#91] 주문관리-후불결제,미실측,신우진,Y,미정,신우진,rule-track,IA No.91 주문관리-후불결제 · 9/15 회의 결제수단 표(가상계좌 미신청·토스 제외) · webadmin 없음,사는 시스템도 단계 기본 담당도 못 짚음(D5 프린트머니 등) — 실측·결정 필요,IA No.91 주문관리-후불결제 · 9/15 회의 결제수단 표(가상계좌 미신청·토스 제외) · webadmin 없음
STD-ADP-001,T2,A1,사이즈 마스터 등록·관리,작동,서희항,N,담당맞음,서희항,merged-owner_side,"merged.csv t49:122,t49:166 owner_side/system=webadmin",,https://huni-admin.printly.co.kr/admin/catalog/tsizsizes/@2026-09-16 21:28
STD-ADP-002,T2,A1,소재(자재) 마스터 등록·관리,작동,서희항,N,담당맞음,서희항,merged-owner_side,"merged.csv t49:104,t49:118,t49:120 owner_side/system=webadmin",,https://huni-admin.printly.co.kr/admin/master/mat/@2026-09-16 21:28
STD-ADP-003,T2,A1,용지·평량 마스터 관리,작동,서희항,N,담당맞음,서희항,merged-owner_side,"merged.csv t49:106,t49:107,t49:108 owner_side/system=webadmin",,https://huni-admin.printly.co.kr/admin/paper-management/@2026-09-16 21:28
STD-ADP-004,T2,A1,도수/색상 코드 관리,작동,서희항,N,담당맞음,서희항,merged-owner_side,"merged.csv t49:110,t49:119,t49:167 owner_side/system=webadmin",,https://huni-admin.printly.co.kr/admin/catalog/tclrcolorcounts/@2026-09-16 21:28
STD-ADP-005,T2,A1,공정(후가공) 마스터 관리,작동,서희항,N,담당맞음,서희항,merged-owner_side,"merged.csv t49:105,t49:111,t49:121 owner_side/system=webadmin",,https://huni-admin.printly.co.kr/admin/master/proc/@2026-09-16 21:33
STD-ADP-006,T2,A1,공정 택일그룹 관리,구현-미검증,서희항,Y,담당맞음,서희항,evidence-path,raw/webadmin/webadmin/catalog/admin.py:1595 '(제거됨 — Phase 7/07-08) 공정 택일그룹 모델: 옵션그룹으로 흡수·DROP' · raw/webadmin/webadmin/c,,raw/webadmin/webadmin/catalog/admin.py:1595 '(제거됨 — Phase 7/07-08) 공정 택일그룹 모델: 옵션그룹으로 흡수·DROP' · raw/webadmin/webadmin/config/urls.py:356-360 옵션그룹 CRUD
STD-ADP-007,T2,A1,판형(출력판형)·판걸이수 관리,작동,서희항,N,담당맞음,서희항,merged-owner_side,merged.csv t49:168 owner_side/system=webadmin,,https://huni-admin.printly.co.kr/admin/product-viewer/?prd=PRD_000069@2026-09-16 21:30
STD-ADP-008,T2,A1,제본 방식 마스터 관리,구현-미검증,서희항,Y,담당맞음,서희항,merged-owner_side,"merged.csv t49:101,t49:102,t49:112 owner_side/system=webadmin",,raw/webadmin/webadmin/config/urls.py:320-330 책등(spine) 계산 규칙 · raw/webadmin/webadmin/catalog/spine_calc.py:1
STD-ADP-009,T2,A1,기초코드 논리삭제·이름변경 정책 적용,작동,서희항,N,담당맞음,서희항,merged-owner_side,"merged.csv t49:97,t49:98,t49:103 owner_side/system=webadmin",,https://huni-admin.printly.co.kr/admin/basecode-master/@2026-09-16 21:28
STD-ADP-010,T2,A1,인쇄/제본 상품 등록,작동,서희항,N,담당맞음,서희항,merged-owner_side,"merged.csv t49:164,t49:165,t49:174 owner_side/system=webadmin",,https://huni-admin.printly.co.kr/admin/product-viewer/@2026-09-16 21:28
STD-ADP-011,T2,A1,굿즈 상품 등록,작동,서희항,N,담당맞음,서희항,evidence-path,https://huni-admin.printly.co.kr/admin/product-viewer/?prd=PRD_000146@2026-09-16 21:30,,https://huni-admin.printly.co.kr/admin/product-viewer/?prd=PRD_000146@2026-09-16 21:30
STD-ADP-012,T2,A1,포장재 상품 등록,작동,서희항,N,담당맞음,서희항,merged-owner_side,merged.csv t49:178 owner_side/system=webadmin,,https://huni-admin.printly.co.kr/admin/sku-catalog/@2026-09-16 21:28
STD-ADP-013,T2,A1,상품-카테고리 귀속(다중분류),작동,서희항,N,담당맞음,서희항,merged-owner_side,merged.csv t49:194 owner_side/system=webadmin,,https://huni-admin.printly.co.kr/admin/catalog/tprdproducts/@2026-09-16 21:32
STD-ADP-014,T2,A1,상품 진열/노출 상태 관리,작동,서희항,N,담당맞음,서희항,merged-owner_side,"merged.csv t49:153,t49:154,t49:155 owner_side/system=webadmin",,https://huni-admin.printly.co.kr/admin/catalog/tprdproducts/@2026-09-16 21:32
STD-ADP-015,T2,A1,상품 상세페이지 콘텐츠 편집,부분,김동학,Y,담당맞음,김동학,manual-read,huni-skin-shopby/src/app/(main)/product/[slug]/page.tsx:49-56,"스킨은 fetchPublishedDetailTabs 로 발행된 탭을 읽고, 편집 화면은 pagebuilder(vibe-canvas) 쪽이다. **페이지빌더 담당 = 김동학(지니 결정 260919)** 이므로 조회·편집이 같은 사람에게 있다 — 분할 불요",huni-skin-shopby/src/app/(main)/product/[slug]/page.tsx:51-56 Pie Canvas 발행 상세탭 조회
STD-ADP-016,T2,A1,셋트(부품조립) 상품 구성 관리,작동,서희항,N,담당맞음,서희항,merged-owner_side,"merged.csv t49:175,t49:176,t49:177 owner_side/system=webadmin",,https://huni-admin.printly.co.kr/admin/set-products/@2026-09-16 21:28
STD-ADP-017,T2,A3,상품별 옵션그룹 구성,구현-미검증,서희항,Y,담당맞음,서희항,merged-owner_side,"merged.csv t49:161,t49:163,t49:270 owner_side/system=webadmin,widget","여러 시스템에 걸치나 담당은 한 사람(webadmin,widget)",raw/webadmin/webadmin/config/urls.py:356-360 옵션그룹/옵션/항목 CRUD
STD-ADP-018,T2,A3,옵션 항목 ↔ 차원 참조 연결,작동,서희항,N,담당맞음,서희항,merged-owner_side,"merged.csv t49:141,t49:162,t49:185 owner_side/system=webadmin",,https://huni-admin.printly.co.kr/admin/tmpl-combo-md/@2026-09-16 21:28
STD-ADP-019,T2,A3,옵션 참조 무결성 검증,구현-미검증,서희항,Y,담당맞음,서희항,evidence-path,raw/webadmin/webadmin/config/urls.py:373 상품 유효성 검증(validate),,raw/webadmin/webadmin/config/urls.py:373 상품 유효성 검증(validate)
STD-ADP-020,T2,A3,추가상품 템플릿 구성,작동,서희항,N,담당맞음,서희항,merged-owner_side,"merged.csv t49:172,t49:179,t49:180 owner_side/system=webadmin",,https://huni-admin.printly.co.kr/admin/sku-catalog/@2026-09-16 21:28
STD-ADP-021,T2,A3,제약규칙 등록(UI 폼빌더),구현-미검증,서희항,Y,담당맞음,서희항,merged-owner_side,merged.csv t49:134 owner_side/system=webadmin,,raw/webadmin/webadmin/config/urls.py:371 제약규칙(JSONLogic) 관리 · raw/webadmin/webadmin/catalog/models.py:801 제약 모델
STD-ADP-022,T2,A3,제약규칙 시뮬레이션·미리보기,구현-미검증,서희항,Y,담당맞음,서희항,merged-owner_side,"merged.csv t49:88,t49:198 owner_side/system=webadmin",,raw/webadmin/webadmin/config/urls.py:169 price_sim_constraints — '제약 cascade: 현재 선택 → 각 차원 불가값(비활성)'
STD-ADP-023,T2,A2,가격공식 등록·상품 바인딩,작동,서희항,N,담당맞음,서희항,merged-owner_side,"merged.csv t49:73,t49:74,t49:75 owner_side/system=webadmin",,https://huni-admin.printly.co.kr/admin/price-viewer/?prd=PRD_000069@2026-09-16 21:30
STD-ADP-024,T2,A2,가격구성요소 등록·차원 지정,작동,서희항,N,담당맞음,서희항,merged-owner_side,"merged.csv t49:69,t49:71,t49:82 owner_side/system=webadmin",,https://huni-admin.printly.co.kr/admin/price-component-md/@2026-09-16 21:28
STD-ADP-025,T2,A2,단가행 일괄 등록(엑셀 업로드),구현-미검증,서희항,Y,담당맞음,서희항,merged-owner_side,"merged.csv t49:77,t49:78,t49:79 owner_side/system=webadmin",,raw/webadmin/webadmin/catalog/price_views.py:1650 '그리드에 보이는 행이 곧 이 구성요소의 전체 단가표(엑셀처럼)' · raw/webadmin/webadmin/catalog/templates/catalog/comp_price_grid_page.html:142-145 엑셀 복사·붙여넣기
STD-ADP-026,T2,A2,단가유형(단가형/합가형) 설정,구현-미검증,서희항,Y,담당맞음,서희항,merged-owner_side,merged.csv t49:70 owner_side/system=webadmin,,raw/webadmin/webadmin/catalog/admin.py:2816 'Phase 11: 사용차원 순서지정 위젯 + 단가유형 그룹제한(basecodes prc_typ_cd)'
STD-ADP-027,T2,A2,수량구간 할인테이블 관리,작동,서희항,N,담당맞음,서희항,merged-owner_side,"merged.csv t49:64,t49:65,t49:66 owner_side/system=webadmin",,https://huni-admin.printly.co.kr/admin/discount-table-md/@2026-09-16 21:28
STD-ADP-028,T2,A2,면적 매트릭스 단가 관리,구현-미검증,서희항,Y,담당맞음,서희항,evidence-path,raw/webadmin/webadmin/config/urls.py:144-148 단가 그리드(차원 조합 행) · raw/webadmin/webadmin/catalog/pricing.py:1 evaluate_price,,raw/webadmin/webadmin/config/urls.py:144-148 단가 그리드(차원 조합 행) · raw/webadmin/webadmin/catalog/pricing.py:1 evaluate_price
STD-ADP-029,T2,A2,템플릿 직접단가 관리,작동,서희항,N,담당맞음,서희항,evidence-path,https://huni-admin.printly.co.kr/admin/price-viewer/?prd=PRD_000146@2026-09-16 21:30,,https://huni-admin.printly.co.kr/admin/price-viewer/?prd=PRD_000146@2026-09-16 21:30
STD-ADP-030,T2,A2,가격 적용시작일 기반 이력 관리,작동,서희항,N,담당맞음,서희항,merged-owner_side,"merged.csv t49:80,t49:93 owner_side/system=webadmin",,https://huni-admin.printly.co.kr/admin/price-viewer/?prd=PRD_000069@2026-09-16 21:30
STD-ADP-031,T2,A2,가격 시뮬레이터(운영자 검산),작동,서희항,N,담당맞음,서희항,merged-owner_side,"merged.csv t49:83,t49:84,t49:85 owner_side/system=webadmin",,https://huni-admin.printly.co.kr/admin/price-simulator/@2026-09-16 21:28
STD-ADP-032,T2,A2,가격뷰어(계산 결과 조회),작동,서희항,N,담당맞음,서희항,merged-owner_side,"merged.csv t49:72,t49:91,t49:92 owner_side/system=webadmin",,https://huni-admin.printly.co.kr/admin/price-viewer/@2026-09-16 21:28
STD-ADP-033,T2,A2,가격 미산출(0원) 상품 진단 리포트,작동,서희항,N,담당맞음,서희항,merged-owner_side,"merged.csv t49:181,t49:182,t49:184 owner_side/system=webadmin,widget","여러 시스템에 걸치나 담당은 한 사람(webadmin,widget)",https://huni-admin.printly.co.kr/admin/start-price/@2026-09-16 21:29
STD-ADP-034,T2,A1,수작 상품 등록,미실측,신우진,Y,재배정,서희항·최숙진,rule-step,"L3/legacy-normalized.json#F-111,IA-111,SCOPE-111 · _workspace/huni-launch-scope/02_gap/fit-gap-matrix.csv:112 · docs/hun",사는 시스템 미확인 — 단계 A1 기본 담당과 불일치(약한 근거·실측 필요),"L3/legacy-normalized.json#F-111,IA-111,SCOPE-111 · _workspace/huni-launch-scope/02_gap/fit-gap-matrix.csv:112 · docs/huni/후니프린팅_통합IA_일정_역할분담_260616.xlsx#02_IA마스터!A112:K112 || P1판정(260902): 수작 상품 등록은 셀러어드민 상품 등록 화면 소관 — 접속 보류로 확인 불가"
STD-ADP-035,T2,A1,디자인 상품 등록,작동,서희항,N,담당맞음,서희항,merged-owner_side,"merged.csv t49:135,t49:136,t49:138 owner_side/system=webadmin",,https://huni-admin.printly.co.kr/admin/design-md/@2026-09-16 21:33
STD-ADP-036,T2,A1,[구IA#59] 굿즈 카테고리관리,작동,서희항,N,담당맞음,서희항,merged-owner_side,"merged.csv t49:100,t49:99 owner_side/system=webadmin",,https://huni-admin.printly.co.kr/admin/category-master/@2026-09-16 21:28
STD-ADP-037,T2,A2,게시 위젯 가격 전수 대조(1차 최숙진 → 2차 김용기 → 3차 채훈희 승인),부분,최숙진,Y,재배정,서희항,merged-owner_side,merged.csv t49:316 owner_side/system=widget,그 일이 사는 곳=widget,후니정기미팅 정리260915.html §가격·템플릿 데이터 · 미결 1 / 후니-오픈잔여작업-실무진안내_260909.html §항목 1 · ④ 완료 기준
STD-ADO-001,T4,C5,주문 목록·검색·필터,작동,김동학,N,provided,최숙진,evidence-path,https://service.shopby.co.kr/order/list@2026-09-16 21:33,셀러어드민 기본 제공 기능이 이미 작동 — 개발 일 아님(확인·설정만),https://service.shopby.co.kr/order/list@2026-09-16 21:33
STD-ADO-002,T4,C5,주문 상세 조회(사양·파일·금액),부분,김동학,Y,재배정,서희항,manual-read,raw/webadmin/webadmin/catalog/models.py:1078-1093,TOrdOrders(t_ord_orders)·TOrdArtworks 가 webadmin 모델. 주문 상세의 사양·파일·금액 그릇이 webadmin 에 있다,raw/webadmin/webadmin/catalog/models.py:1081 TOrdArtworks(주문 원고) · raw/webadmin/webadmin/catalog/artwork_promote.py:1 tmp→order 승격
STD-ADO-003,T4,C5,주문 상태 변경(단건),부분,김동학,Y,재배정,서희항,manual-read,raw/webadmin/webadmin/catalog/models.py:1085,ord_sts(주문상태) 컬럼이 webadmin t_ord_orders. 단건 상태변경 화면은 webadmin 제네릭 admin,raw/webadmin/webadmin/catalog/models.py:1085 ord_sts(주문상태) 컬럼 + 제네릭 admin 편집
STD-ADO-004,T4,C5,주문 상태 일괄 변경,작동,김동학,N,provided,최숙진,evidence-path,https://service.shopby.co.kr/order/list@2026-09-16 21:33,셀러어드민 기본 제공 기능이 이미 작동 — 개발 일 아님(확인·설정만),https://service.shopby.co.kr/order/list@2026-09-16 21:33
STD-ADO-005,T4,C5,상태 변경 시 고객 알림 자동발송,미착수,김동학,Y,재배정,서희항·최숙진,rule-step,print-kb/wiki/policy/order-mgmt.md#OMG-03 · L4 사유: 알림톡/SMS 서비스 계약 자체가 미체결(X-SMS-CONTRACT) — 발송 배선 이전 단계,사는 시스템 미확인 — 단계 C5 기본 담당과 불일치(약한 근거·실측 필요),print-kb/wiki/policy/order-mgmt.md#OMG-03 · L4 사유: 알림톡/SMS 서비스 계약 자체가 미체결(X-SMS-CONTRACT) — 발송 배선 이전 단계
STD-ADO-006,T4,C5,주문서(작업지시서) 출력,미착수,김동학,Y,재배정,최숙진,merged-owner_side,"merged.csv t50:18,t50:27,t50:29 owner_side/system=mes",MES 현행 기능·생산 현장 운영 — 신규 개발이면 외부(MES 담당),print-quote/04_design/ia.md §2.3 SM-A-63 · L4 사유: 주문서(작업지시서) 출력 경로 부재
STD-ADO-007,T4,C5,고객 SMS/알림톡 수동 발송,작동,김동학,N,provided,최숙진,evidence-path,https://service.shopby.co.kr/order/list@2026-09-16 21:33,셀러어드민 기본 제공 기능이 이미 작동 — 개발 일 아님(확인·설정만),https://service.shopby.co.kr/order/list@2026-09-16 21:33
STD-ADO-008,T4,C4,파일 확인 처리(검판 판정),미착수,최숙진,Y,재배정,서희항,merged-owner_side,"merged.csv t50:133,t50:134 owner_side/system=pitstop",그 일이 사는 곳=pitstop,print-kb/wiki/policy/order-mgmt.md#OMG-02 · L4 사유: 원고 파일 승격(WA-052)은 있으나 검판 '판정'(합격·반려·사유) 화면이 없다. 파일 검수 기준 자체도 미확정(X-DEC-FILECHECK)
STD-ADO-009,T4,C4,재업로드 요청 발송,미착수,서희항,Y,담당맞음,서희항,rule-step,print-quote/04_design/ia.md §2.3 SM-A-62 · L4 사유: 재업로드 요청 발송 경로 부재(SMS 계약 종속),사는 시스템 미확인 — 단계 C4 기본 담당과 일치(약한 근거),print-quote/04_design/ia.md §2.3 SM-A-62 · L4 사유: 재업로드 요청 발송 경로 부재(SMS 계약 종속)
STD-ADO-010,T4,C4,검수 게이트 관리(G1 파일·G3 가공·G4 출고),미착수,최숙진,Y,담당맞음,최숙진,rule-step,print-kb/wiki/policy/order-mgmt.md#OMG-05 · L4 사유: 검수 게이트(G1 파일·G3 가공·G4 출고) 단계 관리가 기존 3개 분모 어디에도 없다. 근거출처=print-kb orde,사는 시스템 미확인 — 단계 C4 기본 담당과 일치(약한 근거),print-kb/wiki/policy/order-mgmt.md#OMG-05 · L4 사유: 검수 게이트(G1 파일·G3 가공·G4 출고) 단계 관리가 기존 3개 분모 어디에도 없다. 근거출처=print-kb order-mgmt.md#OMG-05 로 ia.md 오염 아님
STD-ADO-011,T4,C4,불량 판정·재작업 지시,미착수,최숙진,Y,담당맞음,최숙진,rule-step,print-kb/wiki/policy/operations.md#OPS-04 4단계 상태 · L4 사유: 불량 판정·재작업 지시가 기존 분모에 없다. 근거출처=print-kb operations.md#OPS-04 로 ,사는 시스템 미확인 — 단계 C4 기본 담당과 일치(약한 근거),print-kb/wiki/policy/operations.md#OPS-04 4단계 상태 · L4 사유: 불량 판정·재작업 지시가 기존 분모에 없다. 근거출처=print-kb operations.md#OPS-04 로 ia.md 오염 아님
STD-ADO-012,T4,C5,인쇄 공정 상태 트래킹,미착수,서희항,Y,재배정,최숙진,merged-owner_side,"merged.csv t50:21,t50:19,t50:20 owner_side/system=mes",MES 현행 기능·생산 현장 운영 — 신규 개발이면 외부(MES 담당),print-kb/wiki/policy/custom-dev.md#CST-08 · L4 사유: 생산정보 전달(주문→생산BOM)은 legacy 에 있으나 MES↔Front 통신 규격 미확정(X-MES-SPEC)
STD-ADO-013,T4,C5,작업 큐/일정 배정,미착수,최숙진,Y,담당맞음,최숙진,rule-step,print-quote/04_design/ia.md §2.3 TR-PROC 워크큐 · L4 사유: 작업 큐/일정 배정이 기존 분모에 없다. ★단 근거출처가 print-quote/04_design/ia.md(TR-PRO,사는 시스템 미확인 — 단계 C5 기본 담당과 일치(약한 근거),print-quote/04_design/ia.md §2.3 TR-PROC 워크큐 · L4 사유: 작업 큐/일정 배정이 기존 분모에 없다. ★단 근거출처가 print-quote/04_design/ia.md(TR-PROC 워크큐) — §4-1 오염 구역이라 '독립 발견'으로 세면 안 된다
STD-ADO-014,T4,C5,판걸이/임포지션 정보 산출,작동,서희항,N,담당맞음,서희항,evidence-path,https://huni-admin.printly.co.kr/admin/widget-builder/?prd=PRD_000069@2026-09-16 21:34,,https://huni-admin.printly.co.kr/admin/widget-builder/?prd=PRD_000069@2026-09-16 21:34
STD-ADO-015,T4,C5,생산 지시 데이터 연계(JDF/XJDF),미착수,서희항,Y,담당맞음,서희항,rule-step,print-kb/wiki/base/prepress-file.md#BPF-004 · L4 사유: 생산 지시 데이터 연계(JDF/XJDF)가 기존 분모에 없다. 근거출처=print-kb prepress-file.md#B,사는 시스템 미확인 — 단계 C5 기본 담당과 일치(약한 근거),print-kb/wiki/base/prepress-file.md#BPF-004 · L4 사유: 생산 지시 데이터 연계(JDF/XJDF)가 기존 분모에 없다. 근거출처=print-kb prepress-file.md#BPF-004 로 오염 아님
STD-ADO-016,T4,C5,바코드/라벨 출력,미착수,최숙진,Y,담당맞음,최숙진,rule-step,"print-quote/04_design/ia.md §2.3 TR-PROC-3 바코드 · L4 사유: 바코드/라벨 출력이 기존 분모에 없다. ★근거출처가 ia.md(TR-PROC-3) — 오염 구역, 독립 발견 아님",사는 시스템 미확인 — 단계 C5 기본 담당과 일치(약한 근거),"print-quote/04_design/ia.md §2.3 TR-PROC-3 바코드 · L4 사유: 바코드/라벨 출력이 기존 분모에 없다. ★근거출처가 ia.md(TR-PROC-3) — 오염 구역, 독립 발견 아님"
STD-ADO-017,T4,C5,외주 발주 등록·관리,미착수,최숙진,Y,담당맞음,최숙진,rule-step,print-kb/wiki/policy/operations.md#OPS-05 · L4 사유: 외주 발주 등록·관리가 기존 분모에 없다. 근거출처=print-kb operations.md#OPS-05 로 오염 아님,사는 시스템 미확인 — 단계 C5 기본 담당과 일치(약한 근거),print-kb/wiki/policy/operations.md#OPS-05 · L4 사유: 외주 발주 등록·관리가 기존 분모에 없다. 근거출처=print-kb operations.md#OPS-05 로 오염 아님
STD-ADO-018,T4,C5,외주 입고 전수검수 기록,미착수,최숙진,Y,담당맞음,최숙진,rule-step,print-kb/wiki/policy/operations.md#OPS-05 자체 전수검수 · L4 사유: 외주 입고 전수검수 기록이 기존 분모에 없다. 근거출처=print-kb operations.md#OPS-05 ,사는 시스템 미확인 — 단계 C5 기본 담당과 일치(약한 근거),print-kb/wiki/policy/operations.md#OPS-05 자체 전수검수 · L4 사유: 외주 입고 전수검수 기록이 기존 분모에 없다. 근거출처=print-kb operations.md#OPS-05 로 오염 아님
STD-ADO-019,T4,C5,외주 정산(월 마감),미착수,최숙진,Y,담당맞음,최숙진,rule-step,print-kb/wiki/policy/operations.md#OPS-05 · L4 사유: legacy 는 '굿즈 발주/정산 Excel' 까지만 있고 월마감 외주정산은 그 부분집합이 아니다 — 인접 legacy 가 ,사는 시스템 미확인 — 단계 C5 기본 담당과 일치(약한 근거),print-kb/wiki/policy/operations.md#OPS-05 · L4 사유: legacy 는 '굿즈 발주/정산 Excel' 까지만 있고 월마감 외주정산은 그 부분집합이 아니다 — 인접 legacy 가 있으므로 new 로 올리지 않고 todo 로 둔다
STD-ADO-020,T4,C6,송장 등록·일괄 업로드,작동,김동학,N,재배정,서희항,merged-owner_side,merged.csv t48:49 owner_side/system=webadmin,그 일이 사는 곳=webadmin,https://service.shopby.co.kr/order/list/delivery-prepare@2026-09-16 21:33
STD-ADO-021,T4,C6,출고 처리·배송중 전이,작동,김동학,N,재배정,서희항,merged-owner_side,merged.csv t48:50 owner_side/system=webadmin,그 일이 사는 곳=webadmin,https://service.shopby.co.kr/order/list/delivery-prepare@2026-09-16
STD-ADO-022,T3,D3,클레임 접수 목록·처리,작동,김동학,N,provided,최숙진,merged-owner_side,merged.csv t48:61 owner_side/system=shopby,셀러어드민 기본 제공 기능이 이미 작동 — 개발 일 아님(확인·설정만),https://service.shopby.co.kr/claim/list/cancel@2026-09-16 21:33
STD-ADO-023,T3,D3,환불 실행·정산 반영,부분,김동학,Y,재배정,최숙진,merged-owner_side,merged.csv t48:62 owner_side/system=shopby,셀러어드민 설정·운영(코드 0),huni-shopby/01_research/order-to-delivery-contract.md §4.3 estimate·account · L4 사유: PG 계약 미체결로 결제수단이 ACCOUNT/NONE 뿐(SB-032 absent) — 환불 실행 경로가 성립하지 않음
STD-ADO-024,T5,D4,증빙서류 발급 관리,미착수,김동학,Y,재배정,최숙진,merged-owner_side,merged.csv t48:51 owner_side/system=shopby,셀러어드민 설정·운영(코드 0),print-quote/04_design/ia.md §2.3 SM-A-66 · L4 사유: 고객측 증빙 화면은 정적 표 UI만(SB-053 stub)이고 발급 정책·팝빌 연동이 미결(X-TAXDOC)
STD-ADO-025,T4,C5,[구IA#86] 주문관리-인쇄/제본/굿즈 (상세),미실측,최숙진,Y,담당맞음,최숙진,rule-step,IA No.86 주문관리 상세 · 샵바이 주문관리(R1d) · webadmin 주문 화면 없음(t_ord_orders 0 @ 2026-09-16 21:32),사는 시스템 미확인 — 단계 C5 기본 담당과 일치(약한 근거),IA No.86 주문관리 상세 · 샵바이 주문관리(R1d) · webadmin 주문 화면 없음(t_ord_orders 0 @ 2026-09-16 21:32)
STD-ADO-026,T4,C5,[구IA#93] 주문상태변경 (일괄),미실측,최숙진,Y,담당맞음,최숙진,rule-step,IA No.93 주문상태 일괄변경 · 샵바이 주문 일괄처리(R1d),사는 시스템 미확인 — 단계 C5 기본 담당과 일치(약한 근거),IA No.93 주문상태 일괄변경 · 샵바이 주문 일괄처리(R1d)
STD-ADO-027,T5,D1,[구IA#94] 고객 SMS 발송,미실측,최숙진,Y,담당맞음,최숙진,merged-owner_side,merged.csv t48:36 owner_side/system=shopby,셀러어드민 설정·운영(코드 0),IA No.94 고객 SMS 발송 · docs/huni/후니정기미팅 정리260915.html SMS 발신번호 인증 완료·충전 확인 필요
STD-ADO-028,T4,C5,스모크 주문 3건·취소 클레임 1건으로 A-1/A-2/A-4 관측 완료하기,미착수,최숙진,Y,담당맞음,최숙진,evidence-path,https://service.shopby.co.kr/order/list 3개월 3건(94554271 스모크테스터·90429233·90382966) · /claim/list/cancel 6801466 취소완료[환불없음,셀러어드민 설정·운영(코드 0),https://service.shopby.co.kr/order/list 3개월 3건(94554271 스모크테스터·90429233·90382966) · /claim/list/cancel 6801466 취소완료[환불없음] 2026-09-15 (R/R1d/evidence/63-order-list-3m.txt·62-claim-cancel.txt)
STD-ADC-001,T3,D2,회원 목록·검색·상세,작동,김동학,N,provided,최숙진,evidence-path,https://service.shopby.co.kr/member/list@2026-09-16,셀러어드민 기본 제공 기능이 이미 작동 — 개발 일 아님(확인·설정만),https://service.shopby.co.kr/member/list@2026-09-16
STD-ADC-002,T3,D2,회원등급 수동 조정,미착수,김동학,Y,담당맞음,김동학,rule-step,print-kb/wiki/policy/membership-auth.md#MEM-06 · L4 사유: grade_cd ↔ 샵바이 memberGrade 매핑이 미결(X-DEC-GRADE) — 등급가가 걸려 돈 영향,사는 시스템 미확인 — 단계 D2 기본 담당과 일치(약한 근거),print-kb/wiki/policy/membership-auth.md#MEM-06 · L4 사유: grade_cd ↔ 샵바이 memberGrade 매핑이 미결(X-DEC-GRADE) — 등급가가 걸려 돈 영향
STD-ADC-003,T3,D2,탈퇴회원 관리,작동,김동학,N,provided,최숙진,evidence-path,https://service.shopby.co.kr/member/expel@2026-09-16,셀러어드민 기본 제공 기능이 이미 작동 — 개발 일 아님(확인·설정만),https://service.shopby.co.kr/member/expel@2026-09-16
STD-ADC-004,T3,D2,프린팅머니 수동 지급·차감,미착수,김동학,Y,재배정,서희항,merged-owner_side,merged.csv t48:91 owner_side/system=webadmin,그 일이 사는 곳=webadmin,print-quote/04_design/ia.md §2.3 SM-A-42 · L4 사유: 프린팅머니가 샵바이 적립금 재해석인지 별도 원장인지 미결(X-DEC-PRINTMONEY). 고객측 충전도 no-op(SB-051 stub)
STD-ADC-005,T3,D2,쿠폰 생성·발행 관리,미착수,김동학,Y,담당맞음,김동학,rule-step,print-quote/04_design/ia.md §2.3 SM-A-43 · L4 사유: 고객측 쿠폰 조회/등록은 done(SB-049)이나 운영자 발행 화면 근거 없음,사는 시스템 미확인 — 단계 D2 기본 담당과 일치(약한 근거),print-quote/04_design/ia.md §2.3 SM-A-43 · L4 사유: 고객측 쿠폰 조회/등록은 done(SB-049)이나 운영자 발행 화면 근거 없음
STD-ADC-006,T3,D2,쿠폰 등록·사용 내역 조회,작동,김동학,N,provided,최숙진,merged-owner_side,merged.csv t48:72 owner_side/system=shopby,셀러어드민 기본 제공 기능이 이미 작동 — 개발 일 아님(확인·설정만),https://service.shopby.co.kr/promotion/coupon/list@2026-09-16
STD-ADC-007,T3,A5,공지사항 관리,작동,김동학,N,provided,최숙진,evidence-path,https://service.shopby.co.kr/board/article@2026-09-16,셀러어드민 기본 제공 기능이 이미 작동 — 개발 일 아님(확인·설정만),https://service.shopby.co.kr/board/article@2026-09-16
STD-ADC-008,T3,A5,FAQ 관리,작동,김동학,N,provided,최숙진,evidence-path,https://service.shopby.co.kr/board@2026-09-16,셀러어드민 기본 제공 기능이 이미 작동 — 개발 일 아님(확인·설정만),https://service.shopby.co.kr/board@2026-09-16
STD-ADC-009,T3,A5,상품Q&A 답변 관리,작동,김동학,N,provided,최숙진,evidence-path,https://service.shopby.co.kr/product/inquiry@2026-09-16,셀러어드민 기본 제공 기능이 이미 작동 — 개발 일 아님(확인·설정만),https://service.shopby.co.kr/product/inquiry@2026-09-16
STD-ADC-010,T3,A5,1:1 문의 답변 관리,작동,김동학,N,provided,최숙진,evidence-path,https://service.shopby.co.kr/inquiry@2026-09-16,셀러어드민 기본 제공 기능이 이미 작동 — 개발 일 아님(확인·설정만),https://service.shopby.co.kr/inquiry@2026-09-16
STD-ADC-011,T3,A5,이용후기(리뷰) 관리·블라인드,작동,김동학,N,provided,최숙진,evidence-path,https://service.shopby.co.kr/review@2026-09-16,셀러어드민 기본 제공 기능이 이미 작동 — 개발 일 아님(확인·설정만),https://service.shopby.co.kr/review@2026-09-16
STD-ADC-012,T3,A5,대량견적/기업상담/디자인상담 접수 관리,미착수,김동학,Y,담당맞음,김동학,rule-step,print-quote/04_design/ia.md §2.3 SM-A-32 SM-A-33 SM-A-34 · L4 사유: 대량견적·기업상담·디자인상담 접수 관리 화면 근거 없음,사는 시스템 미확인 — 단계 A5 기본 담당과 일치(약한 근거),print-quote/04_design/ia.md §2.3 SM-A-32 SM-A-33 SM-A-34 · L4 사유: 대량견적·기업상담·디자인상담 접수 관리 화면 근거 없음
STD-ADC-013,T3,A5,메인/기획전 배너 관리,미착수,김동학,Y,담당맞음,김동학,rule-step,print-quote/04_design/ia.md §2.1 메인 · L4 사유: 메인 배너·BEST 큐레이션의 데이터원이 legacy mock 빈배열/정적 상수(SB-002 stub·SB-003 partial) — ,사는 시스템 미확인 — 단계 A5 기본 담당과 일치(약한 근거),print-quote/04_design/ia.md §2.1 메인 · L4 사유: 메인 배너·BEST 큐레이션의 데이터원이 legacy mock 빈배열/정적 상수(SB-002 stub·SB-003 partial) — 운영자가 바꿀 자리가 없다
STD-ADC-014,T3,A5,인쇄 가이드 콘텐츠 관리,구현-미검증,김동학,Y,분할,서희항+최숙진,merged-owner_side,"merged.csv t49:3,t49:147,t49:148 owner_side/system=webadmin","인쇄 가이드 콘텐츠 관리 — 관리 화면·도구=서희항 / 표시명·태그·비고 채우기=최숙진(역할①). [직접 확인 260919] raw/webadmin/webadmin/config/urls.py:73-74 guide_file_md 화면 실재 · :81-83 guide_save 주석 「표시명·태그·순서·비고만 갱신」 · _workspace/_foundation/live-snapshot/snap_20260827_1422/t_prd_guide_files.csv 504행/88상품에서 orig_file_nm·file_key 는 전건 채워졌는데 guide_nm·tags·note 는 **전건 공란** → 도구는 있고 내용이 비었다. [원장 결함] 이 행의 check_method 는 「샵바이 셀러어드민에서 화면이 열리면 완료」인데 evidence 는 webadmin 이다 — 확인처 불일치, 교정 필요",raw/webadmin/webadmin/config/urls.py:72-87 가이드파일 업로드/관리 · raw/webadmin/webadmin/catalog/s3_guide.py:266-350
STD-ADC-015,T3,A5,매장(거래처) 게시판 관리,미착수,김동학,Y,담당맞음,김동학,evidence-path,"L3/legacy-normalized.json#F-096,IA-096,SCOPE-096 · _workspace/huni-launch-scope/02_gap/fit-gap-matrix.csv:97 · docs/huni",,"L3/legacy-normalized.json#F-096,IA-096,SCOPE-096 · _workspace/huni-launch-scope/02_gap/fit-gap-matrix.csv:97 · docs/huni/후니프린팅_통합IA_일정_역할분담_260616.xlsx#02_IA마스터!A97:K97 || P1판정(260902): huni-skin-shopby 전수 grep '거래처 게시판|매장' 0건 · 운영자 기능은 셀러어드민 소관"
STD-ADC-016,T3,A5,체험단 모집·신청내역 관리(운영자),미착수,김동학,Y,담당맞음,김동학,evidence-path,"L3/legacy-normalized.json#F-121,IA-121,SCOPE-121 · _workspace/huni-launch-scope/02_gap/fit-gap-matrix.csv:122 · docs/hun",,"L3/legacy-normalized.json#F-121,IA-121,SCOPE-121 · _workspace/huni-launch-scope/02_gap/fit-gap-matrix.csv:122 · docs/huni/후니프린팅_통합IA_일정_역할분담_260616.xlsx#02_IA마스터!A122:K122 || P1판정(260902): huni-skin-shopby 전수 grep '체험단' 0건"
STD-ADC-017,T3,D2,[구IA#73] 회원관리 (주문내역/정보확인),미실측,최숙진,Y,담당맞음,최숙진,merged-owner_side,merged.csv t48:85 owner_side/system=shopby,셀러어드민 설정·운영(코드 0),IA No.73 회원관리 · 샵바이 회원관리(R1d)
STD-FIN-001,T5,E1,월별 매출 통계,작동,김동학,N,provided,최숙진,evidence-path,https://service.shopby.co.kr/statistic/sales/period@2026-09-16 21:33,셀러어드민 기본 제공 기능이 이미 작동 — 개발 일 아님(확인·설정만),https://service.shopby.co.kr/statistic/sales/period@2026-09-16 21:33
STD-FIN-002,T5,E1,일별/기간별 매출 조회,작동,김동학,N,provided,최숙진,evidence-path,https://service.shopby.co.kr/statistic/sales/period@2026-09-16 21:33,셀러어드민 기본 제공 기능이 이미 작동 — 개발 일 아님(확인·설정만),https://service.shopby.co.kr/statistic/sales/period@2026-09-16 21:33
STD-FIN-003,T5,E1,결제수단별 매출 집계,작동,김동학,N,provided,최숙진,evidence-path,https://service.shopby.co.kr/statistic/sales/period@2026-09-16 21:33,셀러어드민 기본 제공 기능이 이미 작동 — 개발 일 아님(확인·설정만),https://service.shopby.co.kr/statistic/sales/period@2026-09-16 21:33
STD-FIN-004,T5,E1,상품별 판매 통계,작동,김동학,N,provided,최숙진,evidence-path,https://service.shopby.co.kr/statistic/sales/period@2026-09-16 21:33,셀러어드민 기본 제공 기능이 이미 작동 — 개발 일 아님(확인·설정만),https://service.shopby.co.kr/statistic/sales/period@2026-09-16 21:33
STD-FIN-005,T5,E1,상품군별 매출 비중,작동,김동학,N,provided,최숙진,evidence-path,https://service.shopby.co.kr/statistic/sales/period@2026-09-16 21:33,셀러어드민 기본 제공 기능이 이미 작동 — 개발 일 아님(확인·설정만),https://service.shopby.co.kr/statistic/sales/period@2026-09-16 21:33
STD-FIN-006,T5,E1,회원/비회원 주문 비중,작동,김동학,N,provided,최숙진,evidence-path,https://service.shopby.co.kr/statistic/sales/period@2026-09-16 21:33,셀러어드민 기본 제공 기능이 이미 작동 — 개발 일 아님(확인·설정만),https://service.shopby.co.kr/statistic/sales/period@2026-09-16 21:33
STD-FIN-007,T5,E1,공정/팀별 작업량 통계,미착수,최숙진,Y,담당맞음,최숙진,merged-owner_side,merged.csv t50:57 owner_side/system=mes,MES 현행 기능·생산 현장 운영 — 신규 개발이면 외부(MES 담당),print-kb/wiki/policy/custom-dev.md#CST-09 · L4 사유: 제작상품 팀별통계(Excel)가 legacy 에 있으나 구현 근거 없음
STD-FIN-008,T5,E1,PG 정산 대사,미착수,김동학,Y,재배정,최숙진,rule-step,print-kb/wiki/policy/order-payment.md#PAY-02 · L4 사유: 샵바이 정산이 라인 salePrice/addPrice 를 권위로 쓰는지 미관측(X-SETTLE-AUTH) — 대사 설계,사는 시스템 미확인 — 단계 E1 기본 담당과 불일치(약한 근거·실측 필요),print-kb/wiki/policy/order-payment.md#PAY-02 · L4 사유: 샵바이 정산이 라인 salePrice/addPrice 를 권위로 쓰는지 미관측(X-SETTLE-AUTH) — 대사 설계 이전 단계
STD-FIN-009,T5,E1,적립금(프린팅머니) 부채 집계,미착수,김동학,Y,재배정,최숙진,rule-step,print-kb/wiki/policy/mypage.md#MYP-02 · L4 사유: 고객측 포인트 잔액 조회는 done(SB-050)이나 부채 집계 화면 없음. 적립금 만료 기본값도 미명문화(X-MIG-EXPIRY),사는 시스템 미확인 — 단계 E1 기본 담당과 불일치(약한 근거·실측 필요),print-kb/wiki/policy/mypage.md#MYP-02 · L4 사유: 고객측 포인트 잔액 조회는 done(SB-050)이나 부채 집계 화면 없음. 적립금 만료 기본값도 미명문화(X-MIG-EXPIRY)
STD-FIN-010,T5,E1,외주 발주/정산 엑셀 산출,미착수,김동학,Y,재배정,최숙진,rule-step,print-quote/04_design/ia.md §2.3 SM-A-55 · L4 사유: 굿즈 발주/정산 Excel 이 legacy 에 있으나 구현 근거 없음,사는 시스템 미확인 — 단계 E1 기본 담당과 불일치(약한 근거·실측 필요),print-quote/04_design/ia.md §2.3 SM-A-55 · L4 사유: 굿즈 발주/정산 Excel 이 legacy 에 있으나 구현 근거 없음
STD-FIN-011,T5,E1,쿠폰/할인 사용액 집계,작동,김동학,N,provided,최숙진,evidence-path,https://service.shopby.co.kr/statistic/promotion/additionalDiscount@2026-09-16,셀러어드민 기본 제공 기능이 이미 작동 — 개발 일 아님(확인·설정만),https://service.shopby.co.kr/statistic/promotion/additionalDiscount@2026-09-16
STD-FIN-012,T5,E1,통계·주문 데이터 엑셀 내보내기,미착수,김동학,Y,재배정,최숙진,rule-step,print-quote/04_design/ia.md §2.3 SM-A-56 팀별통계 Excel · L4 사유: 엑셀 내보내기는 legacy 통계 2건에 부분 포함(1:N) — 전역 내보내기 기능으로는 미구현,사는 시스템 미확인 — 단계 E1 기본 담당과 불일치(약한 근거·실측 필요),print-quote/04_design/ia.md §2.3 SM-A-56 팀별통계 Excel · L4 사유: 엑셀 내보내기는 legacy 통계 2건에 부분 포함(1:N) — 전역 내보내기 기능으로는 미구현
STD-FIN-013,T5,E1,[구IA#47] 계좌관리 (원장용 계좌 등록),미착수,신우진,Y,재배정,최숙진,rule-step,docs/huni/후니정기미팅 정리260915.html 「프린팅머니 원장 — 후니 웹어드민이 잔액·원장 보유 · 배치 미정」,사는 시스템 미확인 — 단계 E1 기본 담당과 불일치(약한 근거·실측 필요),docs/huni/후니정기미팅 정리260915.html 「프린팅머니 원장 — 후니 웹어드민이 잔액·원장 보유 · 배치 미정」
STD-FIN-014,T5,E1,[구IA#49] 업체별 미수금,미착수,신우진,Y,재배정,최숙진,rule-step,IA No.49 업체별 미수금 · 9/15 회의 원장 배치 미정 · webadmin 해당 화면 없음 @ 2026-09-16 21:28,사는 시스템 미확인 — 단계 E1 기본 담당과 불일치(약한 근거·실측 필요),IA No.49 업체별 미수금 · 9/15 회의 원장 배치 미정 · webadmin 해당 화면 없음 @ 2026-09-16 21:28
STD-FIN-015,T5,E1,[구IA#79] 인쇄/제본 상품통계 (상세보기),미실측,신우진,Y,재배정,최숙진,merged-owner_side,merged.csv t48:68 owner_side/system=shopby,셀러어드민 설정·운영(코드 0),IA No.79 인쇄/제본 상품통계 · webadmin 통계 화면 없음 @ 2026-09-16 21:28 · 샵바이 통계(R1d)
STD-FIN-016,T5,E1,[구IA#80] 굿즈 상품통계 (상세보기),미실측,신우진,Y,재배정,최숙진,merged-owner_side,merged.csv t48:69 owner_side/system=shopby,셀러어드민 설정·운영(코드 0),IA No.80 굿즈 상품통계 · 동 79
STD-FIN-017,T5,E1,[구IA#81] 패키지 상품통계 (상세보기),미실측,신우진,Y,재배정,최숙진,merged-owner_side,merged.csv t48:70 owner_side/system=shopby,셀러어드민 설정·운영(코드 0),IA No.81 패키지 상품통계 · 동 79
STD-FIN-018,T5,E1,[구IA#82] 수작 상품통계 (상세보기),미실측,신우진,Y,재배정,최숙진,merged-owner_side,merged.csv t48:71 owner_side/system=shopby,셀러어드민 설정·운영(코드 0),IA No.82 수작 상품통계 · 동 79
STD-FIN-019,T5,E1,[구IA#84] 굿즈 발주/정산 (Excel 다운),미착수,최숙진,Y,담당맞음,최숙진,rule-step,IA No.84 굿즈 발주/정산 Excel · MES 현행(auto-vs-human §2.7) · webadmin 없음 @ 2026-09-16 21:28,사는 시스템 미확인 — 단계 E1 기본 담당과 일치(약한 근거),IA No.84 굿즈 발주/정산 Excel · MES 현행(auto-vs-human §2.7) · webadmin 없음 @ 2026-09-16 21:28
STD-FIN-020,T5,E1,"가상계좌 정산한도 1,000만 원 초과 시 처리 방안",미착수,외부(토스페이먼츠),Y,미정,외부(토스페이먼츠),rule-track,후니정기미팅 정리260915.html §프린팅머니 · 미결 4,사내 4담당 경계 밖(외부·미정) — 이번 재판정 대상 아님,후니정기미팅 정리260915.html §프린팅머니 · 미결 4
STD-FIN-021,T5,E1,적립금·증빙 데이터의 MS·이카운트 연동 방식,미착수,김용기,Y,재배정,최숙진,rule-step,"후니정기미팅 정리260915.html §증빙서류 · 미결 3 / 후니-오픈잔여작업-실무진안내_260909.html §항목 4 · 결정 필요 — 증빙서류, 이카운트 연동 방안",사는 시스템 미확인 — 단계 E1 기본 담당과 불일치(약한 근거·실측 필요),"후니정기미팅 정리260915.html §증빙서류 · 미결 3 / 후니-오픈잔여작업-실무진안내_260909.html §항목 4 · 결정 필요 — 증빙서류, 이카운트 연동 방안"
STD-SYS-001,T5,E1,관리자 계정 등록·관리,부분,김동학,Y,담당맞음,김동학,evidence-path,SB-059 stub — huni-skin-shopby/src/app/(admin)/admin/page.tsx:1-8 (자리표시) · WA-058 partial — raw/webadmin/webadmin/catalo,,SB-059 stub — huni-skin-shopby/src/app/(admin)/admin/page.tsx:1-8 (자리표시) · WA-058 partial — raw/webadmin/webadmin/catalog/admin.py:2242-2310
STD-SYS-002,T5,E1,역할 기반 세분 권한 제어,부분,김동학,Y,담당맞음,김동학,evidence-path,SB-060 partial — huni-skin-shopby/src/proxy.ts:21-23 (ADMIN 검사 미활성 주석) · src/lib/api/hooks/use-admins.ts:20,,SB-060 partial — huni-skin-shopby/src/proxy.ts:21-23 (ADMIN 검사 미활성 주석) · src/lib/api/hooks/use-admins.ts:20
STD-SYS-003,T5,E1,관리자 작업 감사로그,작동,김동학,N,provided,최숙진,evidence-path,https://service.shopby.co.kr/PrivacyAccessHistories@2026-09-16,셀러어드민 기본 제공 기능이 이미 작동 — 개발 일 아님(확인·설정만),https://service.shopby.co.kr/PrivacyAccessHistories@2026-09-16
STD-SYS-004,T5,E1,PG 연동 설정,부분,김동학,Y,재배정,최숙진,merged-owner_side,merged.csv t48:18 owner_side/system=shopby,셀러어드민 설정·운영(코드 0),SB-033 done — huni-skin-shopby/src/lib/payments/ncp-pay.ts:47-70 · src/app/api/pay-config/route.ts:8 / SB-032 absent — src/components/checkout/checkout-form.tsx:8-9 ('PG 연동은 후속 — 현재는 무통장만 동작')
STD-SYS-005,T5,E1,배송비 정책 설정,부분,김동학,Y,재배정,최숙진,merged-owner_side,merged.csv t48:32 owner_side/system=shopby,셀러어드민 설정·운영(코드 0),print-kb/wiki/policy/shipping.md#SHIP-02 · L4 사유: 도서산간 권역 정책 미확정(1차 W7-9).
STD-SYS-006,T5,E1,알림(SMS/알림톡/이메일) 템플릿 설정,미착수,김동학,Y,재배정,최숙진,merged-owner_side,merged.csv t48:42 owner_side/system=shopby,셀러어드민 설정·운영(코드 0),print-kb/wiki/policy/order-mgmt.md#OMG-03 · L4 사유: 알림 템플릿 관리 L2 무근거. 계약 선행.
STD-SYS-007,T4,C3,커머스 플랫폼 API 인증·토큰 관리,작동,김동학,N,담당맞음,김동학,merged-owner_side,merged.csv t48:195 owner_side/system=huni-mall,,https://shopby.huniprinting.co.kr/product/136578124@2026-09-16 21:29
STD-SYS-008,T4,C3,인쇄 도메인 DB ↔ 커머스 상품 동기화,부분,김동학,Y,재배정,서희항,manual-read,raw/webadmin/webadmin/catalog/shopby_sync.py:118 sync_main_images · :315 sync_front_display · catalog/shopby_client.py:1-16,"[범위 한정] shopby_sync.py 가 실제로 미는 축은 **메인이미지(:118)와 전시 frontDisplayYn(:315) 둘뿐**이고, 공통 API 클라이언트는 shopby_client.py 다. 시작가·옵션 등 나머지 상품 축의 push 코드는 이 파일에 없다(시작가는 스킨이 webadmin GET /api/w/v1/catalog 를 당겨가는 pull — STD-CAT-043 참조). 그래도 결론은 유지: 존재하는 동기화 코드는 전부 webadmin 안에 살고 스킨 코드 0 · merged t48:35 owner_side=webadmin 와 일치. 행이 말하는 「상품 동기화」 전체 범위는 아직 구현 미완이라 status=부분이다",WA-045 done — raw/webadmin/webadmin/catalog/shopby_sync.py:1-30 · WA-046 done — catalog/shopby_client.py:1-50 · SB-015 partial — huni-skin-shopby/src/lib/printly/product-code-map.ts:41-49 (수동 7건만 등록)
STD-SYS-009,T4,C3,가격 계산 결과 카트 주입 브리지,작동,김동학,N,담당맞음,김동학,merged-owner_side,merged.csv t48:210 owner_side/system=huni-mall,,https://shopby.huniprinting.co.kr/cart@2026-09-16 21:27
STD-SYS-010,T4,C3,원고 저장소(스토리지) 연동,구현-미검증,김동학,Y,재배정,서희항,evidence-path,WA-037 raw/webadmin/webadmin/config/urls.py:251 upload/presign · catalog/s3_artwork.py:208-280 · WA-052 catalog/artwork_,그 일이 사는 곳=webadmin,WA-037 raw/webadmin/webadmin/config/urls.py:251 upload/presign · catalog/s3_artwork.py:208-280 · WA-052 catalog/artwork_promote.py:1
STD-SYS-011,T4,C3,디자인 에디터 외부 서비스 연동,부분,미정,Y,미정,미정,evidence-path,WA-041 done — raw/webadmin/webadmin/config/urls.py:274-275 · catalog/edicus_lookup.py:214-260 · WA-047 done — catalog/ed,사내 4담당 경계 밖(외부·미정) — 이번 재판정 대상 아님,WA-041 done — raw/webadmin/webadmin/config/urls.py:274-275 · catalog/edicus_lookup.py:214-260 · WA-047 done — catalog/edicus_views.py:278-674 / SB-020 stub — huni-skin-shopby/src/components/product/configurator-actions.tsx:170-176
STD-SYS-012,T4,C3,본인인증 서비스 연동,부분,신우진,Y,재배정,김동학,merged-owner_side,merged.csv t48:271 owner_side/system=huni-mall,그 일이 사는 곳=huni-mall,SB-043 absent(grep 무결과) · L2 D-17 endpoint='(호출 지점 없음)'
STD-SYS-013,T4,C3,우편번호/주소 검색 서비스 연동,작동,김동학,N,담당맞음,김동학,merged-owner_side,merged.csv t48:250 owner_side/system=huni-mall,,https://shopby.huniprinting.co.kr/checkout/202609160243938684@2026-09-16 21:33
STD-SYS-014,T4,C3,택배사 배송추적 연동,부분,김동학,Y,담당맞음,김동학,merged-owner_side,merged.csv t48:146 owner_side/system=huni-mall,,huni-shopby/01_research/order-to-delivery-contract.md §2.1 deliveryCompanyType · L4 사유: 택배사 연동·송장·배송추적 경로 미확인. L2 연계서비스 18건에도 택배사 없음.
STD-SYS-015,T4,C3,웹 로그/전환 분석 도구 연동,미착수,김동학,Y,담당맞음,김동학,merged-owner_side,merged.csv t48:220 owner_side/system=huni-mall,,[L4b보강] huni-skin-shopby/src 전역 gtag|GA4|googletagmanager|analytics grep 무결과
STD-SYS-016,T7,E4,주문/결제 실패 모니터링·알림,부분,김동학,Y,재배정,서희항,evidence-path,WA-055 done — raw/webadmin/webadmin/catalog/abuse_log.py:1 · rate_alerts.py:61-75 (텔레그램 알림),그 일이 사는 곳=webadmin,WA-055 done — raw/webadmin/webadmin/catalog/abuse_log.py:1 · rate_alerts.py:61-75 (텔레그램 알림)
STD-SYS-017,T7,E4,데이터 백업·복구 절차,미착수,김동학,Y,재배정,서희항,rule-track,print-kb/wiki/huni/load-path.md 적재 경로 안전장치 · L4 사유: DB 스냅샷·복구 리허설 미확인.,데이터 백업·복구 절차 = 관리서버·DB 영역(T1 인프라와 같은 손). PM 은 만들지 않는다,print-kb/wiki/huni/load-path.md 적재 경로 안전장치 · L4 사유: DB 스냅샷·복구 리허설 미확인.
STD-SYS-018,T7,E4,개인정보 보관·파기 정책 적용,작동,김동학,N,담당맞음,김동학,evidence-path,https://shopby.huniprinting.co.kr/privacy@2026-09-16 21:27,,https://shopby.huniprinting.co.kr/privacy@2026-09-16 21:27
STD-SYS-019,T7,E4,반응형/모바일 대응,미착수,김동학,Y,담당맞음,김동학,rule-track,print-story/02_capture/order-flow-steps.md §A 위젯 높이 2130px 실측 · L4 사유: new — 반응형은 전 화면 횡단 품질축이라 화면 단위 legacy 분모에 행이 없다. ,반응형/모바일 대응 = 스킨 전 화면 품질축. PM 은 만들지 않는다 — 현 구현 담당 유지,print-story/02_capture/order-flow-steps.md §A 위젯 높이 2130px 실측 · L4 사유: new — 반응형은 전 화면 횡단 품질축이라 화면 단위 legacy 분모에 행이 없다. 근거 print-story 실측(오염 아님). L2 가 판정하지 않아 상태 미상.
STD-SYS-020,T7,E4,SEO 메타·사이트맵,미착수,김동학,Y,담당맞음,김동학,evidence-path,[L4b보강] huni-skin-shopby/src 전역 sitemap|robots grep 무결과,,[L4b보강] huni-skin-shopby/src 전역 sitemap|robots grep 무결과
STD-SYS-021,T7,E4,페이지 빌더(운영자 화면 편집),미착수,김동학,Y,담당맞음,김동학,merged-owner_side,"merged.csv t49:5,t49:7,t49:8 owner_side/system=pagebuilder",,print-quote/04_design/ia.md §2.3 빌더 트랙 · L4 사유: 페이지빌더 게이트 NO-GO — 문서 정본 승격 불가. 15건 전부 미해소.
STD-SYS-022,T7,E4,구 사이트 → 신규 사이트 URL 리다이렉트,미착수,김동학,Y,담당맞음,김동학,rule-track,print-kb/wiki/policy/membership-auth.md#MEM-01 마이그레이션 파생 · L4 사유: 구 URL 리다이렉트 맵·이전 사이트 종료 계획 미확인.,구→신규 URL 리다이렉트 = 스킨 라우팅·도메인. PM 은 만들지 않는다 — 현 구현 담당 유지,print-kb/wiki/policy/membership-auth.md#MEM-01 마이그레이션 파생 · L4 사유: 구 URL 리다이렉트 맵·이전 사이트 종료 계획 미확인.
STD-SYS-023,T4,C3,담기 전달값의 민감정보 비노출·서명 검증(계약 준수),미착수,김동학,Y,담당맞음,김동학,merged-owner_side,merged.csv t48:211 owner_side/system=huni-mall,,L0/N3/ARCHITECTURE-v2.md §10 A-13 (토큰·원고 저장키·프로젝트 식별자 평문 노출) · §3.2 · §8 I-2
STD-SYS-024,T1,E2,보호 라우트 리다이렉트가 vercel.app 도메인으로 튐(마이페이지·/admin),미착수,김동학,Y,담당맞음,김동학,merged-owner_side,merged.csv t48:196 owner_side/system=huni-mall,,https://shopby.huniprinting.co.kr/mypage → https://huni-skin-shopby.vercel.app/login?callbackUrl=%2Fmypage @ 2026-09-16 21:27
STD-SYS-025,T5,E1,[구IA#44] 관리자 등록/관리,부분,최숙진,Y,재배정,서희항,evidence-path,https://huni-admin.printly.co.kr/admin/auth/user/ 4행 @ 2026-09-16 21:28 (webadmin 관리자) · 샵바이 운영자 등록은 셀러어드민(R1d),그 일이 사는 곳=webadmin,https://huni-admin.printly.co.kr/admin/auth/user/ 4행 @ 2026-09-16 21:28 (webadmin 관리자) · 샵바이 운영자 등록은 셀러어드민(R1d)
STD-SYS-026,T7,E4,오픈·안정화 후 유지보수 내부 인력 이관,미착수,서희항,Y,담당맞음,서희항,rule-track,후니정기미팅 정리260915.html §개발 역할 분담 · 확정 2,유지보수 내부 인력 이관 = 기술 총괄(CTO) 안건,후니정기미팅 정리260915.html §개발 역할 분담 · 확정 2
STD-SYS-027,T7,E4,기술 책임 총괄 = CTO 서희항 대표,미착수,서희항,Y,불필요,—,rule-track,후니정기미팅 정리260915.html §개발 역할 분담 · 확정 3,「기술 책임 총괄 = CTO 서희항」은 확정 사실 기록이지 작업 행이 아니다 — 원장에서 작업으로 세지 말 것,후니정기미팅 정리260915.html §개발 역할 분담 · 확정 3
STD-SYS-028,T5,E1,webadmin 영역 분리(쇼핑몰 관리자 영역 / DB·생산 영역),미착수,신우진,Y,담당맞음,신우진,rule-track,후니정기미팅 정리260915.html §개발 역할 분담 · 미결 1,webadmin 영역 분리 = 조직·범위 결정,후니정기미팅 정리260915.html §개발 역할 분담 · 미결 1
STD-SYS-029,T4,C3,SMS 발신번호 인증 완료,구현-미검증,최숙진,Y,담당맞음,최숙진,merged-owner_side,merged.csv t48:43 owner_side/system=shopby,셀러어드민 설정·운영(코드 0),후니정기미팅 정리260915.html §회원·로그인·인증 · 확정 3
STD-SYS-030,T4,C3,테스트용 SMS 충전 완료 여부 확인,미착수,최숙진,Y,담당맞음,최숙진,merged-owner_side,merged.csv t48:44 owner_side/system=shopby,셀러어드민 설정·운영(코드 0),후니정기미팅 정리260915.html §회원·로그인·인증 · 미결 2
STD-SYS-031,T4,C3,PitStop 서버 환경 확보(Windows·RAM 16GB·AWS 별도 인스턴스),미착수,미정,Y,미정,미정,merged-owner_side,merged.csv t50:113 owner_side/system=pitstop,사내 4담당 경계 밖(외부·미정) — 이번 재판정 대상 아님,후니정기미팅 정리260915.html §PDF 프리플라이트 · 미결 2
STD-SYS-032,T7,E4,오픈 목표일 확정 + 2주 테스트 시나리오,부분,채훈희,Y,담당맞음,채훈희,rule-track,후니정기미팅 정리260915.html §일정·설계 · 미결 1 / 후니-오픈잔여작업-실무진안내_260909.html §항목 6 · ④ 완료 기준,결정·조율 안건 — PM/대표가 맞다,후니정기미팅 정리260915.html §일정·설계 · 미결 1 / 후니-오픈잔여작업-실무진안내_260909.html §항목 6 · ④ 완료 기준
STD-SYS-033,T7,E4,사이트 전체 화면·절차 설계(버튼 동작·결제 단계 기능 가능 여부·비용 정리 후 컨펌),미착수,신우진,Y,담당맞음,신우진,rule-track,후니정기미팅 정리260915.html §일정·설계 · 미결 2,사이트 전체 화면·절차 설계 = PM 안건,후니정기미팅 정리260915.html §일정·설계 · 미결 2
STD-SYS-034,T5,E1,"SMS 사용설정 「사용」 전환 + 포인트 충전(현재 1,000P·사용 안 함)",미착수,최숙진,Y,담당맞음,최숙진,merged-owner_side,merged.csv t48:45 owner_side/system=shopby,셀러어드민 설정·운영(코드 0),"https://service.shopby.co.kr/pro/premium/sms/main/config @ 2026-09-16 21:31 — SMS 사용설정 「사용 안 함」·잔여 1,000P(SMS 1,000건/알림톡 1,666건)·발신번호 02-3409-8853 등록·부족알림 사용(100P) (R/R1d/evidence/30-sms-config.png)"
STD-SYS-035,T5,E1,알림톡 사용여부 「사용함」 + 주문배송 항목 선택 + 템플릿 검수,미착수,최숙진,Y,담당맞음,최숙진,merged-owner_side,merged.csv t48:46 owner_side/system=shopby,셀러어드민 설정·운영(코드 0),https://service.shopby.co.kr/pro/premium/kakao/notification/config @ 2026-09-16 21:31~21:34 — 채널 @huniprinting·발신프로필키 등록·알림톡 사용여부 「사용 안 함」·주문배송 항목 전부 「사용 안 함」·템플릿 관리 0건 (R/R1d/evidence/31-kakao-alimtalk.png·33-alimtalk-order-delivery.png·35-alimtalk-template-list.txt)
STD-SYS-036,T1,E2,쇼핑몰 도메인·SNS 콜백 URL 정합(shopby.huniprinting.com / shoby.huniprinting.com / shoby.huniprinting.co.kr),미착수,김동학,Y,담당맞음,김동학,merged-owner_side,merged.csv t48:197 owner_side/system=huni-mall,,https://service.shopby.co.kr/mall/modification/81683 @ 2026-09-16 21:31 — PC 웹 도메인 https://shopby.huniprinting.com/ · 모바일 웹 https://shoby.huniprinting.com · SNS 콜백 PC https://shoby.huniprinting.co.kr/callback/auth-callback · 실제 신규몰(p1)=https://shopby.huniprinting.co.kr/ (R/R1d/evidence/20-mall-list.txt·24-mall-modification.txt)
STD-SYS-037,T5,E1,기초정보 사업자 정보 입력(회사명·사업자등록번호·통신판매업신고번호·주소·개인정보책임자),미착수,최숙진,Y,담당맞음,최숙진,merged-owner_side,merged.csv t48:19 owner_side/system=shopby,셀러어드민 설정·운영(코드 0),"https://service.shopby.co.kr/service @ 2026-09-16 21:33 — 회사명·사업자등록번호·통신판매업 신고번호·주소·업종/업태·개인정보보호책임자 빈칸 · 대표자명 「대표 운영자」 · API serviceBasicInfo companyName="""" (R/R1d/evidence/72-service-basic.txt)"
STD-SYS-038,T5,E1,실무진 운영자 계정 생성 + 권한그룹(현재 마스터 1·권한그룹 0),미착수,최숙진,Y,담당맞음,최숙진,merged-owner_side,merged.csv t48:47 owner_side/system=shopby,셀러어드민 설정·운영(코드 0),https://service.shopby.co.kr/admin/list·/authorityGroup/list @ 2026-09-16 21:33 (R/R1d/evidence/52-admin-list.txt·53-authority-group.txt)
STD-SYS-039,T4,C3,웹훅 등록 화면 위치 확인(셀러어드민 내 미발견) 및 등록 여부,미착수,김동학,Y,재배정,최숙진,evidence-path,https://service.shopby.co.kr 전체메뉴 98링크 중 webhook 0 · 앱 상세(Huni Admin) 항목=설치정보·API 권한 8종만 · Server API GET /webhooks 404·,셀러어드민 설정·운영(코드 0),https://service.shopby.co.kr 전체메뉴 98링크 중 webhook 0 · 앱 상세(Huni Admin) 항목=설치정보·API 권한 8종만 · Server API GET /webhooks 404·/webhooks/failed 400 (R/R1d/evidence/01-fullmenu-links.txt·42-app-huni-admin-detail.txt·api-get-log.txt)
STD-SYS-040,T1,E2,발송전용 e-mail 도메인(gmail) 정리·자동 메일 도메인 인증,미착수,최숙진,Y,담당맞음,최숙진,merged-owner_side,merged.csv t48:20 owner_side/system=shopby,셀러어드민 설정·운영(코드 0),https://service.shopby.co.kr/mall/modification/81683 @ 2026-09-16 21:31 — 고객센터/발송전용 e메일 [연락처 마스킹] · 화면 안내 「개인/회사 소유 도메인은 SPF/DKIM/DMARC 인증 필요」 · /mail/dispatch 발송 메일 동일 (R/R1d/evidence/24-mall-modification.txt·32-mail-dispatch.txt)
STD-SYS-041,T4,C3,상품 텍스트옵션 라벨 huni_token 미등록 확정(U-2) → 스킨 담기 구현 정합,미착수,김동학,Y,분할,김동학+신우진,rule-track,"API GET /products/136578130 mallProductInputs=[huni_order, huni_item] (huni_token 없음) @ 2026-09-16 21:31 (R/R1d/evidence",결정 안건이 실무 담당에게 걸려 있다 — 결정(PM)/실행(담당) 분리,"API GET /products/136578130 mallProductInputs=[huni_order, huni_item] (huni_token 없음) @ 2026-09-16 21:31 (R/R1d/evidence/api-server-product-sample.json) · Q0 label-check 226건 참조"
STD-SYS-042,T5,E1,"관리자 대시보드(/admin) 존폐 결정 — 빈 스캐폴드이며 role 이 항상 ""user"" 라 누구도 진입 불가",미착수,신우진,Y,담당맞음,신우진,evidence-path,"huni-skin-shopby/src/app/(admin)/admin/page.tsx:2-8 스캐폴드 · src/lib/auth/auth.ts:161 `token.role = ""user""` 무조건 · src/app/",/admin 존폐 = 결정 안건,"huni-skin-shopby/src/app/(admin)/admin/page.tsx:2-8 스캐폴드 · src/lib/auth/auth.ts:161 `token.role = ""user""` 무조건 · src/app/(admin)/layout.tsx:19 admin 아니면 / · SPEC-TAKEOVER-001 U-16"
STD-SYS-043,T7,E4,[보안 Critical] /api/shopby 서버(파트너) API 범용 프록시가 인증·경로 화이트리스트 없이 파트너 비밀 토큰 중계,미착수,김동학,Y,담당맞음,김동학,evidence-path,huni-skin-shopby/src/app/api/shopby/[...path]/route.ts:20-30 가드 없음 · artifacts/audit/iteration-1/report.md:27-33 C1·35 H,,huni-skin-shopby/src/app/api/shopby/[...path]/route.ts:20-30 가드 없음 · artifacts/audit/iteration-1/report.md:27-33 C1·35 H1 · 포크 huni-skin-next/src/lib/api/server/shopby-proxy-guard.ts(default-deny)
STD-SYS-044,T7,E4,전역 오류 화면(error.tsx·not-found.tsx·global-error.tsx) 부재 — Next 기본 404/500 노출,미착수,김동학,Y,담당맞음,김동학,evidence-path,`find huni-skin-shopby/src/app -maxdepth 2 -name error.tsx|not-found.tsx|global-error.tsx` 0개 · 포크 huni-skin-next/src/ap,,`find huni-skin-shopby/src/app -maxdepth 2 -name error.tsx|not-found.tsx|global-error.tsx` 0개 · 포크 huni-skin-next/src/app/{error·global-error·not-found}.tsx 존재
STD-SYS-045,T4,C3,후니 위젯 서버키 헤더(X-Huni-Server-Key) 전송 배선 — 제공자가 WAPI_SERVER_KEY_REQUIRED 를 켜면 재견적이 403,미착수,김동학,Y,분할,김동학+서희항,merged-owner_side,"merged.csv t48:198,t49:200,t49:201 owner_side/system=huni-mall,webadmin,widget","두 시스템에 걸침(huni-mall,webadmin,widget) — 행을 나눠 각자에게",huni-skin-shopby/src grep `X-Huni-Server-Key` 0곳 · huni-skin-next/src/lib/printly/server-key.ts(포크 구현·commit 6231dc4) · SPEC-TAKEOVER-001 spec.md:43·D-4
STD-SYS-046,T7,E4,공지 본문·상품설명 HTML 무필터 렌더(저장형 XSS 여지) — sanitize 적용,미착수,김동학,Y,담당맞음,김동학,evidence-path,huni-skin-shopby/src/app/(main)/notice/[articleNo]/page.tsx:69 · src/components/product/configurator.tsx:77 dangerouslyS,,huni-skin-shopby/src/app/(main)/notice/[articleNo]/page.tsx:69 · src/components/product/configurator.tsx:77 dangerouslySetInnerHTML · audit report.md:77 M3 · 포크 huni-skin-next/src/lib/security/sanitize.ts
STD-SYS-047,T7,E4,보안 응답 헤더/CSP 부재(next.config.ts 에 headers() 없음),미착수,김동학,Y,담당맞음,김동학,evidence-path,huni-skin-shopby/next.config.ts:1-17 headers 없음 · SPEC-TAKEOVER-001 spec.md:46 · 포크 M3(commit 348a8f4) CSP Report-Only,,huni-skin-shopby/next.config.ts:1-17 headers 없음 · SPEC-TAKEOVER-001 spec.md:46 · 포크 M3(commit 348a8f4) CSP Report-Only
STD-SYS-048,T7,E4,회귀 테스트 0개·CI 없음 — 포크의 특성화 테스트(14파일·108케이스)·ci.yml 이식,미착수,김동학,Y,담당맞음,김동학,evidence-path,`find huni-skin-shopby/src -name '*.test.*'` 0 · .github/workflows/ 에 label-sync.yml 만 · 포크 huni-skin-next: 14 test file,,`find huni-skin-shopby/src -name '*.test.*'` 0 · .github/workflows/ 에 label-sync.yml 만 · 포크 huni-skin-next: 14 test files·.github/workflows/ci.yml(commit ed448b7·77b43cd)
STD-SYS-049,T4,C3,Railway `vc_v_product_detail_tabs` 직접 SELECT — pg.Pool 타임아웃 없음·DDL 소유자 미정(계약 협상),미착수,김동학,Y,담당맞음,김동학,merged-owner_side,merged.csv t48:199 owner_side/system=huni-mall,,huni-skin-shopby/src/lib/printly/publications.ts:48-56 Pool 옵션 없음·84-85 SELECT · SPEC-TAKEOVER-001 D-2 · 포크 M5(commit 5366dac) 타임아웃 적용
STD-SYS-050,T7,E4,huni-skin-next 포크(SPEC-TAKEOVER-001 M0~M7·20커밋·remote 없음) 처리 결정 — 원본 main 에 선별 이식 vs 폐기,미착수,신우진,Y,분할,신우진+김동학,evidence-path,huni-skin-shopby/.git/info/exclude:7 `huni-skin-next/` · huni-skin-next `git remote` 0 · `git log 0f65b32..HEAD` 20 · 원본,"포크 처리 「결정」은 PM, 선별 이식 「구현」은 스킨 담당",huni-skin-shopby/.git/info/exclude:7 `huni-skin-next/` · huni-skin-next `git remote` 0 · `git log 0f65b32..HEAD` 20 · 원본 9/10~9/15 4커밋 미반영
STD-SYS-051,T7,E4,미병합 로컬 브랜치·워크트리 7개 정리(WT-* 6 + release/0.2.0) — 유효 변경 유무 확인 후 삭제,미착수,김동학,Y,담당맞음,김동학,evidence-path,`git -C huni-skin-shopby branch --no-merged main` 7개 · `git worktree list` .claude/worktrees/{t1·t2·t3·t9·t10·t11·releas,,`git -C huni-skin-shopby branch --no-merged main` 7개 · `git worktree list` .claude/worktrees/{t1·t2·t3·t9·t10·t11·release-0.2.0}
STD-SYS-052,T1,E2,환경변수 정합 — 코드 참조 vs .env.example vs vercel-env-push.sh 불일치(HUNI_WIDGET_SITE_KEY·SHOPBY_NOTICE_BOARD_NO 예시 누락 · DEMO_AUTH_* 미사용 · GRAPHQL 2종 잔존),미착수,김동학,Y,담당맞음,김동학,merged-owner_side,merged.csv t48:200 owner_side/system=huni-mall,,huni-skin-shopby/.env.example(21키) · scripts/vercel-env-push.sh(GRAPHQL_BRIDGE_SECRET·NEXT_PUBLIC_GRAPHQL_ENDPOINT) · src/lib/api/server/board.ts:14 · 포크 t10 commit 8ff573a
STD-SYS-053,T5,E1,Prisma 로컬 DB(23테이블·DATABASE_URL) 존폐 — 코드 소비자 0(src/lib/prisma.ts 만),미착수,김동학,Y,담당맞음,김동학,evidence-path,`grep -rn '@/lib/prisma' huni-skin-shopby/src` 0(정의 파일 제외) · prisma/README.md:3 · package.json postinstall `prisma gener,,`grep -rn '@/lib/prisma' huni-skin-shopby/src` 0(정의 파일 제외) · prisma/README.md:3 · package.json postinstall `prisma generate` · SPEC-TAKEOVER-001 U-6
STD-SYS-054,T7,E4,운영 console.error 24건·요청 ID 없는 진단 로그 → 구조화 로그·요청 ID 이식,미착수,김동학,Y,담당맞음,김동학,evidence-path,`grep -rnE 'console\.(log|error|warn)' huni-skin-shopby/src` 24 · audit report.md:71 M2 · 포크 huni-skin-next/src/lib/obse,,`grep -rnE 'console\.(log|error|warn)' huni-skin-shopby/src` 24 · audit report.md:71 M2 · 포크 huni-skin-next/src/lib/observability/{logger·request-id}.ts(commit f692a43)
STD-MFG-001,T4,C5,주문 등록 API 수신(자사몰→우리·site_key/order_no/line_no/token),부분,서희항,Y,담당맞음,서희항,manual-read,raw/webadmin/webadmin/config/urls.py:268,api/w/v1/order/register 수신 엔드포인트가 webadmin urls.py 에 실재(주석 「쇼핑몰이 주문 생성 직후 부른다」). 수신측=서희항,raw/webadmin/webadmin/config/urls.py:268 POST /api/w/v1/order/register · order-to-mes-process.md §8.0 SF-1 || P1판정(260902): raw/webadmin/webadmin/config/urls.py:268 api_order_register · §11 0단계 [x]
STD-MFG-002,T4,C5,주문 등록 멱등 처리(재시도 already:true·같은 자리 다른 사양 409),부분,서희항,Y,담당맞음,서희항,evidence-path,"order-to-mes-process.md §8.0 SF-1 · §11 0단계 || P1판정(260902): raw/webadmin/webadmin/catalog/widget_api.py:4314,4329 _ord_",,"order-to-mes-process.md §8.0 SF-1 · §11 0단계 || P1판정(260902): raw/webadmin/webadmin/catalog/widget_api.py:4314,4329 _ord_row_response(already=False/True) · §11 0단계 [x]"
STD-MFG-003,T4,C5,결제 사양 전문 보관(t_ord_orders·서명 token 검증 후 전개),부분,서희항,Y,담당맞음,서희항,evidence-path,order-to-mes-process.md §6.5 · raw/webadmin/webadmin/catalog/models.py:1043 TOrdOrders || P1판정(260902): raw/webadmin/web,,order-to-mes-process.md §6.5 · raw/webadmin/webadmin/catalog/models.py:1043 TOrdOrders || P1판정(260902): raw/webadmin/webadmin/catalog/models.py:1043 TOrdOrders · §6.5
STD-MFG-004,T4,C5,원고 승격 tmp→order 버킷 CopyObject,부분,서희항,Y,담당맞음,서희항,evidence-path,raw/webadmin/webadmin/catalog/artwork_promote.py · order-to-mes-process.md §4-2 || P1판정(260902): raw/webadmin/webadmin/c,,raw/webadmin/webadmin/catalog/artwork_promote.py · order-to-mes-process.md §4-2 || P1판정(260902): raw/webadmin/webadmin/catalog/artwork_promote.py:179 S3.copy_to_order · §11 1단계 [x]
STD-MFG-005,T4,C5,승격 시 원본 실존·크기 실측 대조(head_object) fail-closed,부분,서희항,Y,담당맞음,서희항,evidence-path,artwork_promote.py:161 _promote_one · order-to-mes-process.md §4 승격 검증 || P1판정(260902): raw/webadmin/webadmin/catalog/ar,,artwork_promote.py:161 _promote_one · order-to-mes-process.md §4 승격 검증 || P1판정(260902): raw/webadmin/webadmin/catalog/artwork_promote.py:165 S3.head_object · :161 _promote_one
STD-MFG-006,T4,C5,승격 실패 시 주문 보류(HOLD)+사유 기록,부분,서희항,Y,담당맞음,서희항,evidence-path,artwork_promote.py:51 ORD_HOLD · order-to-mes-process.md §11 1단계 || P1판정(260902): raw/webadmin/webadmin/catalog/artwork_,,artwork_promote.py:51 ORD_HOLD · order-to-mes-process.md §11 1단계 || P1판정(260902): raw/webadmin/webadmin/catalog/artwork_promote.py:51 ORD_HOLD
STD-MFG-007,T4,C5,담당자용 보류 주문 목록 화면,미착수,서희항,Y,담당맞음,서희항,evidence-path,order-to-mes-process.md §11 1단계 미체크(남음) || P1판정(260902): §11 1단계 「(남음) 담당자용 보류 주문 목록 화면」 — 미체크,,order-to-mes-process.md §11 1단계 미체크(남음) || P1판정(260902): §11 1단계 「(남음) 담당자용 보류 주문 목록 화면」 — 미체크
STD-MFG-008,T4,C5,원고 키 회차(r{n}) 규약·재업로드 누적 보관,부분,서희항,Y,담당맞음,서희항,evidence-path,[상위:STD-ART-007] raw/webadmin/webadmin/catalog/s3_artwork.py build_order_key() · order-to-mes-process.md §4 키 규약 || P1판정,,[상위:STD-ART-007] raw/webadmin/webadmin/catalog/s3_artwork.py build_order_key() · order-to-mes-process.md §4 키 규약 || P1판정(260902): raw/webadmin/webadmin/catalog/s3_artwork.py:135 build_order_key(rev=1)
STD-MFG-009,T4,C5,MES 넘길 파일 목록 산출(t_ord_artworks 최신 회차),부분,서희항,Y,담당맞음,서희항,evidence-path,raw/webadmin/webadmin/catalog/models.py:1096 TOrdArtworks · artwork_promote.py:319 latest_artworks || P1판정(260902): raw/,,raw/webadmin/webadmin/catalog/models.py:1096 TOrdArtworks · artwork_promote.py:319 latest_artworks || P1판정(260902): raw/webadmin/webadmin/catalog/artwork_promote.py:319 latest_artworks · models.py:1096
STD-MFG-010,T4,C5,상품↔MES 품목코드(MES_ITEM_CD) 매핑 일괄 적재,부분,최숙진,Y,재배정,서희항,evidence-path,order-to-mes-process.md §11 2단계 · 라이브 실측 260902 15/269 || P1판정(260902): 입력·중복검증 UI 는 상품 편집 화면에 실재 · 라이브 실측 260902 269개 중,그 일이 사는 곳=webadmin,order-to-mes-process.md §11 2단계 · 라이브 실측 260902 15/269 || P1판정(260902): 입력·중복검증 UI 는 상품 편집 화면에 실재 · 라이브 실측 260902 269개 중 15개만 채움 · §11 2단계 미체크
STD-MFG-011,T4,C5,MES 품목코드 중복 검증(부분 유니크·삭제상품 점유 명시),부분,서희항,Y,담당맞음,서희항,evidence-path,raw/webadmin/webadmin/catalog/admin.py:2710 clean_mes_item_cd || P1판정(260902): raw/webadmin/webadmin/catalog/admin.py:27,,raw/webadmin/webadmin/catalog/admin.py:2710 clean_mes_item_cd || P1판정(260902): raw/webadmin/webadmin/catalog/admin.py:2710 clean_mes_item_cd (부분 유니크 ux_t_prd_products_mes_item_cd)
STD-MFG-012,T4,C5,MES 품목코드 매핑 현황 목록 노출,미착수,서희항,Y,담당맞음,서희항,evidence-path,order-to-mes-process.md §11 2단계 「목록에는 빠져 있어 현황 파악이 어려움」 || P1판정(260902): §11 2단계 「목록에는 빠져 있어 현황 파악이 어려움」,,order-to-mes-process.md §11 2단계 「목록에는 빠져 있어 현황 파악이 어려움」 || P1판정(260902): §11 2단계 「목록에는 빠져 있어 현황 파악이 어려움」
STD-MFG-013,T4,C5,MES-1 주문 접수 전송(WCF·주문헤더+제작사양 전문+원고 목록+handoff_id),미착수,서희항,Y,담당맞음,서희항,evidence-path,order-to-mes-process.md §8.3 MES-1 || P1판정(260902): §11 2단계 미체크 · webadmin 전수 grep 'MES_SENT|mes_send|api_mes' 0건(260902,,order-to-mes-process.md §8.3 MES-1 || P1판정(260902): §11 2단계 미체크 · webadmin 전수 grep 'MES_SENT|mes_send|api_mes' 0건(260902)
STD-MFG-014,T4,C5,MES 중복 전송 방지 도장,미착수,서희항,Y,담당맞음,서희항,evidence-path,order-to-mes-process.md §11 2단계 || P1판정(260902): §11 2단계 「중복 전송 방지 도장」 미체크 · 코드 0건,,order-to-mes-process.md §11 2단계 || P1판정(260902): §11 2단계 「중복 전송 방지 도장」 미체크 · 코드 0건
STD-MFG-015,T4,C5,MES-2 주문 취소 통보(생산중지 요청),미착수,서희항,Y,담당맞음,서희항,evidence-path,order-to-mes-process.md §8.3 MES-2 || P1판정(260902): §8.3 MES-2 · 코드 0건,,order-to-mes-process.md §8.3 MES-2 || P1판정(260902): §8.3 MES-2 · 코드 0건
STD-MFG-016,T4,C5,MES-3 원고 교체 통보(회차 증가 시 새 키 전달),미착수,서희항,Y,담당맞음,서희항,evidence-path,[상위:STD-ART-028] order-to-mes-process.md §8.3 MES-3 || P1판정(260902): §8.3 MES-3 · 코드 0건,,[상위:STD-ART-028] order-to-mes-process.md §8.3 MES-3 || P1판정(260902): §8.3 MES-3 · 코드 0건
STD-MFG-017,T4,C5,MES-4 배송지·수령자 변경 통보(출고 전 한정),미착수,서희항,Y,담당맞음,서희항,evidence-path,[상위:STD-SHP-015] order-to-mes-process.md §8.3 MES-4 || P1판정(260902): §8.3 MES-4 · 코드 0건,,[상위:STD-SHP-015] order-to-mes-process.md §8.3 MES-4 || P1판정(260902): §8.3 MES-4 · 코드 0건
STD-MFG-018,T4,C5,MES-5 주문 조회 재동기화,미착수,서희항,Y,담당맞음,서희항,evidence-path,order-to-mes-process.md §8.3 MES-5 || P1판정(260902): §8.3 MES-5 · 코드 0건,,order-to-mes-process.md §8.3 MES-5 || P1판정(260902): §8.3 MES-5 · 코드 0건
STD-MFG-019,T4,C5,MES→우리 API 인증(VPC 사설 경로+API 키·인터넷 미개방),미착수,서희항,Y,담당맞음,서희항,evidence-path,order-to-mes-process.md §8.4 인증·경로 · aws-architecture-huni.pdf p.11 §6 || P1판정(260902): §11 2단계 「우리가 제공할 API 4종 정의서」 미작성,,order-to-mes-process.md §8.4 인증·경로 · aws-architecture-huni.pdf p.11 §6 || P1판정(260902): §11 2단계 「우리가 제공할 API 4종 정의서」 미작성 · 코드 0건
STD-MFG-020,T4,C5,주문 큐 비동기 처리(SQS 디커플·MES 다운 중에도 접수 지속),미착수,서희항,Y,담당맞음,서희항,rule-step,aws-architecture-huni.pdf p.7 §3.2 || P1판정(260902): aws-architecture-huni.pdf p.7 §3.2 설계만 · SQS 코드 0건,사는 시스템 미확인 — 단계 C5 기본 담당과 일치(약한 근거),aws-architecture-huni.pdf p.7 §3.2 || P1판정(260902): aws-architecture-huni.pdf p.7 §3.2 설계만 · SQS 코드 0건
STD-MFG-021,T4,C5,실패 재시도·DLQ·처리 실패 주문 관리자 화면,미착수,서희항,Y,담당맞음,서희항,evidence-path,[상위:STD-SYS-016] order-to-mes-process.md §9.4 · aws-architecture-huni.pdf p.7 §3.2 || P1판정(260902): §11 5단계 미체크 · DLQ 코드,,[상위:STD-SYS-016] order-to-mes-process.md §9.4 · aws-architecture-huni.pdf p.7 §3.2 || P1판정(260902): §11 5단계 미체크 · DLQ 코드 0건
STD-MFG-022,T4,C7,주문 상태머신(REGISTERED/PROMOTING/PROMOTED/HOLD/PAID/FILE_CHECK/FILE_HOLD/MES_SENT/IN_PRODUCTION/PRODUCED/SHIPPED/DONE/CANCELED),부분,서희항,Y,담당맞음,서희항,evidence-path,order-to-mes-process.md §6.2 · artwork_promote.py:49-52 || P1판정(260902): raw/webadmin/webadmin/catalog/artwork_promote.p,,order-to-mes-process.md §6.2 · artwork_promote.py:49-52 || P1판정(260902): raw/webadmin/webadmin/catalog/artwork_promote.py:49-52 (REGISTERED/PROMOTING/PROMOTED/HOLD 4종 실재) · models.py:1070 ord_sts · §11 2단계 「주문 상태머신」 미체크
STD-MFG-023,T4,C7,상태 단위=주문상품옵션(orderProductOptionNo)·주문 단위는 롤업,부분,서희항,Y,담당맞음,서희항,evidence-path,order-to-mes-process.md §6.3 || P1판정(260902): raw/webadmin/webadmin/catalog/models.py:1078 shop_line_no · :1093 unique_t,,"order-to-mes-process.md §6.3 || P1판정(260902): raw/webadmin/webadmin/catalog/models.py:1078 shop_line_no · :1093 unique_together(site_cd,shop_ord_no,shop_line_no)"
STD-MFG-024,T4,C7,3시스템 매핑 테이블(handoff_id·orderNo+orderProductOptionNo·MES 작업번호),부분,서희항,Y,담당맞음,서희항,evidence-path,order-to-mes-process.md §6.4 || P1판정(260902): raw/webadmin/webadmin/catalog/models.py:1043 TOrdOrders(handoff·shop_ord_n,,order-to-mes-process.md §6.4 || P1판정(260902): raw/webadmin/webadmin/catalog/models.py:1043 TOrdOrders(handoff·shop_ord_no·shop_line_no 보유)
STD-MFG-025,T4,C7,FR-1 MES 주문 상태 변경 통보 수신(접수완료/생산대기/생산중/생산완료),미착수,서희항,Y,담당맞음,서희항,evidence-path,order-to-mes-process.md §8.4 FR-1 || P1판정(260902): §8.4 FR-1 · 코드 0건,,order-to-mes-process.md §8.4 FR-1 || P1판정(260902): §8.4 FR-1 · 코드 0건
STD-MFG-026,T4,C7,접수완료 시 취소 잠금 원자적 전환(cancelable CAS),미착수,서희항,Y,담당맞음,서희항,evidence-path,order-to-mes-process.md §7.3 || P1판정(260902): §7.3 취소 경합 CAS · §11 2단계 미체크 · 코드 0건,,order-to-mes-process.md §7.3 || P1판정(260902): §7.3 취소 경합 CAS · §11 2단계 미체크 · 코드 0건
STD-MFG-027,T4,C7,TO-2 샵바이 상품준비중 전환(취소 창구 닫기),미착수,서희항,Y,담당맞음,서희항,merged-owner_side,merged.csv t48:52 owner_side/system=webadmin,,order-to-mes-process.md §8.2 TO-2 PUT /orders/prepare-product || P1판정(260902): §8.2 TO-2 · §11 3단계 미체크 · 코드 0건
STD-MFG-028,T4,C7,FR-2 MES 송장번호 등록 수신,미착수,서희항,Y,담당맞음,서희항,evidence-path,[상위:STD-SHP-012] order-to-mes-process.md §8.4 FR-2 || P1판정(260902): §8.4 FR-2 · 코드 0건,,[상위:STD-SHP-012] order-to-mes-process.md §8.4 FR-2 || P1판정(260902): §8.4 FR-2 · 코드 0건
STD-MFG-029,T4,C7,TO-3 샵바이 배송처리(송장 등록·정정),미착수,서희항,Y,담당맞음,서희항,merged-owner_side,merged.csv t48:53 owner_side/system=webadmin,,order-to-mes-process.md §8.2 TO-3 || P1판정(260902): §8.2 TO-3 · §11 3단계 미체크 · 코드 0건
STD-MFG-030,T4,C7,우리가 올린 상태변경 웹훅 메아리 필터(무한루프 방지),미착수,서희항,Y,담당맞음,서희항,merged-owner_side,merged.csv t48:94 owner_side/system=webadmin,,order-to-mes-process.md §8.1 SB-2 분기표 || P1판정(260902): §8.1 SB-2 분기표 설계만 · 코드 0건
STD-MFG-031,T4,C7,FR-3 MES 발 주문 취소 요청 수신→샵바이 취소·환불(TO-4),미착수,서희항,Y,담당맞음,서희항,merged-owner_side,merged.csv t48:66 owner_side/system=webadmin,,order-to-mes-process.md §8.4 FR-3 · §7.2 게이트③ || P1판정(260902): §8.4 FR-3 · §8.2 TO-4 · 코드 0건
STD-MFG-032,T4,C7,FR-5 취소요청 승인·거부 수신→샵바이 클레임 처리(TO-5),미착수,서희항,Y,담당맞음,서희항,merged-owner_side,merged.csv t48:67 owner_side/system=webadmin,,[상위:STD-CLM-013] order-to-mes-process.md §8.4 FR-5 · §8.2 TO-5 || P1판정(260902): §8.4 FR-5 · §8.2 TO-5 · §11 5단계 미체크 · 코드 0건
STD-MFG-033,T4,C7,생산 시작 후 도착한 취소는 자동 처리하지 않고 담당자 에스컬레이션,미착수,서희항,Y,담당맞음,서희항,evidence-path,order-to-mes-process.md §7.3 원칙 2·3 || P1판정(260902): §7.3 원칙 2·3 설계만 · 코드 0건,,order-to-mes-process.md §7.3 원칙 2·3 || P1판정(260902): §7.3 원칙 2·3 설계만 · 코드 0건
STD-MFG-034,T4,C7,FR-7 주문 메모 기록→샵바이 업무 메시지 동기화(TO-6),미착수,서희항,Y,담당맞음,서희항,merged-owner_side,merged.csv t48:54 owner_side/system=webadmin,,order-to-mes-process.md §8.4 FR-7 · §8.2 TO-6 || P1판정(260902): §8.4 FR-7 · §8.2 TO-6 · §11 5단계 미체크 · 코드 0건
STD-MFG-035,T4,C7,MES 화면 신규 버튼(취소·재업로드 요청·취소요청 승인거부)+사유 입력,미착수,외부(상대측 회신 대기),Y,미정,외부(상대측 회신 대기),evidence-path,[상위:STD-ADO-009] order-to-mes-process.md §8.4 「MES 쪽 화면 작업(신규)」 || P1판정(260902): §8.4 「MES 쪽 화면 작업(신규)」 — MES WinForms 신,사내 4담당 경계 밖(외부·미정) — 이번 재판정 대상 아님,[상위:STD-ADO-009] order-to-mes-process.md §8.4 「MES 쪽 화면 작업(신규)」 || P1판정(260902): §8.4 「MES 쪽 화면 작업(신규)」 — MES WinForms 신규 개발
STD-MFG-036,T4,C4,원고 바이러스 온디맨드 명시 스캔,미착수,서희항,Y,담당맞음,서희항,evidence-path,raw/webadmin/docs/artwork-scan-integration.md 해법 || P1판정(260902): §11 4단계 「바이러스 검사 연결」 미체크 · artwork-scan-integration.md,,raw/webadmin/docs/artwork-scan-integration.md 해법 || P1판정(260902): §11 4단계 「바이러스 검사 연결」 미체크 · artwork-scan-integration.md 설계만
STD-MFG-037,T4,C4,바이러스 검사 3중 교차 판정(스캔결과·탐지기록·파일존재해시),미착수,서희항,Y,담당맞음,서희항,evidence-path,artwork-scan-integration.md ③ 결과 3가지 교차 확인 || P1판정(260902): artwork-scan-integration.md ③ 설계만 · 코드 0건,,artwork-scan-integration.md ③ 결과 3가지 교차 확인 || P1판정(260902): artwork-scan-integration.md ③ 설계만 · 코드 0건
STD-MFG-038,T4,C4,시그니처 신선도 확인·오래되면 보류,미착수,서희항,Y,담당맞음,서희항,evidence-path,artwork-scan-integration.md 시그니처 신선도 || P1판정(260902): artwork-scan-integration.md 시그니처 신선도 — 설계만,,artwork-scan-integration.md 시그니처 신선도 || P1판정(260902): artwork-scan-integration.md 시그니처 신선도 — 설계만
STD-MFG-039,T4,C4,스캔 실패·타임아웃은 통과가 아니라 보류(재시도 큐),미착수,서희항,Y,담당맞음,서희항,evidence-path,artwork-scan-integration.md ⚠ 주의 3 || P1판정(260902): artwork-scan-integration.md ⚠주의 3 — 설계만,,artwork-scan-integration.md ⚠ 주의 3 || P1판정(260902): artwork-scan-integration.md ⚠주의 3 — 설계만
STD-MFG-040,T4,C4,감염 파일 격리+담당자 알림+고객 재업로드 요청,미착수,서희항,Y,담당맞음,서희항,evidence-path,[상위:STD-ART-018] artwork-scan-integration.md n8n 배치 초안 || P1판정(260902): artwork-scan-integration.md n8n 배치 초안 — 설계만,,[상위:STD-ART-018] artwork-scan-integration.md n8n 배치 초안 || P1판정(260902): artwork-scan-integration.md n8n 배치 초안 — 설계만
STD-MFG-044,T4,C4,폰트 미포함 검사,미착수,서희항,Y,담당맞음,서희항,evidence-path,[구분:STD-ART-012] order-to-mes-process.md §5.2 A목록 || P1판정(260902): §5.2 A목록 · §11 4단계 미체크,,[구분:STD-ART-012] order-to-mes-process.md §5.2 A목록 || P1판정(260902): §5.2 A목록 · §11 4단계 미체크
STD-MFG-046,T4,C4,페이지 수와 주문 사양 대조,미착수,서희항,Y,담당맞음,서희항,evidence-path,order-to-mes-process.md §5.2 A목록 || P1판정(260902): §5.2 A목록 · §11 4단계 미체크,,order-to-mes-process.md §5.2 A목록 || P1판정(260902): §5.2 A목록 · §11 4단계 미체크
STD-MFG-048,T4,C4,파일 열림·손상·암호 걸림 검사,미착수,서희항,Y,provided,서희항,merged-owner_side,merged.csv t50:124 owner_side/system=pitstop,외부 제품 제공 기능(t51 work_type=provided) — 개발 일 아님. 연동·확인만 서희항,[상위:STD-ART-008] order-to-mes-process.md §5.2 A목록 || P1판정(260902): §5.2 A목록 · §11 4단계 미체크
STD-MFG-049,T4,C4,판정 3갈래 분기(자동 재업로드 요청·담당자 검수·담당자 발 요청),미착수,서희항,Y,담당맞음,서희항,merged-owner_side,"merged.csv t50:135,t50:126 owner_side/system=pitstop",,[상위:STD-ART-017] order-to-mes-process.md §5.2 표 || P1판정(260902): §5.2 3갈래 표 — 설계만 · §11 4단계 미체크
STD-MFG-050,T4,C4,자동 발송 오류 목록 관리(좁게 유지·담당자와 확정),미착수,최숙진,Y,재배정,서희항,evidence-path,order-to-mes-process.md §5.2 · §12-6 || P1판정(260902): §5.2 · §12-6 「접수담당자와 최종 확정」 — 목록 확정이 먼저,그 일이 사는 곳=webadmin,order-to-mes-process.md §5.2 · §12-6 || P1판정(260902): §5.2 · §12-6 「접수담당자와 최종 확정」 — 목록 확정이 먼저
STD-MFG-051,T4,C4,FR-6 프리플라이트 재실행 요청 수신,미착수,서희항,Y,담당맞음,서희항,merged-owner_side,merged.csv t50:128 owner_side/system=webadmin,,order-to-mes-process.md §8.4 FR-6 || P1판정(260902): §8.4 FR-6 · 코드 0건
STD-MFG-052,T4,C4,검사 감사기록 보관(검사시각·엔진시그니처버전·판정·탐지명·파일해시·PitStop 리포트),미착수,서희항,Y,담당맞음,서희항,merged-owner_side,merged.csv t50:127 owner_side/system=webadmin,,artwork-scan-integration.md 감사 기록으로 남길 것 || P1판정(260902): artwork-scan-integration.md 감사 기록 — 설계만 · 그릇 없음
STD-MFG-053,T4,C4,검사 없이 PitStop 투입 경로 차단(코드상 부재 보장),미착수,서희항,Y,담당맞음,서희항,merged-owner_side,merged.csv t50:116 owner_side/system=webadmin,,artwork-scan-integration.md 작업 폴더 정책 || P1판정(260902): artwork-scan-integration.md 작업 폴더 정책 — 설계만
STD-MFG-054,T4,C4,FR-4 재업로드 요청 수신→서명 1회성 링크 발급(주문·항목·구성원 바인딩·7일),미착수,서희항,Y,담당맞음,서희항,merged-owner_side,merged.csv t50:129 owner_side/system=webadmin,,[상위:STD-ART-018] order-to-mes-process.md §5.3 · §8.4 FR-4 || P1판정(260902): §5.3 · §8.4 FR-4 · §11 4단계 미체크
STD-MFG-055,T4,C4,재업로드 화면(위젯 업로드 컴포넌트 재사용·대상 파일 지정),미착수,서희항,Y,담당맞음,서희항,merged-owner_side,merged.csv t50:130 owner_side/system=pitstop,,[상위:STD-ART-007] order-to-mes-process.md §5.3 || P1판정(260902): §5.3 재업로드 화면 · §11 4단계 미체크
STD-MFG-056,T4,C4,재업로드 시 회차 증가+검사 자동 재실행,미착수,서희항,Y,담당맞음,서희항,merged-owner_side,merged.csv t50:131 owner_side/system=webadmin,,[상위:STD-ART-007] order-to-mes-process.md §5.3 || P1판정(260902): §5.3 · §11 4단계 미체크
STD-MFG-057,T4,C4,원고 보완 대기 중 주문상태 결제완료 유지(고객 취소권 보존),미착수,서희항,Y,담당맞음,서희항,merged-owner_side,merged.csv t50:132 owner_side/system=pitstop,,order-to-mes-process.md §5.3 마지막 문단 || P1판정(260902): §5.3 마지막 문단 — 설계만
STD-MFG-058,T4,C4,접수파일 등록(원본 그대로 사용 vs 가공 후 등록 2경로),미착수,최숙진,Y,담당맞음,최숙진,evidence-path,후니프린팅_주문프로세스_20251001.pdf p.11 §09 || P1판정(260902): auto-vs-human.md §2.2 #22 「접수파일 등록」 🧑 · §5 A-2 「MES 화면인지 신규 화면인지 미확정,MES 현행 기능·생산 현장 운영 — 신규 개발이면 외부(MES 담당),후니프린팅_주문프로세스_20251001.pdf p.11 §09 || P1판정(260902): auto-vs-human.md §2.2 #22 「접수파일 등록」 🧑 · §5 A-2 「MES 화면인지 신규 화면인지 미확정」
STD-MFG-059,T4,C4,품목관리 디자인파일여부 Y/N 로 원본 자동 접수 처리,미실측,외부(상대측 회신 대기),Y,미정,외부(상대측 회신 대기),evidence-path,후니프린팅_주문프로세스_20251001.pdf p.11 §09 case1 || P1판정(260902): PDF p.11 §09 case1 · auto-vs-human §2.2 #24 「지금」 칸이 「—」,사내 4담당 경계 밖(외부·미정) — 이번 재판정 대상 아님,후니프린팅_주문프로세스_20251001.pdf p.11 §09 case1 || P1판정(260902): PDF p.11 §09 case1 · auto-vs-human §2.2 #24 「지금」 칸이 「—」
STD-MFG-060,T4,C4,Edicus Prepress 랜더링 결과 접수파일 등록,미실측,외부(상대측 회신 대기),Y,미정,외부(상대측 회신 대기),merged-owner_side,"merged.csv t50:103,t50:72 owner_side/system=mes",사내 4담당 경계 밖(외부·미정) — 이번 재판정 대상 아님,후니프린팅_주문프로세스_20251001.pdf p.11 §09 case1 · p.1 랜더링전/랜더링완료 || P1판정(260902): PDF p.11 §09 case1 · auto-vs-human §5 A-4 「랜더링 트리거 주체 색 판독 불가」
STD-MFG-061,T4,C4,접수파일 인쇄공정 파일 기준 썸네일 자동 생성,미실측,외부(상대측 회신 대기),Y,미정,외부(상대측 회신 대기),merged-owner_side,"merged.csv t50:112,t50:73 owner_side/system=mes",사내 4담당 경계 밖(외부·미정) — 이번 재판정 대상 아님,[상위:STD-ART-019] 후니프린팅_주문프로세스_20251001.pdf p.11 §09 server · p.10 §10 || P1판정(260902): PDF p.11 §09 server · auto-vs-human §5 A-3 「server 가 어느 서버인가 미확인」
STD-MFG-062,T4,C4,AI 접수파일에 썸네일용 JPG 동반 업로드(아크릴스티커·박),미착수,최숙진,Y,담당맞음,최숙진,evidence-path,후니프린팅_주문프로세스_20251001.pdf p.11 §09 case2 || P1판정(260902): PDF p.11 §09 case2 — 현행 담당자가 JPG 동반 업로드,MES 현행 기능·생산 현장 운영 — 신규 개발이면 외부(MES 담당),후니프린팅_주문프로세스_20251001.pdf p.11 §09 case2 || P1판정(260902): PDF p.11 §09 case2 — 현행 담당자가 JPG 동반 업로드
STD-MFG-064,T4,C4,편집기 상품 수정요청·수정완료 왕복,미착수,서희항,Y,담당맞음,서희항,merged-owner_side,merged.csv t50:104 owner_side/system=edicus,,[상위:STD-ART-023] 후니프린팅_주문프로세스_20251001.pdf p.1 case3 || P1판정(260902): auto-vs-human §2.2 #37·#38 — 편집기 수정요청/수정완료 왕복 미구현
STD-MFG-065,T4,C4,출고예정일(완료예정일) 등록,미착수,최숙진,Y,담당맞음,최숙진,evidence-path,후니프린팅_주문프로세스_20251001.pdf p.10 §10 · p.1 || P1판정(260902): auto-vs-human §2.2 #26 🧑 · §5 A-2 범위 미결,MES 현행 기능·생산 현장 운영 — 신규 개발이면 외부(MES 담당),후니프린팅_주문프로세스_20251001.pdf p.10 §10 · p.1 || P1판정(260902): auto-vs-human §2.2 #26 🧑 · §5 A-2 범위 미결
STD-MFG-066,T4,C4,생산메모 입력,미착수,최숙진,Y,담당맞음,최숙진,evidence-path,후니프린팅_주문프로세스_20251001.pdf p.10 §10 || P1판정(260902): auto-vs-human §2.2 #27 🧑,MES 현행 기능·생산 현장 운영 — 신규 개발이면 외부(MES 담당),후니프린팅_주문프로세스_20251001.pdf p.10 §10 || P1판정(260902): auto-vs-human §2.2 #27 🧑
STD-MFG-067,T4,C4,작업의뢰서 출력(대표썸네일·EXCEL 다운),미착수,최숙진,Y,담당맞음,최숙진,evidence-path,[상위:STD-ADO-006] 후니프린팅_주문프로세스_20251001.pdf p.4 §04 · p.11 §09 || P1판정(260902): auto-vs-human §2.2 #28 🧑(🟩) · §5 A-2 범위 미,MES 현행 기능·생산 현장 운영 — 신규 개발이면 외부(MES 담당),[상위:STD-ADO-006] 후니프린팅_주문프로세스_20251001.pdf p.4 §04 · p.11 §09 || P1판정(260902): auto-vs-human §2.2 #28 🧑(🟩) · §5 A-2 범위 미결
STD-MFG-068,T4,C4,의뢰서 출력 시 처리표시(빨간점)·주문상태 제작중 전환,미착수,최숙진,Y,담당맞음,최숙진,evidence-path,"[상위:STD-ADO-006] 후니프린팅_주문프로세스_20251001.pdf p.10 §10 · p.11 §09 || P1판정(260902): auto-vs-human §2.2 #29·#30 — 빨간점은 🤖, 제작중",MES 현행 기능·생산 현장 운영 — 신규 개발이면 외부(MES 담당),"[상위:STD-ADO-006] 후니프린팅_주문프로세스_20251001.pdf p.10 §10 · p.11 §09 || P1판정(260902): auto-vs-human §2.2 #29·#30 — 빨간점은 🤖, 제작중 전환은 🧑(🟢)"
STD-MFG-069,T4,C4,거래처별 주문 EXCEL 다운(가격 제외),미착수,최숙진,Y,담당맞음,최숙진,evidence-path,[상위:STD-FIN-012] 후니프린팅_주문프로세스_20251001.pdf p.4 §04 마스터관리 || P1판정(260902): PDF p.4 §04 마스터관리 — 현행 MES 기능,MES 현행 기능·생산 현장 운영 — 신규 개발이면 외부(MES 담당),[상위:STD-FIN-012] 후니프린팅_주문프로세스_20251001.pdf p.4 §04 마스터관리 || P1판정(260902): PDF p.4 §04 마스터관리 — 현행 MES 기능
STD-MFG-070,T4,C4,업체별 주문등록(EXCEL 등록·파일경로 선택),미착수,최숙진,Y,담당맞음,최숙진,evidence-path,[상위:STD-ORD-027] 후니프린팅_주문프로세스_20251001.pdf p.10 §10 주문관리 || P1판정(260902): PDF p.10 §10 주문관리 — 현행 수기(EXCEL),MES 현행 기능·생산 현장 운영 — 신규 개발이면 외부(MES 담당),[상위:STD-ORD-027] 후니프린팅_주문프로세스_20251001.pdf p.10 §10 주문관리 || P1판정(260902): PDF p.10 §10 주문관리 — 현행 수기(EXCEL)
STD-MFG-071,T4,C4,OEM 주문 IMPORT(비즈하우스·후지필름·컨티뉴),미착수,최숙진,Y,담당맞음,최숙진,merged-owner_side,"merged.csv t50:31,t50:32,t50:33 owner_side/system=mes",MES 현행 기능·생산 현장 운영 — 신규 개발이면 외부(MES 담당),후니프린팅_주문프로세스_20251001.pdf p.5 §05 주문확인/등록 || P1판정(260902): auto-vs-human §2.7 #83 「전부 수기」
STD-MFG-072,T4,C5,원본 AI→PDF 변환 업로드,미착수,최숙진,Y,담당맞음,최숙진,evidence-path,[상위:STD-ART-001] 후니프린팅_주문프로세스_20251001.pdf p.10 §10 || P1판정(260902): auto-vs-human §2.2 #18 🧑 ✅현행 수기,MES 현행 기능·생산 현장 운영 — 신규 개발이면 외부(MES 담당),[상위:STD-ART-001] 후니프린팅_주문프로세스_20251001.pdf p.10 §10 || P1판정(260902): auto-vs-human §2.2 #18 🧑 ✅현행 수기
STD-MFG-073,T4,C5,인쇄파일과 칼선파일 분리하여 공정별 등록,미착수,최숙진,Y,담당맞음,최숙진,evidence-path,후니프린팅_주문프로세스_20251001.pdf p.10 §10 · p.5 §05 || P1판정(260902): auto-vs-human §2.2 #19 🧑 ✅현행 수기,MES 현행 기능·생산 현장 운영 — 신규 개발이면 외부(MES 담당),후니프린팅_주문프로세스_20251001.pdf p.10 §10 · p.5 §05 || P1판정(260902): auto-vs-human §2.2 #19 🧑 ✅현행 수기
STD-MFG-074,T4,C5,조판(판걸이+아이마크) 파일 생성,미착수,최숙진,Y,담당맞음,최숙진,evidence-path,[상위:STD-ADO-014] 후니프린팅_주문프로세스_20251001.pdf p.10 §10 · p.5 §05 조판 || P1판정(260902): auto-vs-human §2.2 #20 🧑 ✅현행 수기(조판=판단작,MES 현행 기능·생산 현장 운영 — 신규 개발이면 외부(MES 담당),[상위:STD-ADO-014] 후니프린팅_주문프로세스_20251001.pdf p.10 §10 · p.5 §05 조판 || P1판정(260902): auto-vs-human §2.2 #20 🧑 ✅현행 수기(조판=판단작업 T-M2)
STD-MFG-075,T4,C5,아크릴 원판 배치 조판(396x480·도수 구분·돔보),미착수,최숙진,Y,담당맞음,최숙진,evidence-path,후니프린팅_주문프로세스_20251001.pdf p.5 §05 조판 ⓛ || P1판정(260902): PDF p.5 §05 조판 ⓛ — 현행 수기,MES 현행 기능·생산 현장 운영 — 신규 개발이면 외부(MES 담당),후니프린팅_주문프로세스_20251001.pdf p.5 §05 조판 ⓛ || P1판정(260902): PDF p.5 §05 조판 ⓛ — 현행 수기
STD-MFG-076,T4,C5,다도안 상품 판걸이·건수·수량 기준 조판,미착수,최숙진,Y,담당맞음,최숙진,evidence-path,후니프린팅_주문프로세스_20251001.pdf p.5 §05 조판 ➂ || P1판정(260902): PDF p.5 §05 조판 ➂ — 현행 수기,MES 현행 기능·생산 현장 운영 — 신규 개발이면 외부(MES 담당),후니프린팅_주문프로세스_20251001.pdf p.5 §05 조판 ➂ || P1판정(260902): PDF p.5 §05 조판 ➂ — 현행 수기
STD-MFG-077,T4,C5,수동조판(여러 주문 취합·틴거울/아크릴/자석북마크),미착수,최숙진,Y,담당맞음,최숙진,evidence-path,후니프린팅_주문프로세스_20251001.pdf p.11 §09 수동조판 || P1판정(260902): auto-vs-human §2.2 #33 🧑 ✅현행 수기,MES 현행 기능·생산 현장 운영 — 신규 개발이면 외부(MES 담당),후니프린팅_주문프로세스_20251001.pdf p.11 §09 수동조판 || P1판정(260902): auto-vs-human §2.2 #33 🧑 ✅현행 수기
STD-MFG-078,T4,C5,파일명 자동 RENAME 규약 적용(품목_출력사이즈_양단면_소재_거래처_고객_고유번호_수량),미착수,서희항,Y,재배정,최숙진,evidence-path,후니프린팅_주문프로세스_20251001.pdf p.6 §06 || P1판정(260902): auto-vs-human §4 G-3 「100% 파일명 수동 수정」 → 자동 RENAME 은 미구현,MES 현행 기능·생산 현장 운영 — 신규 개발이면 외부(MES 담당),후니프린팅_주문프로세스_20251001.pdf p.6 §06 || P1판정(260902): auto-vs-human §4 G-3 「100% 파일명 수동 수정」 → 자동 RENAME 은 미구현
STD-MFG-079,T4,C5,상품군별 파일명 조합 규칙 8종(디지털/캘린더/스티커/실사/배너/패브릭/시트커팅/레이저커팅),미착수,서희항,Y,재배정,최숙진,evidence-path,"후니프린팅_주문프로세스_20251001.pdf p.6-7 §06 || P1판정(260902): PDF p.6-7 §06 규칙 8종 — 규약 문서만, 코드 0건",MES 현행 기능·생산 현장 운영 — 신규 개발이면 외부(MES 담당),"후니프린팅_주문프로세스_20251001.pdf p.6-7 §06 || P1판정(260902): PDF p.6-7 §06 규칙 8종 — 규약 문서만, 코드 0건"
STD-MFG-080,T4,C5,공정별 파일서버 폴더 구조(년도>발주일자) 자동 배치,미착수,최숙진,Y,담당맞음,최숙진,evidence-path,후니프린팅_주문프로세스_20251001.pdf p.12 §06-1 || P1판정(260902): PDF p.12 §06-1 — 현행 수기 배치,MES 현행 기능·생산 현장 운영 — 신규 개발이면 외부(MES 담당),후니프린팅_주문프로세스_20251001.pdf p.12 §06-1 || P1판정(260902): PDF p.12 §06-1 — 현행 수기 배치
STD-MFG-081,T4,C5,팀별 또는 담당자 파일 분리 전달(분배),미착수,최숙진,Y,담당맞음,최숙진,evidence-path,후니프린팅_주문프로세스_20251001.pdf p.5 §05 || P1판정(260902): auto-vs-human §2.2 #17 🧑 ✅현행 수기,MES 현행 기능·생산 현장 운영 — 신규 개발이면 외부(MES 담당),후니프린팅_주문프로세스_20251001.pdf p.5 §05 || P1판정(260902): auto-vs-human §2.2 #17 🧑 ✅현행 수기
STD-MFG-082,T4,C5,공정 마스터 관리(계층·상세옵션·면별선택·작업여백·고객노출설명),작동,서희항,N,담당맞음,서희항,evidence-path,https://huni-admin.printly.co.kr/admin/master/proc/@2026-09-16 21:33,,https://huni-admin.printly.co.kr/admin/master/proc/@2026-09-16 21:33
STD-MFG-083,T4,C5,상품별 공정 연결·필수공정 여부·상세옵션 허용범위,작동,서희항,N,담당맞음,서희항,evidence-path,https://huni-admin.printly.co.kr/admin/product-viewer/?prd=PRD_000146@2026-09-16 21:30,,https://huni-admin.printly.co.kr/admin/product-viewer/?prd=PRD_000146@2026-09-16 21:30
STD-MFG-084,T4,C5,공정라우트 마스터(18케이스 라우트 정의·재채번),미착수,서희항,Y,재배정,최숙진,merged-owner_side,"merged.csv t50:39,t50:40 owner_side/system=mes",MES 현행 기능·생산 현장 운영 — 신규 개발이면 외부(MES 담당),"후니프린팅_공정관리_시행초안_20260210.pdf p.1 §02 || P1판정(260902): 공정관리 시행초안 p.1 §02 — 18케이스 라우트 정의서만, 그릇 없음"
STD-MFG-085,T4,C5,라우트 단계 정의(순번·공정·필수선택·담당팀),미착수,서희항,Y,재배정,최숙진,evidence-path,후니프린팅_공정관리_시행초안_20260210.pdf p.1 §02 || P1판정(260902): 공정관리 시행초안 p.1 §02 — 설계만,MES 현행 기능·생산 현장 운영 — 신규 개발이면 외부(MES 담당),후니프린팅_공정관리_시행초안_20260210.pdf p.1 §02 || P1판정(260902): 공정관리 시행초안 p.1 §02 — 설계만
STD-MFG-086,T4,C5,상품→공정라우트 매핑,미착수,서희항,Y,재배정,최숙진,evidence-path,후니프린팅_주문프로세스_20251001.pdf p.10 §10 「상품마스터(공정) SHEET 참고」 || P1판정(260902): PDF p.10 §10 「상품마스터(공정) SHEET 참고」 — 매핑 그릇 없음,MES 현행 기능·생산 현장 운영 — 신규 개발이면 외부(MES 담당),후니프린팅_주문프로세스_20251001.pdf p.10 §10 「상품마스터(공정) SHEET 참고」 || P1판정(260902): PDF p.10 §10 「상품마스터(공정) SHEET 참고」 — 매핑 그릇 없음
STD-MFG-087,T4,C5,팀·파트 마스터(디지털인쇄/스티커가공/인쇄후가공/제본/특수인쇄가공/봉재가공/굿즈가공),미착수,최숙진,Y,담당맞음,최숙진,evidence-path,[구분:STD-ADP-005] 후니프린팅_공정관리_시행초안_20260210.pdf p.2 공정별 현황표 || P1판정(260902): 공정관리 시행초안 p.2 공정별 현황표 — 팀 7종 실재(현행 운영),MES 현행 기능·생산 현장 운영 — 신규 개발이면 외부(MES 담당),[구분:STD-ADP-005] 후니프린팅_공정관리_시행초안_20260210.pdf p.2 공정별 현황표 || P1판정(260902): 공정관리 시행초안 p.2 공정별 현황표 — 팀 7종 실재(현행 운영)
STD-MFG-088,T4,C5,공정 완료 신호 입력(출력완료·커팅완료·제본시작·봉재시작·가공시작),미착수,최숙진,Y,담당맞음,최숙진,merged-owner_side,"merged.csv t50:23,t50:22 owner_side/system=mes",MES 현행 기능·생산 현장 운영 — 신규 개발이면 외부(MES 담당),후니프린팅_공정관리_시행초안_20260210.pdf p.1 Summary || P1판정(260902): auto-vs-human §2.3 #45 🧑작업자 ✅현행 · §5 A-1 「특수인쇄가공팀 칸 비어 있음」
STD-MFG-089,T4,C5,팀 간 출고·입고 처리(봉제미싱입고·아크릴가공입고·제본입고·박작업입고),미착수,최숙진,Y,담당맞음,최숙진,merged-owner_side,merged.csv t50:24 owner_side/system=mes,MES 현행 기능·생산 현장 운영 — 신규 개발이면 외부(MES 담당),후니프린팅_공정관리_시행초안_20260210.pdf p.1 To Do List || P1판정(260902): 공정관리 시행초안 p.1 To Do List — 현행 수기
STD-MFG-090,T4,C5,앞공정 미완료 시 다음공정 차단(선후관계 interlock),미실측,외부(상대측 회신 대기),Y,미정,외부(상대측 회신 대기),evidence-path,후니프린팅_공정관리_시행초안_20260210.pdf p.1 「앞공정은 안찍으면 다음공정 못찍히게」 || P1판정(260902): auto-vs-human §5 A-5 「interlock 을 MES 가 이미 구현했는지,사내 4담당 경계 밖(외부·미정) — 이번 재판정 대상 아님,후니프린팅_공정관리_시행초안_20260210.pdf p.1 「앞공정은 안찍으면 다음공정 못찍히게」 || P1판정(260902): auto-vs-human §5 A-5 「interlock 을 MES 가 이미 구현했는지 미확인 — MES 소스 없음」
STD-MFG-091,T4,C5,팀별 파일 다운로드 권한(제작중 상태 and 생산다운여부 Y),미착수,최숙진,Y,담당맞음,최숙진,evidence-path,[상위:STD-ART-028] 후니프린팅_주문프로세스_20251001.pdf p.9 §03-1 · p.11 §09 || P1판정(260902): PDF p.9 §03-1 · p.11 §09 — 현행 MES 권한 운영,MES 현행 기능·생산 현장 운영 — 신규 개발이면 외부(MES 담당),[상위:STD-ART-028] 후니프린팅_주문프로세스_20251001.pdf p.9 §03-1 · p.11 §09 || P1판정(260902): PDF p.9 §03-1 · p.11 §09 — 현행 MES 권한 운영
STD-MFG-092,T4,C5,인쇄타입별 접수파일 포맷 규약(PDF/AI/JPG),미착수,최숙진,Y,담당맞음,최숙진,evidence-path,"후니프린팅_주문프로세스_20251001.pdf p.9 §03-1 || P1판정(260902): PDF p.9 §03-1 — 규약 존재, 현행 수기 준수",MES 현행 기능·생산 현장 운영 — 신규 개발이면 외부(MES 담당),"후니프린팅_주문프로세스_20251001.pdf p.9 §03-1 || P1판정(260902): PDF p.9 §03-1 — 규약 존재, 현행 수기 준수"
STD-MFG-093,T4,C5,파일 다운로드 시 다운로드완료 상태 자동 전환,미착수,최숙진,Y,담당맞음,최숙진,evidence-path,[구분:STD-ART-028] 후니프린팅_주문프로세스_20251001.pdf p.1 · p.11 §09 server || P1판정(260902): auto-vs-human §2.3 #43 🤖(🔴) 「지금」 칸 「—」,MES 현행 기능·생산 현장 운영 — 신규 개발이면 외부(MES 담당),[구분:STD-ART-028] 후니프린팅_주문프로세스_20251001.pdf p.1 · p.11 §09 server || P1판정(260902): auto-vs-human §2.3 #43 🤖(🔴) 「지금」 칸 「—」 · 현행 MES 자동
STD-MFG-094,T4,C5,공정별 현황표(당일발주 대기·완료 / 당일생산 주의·불량 / 당일출고),미착수,최숙진,Y,담당맞음,최숙진,evidence-path,후니프린팅_공정관리_시행초안_20260210.pdf p.2 || P1판정(260902): 공정관리 시행초안 p.2 현황표 — 현행 운영,MES 현행 기능·생산 현장 운영 — 신규 개발이면 외부(MES 담당),후니프린팅_공정관리_시행초안_20260210.pdf p.2 || P1판정(260902): 공정관리 시행초안 p.2 현황표 — 현행 운영
STD-MFG-095,T4,C5,1차 산출데이터(일별 출력량·출고건량·미출고건량·입고건량),미착수,최숙진,Y,담당맞음,최숙진,evidence-path,후니프린팅_공정관리_시행초안_20260210.pdf p.1 산출데이터 1차 || P1판정(260902): 공정관리 시행초안 p.1 산출데이터 1차 — 현행 운영,MES 현행 기능·생산 현장 운영 — 신규 개발이면 외부(MES 담당),후니프린팅_공정관리_시행초안_20260210.pdf p.1 산출데이터 1차 || P1판정(260902): 공정관리 시행초안 p.1 산출데이터 1차 — 현행 운영
STD-MFG-096,T4,C5,2차 산출데이터(팀별 입고예정·공정별 평균리드타임·평균 제작기간),미착수,서희항,Y,재배정,최숙진,evidence-path,후니프린팅_공정관리_시행초안_20260210.pdf p.1 산출데이터 2차 「공정라우트 설정 후」 || P1판정(260902): 공정관리 시행초안 p.1 산출데이터 2차 「공정라우트 설정 후」 — 084 선행,MES 현행 기능·생산 현장 운영 — 신규 개발이면 외부(MES 담당),후니프린팅_공정관리_시행초안_20260210.pdf p.1 산출데이터 2차 「공정라우트 설정 후」 || P1판정(260902): 공정관리 시행초안 p.1 산출데이터 2차 「공정라우트 설정 후」 — 084 선행
STD-MFG-098,T4,C5,자재 입·출고 관리,미착수,최숙진,Y,담당맞음,최숙진,evidence-path,후니프린팅_주문프로세스_20251001.pdf p.4 §04 생산 || P1판정(260902): PDF p.4 §04 생산 — 현행 MES 운영,MES 현행 기능·생산 현장 운영 — 신규 개발이면 외부(MES 담당),후니프린팅_주문프로세스_20251001.pdf p.4 §04 생산 || P1판정(260902): PDF p.4 §04 생산 — 현행 MES 운영
STD-MFG-099,T4,C5,셋트상품·건수(같은 사양 반복) MES 작업 분해,부분,서희항,Y,담당맞음,서희항,evidence-path,"[구분:STD-ADP-016] order-to-mes-process.md §12-11 · widget_api.py:1912,:1938 case_cnt || P1판정(260902): raw/webadmin/webadm",,"[구분:STD-ADP-016] order-to-mes-process.md §12-11 · widget_api.py:1912,:1938 case_cnt || P1판정(260902): raw/webadmin/webadmin/catalog/widget_api.py:1912 case_cnt_rule · :1938 parse_case_cnt (건수 산출은 실재)"
STD-MFG-100,T4,C5,외주처별 발주서 생성(접수파일 취합),미착수,최숙진,Y,담당맞음,최숙진,merged-owner_side,merged.csv t50:25 owner_side/system=mes,MES 현행 기능·생산 현장 운영 — 신규 개발이면 외부(MES 담당),[상위:STD-ADO-017] 후니프린팅_주문프로세스_20251001.pdf p.11 §09 외주발주 || P1판정(260902): auto-vs-human §2.2 #31 🧑 ✅현행 수기
STD-MFG-101,T4,C5,책자 상품 수량·크기 기준 선택적 외주 판단,미착수,최숙진,Y,담당맞음,최숙진,evidence-path,후니프린팅_주문프로세스_20251001.pdf p.11 §09 || P1판정(260902): auto-vs-human §2.2 #32 🧑 판단작업,MES 현행 기능·생산 현장 운영 — 신규 개발이면 외부(MES 담당),후니프린팅_주문프로세스_20251001.pdf p.11 §09 || P1판정(260902): auto-vs-human §2.2 #32 🧑 판단작업
STD-MFG-102,T4,C5,외주 파일 다운로드·업체 포맷 변환·웹하드 업로드,미착수,최숙진,Y,담당맞음,최숙진,evidence-path,[상위:STD-ADO-017] 후니프린팅_주문프로세스_20251001.pdf p.5 §05 외주발주 || P1판정(260902): auto-vs-human §2.2 #34 🧑 ✅현행 수기,MES 현행 기능·생산 현장 운영 — 신규 개발이면 외부(MES 담당),[상위:STD-ADO-017] 후니프린팅_주문프로세스_20251001.pdf p.5 §05 외주발주 || P1판정(260902): auto-vs-human §2.2 #34 🧑 ✅현행 수기
STD-MFG-103,T4,C5,외주공정 주문리스트·외주처별 생산리스트,미착수,최숙진,Y,담당맞음,최숙진,evidence-path,[상위:STD-ADO-017] 후니프린팅_주문프로세스_20251001.pdf p.4 §04 외주관리 || P1판정(260902): PDF p.4 §04 외주관리 — 현행 MES 운영,MES 현행 기능·생산 현장 운영 — 신규 개발이면 외부(MES 담당),[상위:STD-ADO-017] 후니프린팅_주문프로세스_20251001.pdf p.4 §04 외주관리 || P1판정(260902): PDF p.4 §04 외주관리 — 현행 MES 운영
STD-MFG-104,T4,C5,외주제작·외주공정 제작물 입·출고 기록,미착수,최숙진,Y,담당맞음,최숙진,evidence-path,[상위:STD-ADO-018] 후니프린팅_주문프로세스_20251001.pdf p.4 §04 외주관리 || P1판정(260902): auto-vs-human §2.3 #47 🧑외주관리자 ✅현행,MES 현행 기능·생산 현장 운영 — 신규 개발이면 외부(MES 담당),[상위:STD-ADO-018] 후니프린팅_주문프로세스_20251001.pdf p.4 §04 외주관리 || P1판정(260902): auto-vs-human §2.3 #47 🧑외주관리자 ✅현행
STD-MFG-106,T4,C6,1차포장 처리,미착수,최숙진,Y,담당맞음,최숙진,evidence-path,후니프린팅_공정관리_시행초안_20260210.pdf p.1 · p.4 §04 출고 || P1판정(260902): auto-vs-human §2.4 #49 🧑출고팀 ✅현행,MES 현행 기능·생산 현장 운영 — 신규 개발이면 외부(MES 담당),후니프린팅_공정관리_시행초안_20260210.pdf p.1 · p.4 §04 출고 || P1판정(260902): auto-vs-human §2.4 #49 🧑출고팀 ✅현행
STD-MFG-107,T4,C6,박스포장 처리(실사·대형 상품군),미착수,최숙진,Y,담당맞음,최숙진,evidence-path,후니프린팅_공정관리_시행초안_20260210.pdf p.1 Case6-8 || P1판정(260902): auto-vs-human §2.4 #53 🧑 ✅현행,MES 현행 기능·생산 현장 운영 — 신규 개발이면 외부(MES 담당),후니프린팅_공정관리_시행초안_20260210.pdf p.1 Case6-8 || P1판정(260902): auto-vs-human §2.4 #53 🧑 ✅현행
STD-MFG-108,T4,C6,제작번호별 바코드 입력→포장완료 상태변경,미착수,최숙진,Y,담당맞음,최숙진,evidence-path,[구분:STD-ADO-016] 후니프린팅_주문프로세스_20251001.pdf p.1 || P1판정(260902): auto-vs-human §2.4 #50·#51 🧑(🟩)+🤖 ✅현행,MES 현행 기능·생산 현장 운영 — 신규 개발이면 외부(MES 담당),[구분:STD-ADO-016] 후니프린팅_주문프로세스_20251001.pdf p.1 || P1판정(260902): auto-vs-human §2.4 #50·#51 🧑(🟩)+🤖 ✅현행
STD-MFG-109,T4,C6,전 상품 포장완료 시 제작완료 자동 전환,미착수,최숙진,Y,담당맞음,최숙진,evidence-path,후니프린팅_주문프로세스_20251001.pdf p.1 「if 모든상품이 포장완료이면 제작완료」 || P1판정(260902): auto-vs-human §2.4 #52 🤖(🔴) ✅현행 MES 자동,MES 현행 기능·생산 현장 운영 — 신규 개발이면 외부(MES 담당),후니프린팅_주문프로세스_20251001.pdf p.1 「if 모든상품이 포장완료이면 제작완료」 || P1판정(260902): auto-vs-human §2.4 #52 🤖(🔴) ✅현행 MES 자동
STD-MFG-110,T4,C6,주문번호별 바코드 입력→출고완료 전환,미착수,최숙진,Y,담당맞음,최숙진,merged-owner_side,"merged.csv t50:14,t50:15 owner_side/system=mes",MES 현행 기능·생산 현장 운영 — 신규 개발이면 외부(MES 담당),[구분:STD-ADO-016] 후니프린팅_주문프로세스_20251001.pdf p.1 || P1판정(260902): auto-vs-human §2.4 #57·#58 ✅현행
STD-MFG-111,T4,C6,송장 출력·송장 추가출력(택배),미착수,최숙진,Y,담당맞음,최숙진,merged-owner_side,"merged.csv t50:12,t50:13 owner_side/system=mes",MES 현행 기능·생산 현장 운영 — 신규 개발이면 외부(MES 담당),[구분:STD-ADO-020] 후니프린팅_주문프로세스_20251001.pdf p.1 case1 · p.4 §04 || P1판정(260902): auto-vs-human §2.4 #54 🧑(🟩) ✅현행
STD-MFG-112,T4,C6,납품명세서 출력(퀵),미착수,최숙진,Y,담당맞음,최숙진,evidence-path,[구분:STD-PAY-018] 후니프린팅_주문프로세스_20251001.pdf p.1 case2 · p.4 §04 || P1판정(260902): auto-vs-human §2.4 #55 🧑(🟩) ✅현행,MES 현행 기능·생산 현장 운영 — 신규 개발이면 외부(MES 담당),[구분:STD-PAY-018] 후니프린팅_주문프로세스_20251001.pdf p.1 case2 · p.4 §04 || P1판정(260902): auto-vs-human §2.4 #55 🧑(🟩) ✅현행
STD-MFG-113,T4,C6,출고명세서 출력(직접방문),미착수,최숙진,Y,담당맞음,최숙진,evidence-path,[구분:STD-PAY-018] 후니프린팅_주문프로세스_20251001.pdf p.1 case3 · p.4 §04 || P1판정(260902): auto-vs-human §2.4 #56 🧑(🟩) ✅현행,MES 현행 기능·생산 현장 운영 — 신규 개발이면 외부(MES 담당),[구분:STD-PAY-018] 후니프린팅_주문프로세스_20251001.pdf p.1 case3 · p.4 §04 || P1판정(260902): auto-vs-human §2.4 #56 🧑(🟩) ✅현행
STD-MFG-114,T4,C6,한 주문에 다중 송장 부여,미착수,김동학,Y,재배정,서희항,merged-owner_side,merged.csv t48:55 owner_side/system=webadmin,그 일이 사는 곳=webadmin,후니프린팅_주문프로세스_20251001.pdf p.5 §05 출고 Pain point || P1판정(260902): auto-vs-human §4 G-9 「한 주문 1송장 → 여러 송장」 자동화 격차 — 미구현
STD-MFG-115,T4,C6,합배송 리스트 식별,미착수,서희항,Y,재배정,최숙진,evidence-path,후니프린팅_주문프로세스_20251001.pdf p.5 §05 출고 Pain point || P1판정(260902): auto-vs-human §4 G-6 「장바구니 + 합배송」 자동화 격차 — 식별 로직 미구현,MES 현행 기능·생산 현장 운영 — 신규 개발이면 외부(MES 담당),후니프린팅_주문프로세스_20251001.pdf p.5 §05 출고 Pain point || P1판정(260902): auto-vs-human §4 G-6 「장바구니 + 합배송」 자동화 격차 — 식별 로직 미구현
STD-MFG-116,T4,C6,전 상품 출고지 단일화(오프라인 주문 외),미착수,최숙진,Y,담당맞음,최숙진,merged-owner_side,merged.csv t50:16 owner_side/system=mes,MES 현행 기능·생산 현장 운영 — 신규 개발이면 외부(MES 담당),후니프린팅_주문프로세스_20251001.pdf p.3 §03 하단 || P1판정(260902): PDF p.3 §03 하단 — 현행 정책(오프라인 주문 외 단일 출고지)
STD-MFG-117,T4,C6,재고상품(상품 액세서리) 관리,미착수,최숙진,Y,담당맞음,최숙진,evidence-path,후니프린팅_주문프로세스_20251001.pdf p.4 §04 출고 · 공정관리 PDF Case16 || P1판정(260902): PDF p.4 §04 출고 · 공정관리 PDF Case16 — 현행 운영,MES 현행 기능·생산 현장 운영 — 신규 개발이면 외부(MES 담당),후니프린팅_주문프로세스_20251001.pdf p.4 §04 출고 · 공정관리 PDF Case16 || P1판정(260902): PDF p.4 §04 출고 · 공정관리 PDF Case16 — 현행 운영
STD-MFG-118,T4,C6,제작완료 썸네일 확인 화면,미착수,최숙진,Y,담당맞음,최숙진,evidence-path,후니프린팅_주문프로세스_20251001.pdf p.4 §04 출고 ★썸네일 보는 화면 || P1판정(260902): PDF p.4 §04 출고 ★썸네일 보는 화면 — 현행 MES 화면,MES 현행 기능·생산 현장 운영 — 신규 개발이면 외부(MES 담당),후니프린팅_주문프로세스_20251001.pdf p.4 §04 출고 ★썸네일 보는 화면 || P1판정(260902): PDF p.4 §04 출고 ★썸네일 보는 화면 — 현행 MES 화면
STD-MFG-119,T4,C6,일부 재제작+재배송 지시(MES 주문복사),미착수,최숙진,Y,담당맞음,최숙진,evidence-path,[상위:STD-CLM-015] 후니프린팅_주문프로세스_20251001.pdf p.7 §07 case1 || P1판정(260902): auto-vs-human §2.6 #78 🧑MES ✅현행(주문복사),MES 현행 기능·생산 현장 운영 — 신규 개발이면 외부(MES 담당),[상위:STD-CLM-015] 후니프린팅_주문프로세스_20251001.pdf p.7 §07 case1 || P1판정(260902): auto-vs-human §2.6 #78 🧑MES ✅현행(주문복사)
STD-MFG-120,T4,C6,전체 재제작+재배송 지시,미착수,최숙진,Y,담당맞음,최숙진,evidence-path,[상위:STD-CLM-015] 후니프린팅_주문프로세스_20251001.pdf p.7 §07 case2 || P1판정(260902): auto-vs-human §2.6 #78 🧑MES ✅현행,MES 현행 기능·생산 현장 운영 — 신규 개발이면 외부(MES 담당),[상위:STD-CLM-015] 후니프린팅_주문프로세스_20251001.pdf p.7 §07 case2 || P1판정(260902): auto-vs-human §2.6 #78 🧑MES ✅현행
STD-MFG-121,T4,C6,반송 접수·반송여부 체크,미착수,최숙진,Y,담당맞음,최숙진,evidence-path,[구분:STD-CLM-005] 후니프린팅_주문프로세스_20251001.pdf p.7 §07 반송 || P1판정(260902): auto-vs-human §2.6 #79 🧑 ✅현행(Nfocus 반송요청),MES 현행 기능·생산 현장 운영 — 신규 개발이면 외부(MES 담당),[구분:STD-CLM-005] 후니프린팅_주문프로세스_20251001.pdf p.7 §07 반송 || P1판정(260902): auto-vs-human §2.6 #79 🧑 ✅현행(Nfocus 반송요청)
STD-MFG-122,T4,C6,주문 내 정산 메모필드(반송비·재제작 비용 부담),미착수,최숙진,Y,담당맞음,최숙진,evidence-path,후니프린팅_주문프로세스_20251001.pdf p.7 §07 정산관련 || P1판정(260902): PDF p.7 §07 정산관련 — 현행 메모 운영,MES 현행 기능·생산 현장 운영 — 신규 개발이면 외부(MES 담당),후니프린팅_주문프로세스_20251001.pdf p.7 §07 정산관련 || P1판정(260902): PDF p.7 §07 정산관련 — 현행 메모 운영
STD-MFG-123,T4,C6,재출고 신규송장 부여(상품누락 추가발송·교환 재발송),미착수,최숙진,Y,재배정,서희항,merged-owner_side,merged.csv t48:56 owner_side/system=webadmin,그 일이 사는 곳=webadmin,[상위:STD-SHP-012] 후니프린팅_주문프로세스_20251001.pdf p.7 §07 재출고 || P1판정(260902): PDF p.7 §07 재출고 — 현행 수기 신규송장
STD-MFG-124,T4,C6,반품·교환 웹훅 기록만 하고 MES 작업 자동생성 안 함,미착수,서희항,Y,담당맞음,서희항,merged-owner_side,merged.csv t48:95 owner_side/system=webadmin,,[상위:STD-ADO-022] order-to-mes-process.md §7.4 || P1판정(260902): §7.4 「반품·교환 웹훅은 기록만」 — 웹훅 수신함은 실재하나 클레임 분기 코드 0건
STD-MFG-125,T5,D1,파일 오류 재업로드 요청 알림톡 발송(자동·담당자 발),미착수,서희항,Y,분할,서희항+최숙진,evidence-path,[상위:STD-ART-018] order-to-mes-process.md §10 · 주문프로세스 PDF p.2 §02 || P1판정(260902): auto-vs-human §2.5 #67 「❌ 우리 몫 · 미구현」,파일 오류 재업로드 알림 — 발송 배선(webadmin)=서희항 / 알림톡 템플릿·계약=최숙진,[상위:STD-ART-018] order-to-mes-process.md §10 · 주문프로세스 PDF p.2 §02 || P1판정(260902): auto-vs-human §2.5 #67 「❌ 우리 몫 · 미구현」 · §11 4단계 미체크
STD-MFG-126,T5,D1,재업로드 접수 확인 알림,미착수,서희항,Y,분할,서희항+최숙진,evidence-path,[상위:STD-ART-018] order-to-mes-process.md §10 || P1판정(260902): §10 — 재업로드 접수 확인 알림 미구현,재업로드 접수 확인 알림 — 발송 배선=서희항 / 템플릿=최숙진,[상위:STD-ART-018] order-to-mes-process.md §10 || P1판정(260902): §10 — 재업로드 접수 확인 알림 미구현
STD-MFG-127,T5,D1,편집상품 수정요청 알림(주문번호·편집번호·안내),미착수,서희항,Y,분할,서희항+최숙진,evidence-path,[상위:STD-SYS-006] 후니프린팅_주문프로세스_20251001.pdf p.2 §02 || P1판정(260902): auto-vs-human §2.5 #68 「❌ 우리 몫 · 미구현」,편집상품 수정요청 알림 — 발송 배선=서희항 / 템플릿=최숙진,[상위:STD-SYS-006] 후니프린팅_주문프로세스_20251001.pdf p.2 §02 || P1판정(260902): auto-vs-human §2.5 #68 「❌ 우리 몫 · 미구현」
STD-MFG-128,T5,D1,알림톡 템플릿 사전 심사·승인 관리,미착수,신우진,Y,재배정,서희항,evidence-path,[상위:STD-SYS-006] order-to-mes-process.md §10 실무 주의 || P1판정(260902): §10 실무 주의 「심사 기간 때문에 일정에 영향」 · §12-7 채널 미확정,그 일이 사는 곳=webadmin,[상위:STD-SYS-006] order-to-mes-process.md §10 실무 주의 || P1판정(260902): §10 실무 주의 「심사 기간 때문에 일정에 영향」 · §12-7 채널 미확정
STD-MFG-129,T5,D1,알림톡 발송 실패 시 SMS/LMS 자동 대체,미착수,서희항,Y,분할,서희항+최숙진,evidence-path,[상위:STD-SYS-006] order-to-mes-process.md §10 · §12-7 || P1판정(260902): §10 · §12-7 — SMS/LMS 대체 미구현,알림톡 실패 시 SMS/LMS 대체 — 대체 로직=서희항 / 채널 계약=최숙진,[상위:STD-SYS-006] order-to-mes-process.md §10 · §12-7 || P1판정(260902): §10 · §12-7 — SMS/LMS 대체 미구현
STD-MFG-130,T5,D1,알림 발송 주체 경계 준수(주문·결제·배송=샵바이 / 파일=우리),미착수,최숙진,Y,담당맞음,최숙진,evidence-path,[상위:STD-SYS-006] order-to-mes-process.md §10 표 || P1판정(260902): §10 표 — 경계 자체는 문서로 확정(주문·결제·배송=샵바이 / 파일=우리),발송 주체 경계 준수 = 운영 규약 확인 행(문서로 이미 확정),[상위:STD-SYS-006] order-to-mes-process.md §10 표 || P1판정(260902): §10 표 — 경계 자체는 문서로 확정(주문·결제·배송=샵바이 / 파일=우리)
STD-MFG-131,T4,C5,단계별 체류 건수·DLQ 처리 현황 대시보드,미착수,서희항,Y,담당맞음,서희항,evidence-path,[상위:STD-SYS-016] order-to-mes-process.md §11 5단계 || P1판정(260902): §11 5단계 「처리 현황 대시보드」 미체크 · 코드 0건,,[상위:STD-SYS-016] order-to-mes-process.md §11 5단계 || P1판정(260902): §11 5단계 「처리 현황 대시보드」 미체크 · 코드 0건
STD-MFG-132,T4,C5,조직별 권한 관리(마스터/상품마케팅/발주/생산/출고/외주관리/회계경리),미착수,최숙진,Y,담당맞음,최숙진,evidence-path,[상위:STD-SYS-002] 후니프린팅_주문프로세스_20251001.pdf p.4 §04 || P1판정(260902): PDF p.4 §04 조직 7종 — 현행 MES 권한 운영,MES 현행 기능·생산 현장 운영 — 신규 개발이면 외부(MES 담당),[상위:STD-SYS-002] 후니프린팅_주문프로세스_20251001.pdf p.4 §04 || P1판정(260902): PDF p.4 §04 조직 7종 — 현행 MES 권한 운영
STD-MFG-133,T4,C5,오프라인 주문 등록(거래처별 EXCEL·금액 직접 입력),미실측,신우진,Y,재배정,최숙진,merged-owner_side,merged.csv t50:30 owner_side/system=mes,MES 현행 기능·생산 현장 운영 — 신규 개발이면 외부(MES 담당),[상위:STD-ORD-027] 후니프린팅_주문프로세스_20251001.pdf p.4 §04 ★오프라인 주문 || P1판정(260902): auto-vs-human §5 A-6 「오프라인 주문이 신규 시스템 범위인지 범위 미결 — PM」
STD-MFG-134,T4,C5,거래처별 청구서 발행(오프라인주문·금액 포함),미착수,최숙진,Y,담당맞음,최숙진,evidence-path,[상위:STD-B2B-006] 후니프린팅_주문프로세스_20251001.pdf p.4 §04 회계경리 || P1판정(260902): PDF p.4 §04 회계경리 — 현행 운영,MES 현행 기능·생산 현장 운영 — 신규 개발이면 외부(MES 담당),[상위:STD-B2B-006] 후니프린팅_주문프로세스_20251001.pdf p.4 §04 회계경리 || P1판정(260902): PDF p.4 §04 회계경리 — 현행 운영
STD-MFG-135,T4,C5,세금계산서 발행여부·발행날짜 정보 보관,미착수,최숙진,Y,담당맞음,최숙진,evidence-path,[상위:STD-B2B-012] 후니프린팅_주문프로세스_20251001.pdf p.7 §08 || P1판정(260902): PDF p.7 §08 — 현행 운영,MES 현행 기능·생산 현장 운영 — 신규 개발이면 외부(MES 담당),[상위:STD-B2B-012] 후니프린팅_주문프로세스_20251001.pdf p.7 §08 || P1판정(260902): PDF p.7 §08 — 현행 운영
STD-MFG-136,T4,C5,샵바이 웹훅 이벤트 수신 후 소비(결제완료 → 주문 상태 반영 · 생산 전환 착수),미착수,서희항,Y,담당맞음,서희항,evidence-path,L0/N3/ARCHITECTURE-v2.md §10 A-9 · raw/webadmin/webadmin/config/urls.py:271 (수신 엔드포인트 실재) · raw/webadmin/webadmin/catalo,,L0/N3/ARCHITECTURE-v2.md §10 A-9 · raw/webadmin/webadmin/config/urls.py:271 (수신 엔드포인트 실재) · raw/webadmin/webadmin/catalog/shopby_hook.py (수신함만 · 소비자 grep 0건)
F1-1,T1,F1,OIDC 신뢰정책 `sub`=`repo:shopbiz-site/HuniProductPrice2:ref:refs/heads/master` + 역할 권한(ECR push·lightsail Push/CreateDeployment/GetContainerServices·secretsmanager,미착수,외부(인프라팀),Y,미정,외부(인프라팀),rule-track,_workspace/huni-launch-runway/07_rebaseline/S/S4-infra/migration-plan.md:40,사내 4담당 경계 밖(외부·미정) — 이번 재판정 대상 아님,_workspace/huni-launch-runway/07_rebaseline/S/S4-infra/migration-plan.md:40
F1-2,T1,F1,`huni/dev/admin-runtime-env` 시크릿 채움(필수: `DJANGO_SECRET_KEY` 고정 난수≥32자·`AWS_ACCESS_KEY_ID/SECRET`·`WAPI_SERVER_KEY_REQUIRED=Y` · 샵바이 3키 · Edicus 4키 · S3 5키+베이스 2,미착수,서희항,Y,담당맞음,서희항,rule-step,_workspace/huni-launch-runway/07_rebaseline/S/S4-infra/migration-plan.md:41,사는 시스템 미확인 — 단계 F1 기본 담당과 일치(약한 근거),_workspace/huni-launch-runway/07_rebaseline/S/S4-infra/migration-plan.md:41
F1-3,T1,F1,Actions → 「Deploy to dev (huni-admin)」 수동 실행(master),미착수,서희항,Y,담당맞음,서희항,rule-step,_workspace/huni-launch-runway/07_rebaseline/S/S4-infra/migration-plan.md:42,사는 시스템 미확인 — 단계 F1 기본 담당과 일치(약한 근거),_workspace/huni-launch-runway/07_rebaseline/S/S4-infra/migration-plan.md:42
F1-4,T1,F1,사이드카·LB 실측: cron 로그 `cron_hourly 시작 — 매시 :15` → 정시 `recalc 종료` · 60초 초과 의심 3요청(시작가 재계산·주문등록 승격·그리드 full-sync) 504 여부 · `X-Forwarded-For` 원문 1건,미착수,서희항,Y,담당맞음,서희항,rule-step,_workspace/huni-launch-runway/07_rebaseline/S/S4-infra/migration-plan.md:43,사는 시스템 미확인 — 단계 F1 기본 담당과 일치(약한 근거),_workspace/huni-launch-runway/07_rebaseline/S/S4-infra/migration-plan.md:43
F1-5,T1,F1,첫 성공 후 `deploy.yml` push 트리거 주석 해제 + `test_deploy_workflow_manual_first` 반전,미착수,서희항,Y,담당맞음,서희항,rule-step,_workspace/huni-launch-runway/07_rebaseline/S/S4-infra/migration-plan.md:44,사는 시스템 미확인 — 단계 F1 기본 담당과 일치(약한 근거),_workspace/huni-launch-runway/07_rebaseline/S/S4-infra/migration-plan.md:44
F2-1,T1,F2,SSH 터널 접속정보(호스트·키·포트) 수령 + Lightsail PG 17 에 `hunidb`·`webapp` 2 DB 생성,미착수,외부(인프라팀),Y,미정,외부(인프라팀),rule-track,_workspace/huni-launch-runway/07_rebaseline/S/S4-infra/migration-plan.md:50,사내 4담당 경계 밖(외부·미정) — 이번 재판정 대상 아님,_workspace/huni-launch-runway/07_rebaseline/S/S4-infra/migration-plan.md:50
F2-2,T1,F2,리허설: Railway `pg_dump --no-owner --no-acl` 평문 SQL → 임시 스키마에 복원 → 검증 4종(`audit_data_integrity --exposure --strict`·`audit_published_prices`·`audit_set_qty_mode`·,미착수,서희항,Y,담당맞음,서희항,rule-step,_workspace/huni-launch-runway/07_rebaseline/S/S4-infra/migration-plan.md:51,사는 시스템 미확인 — 단계 F2 기본 담당과 일치(약한 근거),_workspace/huni-launch-runway/07_rebaseline/S/S4-infra/migration-plan.md:51
F2-3,T1,F2,vc_ 2객체 재덤프(파이썬 DDL+INSERT 조립) → `webapp` 적재 → 웹팀 도구 접속 문자열 `webapp` 확인 → 상세 탭 표시 확인,미착수,서희항,Y,담당맞음,서희항,rule-step,_workspace/huni-launch-runway/07_rebaseline/S/S4-infra/migration-plan.md:52,사는 시스템 미확인 — 단계 F2 기본 담당과 일치(약한 근거),_workspace/huni-launch-runway/07_rebaseline/S/S4-infra/migration-plan.md:52
F2-4,T1,F2,본반입 창: Railway 관리자 쓰기 정지 공지 → 재덤프 → `hunidb` 반입 → 검증 4종 → 행수 지문 대조,미착수,서희항,Y,담당맞음,서희항,rule-step,_workspace/huni-launch-runway/07_rebaseline/S/S4-infra/migration-plan.md:53,사는 시스템 미확인 — 단계 F2 기본 담당과 일치(약한 근거),_workspace/huni-launch-runway/07_rebaseline/S/S4-infra/migration-plan.md:53
F3-1,T1,F3,Railway `start-price-cron` 정지,미착수,서희항,Y,담당맞음,서희항,rule-step,_workspace/huni-launch-runway/07_rebaseline/S/S4-infra/migration-plan.md:59,사는 시스템 미확인 — 단계 F3 기본 담당과 일치(약한 근거),_workspace/huni-launch-runway/07_rebaseline/S/S4-infra/migration-plan.md:59
F3-4,T1,F3,샵바이 콘솔 IP 화이트리스트 52.78.126.17 등록 → 메인이미지 동기화 1건 실측,미착수,최숙진,Y,재배정,서희항,rule-step,_workspace/huni-launch-runway/07_rebaseline/S/S4-infra/migration-plan.md:62,사는 시스템 미확인 — 단계 F3 기본 담당과 불일치(약한 근거·실측 필요),_workspace/huni-launch-runway/07_rebaseline/S/S4-infra/migration-plan.md:62
F3-5,T1,F3,샵바이 웹훅 수신 URL → 새 호스트 `/api/w/v1/shopby/webhook/<secret>`,미착수,최숙진,Y,재배정,서희항,rule-step,_workspace/huni-launch-runway/07_rebaseline/S/S4-infra/migration-plan.md:63,사는 시스템 미확인 — 단계 F3 기본 담당과 불일치(약한 근거·실측 필요),_workspace/huni-launch-runway/07_rebaseline/S/S4-infra/migration-plan.md:63
F3-6,T1,F3,S3 CORS 허용 오리진에 새 관리자 호스트(원고 tmp 2 + 관리자 직접 업로드),미착수,외부(인프라팀),Y,미정,외부(인프라팀),rule-track,_workspace/huni-launch-runway/07_rebaseline/S/S4-infra/migration-plan.md:64,사내 4담당 경계 밖(외부·미정) — 이번 재판정 대상 아님,_workspace/huni-launch-runway/07_rebaseline/S/S4-infra/migration-plan.md:64
F3-7,T1,F3,DNS `huni-admin.printly.co.kr` CNAME → Lightsail + `CUSTOM_DOMAIN` 에 콤마 추가 + Lightsail 커스텀 도메인 인증서,미착수,신우진,Y,재배정,서희항,rule-track,_workspace/huni-launch-runway/07_rebaseline/S/S4-infra/migration-plan.md:65,huni-admin.printly.co.kr(관리서버) DNS — 관리서버 담당,_workspace/huni-launch-runway/07_rebaseline/S/S4-infra/migration-plan.md:65
F3-8,T1,F3,"Railway 변수 이관 대조(`railway variables --service huni-admin` 키 목록, 값 노출 금지) + `DJANGO_SECRET_KEY` Railway 값을 시크릿에 그대로",미착수,서희항,Y,담당맞음,서희항,rule-step,_workspace/huni-launch-runway/07_rebaseline/S/S4-infra/migration-plan.md:66,사는 시스템 미확인 — 단계 F3 기본 담당과 일치(약한 근거),_workspace/huni-launch-runway/07_rebaseline/S/S4-infra/migration-plan.md:66
F3-9,T1,F3,Edicus 허용 도메인/콜백에 새 호스트 필요 여부 확인,미착수,서희항,Y,담당맞음,서희항,rule-step,_workspace/huni-launch-runway/07_rebaseline/S/S4-infra/migration-plan.md:67,사는 시스템 미확인 — 단계 F3 기본 담당과 일치(약한 근거),_workspace/huni-launch-runway/07_rebaseline/S/S4-infra/migration-plan.md:67
F3-10,T1,F3,전환 후 실측: `/healthz`·로그인·위젯 설정 API 지연·장바구니→재견적·크론 로그,미착수,서희항,Y,담당맞음,서희항,rule-step,_workspace/huni-launch-runway/07_rebaseline/S/S4-infra/migration-plan.md:68,사는 시스템 미확인 — 단계 F3 기본 담당과 일치(약한 근거),_workspace/huni-launch-runway/07_rebaseline/S/S4-infra/migration-plan.md:68
F3-11,T1,F3,Railway 3서비스 종료(최종 덤프 보관 후),미착수,신우진,Y,재배정,서희항,rule-track,_workspace/huni-launch-runway/07_rebaseline/S/S4-infra/migration-plan.md:69,Railway 3서비스 종료 = 관리서버·DB 쪽,_workspace/huni-launch-runway/07_rebaseline/S/S4-infra/migration-plan.md:69
F3-12,T1,F3,"웹팀 통보: vc_ 는 `webapp`, 우리 DB 에 직접 테이블 생성 금지",미착수,신우진,Y,담당맞음,신우진,rule-track,_workspace/huni-launch-runway/07_rebaseline/S/S4-infra/migration-plan.md:70,웹팀 통보 = 커뮤니케이션,_workspace/huni-launch-runway/07_rebaseline/S/S4-infra/migration-plan.md:70
F4-1,T1,F4,Lightsail 컨테이너 서비스 + ECR 레포 `huni-skin` + Secrets Manager `huni/dev/skin-runtime-env` 프로비저닝,미착수,외부(인프라팀),Y,미정,외부(인프라팀),merged-owner_side,merged.csv t48:184 owner_side/system=huni-mall,사내 4담당 경계 밖(외부·미정) — 이번 재판정 대상 아님,_workspace/huni-launch-runway/07_rebaseline/S/S4-infra/migration-plan.md:78
F4-2,T1,F4,`deploy.yml` 스킨판 작성(webadmin 것을 본떠 OIDC→ECR→push-container-image→env 조립→deployment) + 헬스체크 경로 결정(`/` 또는 신설 `/api/health`),미착수,김동학,Y,담당맞음,김동학,merged-owner_side,merged.csv t48:185 owner_side/system=huni-mall,,_workspace/huni-launch-runway/07_rebaseline/S/S4-infra/migration-plan.md:79
F4-3,T1,F4,env 이관 — `.env.example` 기준 필수: `AUTH_SECRET`·`NEXTAUTH_URL`·`AUTH_GOOGLE/NAVER/KAKAO_ID+SECRET`(6)·`DATABASE_URL`·`PRINTLY_DB_URL`(→webapp)·`PRINTLY_WORKSPACE_I,미착수,김동학,Y,담당맞음,김동학,merged-owner_side,merged.csv t48:186 owner_side/system=huni-mall,,_workspace/huni-launch-runway/07_rebaseline/S/S4-infra/migration-plan.md:80
F4-4,T1,F4,`DATABASE_URL`(Prisma) 목적지 결정: Lightsail PG `webapp` 로 합칠지 별도 DB 로 갈지 → `migrator` 스테이지 1회 실행(`pgcrypto`·`citext` 확장 필요),미착수,김동학,Y,담당맞음,김동학,merged-owner_side,merged.csv t48:187 owner_side/system=huni-mall,,_workspace/huni-launch-runway/07_rebaseline/S/S4-infra/migration-plan.md:81
F4-5,T1,F4,DNS `shopby.huniprinting.co.kr` → Lightsail 스킨 + 인증서 · `NEXTAUTH_URL=https://shopby.huniprinting.co.kr` 고정,미착수,김동학,Y,담당맞음,김동학,merged-owner_side,merged.csv t48:188 owner_side/system=huni-mall,,_workspace/huni-launch-runway/07_rebaseline/S/S4-infra/migration-plan.md:82
F4-6,T1,F4,소셜 콜백 검증: 구글·네이버·카카오 콘솔 Redirect URI = `${NEXTAUTH_URL}/oauth/callback` 인지 + 각 1회 로그인,미착수,김동학,Y,담당맞음,김동학,merged-owner_side,merged.csv t48:265 owner_side/system=huni-mall,,_workspace/huni-launch-runway/07_rebaseline/S/S4-infra/migration-plan.md:83
F4-7,T1,F4,vercel.app 리다이렉트: 코드에 없음(§1 마지막 행). Vercel 대시보드 리다이렉트·도메인 설정을 PM 이 확인해 이관 여부 결정,미착수,신우진,Y,재배정,김동학,merged-owner_side,merged.csv t48:189 owner_side/system=huni-mall,그 일이 사는 곳=huni-mall,_workspace/huni-launch-runway/07_rebaseline/S/S4-infra/migration-plan.md:84
F4-8,T1,F4,Vercel 프로젝트 정지(오픈 테스트 통과 후),미착수,신우진,Y,재배정,김동학,merged-owner_side,merged.csv t48:190 owner_side/system=huni-mall,그 일이 사는 곳=huni-mall,_workspace/huni-launch-runway/07_rebaseline/S/S4-infra/migration-plan.md:85
BLK-S1-1,T3,B5,[선행 입력] 이메일형 테스트 회원 계정(ID+PW),미착수,지니,Y,담당맞음,지니,rule-track,.moai/specs/SPEC-LAUNCHPLAN-001/research.md:301,결정·조율 안건 — PM/대표가 맞다,.moai/specs/SPEC-LAUNCHPLAN-001/research.md:301
BLK-S1-3,T3,B6,[선행 입력] 결제수단 범위(무통장만 / +카드 / +계좌이체),미착수,신우진,Y,담당맞음,신우진,rule-track,.moai/specs/SPEC-LAUNCHPLAN-001/research.md:303,결정·조율 안건 — PM/대표가 맞다,.moai/specs/SPEC-LAUNCHPLAN-001/research.md:303
BLK-S1-4,T5,D4,[선행 입력] 현금영수증·세금계산서 발급 주체(Shopby/자체/외부),미착수,신우진,Y,담당맞음,신우진,rule-track,.moai/specs/SPEC-LAUNCHPLAN-001/research.md:304,결정·조율 안건 — PM/대표가 맞다,.moai/specs/SPEC-LAUNCHPLAN-001/research.md:304
BLK-S1-5,T4,C1,[선행 입력] `order/register` 계약(엔드포인트·페이로드·서버키),미착수,서희항,Y,분할,서희항+신우진,rule-track,.moai/specs/SPEC-LAUNCHPLAN-001/research.md:305,결정 안건이 실무 담당에게 걸려 있다 — 결정(PM)/실행(담당) 분리,.moai/specs/SPEC-LAUNCHPLAN-001/research.md:305
BLK-S1-6,T3,D3,[선행 입력] 클레임·문의 범위(Shopby API / 외부 채널 / 미제공),미착수,신우진,Y,담당맞음,신우진,rule-track,.moai/specs/SPEC-LAUNCHPLAN-001/research.md:306,결정·조율 안건 — PM/대표가 맞다,.moai/specs/SPEC-LAUNCHPLAN-001/research.md:306
BLK-S2-1,T4,C1,[선행 입력] Railway 운영 변수 4종 설정 여부(값 아님) — `WAPI_SERVER_KEY_REQUIRED`·`SHOPBY_WEBHOOK_SECRET`·`SHOPBY_SYSTEM_KEY`·`SHOPBY_ACCESS_TOKEN`,미착수,서희항,Y,분할,서희항+신우진,rule-track,.moai/specs/SPEC-LAUNCHPLAN-001/research.md:314,결정 안건이 실무 담당에게 걸려 있다 — 결정(PM)/실행(담당) 분리,.moai/specs/SPEC-LAUNCHPLAN-001/research.md:314
BLK-S2-2,T4,C3,[선행 입력] 샵바이 어드민 웹훅 등록 현황(URL·구독 이벤트),미착수,최숙진,Y,분할,최숙진+신우진,rule-track,.moai/specs/SPEC-LAUNCHPLAN-001/research.md:315,결정 안건이 실무 담당에게 걸려 있다 — 결정(PM)/실행(담당) 분리,.moai/specs/SPEC-LAUNCHPLAN-001/research.md:315
BLK-S2-3,T4,C5,[선행 입력] MES WCF 스펙(WSDL·상태 코드·품목 마스터) 보유 여부·위치,대기,외부(MES 담당),Y,미정,외부(MES 담당),rule-track,.moai/specs/SPEC-LAUNCHPLAN-001/research.md:316,사내 4담당 경계 밖(외부·미정) — 이번 재판정 대상 아님,.moai/specs/SPEC-LAUNCHPLAN-001/research.md:316
BLK-S2-4,T4,C4,[선행 입력] PitStop 구매 진행 상태(견적·라이선스·인스턴스 계획),미착수,대표(구매),Y,미정,대표(구매),rule-track,.moai/specs/SPEC-LAUNCHPLAN-001/research.md:317,사내 4담당 경계 밖(외부·미정) — 이번 재판정 대상 아님,.moai/specs/SPEC-LAUNCHPLAN-001/research.md:317
BLK-S2-5,T4,C2,[선행 입력] Lightsail 이전 후 크론·워커 실행 형태,미착수,서희항,Y,분할,서희항+신우진,rule-track,.moai/specs/SPEC-LAUNCHPLAN-001/research.md:318,결정 안건이 실무 담당에게 걸려 있다 — 결정(PM)/실행(담당) 분리,.moai/specs/SPEC-LAUNCHPLAN-001/research.md:318
BLK-S3-1,T3,B5,[선행 입력] 구 사이트 DB 접속 권한·경로,대기,외부(구 사이트 운영사),Y,미정,외부(구 사이트 운영사),rule-track,.moai/specs/SPEC-LAUNCHPLAN-001/research.md:325,사내 4담당 경계 밖(외부·미정) — 이번 재판정 대상 아님,.moai/specs/SPEC-LAUNCHPLAN-001/research.md:325
BLK-S3-2,T3,B5,[선행 입력] Shopby 회원 일괄등록 수단(어드민 엑셀 / Server API 부재 확인 / 외부회원연동),미착수,신우진,Y,담당맞음,신우진,rule-track,.moai/specs/SPEC-LAUNCHPLAN-001/research.md:326,결정·조율 안건 — PM/대표가 맞다,.moai/specs/SPEC-LAUNCHPLAN-001/research.md:326
BLK-S3-3,T3,B5,[선행 입력] 이메일 NULL·중복 회원 규모와 처리 원칙,미착수,신우진,Y,담당맞음,신우진,rule-track,.moai/specs/SPEC-LAUNCHPLAN-001/research.md:327,결정·조율 안건 — PM/대표가 맞다,.moai/specs/SPEC-LAUNCHPLAN-001/research.md:327
BLK-S3-5,T6,D5,[선행 입력] Shopby 엔터프라이즈 플랜·외부포인트 정식 적용(V9) + NHN 1:1 세팅 주체,대기,외부(NHN커머스),Y,미정,외부(NHN커머스),rule-track,.moai/specs/SPEC-LAUNCHPLAN-001/research.md:329,사내 4담당 경계 밖(외부·미정) — 이번 재판정 대상 아님,.moai/specs/SPEC-LAUNCHPLAN-001/research.md:329
BLK-S3-6,T6,D5,[선행 입력] 프린팅머니 개발 주체·배치·SLA 책임자(세 기록 불일치 해소),미착수,채훈희,Y,담당맞음,채훈희,rule-track,.moai/specs/SPEC-LAUNCHPLAN-001/research.md:330,결정·조율 안건 — PM/대표가 맞다,.moai/specs/SPEC-LAUNCHPLAN-001/research.md:330
BLK-S3-7,T6,D5,[선행 입력] 토스 계약 4건 회신(면제·수수료·업종 심사·샌드박스) + 정산한도·환불계좌 절차,대기,외부(토스페이먼츠),Y,미정,외부(토스페이먼츠),rule-track,.moai/specs/SPEC-LAUNCHPLAN-001/research.md:331,사내 4담당 경계 밖(외부·미정) — 이번 재판정 대상 아님,.moai/specs/SPEC-LAUNCHPLAN-001/research.md:331
BLK-S3-10,T6,D5,[선행 입력] 컷오버 동결 창·delta 규칙(구 사이트 충전·사용·가입 중단 가능 여부),대기,외부(구 사이트 운영사),Y,미정,외부(구 사이트 운영사),rule-track,.moai/specs/SPEC-LAUNCHPLAN-001/research.md:334,사내 4담당 경계 밖(외부·미정) — 이번 재판정 대상 아님,.moai/specs/SPEC-LAUNCHPLAN-001/research.md:334
BLK-S4-1,T1,F1,[선행 입력] OIDC 신뢰정책 회신(`sub` 조건 + `lightsail:GetContainerServices` 포함 여부),대기,외부(인프라팀),Y,미정,외부(인프라팀),rule-track,.moai/specs/SPEC-LAUNCHPLAN-001/research.md:340,사내 4담당 경계 밖(외부·미정) — 이번 재판정 대상 아님,.moai/specs/SPEC-LAUNCHPLAN-001/research.md:340
BLK-S4-2,T1,F1,[선행 입력] `huni/dev/admin-runtime-env` 필수 키 존재 여부(값 아님),대기,외부(인프라팀),Y,미정,외부(인프라팀),rule-track,.moai/specs/SPEC-LAUNCHPLAN-001/research.md:341,사내 4담당 경계 밖(외부·미정) — 이번 재판정 대상 아님,.moai/specs/SPEC-LAUNCHPLAN-001/research.md:341
BLK-S4-3,T1,F2,[선행 입력] SSH 터널 접속정보(호스트·포트·키 배포 방식),대기,외부(인프라팀),Y,미정,외부(인프라팀),rule-track,.moai/specs/SPEC-LAUNCHPLAN-001/research.md:342,사내 4담당 경계 밖(외부·미정) — 이번 재판정 대상 아님,.moai/specs/SPEC-LAUNCHPLAN-001/research.md:342
BLK-S4-4,T1,F2,[선행 입력] Lightsail PG 17 인스턴스 사양 · `hunidb`/`webapp` 2 DB 생성 · `pgcrypto`·`citext` 가능 여부,대기,외부(인프라팀),Y,미정,외부(인프라팀),rule-track,.moai/specs/SPEC-LAUNCHPLAN-001/research.md:343,사내 4담당 경계 밖(외부·미정) — 이번 재판정 대상 아님,.moai/specs/SPEC-LAUNCHPLAN-001/research.md:343
BLK-S4-5,T1,F3,[선행 입력] 프록시 Basic Auth 등록(`huni/dev/proxy.proxy_url`),대기,외부(인프라팀),Y,미정,외부(인프라팀),rule-track,.moai/specs/SPEC-LAUNCHPLAN-001/research.md:344,사내 4담당 경계 밖(외부·미정) — 이번 재판정 대상 아님,.moai/specs/SPEC-LAUNCHPLAN-001/research.md:344
BLK-S4-6,T1,F4,[선행 입력] Vercel 프로젝트 접근 · 현재 `DATABASE_URL`·`NEXTAUTH_URL` 소재 · 리다이렉트 설정 유무,미착수,김동학·PM,Y,분할,김동학·PM+신우진,rule-track,.moai/specs/SPEC-LAUNCHPLAN-001/research.md:345,결정 안건이 실무 담당에게 걸려 있다 — 결정(PM)/실행(담당) 분리,.moai/specs/SPEC-LAUNCHPLAN-001/research.md:345
BLK-S4-7,T1,F3,[선행 입력] DNS 관리 권한자(Cloudflare `printly.co.kr` · `huniprinting.co.kr` 두 존),대기,외부(Cloudflare DNS 권한자),Y,미정,외부(Cloudflare DNS 권한자),rule-track,.moai/specs/SPEC-LAUNCHPLAN-001/research.md:346,사내 4담당 경계 밖(외부·미정) — 이번 재판정 대상 아님,.moai/specs/SPEC-LAUNCHPLAN-001/research.md:346
BLK-S4-9,T1,F3,[선행 입력] 샵바이 콘솔 권한자(IP 화이트리스트·웹훅 URL 편집),미착수,최숙진,Y,분할,최숙진+신우진,rule-track,.moai/specs/SPEC-LAUNCHPLAN-001/research.md:348,결정 안건이 실무 담당에게 걸려 있다 — 결정(PM)/실행(담당) 분리,.moai/specs/SPEC-LAUNCHPLAN-001/research.md:348
BLK-S4-10,T1,F4,[선행 입력] 소셜 3사 콘솔 권한자(Redirect URI 편집),대기,외부(소셜 3사 콘솔 권한자),Y,미정,외부(소셜 3사 콘솔 권한자),rule-track,.moai/specs/SPEC-LAUNCHPLAN-001/research.md:349,사내 4담당 경계 밖(외부·미정) — 이번 재판정 대상 아님,.moai/specs/SPEC-LAUNCHPLAN-001/research.md:349
