comp_cd,prc_typ,siz_cd,combo,band_prev,band_next,cost_prev_at_boundary,cost_next_start,saving,window_width,products
COMP_BIND_CAL_WALL,PRICE_TYPE.01,(전사이즈),PROC_000099,4,10,36000,30000,6000,2,PRD_000108;PRD_000109;PRD_000111;PRD_000112
COMP_BIND_CAL_WALL,PRICE_TYPE.01,(전사이즈),PROC_000099,10,50,147000,125000,22000,8,PRD_000108;PRD_000109;PRD_000111;PRD_000112
COMP_BIND_CAL_WALL,PRICE_TYPE.01,(전사이즈),PROC_000099,50,100,247500,200000,47500,19,PRD_000108;PRD_000109;PRD_000111;PRD_000112
COMP_BIND_CAL_WALL,PRICE_TYPE.01,(전사이즈),PROC_000102,4,10,31500,25000,6500,2,PRD_000108;PRD_000109;PRD_000111;PRD_000112
COMP_BIND_CAL_WALL,PRICE_TYPE.01,(전사이즈),PROC_000102,10,50,122500,100000,22500,9,PRD_000108;PRD_000109;PRD_000111;PRD_000112
COMP_BIND_CAL_WALL,PRICE_TYPE.01,(전사이즈),PROC_000102,50,100,198000,180000,18000,9,PRD_000108;PRD_000109;PRD_000111;PRD_000112
COMP_BIND_CAL_WALL,PRICE_TYPE.01,(전사이즈),PROC_000102,100,1000,1798200,1600000,198200,111,PRD_000108;PRD_000109;PRD_000111;PRD_000112
COMP_BIND_CAL_WALL,PRICE_TYPE.01,(전사이즈),PROC_000100,4,10,36000,30000,6000,2,PRD_000108;PRD_000109;PRD_000111;PRD_000112
COMP_BIND_CAL_WALL,PRICE_TYPE.01,(전사이즈),PROC_000100,10,50,147000,125000,22000,8,PRD_000108;PRD_000109;PRD_000111;PRD_000112
COMP_BIND_CAL_WALL,PRICE_TYPE.01,(전사이즈),PROC_000100,50,100,247500,230000,17500,7,PRD_000108;PRD_000109;PRD_000111;PRD_000112
COMP_BIND_CAL_WALL,PRICE_TYPE.01,(전사이즈),PROC_000100,100,1000,2297700,2000000,297700,130,PRD_000108;PRD_000109;PRD_000111;PRD_000112
COMP_BIND_CAL_WALL,PRICE_TYPE.01,(전사이즈),PROC_000101,4,10,36000,30000,6000,2,PRD_000108;PRD_000109;PRD_000111;PRD_000112
COMP_BIND_CAL_WALL,PRICE_TYPE.01,(전사이즈),PROC_000101,10,50,147000,125000,22000,8,PRD_000108;PRD_000109;PRD_000111;PRD_000112
COMP_BIND_CAL_WALL,PRICE_TYPE.01,(전사이즈),PROC_000101,50,100,247500,230000,17500,7,PRD_000108;PRD_000109;PRD_000111;PRD_000112
COMP_BIND_CAL_WALL,PRICE_TYPE.01,(전사이즈),PROC_000101,100,1000,2297700,2000000,297700,130,PRD_000108;PRD_000109;PRD_000111;PRD_000112
COMP_BIND_HC_TWINRING,PRICE_TYPE.01,(전사이즈),PROC_000024,1,4,90000,80000,10000,1,PRD_000082
COMP_BIND_HC_TWINRING,PRICE_TYPE.01,(전사이즈),PROC_000024,4,10,180000,150000,30000,2,PRD_000082
COMP_BIND_HC_TWINRING,PRICE_TYPE.01,(전사이즈),PROC_000024,10,50,735000,500000,235000,16,PRD_000082
COMP_BIND_HC_TWINRING,PRICE_TYPE.01,(전사이즈),PROC_000024,50,100,990000,800000,190000,19,PRD_000082
COMP_BIND_HC_TWINRING,PRICE_TYPE.01,(전사이즈),PROC_000024,100,1000,7992000,7000000,992000,124,PRD_000082
COMP_BIND_JUNGCHEOL,PRICE_TYPE.01,(전사이즈),PROC_000018,1,4,9000,8000,1000,1,PRD_000068
COMP_BIND_JUNGCHEOL,PRICE_TYPE.01,(전사이즈),PROC_000018,4,10,18000,15000,3000,2,PRD_000068
COMP_BIND_JUNGCHEOL,PRICE_TYPE.01,(전사이즈),PROC_000018,10,30,43500,30000,13500,9,PRD_000068
COMP_BIND_JUNGCHEOL,PRICE_TYPE.01,(전사이즈),PROC_000018,50,70,69000,49000,20000,20,PRD_000068
COMP_BIND_JUNGCHEOL,PRICE_TYPE.01,(전사이즈),PROC_000018,100,1000,699300,500000,199300,285,PRD_000068
COMP_BIND_MUSEON,PRICE_TYPE.01,(전사이즈),PROC_000019,1,4,9000,8000,1000,1,PRD_000069
COMP_BIND_MUSEON,PRICE_TYPE.01,(전사이즈),PROC_000019,4,10,18000,10000,8000,4,PRD_000069
COMP_BIND_MUSEON,PRICE_TYPE.01,(전사이즈),PROC_000019,10,30,29000,21000,8000,8,PRD_000069
COMP_BIND_MUSEON,PRICE_TYPE.01,(전사이즈),PROC_000019,50,70,48300,35000,13300,19,PRD_000069
COMP_BIND_PUR,PRICE_TYPE.01,(전사이즈),PROC_000020,10,30,145000,120000,25000,5,PRD_000070
COMP_BIND_PUR,PRICE_TYPE.01,(전사이즈),PROC_000020,30,50,196000,150000,46000,12,PRD_000070
COMP_BIND_PUR,PRICE_TYPE.01,(전사이즈),PROC_000020,50,70,207000,175000,32000,11,PRD_000070
COMP_BIND_PUR,PRICE_TYPE.01,(전사이즈),PROC_000020,70,100,247500,200000,47500,19,PRD_000070
COMP_BIND_PUR,PRICE_TYPE.01,(전사이즈),PROC_000020,100,1000,1998000,1500000,498000,249,PRD_000070
COMP_BIND_TWINRING,PRICE_TYPE.01,(전사이즈),PROC_000018,4,10,27000,20000,7000,3,PRD_000071
COMP_BIND_TWINRING,PRICE_TYPE.01,(전사이즈),PROC_000018,10,30,58000,45000,13000,7,PRD_000071
COMP_BIND_TWINRING,PRICE_TYPE.01,(전사이즈),PROC_000018,50,70,103500,91000,12500,9,PRD_000071
COMP_BIND_TWINRING,PRICE_TYPE.01,(전사이즈),PROC_000018,100,1000,1298700,1000000,298700,230,PRD_000071
COMP_BIND_TWINRING,PRICE_TYPE.01,(전사이즈),PROC_000020,10,30,145000,120000,25000,5,PRD_000071
COMP_BIND_TWINRING,PRICE_TYPE.01,(전사이즈),PROC_000020,30,50,196000,150000,46000,12,PRD_000071
COMP_BIND_TWINRING,PRICE_TYPE.01,(전사이즈),PROC_000020,50,70,207000,175000,32000,11,PRD_000071
COMP_BIND_TWINRING,PRICE_TYPE.01,(전사이즈),PROC_000020,70,100,247500,200000,47500,19,PRD_000071
COMP_BIND_TWINRING,PRICE_TYPE.01,(전사이즈),PROC_000020,100,1000,1998000,1500000,498000,249,PRD_000071
COMP_BIND_TWINRING,PRICE_TYPE.01,(전사이즈),PROC_000019,1,4,9000,8000,1000,1,PRD_000071
COMP_BIND_TWINRING,PRICE_TYPE.01,(전사이즈),PROC_000019,4,10,18000,10000,8000,4,PRD_000071
COMP_BIND_TWINRING,PRICE_TYPE.01,(전사이즈),PROC_000019,10,30,29000,21000,8000,8,PRD_000071
COMP_BIND_TWINRING,PRICE_TYPE.01,(전사이즈),PROC_000019,50,70,48300,35000,13300,19,PRD_000071
COMP_BIND_TWINRING,PRICE_TYPE.01,(전사이즈),PROC_000021,4,10,27000,20000,7000,3,PRD_000071
COMP_BIND_TWINRING,PRICE_TYPE.01,(전사이즈),PROC_000021,10,30,58000,45000,13000,7,PRD_000071
COMP_BIND_TWINRING,PRICE_TYPE.01,(전사이즈),PROC_000021,50,70,103500,91000,12500,9,PRD_000071
COMP_BIND_TWINRING,PRICE_TYPE.01,(전사이즈),PROC_000021,100,1000,1298700,1000000,298700,230,PRD_000071
COMP_COAT_GLOSSY,PRICE_TYPE.01,(전사이즈),SIZ_000499|PROC_000014|1,5,10,10800,10000,800,1,PRD_000016;PRD_000017;PRD_000018;PRD_000019;PRD_000020;PRD_000021;PRD_000022;PRD_000026;PRD_000027;PRD_000028;PRD_000029;PRD_000041;PRD_000042;PRD_000047;PRD_000049
COMP_COAT_GLOSSY,PRICE_TYPE.01,(전사이즈),SIZ_000499|PROC_000014|1,10,20,19000,16000,3000,3,PRD_000016;PRD_000017;PRD_000018;PRD_000019;PRD_000020;PRD_000021;PRD_000022;PRD_000026;PRD_000027;PRD_000028;PRD_000029;PRD_000041;PRD_000042;PRD_000047;PRD_000049
COMP_COAT_GLOSSY,PRICE_TYPE.01,(전사이즈),SIZ_000499|PROC_000014|1,30,40,31200,28000,3200,4,PRD_000016;PRD_000017;PRD_000018;PRD_000019;PRD_000020;PRD_000021;PRD_000022;PRD_000026;PRD_000027;PRD_000028;PRD_000029;PRD_000041;PRD_000042;PRD_000047;PRD_000049
COMP_COAT_GLOSSY,PRICE_TYPE.01,(전사이즈),SIZ_000499|PROC_000014|1,50,70,48300,42000,6300,9,PRD_000016;PRD_000017;PRD_000018;PRD_000019;PRD_000020;PRD_000021;PRD_000022;PRD_000026;PRD_000027;PRD_000028;PRD_000029;PRD_000041;PRD_000042;PRD_000047;PRD_000049
COMP_COAT_GLOSSY,PRICE_TYPE.01,(전사이즈),SIZ_000499|PROC_000014|1,70,100,59400,50000,9400,16,PRD_000016;PRD_000017;PRD_000018;PRD_000019;PRD_000020;PRD_000021;PRD_000022;PRD_000026;PRD_000027;PRD_000028;PRD_000029;PRD_000041;PRD_000042;PRD_000047;PRD_000049
COMP_COAT_GLOSSY,PRICE_TYPE.01,(전사이즈),SIZ_000499|PROC_000014|1,100,150,74500,60000,14500,29,PRD_000016;PRD_000017;PRD_000018;PRD_000019;PRD_000020;PRD_000021;PRD_000022;PRD_000026;PRD_000027;PRD_000028;PRD_000029;PRD_000041;PRD_000042;PRD_000047;PRD_000049
COMP_COAT_GLOSSY,PRICE_TYPE.01,(전사이즈),SIZ_000499|PROC_000014|1,150,200,79600,60000,19600,49,PRD_000016;PRD_000017;PRD_000018;PRD_000019;PRD_000020;PRD_000021;PRD_000022;PRD_000026;PRD_000027;PRD_000028;PRD_000029;PRD_000041;PRD_000042;PRD_000047;PRD_000049
COMP_COAT_GLOSSY,PRICE_TYPE.01,(전사이즈),SIZ_000499|PROC_000014|1,250,300,89700,75000,14700,49,PRD_000016;PRD_000017;PRD_000018;PRD_000019;PRD_000020;PRD_000021;PRD_000022;PRD_000026;PRD_000027;PRD_000028;PRD_000029;PRD_000041;PRD_000042;PRD_000047;PRD_000049
COMP_COAT_GLOSSY,PRICE_TYPE.01,(전사이즈),SIZ_000499|PROC_000014|1,300,400,99750,80000,19750,79,PRD_000016;PRD_000017;PRD_000018;PRD_000019;PRD_000020;PRD_000021;PRD_000022;PRD_000026;PRD_000027;PRD_000028;PRD_000029;PRD_000041;PRD_000042;PRD_000047;PRD_000049
COMP_COAT_GLOSSY,PRICE_TYPE.01,(전사이즈),SIZ_000499|PROC_000014|1,400,500,99800,90000,9800,49,PRD_000016;PRD_000017;PRD_000018;PRD_000019;PRD_000020;PRD_000021;PRD_000022;PRD_000026;PRD_000027;PRD_000028;PRD_000029;PRD_000041;PRD_000042;PRD_000047;PRD_000049
COMP_COAT_GLOSSY,PRICE_TYPE.01,(전사이즈),SIZ_000499|PROC_000014|1,500,700,125820,112000,13820,77,PRD_000016;PRD_000017;PRD_000018;PRD_000019;PRD_000020;PRD_000021;PRD_000022;PRD_000026;PRD_000027;PRD_000028;PRD_000029;PRD_000041;PRD_000042;PRD_000047;PRD_000049
COMP_COAT_GLOSSY,PRICE_TYPE.01,(전사이즈),SIZ_000499|PROC_000014|1,700,900,143840,126000,17840,112,PRD_000016;PRD_000017;PRD_000018;PRD_000019;PRD_000020;PRD_000021;PRD_000022;PRD_000026;PRD_000027;PRD_000028;PRD_000029;PRD_000041;PRD_000042;PRD_000047;PRD_000049
COMP_COAT_GLOSSY,PRICE_TYPE.01,(전사이즈),SIZ_000499|PROC_000014|1,900,1000,139860,130000,9860,71,PRD_000016;PRD_000017;PRD_000018;PRD_000019;PRD_000020;PRD_000021;PRD_000022;PRD_000026;PRD_000027;PRD_000028;PRD_000029;PRD_000041;PRD_000042;PRD_000047;PRD_000049
COMP_COAT_GLOSSY,PRICE_TYPE.01,(전사이즈),SIZ_000499|PROC_000014|1,1000,1500,194870,180000,14870,115,PRD_000016;PRD_000017;PRD_000018;PRD_000019;PRD_000020;PRD_000021;PRD_000022;PRD_000026;PRD_000027;PRD_000028;PRD_000029;PRD_000041;PRD_000042;PRD_000047;PRD_000049
COMP_COAT_GLOSSY,PRICE_TYPE.01,(전사이즈),SIZ_000499|PROC_000014|1,1500,2500,299880,275000,24880,208,PRD_000016;PRD_000017;PRD_000018;PRD_000019;PRD_000020;PRD_000021;PRD_000022;PRD_000026;PRD_000027;PRD_000028;PRD_000029;PRD_000041;PRD_000042;PRD_000047;PRD_000049
COMP_COAT_GLOSSY,PRICE_TYPE.01,(전사이즈),SIZ_000499|PROC_000014|1,2500,5000,549890,500000,49890,454,PRD_000016;PRD_000017;PRD_000018;PRD_000019;PRD_000020;PRD_000021;PRD_000022;PRD_000026;PRD_000027;PRD_000028;PRD_000029;PRD_000041;PRD_000042;PRD_000047;PRD_000049
COMP_COAT_GLOSSY,PRICE_TYPE.01,(전사이즈),SIZ_000499|PROC_000014|2,5,10,21600,20000,1600,1,PRD_000016;PRD_000017;PRD_000018;PRD_000019;PRD_000020;PRD_000021;PRD_000022;PRD_000026;PRD_000027;PRD_000028;PRD_000029;PRD_000041;PRD_000042;PRD_000047;PRD_000049
COMP_COAT_GLOSSY,PRICE_TYPE.01,(전사이즈),SIZ_000499|PROC_000014|2,10,20,38000,32000,6000,3,PRD_000016;PRD_000017;PRD_000018;PRD_000019;PRD_000020;PRD_000021;PRD_000022;PRD_000026;PRD_000027;PRD_000028;PRD_000029;PRD_000041;PRD_000042;PRD_000047;PRD_000049
COMP_COAT_GLOSSY,PRICE_TYPE.01,(전사이즈),SIZ_000499|PROC_000014|2,30,40,62400,56000,6400,4,PRD_000016;PRD_000017;PRD_000018;PRD_000019;PRD_000020;PRD_000021;PRD_000022;PRD_000026;PRD_000027;PRD_000028;PRD_000029;PRD_000041;PRD_000042;PRD_000047;PRD_000049
COMP_COAT_GLOSSY,PRICE_TYPE.01,(전사이즈),SIZ_000499|PROC_000014|2,50,70,96600,84000,12600,9,PRD_000016;PRD_000017;PRD_000018;PRD_000019;PRD_000020;PRD_000021;PRD_000022;PRD_000026;PRD_000027;PRD_000028;PRD_000029;PRD_000041;PRD_000042;PRD_000047;PRD_000049
COMP_COAT_GLOSSY,PRICE_TYPE.01,(전사이즈),SIZ_000499|PROC_000014|2,70,100,118800,100000,18800,16,PRD_000016;PRD_000017;PRD_000018;PRD_000019;PRD_000020;PRD_000021;PRD_000022;PRD_000026;PRD_000027;PRD_000028;PRD_000029;PRD_000041;PRD_000042;PRD_000047;PRD_000049
COMP_COAT_GLOSSY,PRICE_TYPE.01,(전사이즈),SIZ_000499|PROC_000014|2,100,150,149000,120000,29000,29,PRD_000016;PRD_000017;PRD_000018;PRD_000019;PRD_000020;PRD_000021;PRD_000022;PRD_000026;PRD_000027;PRD_000028;PRD_000029;PRD_000041;PRD_000042;PRD_000047;PRD_000049
COMP_COAT_GLOSSY,PRICE_TYPE.01,(전사이즈),SIZ_000499|PROC_000014|2,150,200,159200,120000,39200,49,PRD_000016;PRD_000017;PRD_000018;PRD_000019;PRD_000020;PRD_000021;PRD_000022;PRD_000026;PRD_000027;PRD_000028;PRD_000029;PRD_000041;PRD_000042;PRD_000047;PRD_000049
COMP_COAT_GLOSSY,PRICE_TYPE.01,(전사이즈),SIZ_000499|PROC_000014|2,250,300,179400,150000,29400,49,PRD_000016;PRD_000017;PRD_000018;PRD_000019;PRD_000020;PRD_000021;PRD_000022;PRD_000026;PRD_000027;PRD_000028;PRD_000029;PRD_000041;PRD_000042;PRD_000047;PRD_000049
COMP_COAT_GLOSSY,PRICE_TYPE.01,(전사이즈),SIZ_000499|PROC_000014|2,300,400,199500,160000,39500,79,PRD_000016;PRD_000017;PRD_000018;PRD_000019;PRD_000020;PRD_000021;PRD_000022;PRD_000026;PRD_000027;PRD_000028;PRD_000029;PRD_000041;PRD_000042;PRD_000047;PRD_000049
COMP_COAT_GLOSSY,PRICE_TYPE.01,(전사이즈),SIZ_000499|PROC_000014|2,400,500,199600,180000,19600,49,PRD_000016;PRD_000017;PRD_000018;PRD_000019;PRD_000020;PRD_000021;PRD_000022;PRD_000026;PRD_000027;PRD_000028;PRD_000029;PRD_000041;PRD_000042;PRD_000047;PRD_000049
COMP_COAT_GLOSSY,PRICE_TYPE.01,(전사이즈),SIZ_000499|PROC_000014|2,500,700,251640,224000,27640,77,PRD_000016;PRD_000017;PRD_000018;PRD_000019;PRD_000020;PRD_000021;PRD_000022;PRD_000026;PRD_000027;PRD_000028;PRD_000029;PRD_000041;PRD_000042;PRD_000047;PRD_000049
COMP_COAT_GLOSSY,PRICE_TYPE.01,(전사이즈),SIZ_000499|PROC_000014|2,700,900,287680,252000,35680,112,PRD_000016;PRD_000017;PRD_000018;PRD_000019;PRD_000020;PRD_000021;PRD_000022;PRD_000026;PRD_000027;PRD_000028;PRD_000029;PRD_000041;PRD_000042;PRD_000047;PRD_000049
COMP_COAT_GLOSSY,PRICE_TYPE.01,(전사이즈),SIZ_000499|PROC_000014|2,900,1000,279720,260000,19720,71,PRD_000016;PRD_000017;PRD_000018;PRD_000019;PRD_000020;PRD_000021;PRD_000022;PRD_000026;PRD_000027;PRD_000028;PRD_000029;PRD_000041;PRD_000042;PRD_000047;PRD_000049
COMP_COAT_GLOSSY,PRICE_TYPE.01,(전사이즈),SIZ_000499|PROC_000014|2,1000,1500,389740,360000,29740,115,PRD_000016;PRD_000017;PRD_000018;PRD_000019;PRD_000020;PRD_000021;PRD_000022;PRD_000026;PRD_000027;PRD_000028;PRD_000029;PRD_000041;PRD_000042;PRD_000047;PRD_000049
COMP_COAT_GLOSSY,PRICE_TYPE.01,(전사이즈),SIZ_000499|PROC_000014|2,1500,2500,599760,550000,49760,208,PRD_000016;PRD_000017;PRD_000018;PRD_000019;PRD_000020;PRD_000021;PRD_000022;PRD_000026;PRD_000027;PRD_000028;PRD_000029;PRD_000041;PRD_000042;PRD_000047;PRD_000049
COMP_COAT_GLOSSY,PRICE_TYPE.01,(전사이즈),SIZ_000499|PROC_000014|2,2500,5000,1099780,1000000,99780,454,PRD_000016;PRD_000017;PRD_000018;PRD_000019;PRD_000020;PRD_000021;PRD_000022;PRD_000026;PRD_000027;PRD_000028;PRD_000029;PRD_000041;PRD_000042;PRD_000047;PRD_000049
COMP_COAT_GLOSSY,PRICE_TYPE.01,(전사이즈),SIZ_000077|PROC_000014|1,5,10,18000,15000,3000,2,PRD_000016;PRD_000017;PRD_000018;PRD_000019;PRD_000020;PRD_000021;PRD_000022;PRD_000026;PRD_000027;PRD_000028;PRD_000029;PRD_000041;PRD_000042;PRD_000047;PRD_000049
COMP_COAT_GLOSSY,PRICE_TYPE.01,(전사이즈),SIZ_000077|PROC_000014|1,10,20,28500,24000,4500,3,PRD_000016;PRD_000017;PRD_000018;PRD_000019;PRD_000020;PRD_000021;PRD_000022;PRD_000026;PRD_000027;PRD_000028;PRD_000029;PRD_000041;PRD_000042;PRD_000047;PRD_000049
COMP_COAT_GLOSSY,PRICE_TYPE.01,(전사이즈),SIZ_000077|PROC_000014|1,30,40,46800,42000,4800,4,PRD_000016;PRD_000017;PRD_000018;PRD_000019;PRD_000020;PRD_000021;PRD_000022;PRD_000026;PRD_000027;PRD_000028;PRD_000029;PRD_000041;PRD_000042;PRD_000047;PRD_000049
COMP_COAT_GLOSSY,PRICE_TYPE.01,(전사이즈),SIZ_000077|PROC_000014|1,50,70,72450,63000,9450,9,PRD_000016;PRD_000017;PRD_000018;PRD_000019;PRD_000020;PRD_000021;PRD_000022;PRD_000026;PRD_000027;PRD_000028;PRD_000029;PRD_000041;PRD_000042;PRD_000047;PRD_000049
COMP_COAT_GLOSSY,PRICE_TYPE.01,(전사이즈),SIZ_000077|PROC_000014|1,70,100,89100,75000,14100,16,PRD_000016;PRD_000017;PRD_000018;PRD_000019;PRD_000020;PRD_000021;PRD_000022;PRD_000026;PRD_000027;PRD_000028;PRD_000029;PRD_000041;PRD_000042;PRD_000047;PRD_000049
COMP_COAT_GLOSSY,PRICE_TYPE.01,(전사이즈),SIZ_000077|PROC_000014|1,100,150,111750,90000,21750,29,PRD_000016;PRD_000017;PRD_000018;PRD_000019;PRD_000020;PRD_000021;PRD_000022;PRD_000026;PRD_000027;PRD_000028;PRD_000029;PRD_000041;PRD_000042;PRD_000047;PRD_000049
COMP_COAT_GLOSSY,PRICE_TYPE.01,(전사이즈),SIZ_000077|PROC_000014|1,150,200,119400,90000,29400,49,PRD_000016;PRD_000017;PRD_000018;PRD_000019;PRD_000020;PRD_000021;PRD_000022;PRD_000026;PRD_000027;PRD_000028;PRD_000029;PRD_000041;PRD_000042;PRD_000047;PRD_000049
COMP_COAT_GLOSSY,PRICE_TYPE.01,(전사이즈),SIZ_000077|PROC_000014|1,250,300,134550,114000,20550,46,PRD_000016;PRD_000017;PRD_000018;PRD_000019;PRD_000020;PRD_000021;PRD_000022;PRD_000026;PRD_000027;PRD_000028;PRD_000029;PRD_000041;PRD_000042;PRD_000047;PRD_000049
COMP_COAT_GLOSSY,PRICE_TYPE.01,(전사이즈),SIZ_000077|PROC_000014|1,300,400,151620,120000,31620,84,PRD_000016;PRD_000017;PRD_000018;PRD_000019;PRD_000020;PRD_000021;PRD_000022;PRD_000026;PRD_000027;PRD_000028;PRD_000029;PRD_000041;PRD_000042;PRD_000047;PRD_000049
COMP_COAT_GLOSSY,PRICE_TYPE.01,(전사이즈),SIZ_000077|PROC_000014|1,400,500,149700,135000,14700,49,PRD_000016;PRD_000017;PRD_000018;PRD_000019;PRD_000020;PRD_000021;PRD_000022;PRD_000026;PRD_000027;PRD_000028;PRD_000029;PRD_000041;PRD_000042;PRD_000047;PRD_000049
COMP_COAT_GLOSSY,PRICE_TYPE.01,(전사이즈),SIZ_000077|PROC_000014|1,500,700,188730,168000,20730,77,PRD_000016;PRD_000017;PRD_000018;PRD_000019;PRD_000020;PRD_000021;PRD_000022;PRD_000026;PRD_000027;PRD_000028;PRD_000029;PRD_000041;PRD_000042;PRD_000047;PRD_000049
COMP_COAT_GLOSSY,PRICE_TYPE.01,(전사이즈),SIZ_000077|PROC_000014|1,700,900,215760,189000,26760,112,PRD_000016;PRD_000017;PRD_000018;PRD_000019;PRD_000020;PRD_000021;PRD_000022;PRD_000026;PRD_000027;PRD_000028;PRD_000029;PRD_000041;PRD_000042;PRD_000047;PRD_000049
COMP_COAT_GLOSSY,PRICE_TYPE.01,(전사이즈),SIZ_000077|PROC_000014|1,900,1000,209790,200000,9790,47,PRD_000016;PRD_000017;PRD_000018;PRD_000019;PRD_000020;PRD_000021;PRD_000022;PRD_000026;PRD_000027;PRD_000028;PRD_000029;PRD_000041;PRD_000042;PRD_000047;PRD_000049
COMP_COAT_GLOSSY,PRICE_TYPE.01,(전사이즈),SIZ_000077|PROC_000014|1,1000,1500,299800,270000,29800,149,PRD_000016;PRD_000017;PRD_000018;PRD_000019;PRD_000020;PRD_000021;PRD_000022;PRD_000026;PRD_000027;PRD_000028;PRD_000029;PRD_000041;PRD_000042;PRD_000047;PRD_000049
COMP_COAT_GLOSSY,PRICE_TYPE.01,(전사이즈),SIZ_000077|PROC_000014|1,1500,2500,449820,425000,24820,138,PRD_000016;PRD_000017;PRD_000018;PRD_000019;PRD_000020;PRD_000021;PRD_000022;PRD_000026;PRD_000027;PRD_000028;PRD_000029;PRD_000041;PRD_000042;PRD_000047;PRD_000049
COMP_COAT_GLOSSY,PRICE_TYPE.01,(전사이즈),SIZ_000077|PROC_000014|1,2500,5000,849830,750000,99830,588,PRD_000016;PRD_000017;PRD_000018;PRD_000019;PRD_000020;PRD_000021;PRD_000022;PRD_000026;PRD_000027;PRD_000028;PRD_000029;PRD_000041;PRD_000042;PRD_000047;PRD_000049
COMP_COAT_GLOSSY,PRICE_TYPE.01,(전사이즈),SIZ_000077|PROC_000014|2,5,10,36000,30000,6000,2,PRD_000016;PRD_000017;PRD_000018;PRD_000019;PRD_000020;PRD_000021;PRD_000022;PRD_000026;PRD_000027;PRD_000028;PRD_000029;PRD_000041;PRD_000042;PRD_000047;PRD_000049
COMP_COAT_GLOSSY,PRICE_TYPE.01,(전사이즈),SIZ_000077|PROC_000014|2,10,20,57000,48000,9000,3,PRD_000016;PRD_000017;PRD_000018;PRD_000019;PRD_000020;PRD_000021;PRD_000022;PRD_000026;PRD_000027;PRD_000028;PRD_000029;PRD_000041;PRD_000042;PRD_000047;PRD_000049
COMP_COAT_GLOSSY,PRICE_TYPE.01,(전사이즈),SIZ_000077|PROC_000014|2,30,40,93600,84000,9600,4,PRD_000016;PRD_000017;PRD_000018;PRD_000019;PRD_000020;PRD_000021;PRD_000022;PRD_000026;PRD_000027;PRD_000028;PRD_000029;PRD_000041;PRD_000042;PRD_000047;PRD_000049
COMP_COAT_GLOSSY,PRICE_TYPE.01,(전사이즈),SIZ_000077|PROC_000014|2,50,70,144900,126000,18900,9,PRD_000016;PRD_000017;PRD_000018;PRD_000019;PRD_000020;PRD_000021;PRD_000022;PRD_000026;PRD_000027;PRD_000028;PRD_000029;PRD_000041;PRD_000042;PRD_000047;PRD_000049
COMP_COAT_GLOSSY,PRICE_TYPE.01,(전사이즈),SIZ_000077|PROC_000014|2,70,100,178200,150000,28200,16,PRD_000016;PRD_000017;PRD_000018;PRD_000019;PRD_000020;PRD_000021;PRD_000022;PRD_000026;PRD_000027;PRD_000028;PRD_000029;PRD_000041;PRD_000042;PRD_000047;PRD_000049
COMP_COAT_GLOSSY,PRICE_TYPE.01,(전사이즈),SIZ_000077|PROC_000014|2,100,150,223500,180000,43500,29,PRD_000016;PRD_000017;PRD_000018;PRD_000019;PRD_000020;PRD_000021;PRD_000022;PRD_000026;PRD_000027;PRD_000028;PRD_000029;PRD_000041;PRD_000042;PRD_000047;PRD_000049
COMP_COAT_GLOSSY,PRICE_TYPE.01,(전사이즈),SIZ_000077|PROC_000014|2,150,200,238800,180000,58800,49,PRD_000016;PRD_000017;PRD_000018;PRD_000019;PRD_000020;PRD_000021;PRD_000022;PRD_000026;PRD_000027;PRD_000028;PRD_000029;PRD_000041;PRD_000042;PRD_000047;PRD_000049
COMP_COAT_GLOSSY,PRICE_TYPE.01,(전사이즈),SIZ_000077|PROC_000014|2,250,300,269100,228000,41100,46,PRD_000016;PRD_000017;PRD_000018;PRD_000019;PRD_000020;PRD_000021;PRD_000022;PRD_000026;PRD_000027;PRD_000028;PRD_000029;PRD_000041;PRD_000042;PRD_000047;PRD_000049
COMP_COAT_GLOSSY,PRICE_TYPE.01,(전사이즈),SIZ_000077|PROC_000014|2,300,400,303240,240000,63240,84,PRD_000016;PRD_000017;PRD_000018;PRD_000019;PRD_000020;PRD_000021;PRD_000022;PRD_000026;PRD_000027;PRD_000028;PRD_000029;PRD_000041;PRD_000042;PRD_000047;PRD_000049
COMP_COAT_GLOSSY,PRICE_TYPE.01,(전사이즈),SIZ_000077|PROC_000014|2,400,500,299400,270000,29400,49,PRD_000016;PRD_000017;PRD_000018;PRD_000019;PRD_000020;PRD_000021;PRD_000022;PRD_000026;PRD_000027;PRD_000028;PRD_000029;PRD_000041;PRD_000042;PRD_000047;PRD_000049
COMP_COAT_GLOSSY,PRICE_TYPE.01,(전사이즈),SIZ_000077|PROC_000014|2,500,700,377460,336000,41460,77,PRD_000016;PRD_000017;PRD_000018;PRD_000019;PRD_000020;PRD_000021;PRD_000022;PRD_000026;PRD_000027;PRD_000028;PRD_000029;PRD_000041;PRD_000042;PRD_000047;PRD_000049
COMP_COAT_GLOSSY,PRICE_TYPE.01,(전사이즈),SIZ_000077|PROC_000014|2,700,900,431520,378000,53520,112,PRD_000016;PRD_000017;PRD_000018;PRD_000019;PRD_000020;PRD_000021;PRD_000022;PRD_000026;PRD_000027;PRD_000028;PRD_000029;PRD_000041;PRD_000042;PRD_000047;PRD_000049
COMP_COAT_GLOSSY,PRICE_TYPE.01,(전사이즈),SIZ_000077|PROC_000014|2,900,1000,419580,400000,19580,47,PRD_000016;PRD_000017;PRD_000018;PRD_000019;PRD_000020;PRD_000021;PRD_000022;PRD_000026;PRD_000027;PRD_000028;PRD_000029;PRD_000041;PRD_000042;PRD_000047;PRD_000049
COMP_COAT_GLOSSY,PRICE_TYPE.01,(전사이즈),SIZ_000077|PROC_000014|2,1000,1500,599600,540000,59600,149,PRD_000016;PRD_000017;PRD_000018;PRD_000019;PRD_000020;PRD_000021;PRD_000022;PRD_000026;PRD_000027;PRD_000028;PRD_000029;PRD_000041;PRD_000042;PRD_000047;PRD_000049
COMP_COAT_GLOSSY,PRICE_TYPE.01,(전사이즈),SIZ_000077|PROC_000014|2,1500,2500,899640,850000,49640,138,PRD_000016;PRD_000017;PRD_000018;PRD_000019;PRD_000020;PRD_000021;PRD_000022;PRD_000026;PRD_000027;PRD_000028;PRD_000029;PRD_000041;PRD_000042;PRD_000047;PRD_000049
COMP_COAT_GLOSSY,PRICE_TYPE.01,(전사이즈),SIZ_000077|PROC_000014|2,2500,5000,1699660,1500000,199660,588,PRD_000016;PRD_000017;PRD_000018;PRD_000019;PRD_000020;PRD_000021;PRD_000022;PRD_000026;PRD_000027;PRD_000028;PRD_000029;PRD_000041;PRD_000042;PRD_000047;PRD_000049
COMP_COAT_GLOSSY,PRICE_TYPE.01,(전사이즈),SIZ_000475|PROC_000014|1,5,10,18000,15000,3000,2,PRD_000016;PRD_000017;PRD_000018;PRD_000019;PRD_000020;PRD_000021;PRD_000022;PRD_000026;PRD_000027;PRD_000028;PRD_000029;PRD_000041;PRD_000042;PRD_000047;PRD_000049
COMP_COAT_GLOSSY,PRICE_TYPE.01,(전사이즈),SIZ_000475|PROC_000014|1,10,20,28500,24000,4500,3,PRD_000016;PRD_000017;PRD_000018;PRD_000019;PRD_000020;PRD_000021;PRD_000022;PRD_000026;PRD_000027;PRD_000028;PRD_000029;PRD_000041;PRD_000042;PRD_000047;PRD_000049
COMP_COAT_GLOSSY,PRICE_TYPE.01,(전사이즈),SIZ_000475|PROC_000014|1,30,40,46800,42000,4800,4,PRD_000016;PRD_000017;PRD_000018;PRD_000019;PRD_000020;PRD_000021;PRD_000022;PRD_000026;PRD_000027;PRD_000028;PRD_000029;PRD_000041;PRD_000042;PRD_000047;PRD_000049
COMP_COAT_GLOSSY,PRICE_TYPE.01,(전사이즈),SIZ_000475|PROC_000014|1,50,70,72450,63000,9450,9,PRD_000016;PRD_000017;PRD_000018;PRD_000019;PRD_000020;PRD_000021;PRD_000022;PRD_000026;PRD_000027;PRD_000028;PRD_000029;PRD_000041;PRD_000042;PRD_000047;PRD_000049
COMP_COAT_GLOSSY,PRICE_TYPE.01,(전사이즈),SIZ_000475|PROC_000014|1,70,100,89100,75000,14100,16,PRD_000016;PRD_000017;PRD_000018;PRD_000019;PRD_000020;PRD_000021;PRD_000022;PRD_000026;PRD_000027;PRD_000028;PRD_000029;PRD_000041;PRD_000042;PRD_000047;PRD_000049
COMP_COAT_GLOSSY,PRICE_TYPE.01,(전사이즈),SIZ_000475|PROC_000014|1,100,150,111750,90000,21750,29,PRD_000016;PRD_000017;PRD_000018;PRD_000019;PRD_000020;PRD_000021;PRD_000022;PRD_000026;PRD_000027;PRD_000028;PRD_000029;PRD_000041;PRD_000042;PRD_000047;PRD_000049
COMP_COAT_GLOSSY,PRICE_TYPE.01,(전사이즈),SIZ_000475|PROC_000014|1,150,200,119400,90000,29400,49,PRD_000016;PRD_000017;PRD_000018;PRD_000019;PRD_000020;PRD_000021;PRD_000022;PRD_000026;PRD_000027;PRD_000028;PRD_000029;PRD_000041;PRD_000042;PRD_000047;PRD_000049
COMP_COAT_GLOSSY,PRICE_TYPE.01,(전사이즈),SIZ_000475|PROC_000014|1,250,300,134550,114000,20550,46,PRD_000016;PRD_000017;PRD_000018;PRD_000019;PRD_000020;PRD_000021;PRD_000022;PRD_000026;PRD_000027;PRD_000028;PRD_000029;PRD_000041;PRD_000042;PRD_000047;PRD_000049
COMP_COAT_GLOSSY,PRICE_TYPE.01,(전사이즈),SIZ_000475|PROC_000014|1,300,400,151620,120000,31620,84,PRD_000016;PRD_000017;PRD_000018;PRD_000019;PRD_000020;PRD_000021;PRD_000022;PRD_000026;PRD_000027;PRD_000028;PRD_000029;PRD_000041;PRD_000042;PRD_000047;PRD_000049
COMP_COAT_GLOSSY,PRICE_TYPE.01,(전사이즈),SIZ_000475|PROC_000014|1,400,500,149700,135000,14700,49,PRD_000016;PRD_000017;PRD_000018;PRD_000019;PRD_000020;PRD_000021;PRD_000022;PRD_000026;PRD_000027;PRD_000028;PRD_000029;PRD_000041;PRD_000042;PRD_000047;PRD_000049
COMP_COAT_GLOSSY,PRICE_TYPE.01,(전사이즈),SIZ_000475|PROC_000014|1,500,700,188730,168000,20730,77,PRD_000016;PRD_000017;PRD_000018;PRD_000019;PRD_000020;PRD_000021;PRD_000022;PRD_000026;PRD_000027;PRD_000028;PRD_000029;PRD_000041;PRD_000042;PRD_000047;PRD_000049
COMP_COAT_GLOSSY,PRICE_TYPE.01,(전사이즈),SIZ_000475|PROC_000014|1,700,900,215760,189000,26760,112,PRD_000016;PRD_000017;PRD_000018;PRD_000019;PRD_000020;PRD_000021;PRD_000022;PRD_000026;PRD_000027;PRD_000028;PRD_000029;PRD_000041;PRD_000042;PRD_000047;PRD_000049
COMP_COAT_GLOSSY,PRICE_TYPE.01,(전사이즈),SIZ_000475|PROC_000014|1,900,1000,209790,200000,9790,47,PRD_000016;PRD_000017;PRD_000018;PRD_000019;PRD_000020;PRD_000021;PRD_000022;PRD_000026;PRD_000027;PRD_000028;PRD_000029;PRD_000041;PRD_000042;PRD_000047;PRD_000049
COMP_COAT_GLOSSY,PRICE_TYPE.01,(전사이즈),SIZ_000475|PROC_000014|1,1000,1500,299800,270000,29800,149,PRD_000016;PRD_000017;PRD_000018;PRD_000019;PRD_000020;PRD_000021;PRD_000022;PRD_000026;PRD_000027;PRD_000028;PRD_000029;PRD_000041;PRD_000042;PRD_000047;PRD_000049
COMP_COAT_GLOSSY,PRICE_TYPE.01,(전사이즈),SIZ_000475|PROC_000014|1,1500,2500,449820,425000,24820,138,PRD_000016;PRD_000017;PRD_000018;PRD_000019;PRD_000020;PRD_000021;PRD_000022;PRD_000026;PRD_000027;PRD_000028;PRD_000029;PRD_000041;PRD_000042;PRD_000047;PRD_000049
COMP_COAT_GLOSSY,PRICE_TYPE.01,(전사이즈),SIZ_000475|PROC_000014|1,2500,5000,849830,750000,99830,588,PRD_000016;PRD_000017;PRD_000018;PRD_000019;PRD_000020;PRD_000021;PRD_000022;PRD_000026;PRD_000027;PRD_000028;PRD_000029;PRD_000041;PRD_000042;PRD_000047;PRD_000049
COMP_COAT_GLOSSY,PRICE_TYPE.01,(전사이즈),SIZ_000475|PROC_000014|2,5,10,36000,30000,6000,2,PRD_000016;PRD_000017;PRD_000018;PRD_000019;PRD_000020;PRD_000021;PRD_000022;PRD_000026;PRD_000027;PRD_000028;PRD_000029;PRD_000041;PRD_000042;PRD_000047;PRD_000049
COMP_COAT_GLOSSY,PRICE_TYPE.01,(전사이즈),SIZ_000475|PROC_000014|2,10,20,57000,48000,9000,3,PRD_000016;PRD_000017;PRD_000018;PRD_000019;PRD_000020;PRD_000021;PRD_000022;PRD_000026;PRD_000027;PRD_000028;PRD_000029;PRD_000041;PRD_000042;PRD_000047;PRD_000049
COMP_COAT_GLOSSY,PRICE_TYPE.01,(전사이즈),SIZ_000475|PROC_000014|2,30,40,93600,84000,9600,4,PRD_000016;PRD_000017;PRD_000018;PRD_000019;PRD_000020;PRD_000021;PRD_000022;PRD_000026;PRD_000027;PRD_000028;PRD_000029;PRD_000041;PRD_000042;PRD_000047;PRD_000049
COMP_COAT_GLOSSY,PRICE_TYPE.01,(전사이즈),SIZ_000475|PROC_000014|2,50,70,144900,126000,18900,9,PRD_000016;PRD_000017;PRD_000018;PRD_000019;PRD_000020;PRD_000021;PRD_000022;PRD_000026;PRD_000027;PRD_000028;PRD_000029;PRD_000041;PRD_000042;PRD_000047;PRD_000049
COMP_COAT_GLOSSY,PRICE_TYPE.01,(전사이즈),SIZ_000475|PROC_000014|2,70,100,178200,150000,28200,16,PRD_000016;PRD_000017;PRD_000018;PRD_000019;PRD_000020;PRD_000021;PRD_000022;PRD_000026;PRD_000027;PRD_000028;PRD_000029;PRD_000041;PRD_000042;PRD_000047;PRD_000049
COMP_COAT_GLOSSY,PRICE_TYPE.01,(전사이즈),SIZ_000475|PROC_000014|2,100,150,223500,180000,43500,29,PRD_000016;PRD_000017;PRD_000018;PRD_000019;PRD_000020;PRD_000021;PRD_000022;PRD_000026;PRD_000027;PRD_000028;PRD_000029;PRD_000041;PRD_000042;PRD_000047;PRD_000049
COMP_COAT_GLOSSY,PRICE_TYPE.01,(전사이즈),SIZ_000475|PROC_000014|2,150,200,238800,180000,58800,49,PRD_000016;PRD_000017;PRD_000018;PRD_000019;PRD_000020;PRD_000021;PRD_000022;PRD_000026;PRD_000027;PRD_000028;PRD_000029;PRD_000041;PRD_000042;PRD_000047;PRD_000049
COMP_COAT_GLOSSY,PRICE_TYPE.01,(전사이즈),SIZ_000475|PROC_000014|2,250,300,269100,228000,41100,46,PRD_000016;PRD_000017;PRD_000018;PRD_000019;PRD_000020;PRD_000021;PRD_000022;PRD_000026;PRD_000027;PRD_000028;PRD_000029;PRD_000041;PRD_000042;PRD_000047;PRD_000049
COMP_COAT_GLOSSY,PRICE_TYPE.01,(전사이즈),SIZ_000475|PROC_000014|2,300,400,303240,240000,63240,84,PRD_000016;PRD_000017;PRD_000018;PRD_000019;PRD_000020;PRD_000021;PRD_000022;PRD_000026;PRD_000027;PRD_000028;PRD_000029;PRD_000041;PRD_000042;PRD_000047;PRD_000049
COMP_COAT_GLOSSY,PRICE_TYPE.01,(전사이즈),SIZ_000475|PROC_000014|2,400,500,299400,270000,29400,49,PRD_000016;PRD_000017;PRD_000018;PRD_000019;PRD_000020;PRD_000021;PRD_000022;PRD_000026;PRD_000027;PRD_000028;PRD_000029;PRD_000041;PRD_000042;PRD_000047;PRD_000049
COMP_COAT_GLOSSY,PRICE_TYPE.01,(전사이즈),SIZ_000475|PROC_000014|2,500,700,377460,336000,41460,77,PRD_000016;PRD_000017;PRD_000018;PRD_000019;PRD_000020;PRD_000021;PRD_000022;PRD_000026;PRD_000027;PRD_000028;PRD_000029;PRD_000041;PRD_000042;PRD_000047;PRD_000049
COMP_COAT_GLOSSY,PRICE_TYPE.01,(전사이즈),SIZ_000475|PROC_000014|2,700,900,431520,378000,53520,112,PRD_000016;PRD_000017;PRD_000018;PRD_000019;PRD_000020;PRD_000021;PRD_000022;PRD_000026;PRD_000027;PRD_000028;PRD_000029;PRD_000041;PRD_000042;PRD_000047;PRD_000049
COMP_COAT_GLOSSY,PRICE_TYPE.01,(전사이즈),SIZ_000475|PROC_000014|2,900,1000,419580,400000,19580,47,PRD_000016;PRD_000017;PRD_000018;PRD_000019;PRD_000020;PRD_000021;PRD_000022;PRD_000026;PRD_000027;PRD_000028;PRD_000029;PRD_000041;PRD_000042;PRD_000047;PRD_000049
COMP_COAT_GLOSSY,PRICE_TYPE.01,(전사이즈),SIZ_000475|PROC_000014|2,1000,1500,599600,540000,59600,149,PRD_000016;PRD_000017;PRD_000018;PRD_000019;PRD_000020;PRD_000021;PRD_000022;PRD_000026;PRD_000027;PRD_000028;PRD_000029;PRD_000041;PRD_000042;PRD_000047;PRD_000049
COMP_COAT_GLOSSY,PRICE_TYPE.01,(전사이즈),SIZ_000475|PROC_000014|2,1500,2500,899640,850000,49640,138,PRD_000016;PRD_000017;PRD_000018;PRD_000019;PRD_000020;PRD_000021;PRD_000022;PRD_000026;PRD_000027;PRD_000028;PRD_000029;PRD_000041;PRD_000042;PRD_000047;PRD_000049
COMP_COAT_GLOSSY,PRICE_TYPE.01,(전사이즈),SIZ_000475|PROC_000014|2,2500,5000,1699660,1500000,199660,588,PRD_000016;PRD_000017;PRD_000018;PRD_000019;PRD_000020;PRD_000021;PRD_000022;PRD_000026;PRD_000027;PRD_000028;PRD_000029;PRD_000041;PRD_000042;PRD_000047;PRD_000049
COMP_COAT_MATTE,PRICE_TYPE.01,(전사이즈),SIZ_000499|PROC_000015|1,5,10,10800,10000,800,1,PRD_000016;PRD_000017;PRD_000018;PRD_000019;PRD_000020;PRD_000021;PRD_000022;PRD_000026;PRD_000027;PRD_000028;PRD_000029;PRD_000041;PRD_000042;PRD_000047;PRD_000049;PRD_000288;PRD_000290;PRD_000292
COMP_COAT_MATTE,PRICE_TYPE.01,(전사이즈),SIZ_000499|PROC_000015|1,10,20,19000,16000,3000,3,PRD_000016;PRD_000017;PRD_000018;PRD_000019;PRD_000020;PRD_000021;PRD_000022;PRD_000026;PRD_000027;PRD_000028;PRD_000029;PRD_000041;PRD_000042;PRD_000047;PRD_000049;PRD_000288;PRD_000290;PRD_000292
COMP_COAT_MATTE,PRICE_TYPE.01,(전사이즈),SIZ_000499|PROC_000015|1,30,40,31200,28000,3200,4,PRD_000016;PRD_000017;PRD_000018;PRD_000019;PRD_000020;PRD_000021;PRD_000022;PRD_000026;PRD_000027;PRD_000028;PRD_000029;PRD_000041;PRD_000042;PRD_000047;PRD_000049;PRD_000288;PRD_000290;PRD_000292
COMP_COAT_MATTE,PRICE_TYPE.01,(전사이즈),SIZ_000499|PROC_000015|1,50,70,48300,42000,6300,9,PRD_000016;PRD_000017;PRD_000018;PRD_000019;PRD_000020;PRD_000021;PRD_000022;PRD_000026;PRD_000027;PRD_000028;PRD_000029;PRD_000041;PRD_000042;PRD_000047;PRD_000049;PRD_000288;PRD_000290;PRD_000292
COMP_COAT_MATTE,PRICE_TYPE.01,(전사이즈),SIZ_000499|PROC_000015|1,70,100,59400,50000,9400,16,PRD_000016;PRD_000017;PRD_000018;PRD_000019;PRD_000020;PRD_000021;PRD_000022;PRD_000026;PRD_000027;PRD_000028;PRD_000029;PRD_000041;PRD_000042;PRD_000047;PRD_000049;PRD_000288;PRD_000290;PRD_000292
COMP_COAT_MATTE,PRICE_TYPE.01,(전사이즈),SIZ_000499|PROC_000015|1,100,150,74500,60000,14500,29,PRD_000016;PRD_000017;PRD_000018;PRD_000019;PRD_000020;PRD_000021;PRD_000022;PRD_000026;PRD_000027;PRD_000028;PRD_000029;PRD_000041;PRD_000042;PRD_000047;PRD_000049;PRD_000288;PRD_000290;PRD_000292
COMP_COAT_MATTE,PRICE_TYPE.01,(전사이즈),SIZ_000499|PROC_000015|1,150,200,79600,60000,19600,49,PRD_000016;PRD_000017;PRD_000018;PRD_000019;PRD_000020;PRD_000021;PRD_000022;PRD_000026;PRD_000027;PRD_000028;PRD_000029;PRD_000041;PRD_000042;PRD_000047;PRD_000049;PRD_000288;PRD_000290;PRD_000292
COMP_COAT_MATTE,PRICE_TYPE.01,(전사이즈),SIZ_000499|PROC_000015|1,250,300,89700,75000,14700,49,PRD_000016;PRD_000017;PRD_000018;PRD_000019;PRD_000020;PRD_000021;PRD_000022;PRD_000026;PRD_000027;PRD_000028;PRD_000029;PRD_000041;PRD_000042;PRD_000047;PRD_000049;PRD_000288;PRD_000290;PRD_000292
COMP_COAT_MATTE,PRICE_TYPE.01,(전사이즈),SIZ_000499|PROC_000015|1,300,400,99750,80000,19750,79,PRD_000016;PRD_000017;PRD_000018;PRD_000019;PRD_000020;PRD_000021;PRD_000022;PRD_000026;PRD_000027;PRD_000028;PRD_000029;PRD_000041;PRD_000042;PRD_000047;PRD_000049;PRD_000288;PRD_000290;PRD_000292
COMP_COAT_MATTE,PRICE_TYPE.01,(전사이즈),SIZ_000499|PROC_000015|1,400,500,99800,90000,9800,49,PRD_000016;PRD_000017;PRD_000018;PRD_000019;PRD_000020;PRD_000021;PRD_000022;PRD_000026;PRD_000027;PRD_000028;PRD_000029;PRD_000041;PRD_000042;PRD_000047;PRD_000049;PRD_000288;PRD_000290;PRD_000292
COMP_COAT_MATTE,PRICE_TYPE.01,(전사이즈),SIZ_000499|PROC_000015|1,500,700,125820,112000,13820,77,PRD_000016;PRD_000017;PRD_000018;PRD_000019;PRD_000020;PRD_000021;PRD_000022;PRD_000026;PRD_000027;PRD_000028;PRD_000029;PRD_000041;PRD_000042;PRD_000047;PRD_000049;PRD_000288;PRD_000290;PRD_000292
COMP_COAT_MATTE,PRICE_TYPE.01,(전사이즈),SIZ_000499|PROC_000015|1,700,900,143840,126000,17840,112,PRD_000016;PRD_000017;PRD_000018;PRD_000019;PRD_000020;PRD_000021;PRD_000022;PRD_000026;PRD_000027;PRD_000028;PRD_000029;PRD_000041;PRD_000042;PRD_000047;PRD_000049;PRD_000288;PRD_000290;PRD_000292
COMP_COAT_MATTE,PRICE_TYPE.01,(전사이즈),SIZ_000499|PROC_000015|1,900,1000,139860,130000,9860,71,PRD_000016;PRD_000017;PRD_000018;PRD_000019;PRD_000020;PRD_000021;PRD_000022;PRD_000026;PRD_000027;PRD_000028;PRD_000029;PRD_000041;PRD_000042;PRD_000047;PRD_000049;PRD_000288;PRD_000290;PRD_000292
COMP_COAT_MATTE,PRICE_TYPE.01,(전사이즈),SIZ_000499|PROC_000015|1,1000,1500,194870,180000,14870,115,PRD_000016;PRD_000017;PRD_000018;PRD_000019;PRD_000020;PRD_000021;PRD_000022;PRD_000026;PRD_000027;PRD_000028;PRD_000029;PRD_000041;PRD_000042;PRD_000047;PRD_000049;PRD_000288;PRD_000290;PRD_000292
COMP_COAT_MATTE,PRICE_TYPE.01,(전사이즈),SIZ_000499|PROC_000015|1,1500,2500,299880,275000,24880,208,PRD_000016;PRD_000017;PRD_000018;PRD_000019;PRD_000020;PRD_000021;PRD_000022;PRD_000026;PRD_000027;PRD_000028;PRD_000029;PRD_000041;PRD_000042;PRD_000047;PRD_000049;PRD_000288;PRD_000290;PRD_000292
COMP_COAT_MATTE,PRICE_TYPE.01,(전사이즈),SIZ_000499|PROC_000015|1,2500,5000,549890,500000,49890,454,PRD_000016;PRD_000017;PRD_000018;PRD_000019;PRD_000020;PRD_000021;PRD_000022;PRD_000026;PRD_000027;PRD_000028;PRD_000029;PRD_000041;PRD_000042;PRD_000047;PRD_000049;PRD_000288;PRD_000290;PRD_000292
COMP_COAT_MATTE,PRICE_TYPE.01,(전사이즈),SIZ_000499|PROC_000015|2,5,10,21600,20000,1600,1,PRD_000016;PRD_000017;PRD_000018;PRD_000019;PRD_000020;PRD_000021;PRD_000022;PRD_000026;PRD_000027;PRD_000028;PRD_000029;PRD_000041;PRD_000042;PRD_000047;PRD_000049;PRD_000288;PRD_000290;PRD_000292
COMP_COAT_MATTE,PRICE_TYPE.01,(전사이즈),SIZ_000499|PROC_000015|2,10,20,38000,32000,6000,3,PRD_000016;PRD_000017;PRD_000018;PRD_000019;PRD_000020;PRD_000021;PRD_000022;PRD_000026;PRD_000027;PRD_000028;PRD_000029;PRD_000041;PRD_000042;PRD_000047;PRD_000049;PRD_000288;PRD_000290;PRD_000292
COMP_COAT_MATTE,PRICE_TYPE.01,(전사이즈),SIZ_000499|PROC_000015|2,30,40,62400,56000,6400,4,PRD_000016;PRD_000017;PRD_000018;PRD_000019;PRD_000020;PRD_000021;PRD_000022;PRD_000026;PRD_000027;PRD_000028;PRD_000029;PRD_000041;PRD_000042;PRD_000047;PRD_000049;PRD_000288;PRD_000290;PRD_000292
COMP_COAT_MATTE,PRICE_TYPE.01,(전사이즈),SIZ_000499|PROC_000015|2,50,70,96600,84000,12600,9,PRD_000016;PRD_000017;PRD_000018;PRD_000019;PRD_000020;PRD_000021;PRD_000022;PRD_000026;PRD_000027;PRD_000028;PRD_000029;PRD_000041;PRD_000042;PRD_000047;PRD_000049;PRD_000288;PRD_000290;PRD_000292
COMP_COAT_MATTE,PRICE_TYPE.01,(전사이즈),SIZ_000499|PROC_000015|2,70,100,118800,100000,18800,16,PRD_000016;PRD_000017;PRD_000018;PRD_000019;PRD_000020;PRD_000021;PRD_000022;PRD_000026;PRD_000027;PRD_000028;PRD_000029;PRD_000041;PRD_000042;PRD_000047;PRD_000049;PRD_000288;PRD_000290;PRD_000292
COMP_COAT_MATTE,PRICE_TYPE.01,(전사이즈),SIZ_000499|PROC_000015|2,100,150,149000,120000,29000,29,PRD_000016;PRD_000017;PRD_000018;PRD_000019;PRD_000020;PRD_000021;PRD_000022;PRD_000026;PRD_000027;PRD_000028;PRD_000029;PRD_000041;PRD_000042;PRD_000047;PRD_000049;PRD_000288;PRD_000290;PRD_000292
COMP_COAT_MATTE,PRICE_TYPE.01,(전사이즈),SIZ_000499|PROC_000015|2,150,200,159200,120000,39200,49,PRD_000016;PRD_000017;PRD_000018;PRD_000019;PRD_000020;PRD_000021;PRD_000022;PRD_000026;PRD_000027;PRD_000028;PRD_000029;PRD_000041;PRD_000042;PRD_000047;PRD_000049;PRD_000288;PRD_000290;PRD_000292
COMP_COAT_MATTE,PRICE_TYPE.01,(전사이즈),SIZ_000499|PROC_000015|2,250,300,179400,150000,29400,49,PRD_000016;PRD_000017;PRD_000018;PRD_000019;PRD_000020;PRD_000021;PRD_000022;PRD_000026;PRD_000027;PRD_000028;PRD_000029;PRD_000041;PRD_000042;PRD_000047;PRD_000049;PRD_000288;PRD_000290;PRD_000292
COMP_COAT_MATTE,PRICE_TYPE.01,(전사이즈),SIZ_000499|PROC_000015|2,300,400,199500,160000,39500,79,PRD_000016;PRD_000017;PRD_000018;PRD_000019;PRD_000020;PRD_000021;PRD_000022;PRD_000026;PRD_000027;PRD_000028;PRD_000029;PRD_000041;PRD_000042;PRD_000047;PRD_000049;PRD_000288;PRD_000290;PRD_000292
COMP_COAT_MATTE,PRICE_TYPE.01,(전사이즈),SIZ_000499|PROC_000015|2,400,500,199600,180000,19600,49,PRD_000016;PRD_000017;PRD_000018;PRD_000019;PRD_000020;PRD_000021;PRD_000022;PRD_000026;PRD_000027;PRD_000028;PRD_000029;PRD_000041;PRD_000042;PRD_000047;PRD_000049;PRD_000288;PRD_000290;PRD_000292
COMP_COAT_MATTE,PRICE_TYPE.01,(전사이즈),SIZ_000499|PROC_000015|2,500,700,251640,224000,27640,77,PRD_000016;PRD_000017;PRD_000018;PRD_000019;PRD_000020;PRD_000021;PRD_000022;PRD_000026;PRD_000027;PRD_000028;PRD_000029;PRD_000041;PRD_000042;PRD_000047;PRD_000049;PRD_000288;PRD_000290;PRD_000292
COMP_COAT_MATTE,PRICE_TYPE.01,(전사이즈),SIZ_000499|PROC_000015|2,700,900,287680,252000,35680,112,PRD_000016;PRD_000017;PRD_000018;PRD_000019;PRD_000020;PRD_000021;PRD_000022;PRD_000026;PRD_000027;PRD_000028;PRD_000029;PRD_000041;PRD_000042;PRD_000047;PRD_000049;PRD_000288;PRD_000290;PRD_000292
COMP_COAT_MATTE,PRICE_TYPE.01,(전사이즈),SIZ_000499|PROC_000015|2,900,1000,279720,260000,19720,71,PRD_000016;PRD_000017;PRD_000018;PRD_000019;PRD_000020;PRD_000021;PRD_000022;PRD_000026;PRD_000027;PRD_000028;PRD_000029;PRD_000041;PRD_000042;PRD_000047;PRD_000049;PRD_000288;PRD_000290;PRD_000292
COMP_COAT_MATTE,PRICE_TYPE.01,(전사이즈),SIZ_000499|PROC_000015|2,1000,1500,389740,360000,29740,115,PRD_000016;PRD_000017;PRD_000018;PRD_000019;PRD_000020;PRD_000021;PRD_000022;PRD_000026;PRD_000027;PRD_000028;PRD_000029;PRD_000041;PRD_000042;PRD_000047;PRD_000049;PRD_000288;PRD_000290;PRD_000292
COMP_COAT_MATTE,PRICE_TYPE.01,(전사이즈),SIZ_000499|PROC_000015|2,1500,2500,599760,550000,49760,208,PRD_000016;PRD_000017;PRD_000018;PRD_000019;PRD_000020;PRD_000021;PRD_000022;PRD_000026;PRD_000027;PRD_000028;PRD_000029;PRD_000041;PRD_000042;PRD_000047;PRD_000049;PRD_000288;PRD_000290;PRD_000292
COMP_COAT_MATTE,PRICE_TYPE.01,(전사이즈),SIZ_000499|PROC_000015|2,2500,5000,1099780,1000000,99780,454,PRD_000016;PRD_000017;PRD_000018;PRD_000019;PRD_000020;PRD_000021;PRD_000022;PRD_000026;PRD_000027;PRD_000028;PRD_000029;PRD_000041;PRD_000042;PRD_000047;PRD_000049;PRD_000288;PRD_000290;PRD_000292
COMP_COAT_MATTE,PRICE_TYPE.01,(전사이즈),SIZ_000077|PROC_000015|1,5,10,18000,15000,3000,2,PRD_000016;PRD_000017;PRD_000018;PRD_000019;PRD_000020;PRD_000021;PRD_000022;PRD_000026;PRD_000027;PRD_000028;PRD_000029;PRD_000041;PRD_000042;PRD_000047;PRD_000049;PRD_000288;PRD_000290;PRD_000292
COMP_COAT_MATTE,PRICE_TYPE.01,(전사이즈),SIZ_000077|PROC_000015|1,10,20,28500,24000,4500,3,PRD_000016;PRD_000017;PRD_000018;PRD_000019;PRD_000020;PRD_000021;PRD_000022;PRD_000026;PRD_000027;PRD_000028;PRD_000029;PRD_000041;PRD_000042;PRD_000047;PRD_000049;PRD_000288;PRD_000290;PRD_000292
COMP_COAT_MATTE,PRICE_TYPE.01,(전사이즈),SIZ_000077|PROC_000015|1,30,40,46800,42000,4800,4,PRD_000016;PRD_000017;PRD_000018;PRD_000019;PRD_000020;PRD_000021;PRD_000022;PRD_000026;PRD_000027;PRD_000028;PRD_000029;PRD_000041;PRD_000042;PRD_000047;PRD_000049;PRD_000288;PRD_000290;PRD_000292
COMP_COAT_MATTE,PRICE_TYPE.01,(전사이즈),SIZ_000077|PROC_000015|1,50,70,72450,63000,9450,9,PRD_000016;PRD_000017;PRD_000018;PRD_000019;PRD_000020;PRD_000021;PRD_000022;PRD_000026;PRD_000027;PRD_000028;PRD_000029;PRD_000041;PRD_000042;PRD_000047;PRD_000049;PRD_000288;PRD_000290;PRD_000292
COMP_COAT_MATTE,PRICE_TYPE.01,(전사이즈),SIZ_000077|PROC_000015|1,70,100,89100,75000,14100,16,PRD_000016;PRD_000017;PRD_000018;PRD_000019;PRD_000020;PRD_000021;PRD_000022;PRD_000026;PRD_000027;PRD_000028;PRD_000029;PRD_000041;PRD_000042;PRD_000047;PRD_000049;PRD_000288;PRD_000290;PRD_000292
COMP_COAT_MATTE,PRICE_TYPE.01,(전사이즈),SIZ_000077|PROC_000015|1,100,150,111750,90000,21750,29,PRD_000016;PRD_000017;PRD_000018;PRD_000019;PRD_000020;PRD_000021;PRD_000022;PRD_000026;PRD_000027;PRD_000028;PRD_000029;PRD_000041;PRD_000042;PRD_000047;PRD_000049;PRD_000288;PRD_000290;PRD_000292
COMP_COAT_MATTE,PRICE_TYPE.01,(전사이즈),SIZ_000077|PROC_000015|1,150,200,119400,90000,29400,49,PRD_000016;PRD_000017;PRD_000018;PRD_000019;PRD_000020;PRD_000021;PRD_000022;PRD_000026;PRD_000027;PRD_000028;PRD_000029;PRD_000041;PRD_000042;PRD_000047;PRD_000049;PRD_000288;PRD_000290;PRD_000292
COMP_COAT_MATTE,PRICE_TYPE.01,(전사이즈),SIZ_000077|PROC_000015|1,250,300,134550,114000,20550,46,PRD_000016;PRD_000017;PRD_000018;PRD_000019;PRD_000020;PRD_000021;PRD_000022;PRD_000026;PRD_000027;PRD_000028;PRD_000029;PRD_000041;PRD_000042;PRD_000047;PRD_000049;PRD_000288;PRD_000290;PRD_000292
COMP_COAT_MATTE,PRICE_TYPE.01,(전사이즈),SIZ_000077|PROC_000015|1,300,400,151620,120000,31620,84,PRD_000016;PRD_000017;PRD_000018;PRD_000019;PRD_000020;PRD_000021;PRD_000022;PRD_000026;PRD_000027;PRD_000028;PRD_000029;PRD_000041;PRD_000042;PRD_000047;PRD_000049;PRD_000288;PRD_000290;PRD_000292
COMP_COAT_MATTE,PRICE_TYPE.01,(전사이즈),SIZ_000077|PROC_000015|1,400,500,149700,135000,14700,49,PRD_000016;PRD_000017;PRD_000018;PRD_000019;PRD_000020;PRD_000021;PRD_000022;PRD_000026;PRD_000027;PRD_000028;PRD_000029;PRD_000041;PRD_000042;PRD_000047;PRD_000049;PRD_000288;PRD_000290;PRD_000292
COMP_COAT_MATTE,PRICE_TYPE.01,(전사이즈),SIZ_000077|PROC_000015|1,500,700,188730,168000,20730,77,PRD_000016;PRD_000017;PRD_000018;PRD_000019;PRD_000020;PRD_000021;PRD_000022;PRD_000026;PRD_000027;PRD_000028;PRD_000029;PRD_000041;PRD_000042;PRD_000047;PRD_000049;PRD_000288;PRD_000290;PRD_000292
COMP_COAT_MATTE,PRICE_TYPE.01,(전사이즈),SIZ_000077|PROC_000015|1,700,900,215760,189000,26760,112,PRD_000016;PRD_000017;PRD_000018;PRD_000019;PRD_000020;PRD_000021;PRD_000022;PRD_000026;PRD_000027;PRD_000028;PRD_000029;PRD_000041;PRD_000042;PRD_000047;PRD_000049;PRD_000288;PRD_000290;PRD_000292
COMP_COAT_MATTE,PRICE_TYPE.01,(전사이즈),SIZ_000077|PROC_000015|1,900,1000,209790,200000,9790,47,PRD_000016;PRD_000017;PRD_000018;PRD_000019;PRD_000020;PRD_000021;PRD_000022;PRD_000026;PRD_000027;PRD_000028;PRD_000029;PRD_000041;PRD_000042;PRD_000047;PRD_000049;PRD_000288;PRD_000290;PRD_000292
COMP_COAT_MATTE,PRICE_TYPE.01,(전사이즈),SIZ_000077|PROC_000015|1,1000,1500,299800,270000,29800,149,PRD_000016;PRD_000017;PRD_000018;PRD_000019;PRD_000020;PRD_000021;PRD_000022;PRD_000026;PRD_000027;PRD_000028;PRD_000029;PRD_000041;PRD_000042;PRD_000047;PRD_000049;PRD_000288;PRD_000290;PRD_000292
COMP_COAT_MATTE,PRICE_TYPE.01,(전사이즈),SIZ_000077|PROC_000015|1,1500,2500,449820,425000,24820,138,PRD_000016;PRD_000017;PRD_000018;PRD_000019;PRD_000020;PRD_000021;PRD_000022;PRD_000026;PRD_000027;PRD_000028;PRD_000029;PRD_000041;PRD_000042;PRD_000047;PRD_000049;PRD_000288;PRD_000290;PRD_000292
COMP_COAT_MATTE,PRICE_TYPE.01,(전사이즈),SIZ_000077|PROC_000015|1,2500,5000,849830,750000,99830,588,PRD_000016;PRD_000017;PRD_000018;PRD_000019;PRD_000020;PRD_000021;PRD_000022;PRD_000026;PRD_000027;PRD_000028;PRD_000029;PRD_000041;PRD_000042;PRD_000047;PRD_000049;PRD_000288;PRD_000290;PRD_000292
COMP_COAT_MATTE,PRICE_TYPE.01,(전사이즈),SIZ_000077|PROC_000015|2,5,10,36000,30000,6000,2,PRD_000016;PRD_000017;PRD_000018;PRD_000019;PRD_000020;PRD_000021;PRD_000022;PRD_000026;PRD_000027;PRD_000028;PRD_000029;PRD_000041;PRD_000042;PRD_000047;PRD_000049;PRD_000288;PRD_000290;PRD_000292
COMP_COAT_MATTE,PRICE_TYPE.01,(전사이즈),SIZ_000077|PROC_000015|2,10,20,57000,48000,9000,3,PRD_000016;PRD_000017;PRD_000018;PRD_000019;PRD_000020;PRD_000021;PRD_000022;PRD_000026;PRD_000027;PRD_000028;PRD_000029;PRD_000041;PRD_000042;PRD_000047;PRD_000049;PRD_000288;PRD_000290;PRD_000292
COMP_COAT_MATTE,PRICE_TYPE.01,(전사이즈),SIZ_000077|PROC_000015|2,30,40,93600,84000,9600,4,PRD_000016;PRD_000017;PRD_000018;PRD_000019;PRD_000020;PRD_000021;PRD_000022;PRD_000026;PRD_000027;PRD_000028;PRD_000029;PRD_000041;PRD_000042;PRD_000047;PRD_000049;PRD_000288;PRD_000290;PRD_000292
COMP_COAT_MATTE,PRICE_TYPE.01,(전사이즈),SIZ_000077|PROC_000015|2,50,70,144900,126000,18900,9,PRD_000016;PRD_000017;PRD_000018;PRD_000019;PRD_000020;PRD_000021;PRD_000022;PRD_000026;PRD_000027;PRD_000028;PRD_000029;PRD_000041;PRD_000042;PRD_000047;PRD_000049;PRD_000288;PRD_000290;PRD_000292
COMP_COAT_MATTE,PRICE_TYPE.01,(전사이즈),SIZ_000077|PROC_000015|2,70,100,178200,150000,28200,16,PRD_000016;PRD_000017;PRD_000018;PRD_000019;PRD_000020;PRD_000021;PRD_000022;PRD_000026;PRD_000027;PRD_000028;PRD_000029;PRD_000041;PRD_000042;PRD_000047;PRD_000049;PRD_000288;PRD_000290;PRD_000292
COMP_COAT_MATTE,PRICE_TYPE.01,(전사이즈),SIZ_000077|PROC_000015|2,100,150,223500,180000,43500,29,PRD_000016;PRD_000017;PRD_000018;PRD_000019;PRD_000020;PRD_000021;PRD_000022;PRD_000026;PRD_000027;PRD_000028;PRD_000029;PRD_000041;PRD_000042;PRD_000047;PRD_000049;PRD_000288;PRD_000290;PRD_000292
COMP_COAT_MATTE,PRICE_TYPE.01,(전사이즈),SIZ_000077|PROC_000015|2,150,200,238800,180000,58800,49,PRD_000016;PRD_000017;PRD_000018;PRD_000019;PRD_000020;PRD_000021;PRD_000022;PRD_000026;PRD_000027;PRD_000028;PRD_000029;PRD_000041;PRD_000042;PRD_000047;PRD_000049;PRD_000288;PRD_000290;PRD_000292
COMP_COAT_MATTE,PRICE_TYPE.01,(전사이즈),SIZ_000077|PROC_000015|2,250,300,269100,228000,41100,46,PRD_000016;PRD_000017;PRD_000018;PRD_000019;PRD_000020;PRD_000021;PRD_000022;PRD_000026;PRD_000027;PRD_000028;PRD_000029;PRD_000041;PRD_000042;PRD_000047;PRD_000049;PRD_000288;PRD_000290;PRD_000292
COMP_COAT_MATTE,PRICE_TYPE.01,(전사이즈),SIZ_000077|PROC_000015|2,300,400,303240,240000,63240,84,PRD_000016;PRD_000017;PRD_000018;PRD_000019;PRD_000020;PRD_000021;PRD_000022;PRD_000026;PRD_000027;PRD_000028;PRD_000029;PRD_000041;PRD_000042;PRD_000047;PRD_000049;PRD_000288;PRD_000290;PRD_000292
COMP_COAT_MATTE,PRICE_TYPE.01,(전사이즈),SIZ_000077|PROC_000015|2,400,500,299400,270000,29400,49,PRD_000016;PRD_000017;PRD_000018;PRD_000019;PRD_000020;PRD_000021;PRD_000022;PRD_000026;PRD_000027;PRD_000028;PRD_000029;PRD_000041;PRD_000042;PRD_000047;PRD_000049;PRD_000288;PRD_000290;PRD_000292
COMP_COAT_MATTE,PRICE_TYPE.01,(전사이즈),SIZ_000077|PROC_000015|2,500,700,377460,336000,41460,77,PRD_000016;PRD_000017;PRD_000018;PRD_000019;PRD_000020;PRD_000021;PRD_000022;PRD_000026;PRD_000027;PRD_000028;PRD_000029;PRD_000041;PRD_000042;PRD_000047;PRD_000049;PRD_000288;PRD_000290;PRD_000292
COMP_COAT_MATTE,PRICE_TYPE.01,(전사이즈),SIZ_000077|PROC_000015|2,700,900,431520,378000,53520,112,PRD_000016;PRD_000017;PRD_000018;PRD_000019;PRD_000020;PRD_000021;PRD_000022;PRD_000026;PRD_000027;PRD_000028;PRD_000029;PRD_000041;PRD_000042;PRD_000047;PRD_000049;PRD_000288;PRD_000290;PRD_000292
COMP_COAT_MATTE,PRICE_TYPE.01,(전사이즈),SIZ_000077|PROC_000015|2,900,1000,419580,400000,19580,47,PRD_000016;PRD_000017;PRD_000018;PRD_000019;PRD_000020;PRD_000021;PRD_000022;PRD_000026;PRD_000027;PRD_000028;PRD_000029;PRD_000041;PRD_000042;PRD_000047;PRD_000049;PRD_000288;PRD_000290;PRD_000292
COMP_COAT_MATTE,PRICE_TYPE.01,(전사이즈),SIZ_000077|PROC_000015|2,1000,1500,599600,540000,59600,149,PRD_000016;PRD_000017;PRD_000018;PRD_000019;PRD_000020;PRD_000021;PRD_000022;PRD_000026;PRD_000027;PRD_000028;PRD_000029;PRD_000041;PRD_000042;PRD_000047;PRD_000049;PRD_000288;PRD_000290;PRD_000292
COMP_COAT_MATTE,PRICE_TYPE.01,(전사이즈),SIZ_000077|PROC_000015|2,1500,2500,899640,850000,49640,138,PRD_000016;PRD_000017;PRD_000018;PRD_000019;PRD_000020;PRD_000021;PRD_000022;PRD_000026;PRD_000027;PRD_000028;PRD_000029;PRD_000041;PRD_000042;PRD_000047;PRD_000049;PRD_000288;PRD_000290;PRD_000292
COMP_COAT_MATTE,PRICE_TYPE.01,(전사이즈),SIZ_000077|PROC_000015|2,2500,5000,1699660,1500000,199660,588,PRD_000016;PRD_000017;PRD_000018;PRD_000019;PRD_000020;PRD_000021;PRD_000022;PRD_000026;PRD_000027;PRD_000028;PRD_000029;PRD_000041;PRD_000042;PRD_000047;PRD_000049;PRD_000288;PRD_000290;PRD_000292
COMP_COAT_MATTE,PRICE_TYPE.01,(전사이즈),SIZ_000475|PROC_000015|2,5,10,36000,30000,6000,2,PRD_000016;PRD_000017;PRD_000018;PRD_000019;PRD_000020;PRD_000021;PRD_000022;PRD_000026;PRD_000027;PRD_000028;PRD_000029;PRD_000041;PRD_000042;PRD_000047;PRD_000049;PRD_000288;PRD_000290;PRD_000292
COMP_COAT_MATTE,PRICE_TYPE.01,(전사이즈),SIZ_000475|PROC_000015|2,10,20,57000,48000,9000,3,PRD_000016;PRD_000017;PRD_000018;PRD_000019;PRD_000020;PRD_000021;PRD_000022;PRD_000026;PRD_000027;PRD_000028;PRD_000029;PRD_000041;PRD_000042;PRD_000047;PRD_000049;PRD_000288;PRD_000290;PRD_000292
COMP_COAT_MATTE,PRICE_TYPE.01,(전사이즈),SIZ_000475|PROC_000015|2,30,40,93600,84000,9600,4,PRD_000016;PRD_000017;PRD_000018;PRD_000019;PRD_000020;PRD_000021;PRD_000022;PRD_000026;PRD_000027;PRD_000028;PRD_000029;PRD_000041;PRD_000042;PRD_000047;PRD_000049;PRD_000288;PRD_000290;PRD_000292
COMP_COAT_MATTE,PRICE_TYPE.01,(전사이즈),SIZ_000475|PROC_000015|2,50,70,144900,126000,18900,9,PRD_000016;PRD_000017;PRD_000018;PRD_000019;PRD_000020;PRD_000021;PRD_000022;PRD_000026;PRD_000027;PRD_000028;PRD_000029;PRD_000041;PRD_000042;PRD_000047;PRD_000049;PRD_000288;PRD_000290;PRD_000292
COMP_COAT_MATTE,PRICE_TYPE.01,(전사이즈),SIZ_000475|PROC_000015|2,70,100,178200,150000,28200,16,PRD_000016;PRD_000017;PRD_000018;PRD_000019;PRD_000020;PRD_000021;PRD_000022;PRD_000026;PRD_000027;PRD_000028;PRD_000029;PRD_000041;PRD_000042;PRD_000047;PRD_000049;PRD_000288;PRD_000290;PRD_000292
COMP_COAT_MATTE,PRICE_TYPE.01,(전사이즈),SIZ_000475|PROC_000015|2,100,150,223500,180000,43500,29,PRD_000016;PRD_000017;PRD_000018;PRD_000019;PRD_000020;PRD_000021;PRD_000022;PRD_000026;PRD_000027;PRD_000028;PRD_000029;PRD_000041;PRD_000042;PRD_000047;PRD_000049;PRD_000288;PRD_000290;PRD_000292
COMP_COAT_MATTE,PRICE_TYPE.01,(전사이즈),SIZ_000475|PROC_000015|2,150,200,238800,180000,58800,49,PRD_000016;PRD_000017;PRD_000018;PRD_000019;PRD_000020;PRD_000021;PRD_000022;PRD_000026;PRD_000027;PRD_000028;PRD_000029;PRD_000041;PRD_000042;PRD_000047;PRD_000049;PRD_000288;PRD_000290;PRD_000292
COMP_COAT_MATTE,PRICE_TYPE.01,(전사이즈),SIZ_000475|PROC_000015|2,250,300,269100,228000,41100,46,PRD_000016;PRD_000017;PRD_000018;PRD_000019;PRD_000020;PRD_000021;PRD_000022;PRD_000026;PRD_000027;PRD_000028;PRD_000029;PRD_000041;PRD_000042;PRD_000047;PRD_000049;PRD_000288;PRD_000290;PRD_000292
COMP_COAT_MATTE,PRICE_TYPE.01,(전사이즈),SIZ_000475|PROC_000015|2,300,400,303240,240000,63240,84,PRD_000016;PRD_000017;PRD_000018;PRD_000019;PRD_000020;PRD_000021;PRD_000022;PRD_000026;PRD_000027;PRD_000028;PRD_000029;PRD_000041;PRD_000042;PRD_000047;PRD_000049;PRD_000288;PRD_000290;PRD_000292
COMP_COAT_MATTE,PRICE_TYPE.01,(전사이즈),SIZ_000475|PROC_000015|2,400,500,299400,270000,29400,49,PRD_000016;PRD_000017;PRD_000018;PRD_000019;PRD_000020;PRD_000021;PRD_000022;PRD_000026;PRD_000027;PRD_000028;PRD_000029;PRD_000041;PRD_000042;PRD_000047;PRD_000049;PRD_000288;PRD_000290;PRD_000292
COMP_COAT_MATTE,PRICE_TYPE.01,(전사이즈),SIZ_000475|PROC_000015|2,500,700,377460,336000,41460,77,PRD_000016;PRD_000017;PRD_000018;PRD_000019;PRD_000020;PRD_000021;PRD_000022;PRD_000026;PRD_000027;PRD_000028;PRD_000029;PRD_000041;PRD_000042;PRD_000047;PRD_000049;PRD_000288;PRD_000290;PRD_000292
COMP_COAT_MATTE,PRICE_TYPE.01,(전사이즈),SIZ_000475|PROC_000015|2,700,900,431520,378000,53520,112,PRD_000016;PRD_000017;PRD_000018;PRD_000019;PRD_000020;PRD_000021;PRD_000022;PRD_000026;PRD_000027;PRD_000028;PRD_000029;PRD_000041;PRD_000042;PRD_000047;PRD_000049;PRD_000288;PRD_000290;PRD_000292
COMP_COAT_MATTE,PRICE_TYPE.01,(전사이즈),SIZ_000475|PROC_000015|2,900,1000,419580,400000,19580,47,PRD_000016;PRD_000017;PRD_000018;PRD_000019;PRD_000020;PRD_000021;PRD_000022;PRD_000026;PRD_000027;PRD_000028;PRD_000029;PRD_000041;PRD_000042;PRD_000047;PRD_000049;PRD_000288;PRD_000290;PRD_000292
COMP_COAT_MATTE,PRICE_TYPE.01,(전사이즈),SIZ_000475|PROC_000015|2,1000,1500,599600,540000,59600,149,PRD_000016;PRD_000017;PRD_000018;PRD_000019;PRD_000020;PRD_000021;PRD_000022;PRD_000026;PRD_000027;PRD_000028;PRD_000029;PRD_000041;PRD_000042;PRD_000047;PRD_000049;PRD_000288;PRD_000290;PRD_000292
COMP_COAT_MATTE,PRICE_TYPE.01,(전사이즈),SIZ_000475|PROC_000015|2,1500,2500,899640,850000,49640,138,PRD_000016;PRD_000017;PRD_000018;PRD_000019;PRD_000020;PRD_000021;PRD_000022;PRD_000026;PRD_000027;PRD_000028;PRD_000029;PRD_000041;PRD_000042;PRD_000047;PRD_000049;PRD_000288;PRD_000290;PRD_000292
COMP_COAT_MATTE,PRICE_TYPE.01,(전사이즈),SIZ_000475|PROC_000015|2,2500,5000,1699660,1500000,199660,588,PRD_000016;PRD_000017;PRD_000018;PRD_000019;PRD_000020;PRD_000021;PRD_000022;PRD_000026;PRD_000027;PRD_000028;PRD_000029;PRD_000041;PRD_000042;PRD_000047;PRD_000049;PRD_000288;PRD_000290;PRD_000292
COMP_COAT_MATTE,PRICE_TYPE.01,(전사이즈),SIZ_000475|PROC_000015|1,5,10,18000,15000,3000,2,PRD_000016;PRD_000017;PRD_000018;PRD_000019;PRD_000020;PRD_000021;PRD_000022;PRD_000026;PRD_000027;PRD_000028;PRD_000029;PRD_000041;PRD_000042;PRD_000047;PRD_000049;PRD_000288;PRD_000290;PRD_000292
COMP_COAT_MATTE,PRICE_TYPE.01,(전사이즈),SIZ_000475|PROC_000015|1,10,20,28500,24000,4500,3,PRD_000016;PRD_000017;PRD_000018;PRD_000019;PRD_000020;PRD_000021;PRD_000022;PRD_000026;PRD_000027;PRD_000028;PRD_000029;PRD_000041;PRD_000042;PRD_000047;PRD_000049;PRD_000288;PRD_000290;PRD_000292
COMP_COAT_MATTE,PRICE_TYPE.01,(전사이즈),SIZ_000475|PROC_000015|1,30,40,46800,42000,4800,4,PRD_000016;PRD_000017;PRD_000018;PRD_000019;PRD_000020;PRD_000021;PRD_000022;PRD_000026;PRD_000027;PRD_000028;PRD_000029;PRD_000041;PRD_000042;PRD_000047;PRD_000049;PRD_000288;PRD_000290;PRD_000292
COMP_COAT_MATTE,PRICE_TYPE.01,(전사이즈),SIZ_000475|PROC_000015|1,50,70,72450,63000,9450,9,PRD_000016;PRD_000017;PRD_000018;PRD_000019;PRD_000020;PRD_000021;PRD_000022;PRD_000026;PRD_000027;PRD_000028;PRD_000029;PRD_000041;PRD_000042;PRD_000047;PRD_000049;PRD_000288;PRD_000290;PRD_000292
COMP_COAT_MATTE,PRICE_TYPE.01,(전사이즈),SIZ_000475|PROC_000015|1,70,100,89100,75000,14100,16,PRD_000016;PRD_000017;PRD_000018;PRD_000019;PRD_000020;PRD_000021;PRD_000022;PRD_000026;PRD_000027;PRD_000028;PRD_000029;PRD_000041;PRD_000042;PRD_000047;PRD_000049;PRD_000288;PRD_000290;PRD_000292
COMP_COAT_MATTE,PRICE_TYPE.01,(전사이즈),SIZ_000475|PROC_000015|1,100,150,111750,90000,21750,29,PRD_000016;PRD_000017;PRD_000018;PRD_000019;PRD_000020;PRD_000021;PRD_000022;PRD_000026;PRD_000027;PRD_000028;PRD_000029;PRD_000041;PRD_000042;PRD_000047;PRD_000049;PRD_000288;PRD_000290;PRD_000292
COMP_COAT_MATTE,PRICE_TYPE.01,(전사이즈),SIZ_000475|PROC_000015|1,150,200,119400,90000,29400,49,PRD_000016;PRD_000017;PRD_000018;PRD_000019;PRD_000020;PRD_000021;PRD_000022;PRD_000026;PRD_000027;PRD_000028;PRD_000029;PRD_000041;PRD_000042;PRD_000047;PRD_000049;PRD_000288;PRD_000290;PRD_000292
COMP_COAT_MATTE,PRICE_TYPE.01,(전사이즈),SIZ_000475|PROC_000015|1,250,300,134550,114000,20550,46,PRD_000016;PRD_000017;PRD_000018;PRD_000019;PRD_000020;PRD_000021;PRD_000022;PRD_000026;PRD_000027;PRD_000028;PRD_000029;PRD_000041;PRD_000042;PRD_000047;PRD_000049;PRD_000288;PRD_000290;PRD_000292
COMP_COAT_MATTE,PRICE_TYPE.01,(전사이즈),SIZ_000475|PROC_000015|1,300,400,151620,120000,31620,84,PRD_000016;PRD_000017;PRD_000018;PRD_000019;PRD_000020;PRD_000021;PRD_000022;PRD_000026;PRD_000027;PRD_000028;PRD_000029;PRD_000041;PRD_000042;PRD_000047;PRD_000049;PRD_000288;PRD_000290;PRD_000292
COMP_COAT_MATTE,PRICE_TYPE.01,(전사이즈),SIZ_000475|PROC_000015|1,400,500,149700,135000,14700,49,PRD_000016;PRD_000017;PRD_000018;PRD_000019;PRD_000020;PRD_000021;PRD_000022;PRD_000026;PRD_000027;PRD_000028;PRD_000029;PRD_000041;PRD_000042;PRD_000047;PRD_000049;PRD_000288;PRD_000290;PRD_000292
COMP_COAT_MATTE,PRICE_TYPE.01,(전사이즈),SIZ_000475|PROC_000015|1,500,700,188730,168000,20730,77,PRD_000016;PRD_000017;PRD_000018;PRD_000019;PRD_000020;PRD_000021;PRD_000022;PRD_000026;PRD_000027;PRD_000028;PRD_000029;PRD_000041;PRD_000042;PRD_000047;PRD_000049;PRD_000288;PRD_000290;PRD_000292
COMP_COAT_MATTE,PRICE_TYPE.01,(전사이즈),SIZ_000475|PROC_000015|1,700,900,215760,189000,26760,112,PRD_000016;PRD_000017;PRD_000018;PRD_000019;PRD_000020;PRD_000021;PRD_000022;PRD_000026;PRD_000027;PRD_000028;PRD_000029;PRD_000041;PRD_000042;PRD_000047;PRD_000049;PRD_000288;PRD_000290;PRD_000292
COMP_COAT_MATTE,PRICE_TYPE.01,(전사이즈),SIZ_000475|PROC_000015|1,900,1000,209790,200000,9790,47,PRD_000016;PRD_000017;PRD_000018;PRD_000019;PRD_000020;PRD_000021;PRD_000022;PRD_000026;PRD_000027;PRD_000028;PRD_000029;PRD_000041;PRD_000042;PRD_000047;PRD_000049;PRD_000288;PRD_000290;PRD_000292
COMP_COAT_MATTE,PRICE_TYPE.01,(전사이즈),SIZ_000475|PROC_000015|1,1000,1500,299800,270000,29800,149,PRD_000016;PRD_000017;PRD_000018;PRD_000019;PRD_000020;PRD_000021;PRD_000022;PRD_000026;PRD_000027;PRD_000028;PRD_000029;PRD_000041;PRD_000042;PRD_000047;PRD_000049;PRD_000288;PRD_000290;PRD_000292
COMP_COAT_MATTE,PRICE_TYPE.01,(전사이즈),SIZ_000475|PROC_000015|1,1500,2500,449820,425000,24820,138,PRD_000016;PRD_000017;PRD_000018;PRD_000019;PRD_000020;PRD_000021;PRD_000022;PRD_000026;PRD_000027;PRD_000028;PRD_000029;PRD_000041;PRD_000042;PRD_000047;PRD_000049;PRD_000288;PRD_000290;PRD_000292
COMP_COAT_MATTE,PRICE_TYPE.01,(전사이즈),SIZ_000475|PROC_000015|1,2500,5000,849830,750000,99830,588,PRD_000016;PRD_000017;PRD_000018;PRD_000019;PRD_000020;PRD_000021;PRD_000022;PRD_000026;PRD_000027;PRD_000028;PRD_000029;PRD_000041;PRD_000042;PRD_000047;PRD_000049;PRD_000288;PRD_000290;PRD_000292
COMP_ENV_MAKING,PRICE_TYPE.02,SIZ_000194,MAT_000159,2000,3000,407864,400000,7864,58,PRD_000050
COMP_FOLD_CARD_2H,PRICE_TYPE.01,(전사이즈),(무차원),4,5,6000,5000,1000,1,PRD_000043;PRD_000044;PRD_000045;PRD_000048
COMP_FOLD_CARD_2H,PRICE_TYPE.01,(전사이즈),(무차원),9,10,7200,7000,200,1,PRD_000043;PRD_000044;PRD_000045;PRD_000048
COMP_FOLD_CARD_2H,PRICE_TYPE.01,(전사이즈),(무차원),10,15,9800,9750,50,1,PRD_000043;PRD_000044;PRD_000045;PRD_000048
COMP_FOLD_CARD_2H,PRICE_TYPE.01,(전사이즈),(무차원),15,20,12350,12000,350,1,PRD_000043;PRD_000044;PRD_000045;PRD_000048
COMP_FOLD_CARD_2H,PRICE_TYPE.01,(전사이즈),(무차원),20,25,14400,13750,650,2,PRD_000043;PRD_000044;PRD_000045;PRD_000048
COMP_FOLD_CARD_2H,PRICE_TYPE.01,(전사이즈),(무차원),25,30,15950,15000,950,2,PRD_000043;PRD_000044;PRD_000045;PRD_000048
COMP_FOLD_CARD_2H,PRICE_TYPE.01,(전사이즈),(무차원),30,35,17000,16800,200,1,PRD_000043;PRD_000044;PRD_000045;PRD_000048
COMP_FOLD_CARD_2H,PRICE_TYPE.01,(전사이즈),(무차원),35,40,18720,18400,320,1,PRD_000043;PRD_000044;PRD_000045;PRD_000048
COMP_FOLD_CARD_2H,PRICE_TYPE.01,(전사이즈),(무차원),40,45,20240,19800,440,1,PRD_000043;PRD_000044;PRD_000045;PRD_000048
COMP_FOLD_CARD_2H,PRICE_TYPE.01,(전사이즈),(무차원),45,50,21560,21000,560,2,PRD_000043;PRD_000044;PRD_000045;PRD_000048
COMP_FOLD_CARD_2H,PRICE_TYPE.01,(전사이즈),(무차원),50,60,24780,23400,1380,4,PRD_000043;PRD_000044;PRD_000045;PRD_000048
COMP_FOLD_CARD_2H,PRICE_TYPE.01,(전사이즈),(무차원),60,70,26910,25200,1710,5,PRD_000043;PRD_000044;PRD_000045;PRD_000048
COMP_FOLD_CARD_2H,PRICE_TYPE.01,(전사이즈),(무차원),70,80,28440,26400,2040,6,PRD_000043;PRD_000044;PRD_000045;PRD_000048
COMP_FOLD_CARD_2H,PRICE_TYPE.01,(전사이즈),(무차원),80,90,29370,27000,2370,8,PRD_000043;PRD_000044;PRD_000045;PRD_000048
COMP_FOLD_CARD_2H,PRICE_TYPE.01,(전사이즈),(무차원),90,100,29700,27000,2700,9,PRD_000043;PRD_000044;PRD_000045;PRD_000048
COMP_FOLD_CARD_2H,PRICE_TYPE.01,(전사이즈),(무차원),100,150,40230,36000,4230,16,PRD_000043;PRD_000044;PRD_000045;PRD_000048
COMP_FOLD_CARD_2H,PRICE_TYPE.01,(전사이즈),(무차원),150,200,47760,42000,5760,24,PRD_000043;PRD_000044;PRD_000045;PRD_000048
COMP_FOLD_CARD_2H,PRICE_TYPE.01,(전사이즈),(무차원),200,250,52290,45000,7290,35,PRD_000043;PRD_000044;PRD_000045;PRD_000048
COMP_FOLD_CARD_2H,PRICE_TYPE.01,(전사이즈),(무차원),250,300,53820,45000,8820,49,PRD_000043;PRD_000044;PRD_000045;PRD_000048
COMP_FOLD_CARD_2H,PRICE_TYPE.01,(전사이즈),(무차원),300,350,52350,42000,10350,50,PRD_000043;PRD_000044;PRD_000045;PRD_000048
COMP_FOLD_CARD_2H,PRICE_TYPE.01,(전사이즈),(무차원),350,400,47880,40000,7880,50,PRD_000043;PRD_000044;PRD_000045;PRD_000048
COMP_FOLD_CARD_2H,PRICE_TYPE.01,(전사이즈),(무차원),400,450,44900,40500,4400,44,PRD_000043;PRD_000044;PRD_000045;PRD_000048
COMP_FOLD_CARD_2H,PRICE_TYPE.01,(전사이즈),(무차원),450,500,44910,40000,4910,50,PRD_000043;PRD_000044;PRD_000045;PRD_000048
COMP_FOLD_CARD_2H,PRICE_TYPE.01,(전사이즈),(무차원),500,600,47920,45000,2920,37,PRD_000043;PRD_000044;PRD_000045;PRD_000048
COMP_FOLD_CARD_2H,PRICE_TYPE.01,(전사이즈),(무차원),600,700,52425,49000,3425,46,PRD_000043;PRD_000044;PRD_000045;PRD_000048
COMP_FOLD_CARD_2H,PRICE_TYPE.01,(전사이즈),(무차원),700,800,55930,52000,3930,57,PRD_000043;PRD_000044;PRD_000045;PRD_000048
COMP_FOLD_CARD_2H,PRICE_TYPE.01,(전사이즈),(무차원),800,900,58435,54000,4435,69,PRD_000043;PRD_000044;PRD_000045;PRD_000048
COMP_FOLD_CARD_2H,PRICE_TYPE.01,(전사이즈),(무차원),1000,1200,71940,69600,2340,39,PRD_000043;PRD_000044;PRD_000045;PRD_000048
COMP_FOLD_CARD_2H,PRICE_TYPE.01,(전사이즈),(무차원),1200,1400,81142,78400,2742,48,PRD_000043;PRD_000044;PRD_000045;PRD_000048
COMP_FOLD_CARD_2H,PRICE_TYPE.01,(전사이즈),(무차원),1400,1600,89544,86400,3144,57,PRD_000043;PRD_000044;PRD_000045;PRD_000048
COMP_FOLD_CARD_2H,PRICE_TYPE.01,(전사이즈),(무차원),1600,1800,97146,93600,3546,66,PRD_000043;PRD_000044;PRD_000045;PRD_000048
COMP_FOLD_CARD_2H,PRICE_TYPE.01,(전사이즈),(무차원),1800,2000,103948,100000,3948,76,PRD_000043;PRD_000044;PRD_000045;PRD_000048
COMP_FOLD_CARD_2H,PRICE_TYPE.01,(전사이즈),(무차원),2000,2500,124950,120000,4950,99,PRD_000043;PRD_000044;PRD_000045;PRD_000048
COMP_FOLD_CARD_2H,PRICE_TYPE.01,(전사이즈),(무차원),2500,3000,143952,138000,5952,124,PRD_000043;PRD_000044;PRD_000045;PRD_000048
COMP_FOLD_CARD_2H,PRICE_TYPE.01,(전사이즈),(무차원),3000,3500,160954,154000,6954,152,PRD_000043;PRD_000044;PRD_000045;PRD_000048
COMP_FOLD_CARD_2H,PRICE_TYPE.01,(전사이즈),(무차원),3500,4000,175956,168000,7956,181,PRD_000043;PRD_000044;PRD_000045;PRD_000048
COMP_FOLD_CARD_2H,PRICE_TYPE.01,(전사이즈),(무차원),4000,4500,188958,184500,4458,107,PRD_000043;PRD_000044;PRD_000045;PRD_000048
COMP_FOLD_CARD_2H,PRICE_TYPE.01,(전사이즈),(무차원),4500,5000,204959,200000,4959,121,PRD_000043;PRD_000044;PRD_000045;PRD_000048
COMP_FOLD_CARD_6CR,PRICE_TYPE.01,(전사이즈),(무차원),7,8,21000,20000,1000,1,PRD_000030
COMP_FOLD_CARD_6CR,PRICE_TYPE.01,(전사이즈),(무차원),8,9,20000,18000,2000,1,PRD_000030
COMP_FOLD_CARD_6CR,PRICE_TYPE.01,(전사이즈),(무차원),9,10,18000,15000,3000,1,PRD_000030
COMP_FOLD_CARD_6CR,PRICE_TYPE.01,(전사이즈),(무차원),10,15,21000,20625,375,1,PRD_000030
COMP_FOLD_CARD_6CR,PRICE_TYPE.01,(전사이즈),(무차원),15,20,26125,25000,1125,1,PRD_000030
COMP_FOLD_CARD_6CR,PRICE_TYPE.01,(전사이즈),(무차원),20,25,30000,28125,1875,2,PRD_000030
COMP_FOLD_CARD_6CR,PRICE_TYPE.01,(전사이즈),(무차원),25,30,32625,30000,2625,3,PRD_000030
COMP_FOLD_CARD_6CR,PRICE_TYPE.01,(전사이즈),(무차원),30,35,34000,30625,3375,4,PRD_000030
COMP_FOLD_CARD_6CR,PRICE_TYPE.01,(전사이즈),(무차원),35,40,34125,30000,4125,5,PRD_000030
COMP_FOLD_CARD_6CR,PRICE_TYPE.01,(전사이즈),(무차원),40,45,33000,28125,4875,5,PRD_000030
COMP_FOLD_CARD_6CR,PRICE_TYPE.01,(전사이즈),(무차원),45,50,30625,25000,5625,5,PRD_000030
COMP_FOLD_CARD_6CR,PRICE_TYPE.01,(전사이즈),(무차원),50,60,29500,27600,1900,4,PRD_000030
COMP_FOLD_CARD_6CR,PRICE_TYPE.01,(전사이즈),(무차원),60,70,31740,29400,2340,6,PRD_000030
COMP_FOLD_CARD_6CR,PRICE_TYPE.01,(전사이즈),(무차원),70,80,33180,30400,2780,7,PRD_000030
COMP_FOLD_CARD_6CR,PRICE_TYPE.01,(전사이즈),(무차원),80,90,33820,30600,3220,9,PRD_000030
COMP_FOLD_CARD_6CR,PRICE_TYPE.01,(전사이즈),(무차원),90,100,33660,30000,3660,10,PRD_000030
COMP_FOLD_CARD_6CR,PRICE_TYPE.01,(전사이즈),(무차원),100,150,44700,42150,2550,9,PRD_000030
COMP_FOLD_CARD_6CR,PRICE_TYPE.01,(전사이즈),(무차원),150,200,55919,52400,3519,13,PRD_000030
COMP_FOLD_CARD_6CR,PRICE_TYPE.01,(전사이즈),(무차원),200,250,65238,60750,4488,18,PRD_000030
COMP_FOLD_CARD_6CR,PRICE_TYPE.01,(전사이즈),(무차원),250,300,72657,67200,5457,23,PRD_000030
COMP_FOLD_CARD_6CR,PRICE_TYPE.01,(전사이즈),(무차원),300,350,78176,71750,6426,29,PRD_000030
COMP_FOLD_CARD_6CR,PRICE_TYPE.01,(전사이즈),(무차원),350,400,81795,74400,7395,37,PRD_000030
COMP_FOLD_CARD_6CR,PRICE_TYPE.01,(전사이즈),(무차원),400,450,83514,75150,8364,45,PRD_000030
COMP_FOLD_CARD_6CR,PRICE_TYPE.01,(전사이즈),(무차원),450,500,83333,75000,8333,50,PRD_000030
COMP_FOLD_CARD_6CR,PRICE_TYPE.01,(전사이즈),(무차원),500,600,89850,83400,6450,43,PRD_000030
COMP_FOLD_CARD_6CR,PRICE_TYPE.01,(전사이즈),(무차원),600,700,97161,89600,7561,55,PRD_000030
COMP_FOLD_CARD_6CR,PRICE_TYPE.01,(전사이즈),(무차원),700,800,102272,93600,8672,68,PRD_000030
COMP_FOLD_CARD_6CR,PRICE_TYPE.01,(전사이즈),(무차원),800,900,105183,95400,9783,84,PRD_000030
COMP_FOLD_CARD_6CR,PRICE_TYPE.01,(전사이즈),(무차원),900,1000,105894,95000,10894,100,PRD_000030
COMP_FOLD_CARD_6CR,PRICE_TYPE.01,(전사이즈),(무차원),1000,1200,113905,111600,2305,25,PRD_000030
COMP_FOLD_CARD_6CR,PRICE_TYPE.01,(전사이즈),(무차원),1200,1400,130107,127400,2707,30,PRD_000030
COMP_FOLD_CARD_6CR,PRICE_TYPE.01,(전사이즈),(무차원),1400,1600,145509,142400,3109,35,PRD_000030
COMP_FOLD_CARD_6CR,PRICE_TYPE.01,(전사이즈),(무차원),1600,1800,160111,156600,3511,40,PRD_000030
COMP_FOLD_CARD_6CR,PRICE_TYPE.01,(전사이즈),(무차원),1800,2000,173913,170000,3913,45,PRD_000030
COMP_FOLD_CARD_6CR,PRICE_TYPE.01,(전사이즈),(무차원),2000,2500,212415,197500,14915,176,PRD_000030
COMP_FOLD_CARD_6CR,PRICE_TYPE.01,(전사이즈),(무차원),2500,3000,236921,219000,17921,227,PRD_000030
COMP_FOLD_CARD_6CR,PRICE_TYPE.01,(전사이즈),(무차원),3000,3500,255427,234500,20927,287,PRD_000030
COMP_FOLD_CARD_6CR,PRICE_TYPE.01,(전사이즈),(무차원),3500,4000,267933,244000,23933,358,PRD_000030
COMP_FOLD_CARD_6CR,PRICE_TYPE.01,(전사이즈),(무차원),4000,4500,274439,252000,22439,368,PRD_000030
COMP_FOLD_CARD_6CR,PRICE_TYPE.01,(전사이즈),(무차원),4500,5000,279944,250000,29944,500,PRD_000030
COMP_FOLD_LEAF_3FOLD,PRICE_TYPE.01,(전사이즈),PROC_000060,3,4,9000,8000,1000,1,PRD_000027;PRD_000028;PRD_000029;PRD_000049
COMP_FOLD_LEAF_3FOLD,PRICE_TYPE.01,(전사이즈),PROC_000060,4,5,8000,7500,500,1,PRD_000027;PRD_000028;PRD_000029;PRD_000049
COMP_FOLD_LEAF_3FOLD,PRICE_TYPE.01,(전사이즈),PROC_000060,7,8,9100,8800,300,1,PRD_000027;PRD_000028;PRD_000029;PRD_000049
COMP_FOLD_LEAF_3FOLD,PRICE_TYPE.01,(전사이즈),PROC_000060,9,10,9000,8000,1000,1,PRD_000027;PRD_000028;PRD_000029;PRD_000049
COMP_FOLD_LEAF_3FOLD,PRICE_TYPE.01,(전사이즈),PROC_000060,15,20,14250,14000,250,1,PRD_000027;PRD_000028;PRD_000029;PRD_000049
COMP_FOLD_LEAF_3FOLD,PRICE_TYPE.01,(전사이즈),PROC_000060,20,25,16800,16250,550,1,PRD_000027;PRD_000028;PRD_000029;PRD_000049
COMP_FOLD_LEAF_3FOLD,PRICE_TYPE.01,(전사이즈),PROC_000060,25,30,18850,18000,850,2,PRD_000027;PRD_000028;PRD_000029;PRD_000049
COMP_FOLD_LEAF_3FOLD,PRICE_TYPE.01,(전사이즈),PROC_000060,30,35,20400,19950,450,1,PRD_000027;PRD_000028;PRD_000029;PRD_000049
COMP_FOLD_LEAF_3FOLD,PRICE_TYPE.01,(전사이즈),PROC_000060,35,40,22230,21600,630,2,PRD_000027;PRD_000028;PRD_000029;PRD_000049
COMP_FOLD_LEAF_3FOLD,PRICE_TYPE.01,(전사이즈),PROC_000060,40,45,23760,22950,810,2,PRD_000027;PRD_000028;PRD_000029;PRD_000049
COMP_FOLD_LEAF_3FOLD,PRICE_TYPE.01,(전사이즈),PROC_000060,45,50,24990,24000,990,2,PRD_000027;PRD_000028;PRD_000029;PRD_000049
COMP_FOLD_LEAF_3FOLD,PRICE_TYPE.01,(전사이즈),PROC_000060,50,60,28320,27000,1320,3,PRD_000027;PRD_000028;PRD_000029;PRD_000049
COMP_FOLD_LEAF_3FOLD,PRICE_TYPE.01,(전사이즈),PROC_000060,60,70,31050,29400,1650,4,PRD_000027;PRD_000028;PRD_000029;PRD_000049
COMP_FOLD_LEAF_3FOLD,PRICE_TYPE.01,(전사이즈),PROC_000060,70,80,33180,31200,1980,5,PRD_000027;PRD_000028;PRD_000029;PRD_000049
COMP_FOLD_LEAF_3FOLD,PRICE_TYPE.01,(전사이즈),PROC_000060,80,90,34710,32400,2310,6,PRD_000027;PRD_000028;PRD_000029;PRD_000049
COMP_FOLD_LEAF_3FOLD,PRICE_TYPE.01,(전사이즈),PROC_000060,90,100,35640,33000,2640,8,PRD_000027;PRD_000028;PRD_000029;PRD_000049
COMP_FOLD_LEAF_3FOLD,PRICE_TYPE.01,(전사이즈),PROC_000060,100,150,49170,45000,4170,13,PRD_000027;PRD_000028;PRD_000029;PRD_000049
COMP_FOLD_LEAF_3FOLD,PRICE_TYPE.01,(전사이즈),PROC_000060,150,200,59700,54000,5700,19,PRD_000027;PRD_000028;PRD_000029;PRD_000049
COMP_FOLD_LEAF_3FOLD,PRICE_TYPE.01,(전사이즈),PROC_000060,200,250,67230,60000,7230,27,PRD_000027;PRD_000028;PRD_000029;PRD_000049
COMP_FOLD_LEAF_3FOLD,PRICE_TYPE.01,(전사이즈),PROC_000060,250,300,71760,63000,8760,37,PRD_000027;PRD_000028;PRD_000029;PRD_000049
COMP_FOLD_LEAF_3FOLD,PRICE_TYPE.01,(전사이즈),PROC_000060,300,350,73290,66500,6790,33,PRD_000027;PRD_000028;PRD_000029;PRD_000049
COMP_FOLD_LEAF_3FOLD,PRICE_TYPE.01,(전사이즈),PROC_000060,350,400,75810,68000,7810,42,PRD_000027;PRD_000028;PRD_000029;PRD_000049
COMP_FOLD_LEAF_3FOLD,PRICE_TYPE.01,(전사이즈),PROC_000060,400,450,76330,72000,4330,26,PRD_000027;PRD_000028;PRD_000029;PRD_000049
COMP_FOLD_LEAF_3FOLD,PRICE_TYPE.01,(전사이즈),PROC_000060,450,500,79840,75000,4840,31,PRD_000027;PRD_000028;PRD_000029;PRD_000049
COMP_FOLD_LEAF_3FOLD,PRICE_TYPE.01,(전사이즈),PROC_000060,500,600,89850,84000,5850,39,PRD_000027;PRD_000028;PRD_000029;PRD_000049
COMP_FOLD_LEAF_3FOLD,PRICE_TYPE.01,(전사이즈),PROC_000060,600,700,97860,91000,6860,49,PRD_000027;PRD_000028;PRD_000029;PRD_000049
COMP_FOLD_LEAF_3FOLD,PRICE_TYPE.01,(전사이즈),PROC_000060,700,800,103870,96000,7870,61,PRD_000027;PRD_000028;PRD_000029;PRD_000049
COMP_FOLD_LEAF_3FOLD,PRICE_TYPE.01,(전사이즈),PROC_000060,800,900,107880,99000,8880,74,PRD_000027;PRD_000028;PRD_000029;PRD_000049
COMP_FOLD_LEAF_3FOLD,PRICE_TYPE.01,(전사이즈),PROC_000060,900,1000,109890,100000,9890,90,PRD_000027;PRD_000028;PRD_000029;PRD_000049
COMP_FOLD_LEAF_3FOLD,PRICE_TYPE.01,(전사이즈),PROC_000060,1000,1200,119900,114000,5900,59,PRD_000027;PRD_000028;PRD_000029;PRD_000049
COMP_FOLD_LEAF_3FOLD,PRICE_TYPE.01,(전사이즈),PROC_000060,1200,1400,132905,126000,6905,73,PRD_000027;PRD_000028;PRD_000029;PRD_000049
COMP_FOLD_LEAF_3FOLD,PRICE_TYPE.01,(전사이즈),PROC_000060,1400,1600,143910,136000,7910,88,PRD_000027;PRD_000028;PRD_000029;PRD_000049
COMP_FOLD_LEAF_3FOLD,PRICE_TYPE.01,(전사이즈),PROC_000060,1600,1800,152915,144000,8915,105,PRD_000027;PRD_000028;PRD_000029;PRD_000049
COMP_FOLD_LEAF_3FOLD,PRICE_TYPE.01,(전사이즈),PROC_000060,1800,2000,159920,150000,9920,124,PRD_000027;PRD_000028;PRD_000029;PRD_000049
COMP_FOLD_LEAF_3FOLD,PRICE_TYPE.01,(전사이즈),PROC_000060,2000,2500,187425,175000,12425,166,PRD_000027;PRD_000028;PRD_000029;PRD_000049
COMP_FOLD_LEAF_3FOLD,PRICE_TYPE.01,(전사이즈),PROC_000060,2500,3000,209930,195000,14930,214,PRD_000027;PRD_000028;PRD_000029;PRD_000049
COMP_FOLD_LEAF_3FOLD,PRICE_TYPE.01,(전사이즈),PROC_000060,3000,3500,227435,210000,17435,269,PRD_000027;PRD_000028;PRD_000029;PRD_000049
COMP_FOLD_LEAF_3FOLD,PRICE_TYPE.01,(전사이즈),PROC_000060,3500,4000,239940,220000,19940,333,PRD_000027;PRD_000028;PRD_000029;PRD_000049
COMP_FOLD_LEAF_3FOLD,PRICE_TYPE.01,(전사이즈),PROC_000060,4000,4500,247445,225000,22445,409,PRD_000027;PRD_000028;PRD_000029;PRD_000049
COMP_FOLD_LEAF_3FOLD,PRICE_TYPE.01,(전사이즈),PROC_000067,3,4,9000,8000,1000,1,PRD_000027;PRD_000028;PRD_000029;PRD_000049
COMP_FOLD_LEAF_3FOLD,PRICE_TYPE.01,(전사이즈),PROC_000067,4,5,8000,7500,500,1,PRD_000027;PRD_000028;PRD_000029;PRD_000049
COMP_FOLD_LEAF_3FOLD,PRICE_TYPE.01,(전사이즈),PROC_000067,7,8,9100,8800,300,1,PRD_000027;PRD_000028;PRD_000029;PRD_000049
COMP_FOLD_LEAF_3FOLD,PRICE_TYPE.01,(전사이즈),PROC_000067,9,10,9000,8000,1000,1,PRD_000027;PRD_000028;PRD_000029;PRD_000049
COMP_FOLD_LEAF_3FOLD,PRICE_TYPE.01,(전사이즈),PROC_000067,15,20,14250,14000,250,1,PRD_000027;PRD_000028;PRD_000029;PRD_000049
COMP_FOLD_LEAF_3FOLD,PRICE_TYPE.01,(전사이즈),PROC_000067,20,25,16800,16250,550,1,PRD_000027;PRD_000028;PRD_000029;PRD_000049
COMP_FOLD_LEAF_3FOLD,PRICE_TYPE.01,(전사이즈),PROC_000067,25,30,18850,18000,850,2,PRD_000027;PRD_000028;PRD_000029;PRD_000049
COMP_FOLD_LEAF_3FOLD,PRICE_TYPE.01,(전사이즈),PROC_000067,30,35,20400,19950,450,1,PRD_000027;PRD_000028;PRD_000029;PRD_000049
COMP_FOLD_LEAF_3FOLD,PRICE_TYPE.01,(전사이즈),PROC_000067,35,40,22230,21600,630,2,PRD_000027;PRD_000028;PRD_000029;PRD_000049
COMP_FOLD_LEAF_3FOLD,PRICE_TYPE.01,(전사이즈),PROC_000067,40,45,23760,22950,810,2,PRD_000027;PRD_000028;PRD_000029;PRD_000049
COMP_FOLD_LEAF_3FOLD,PRICE_TYPE.01,(전사이즈),PROC_000067,45,50,24990,24000,990,2,PRD_000027;PRD_000028;PRD_000029;PRD_000049
COMP_FOLD_LEAF_3FOLD,PRICE_TYPE.01,(전사이즈),PROC_000067,50,60,28320,27000,1320,3,PRD_000027;PRD_000028;PRD_000029;PRD_000049
COMP_FOLD_LEAF_3FOLD,PRICE_TYPE.01,(전사이즈),PROC_000067,60,70,31050,29400,1650,4,PRD_000027;PRD_000028;PRD_000029;PRD_000049
COMP_FOLD_LEAF_3FOLD,PRICE_TYPE.01,(전사이즈),PROC_000067,70,80,33180,31200,1980,5,PRD_000027;PRD_000028;PRD_000029;PRD_000049
COMP_FOLD_LEAF_3FOLD,PRICE_TYPE.01,(전사이즈),PROC_000067,80,90,34710,32400,2310,6,PRD_000027;PRD_000028;PRD_000029;PRD_000049
COMP_FOLD_LEAF_3FOLD,PRICE_TYPE.01,(전사이즈),PROC_000067,90,100,35640,33000,2640,8,PRD_000027;PRD_000028;PRD_000029;PRD_000049
COMP_FOLD_LEAF_3FOLD,PRICE_TYPE.01,(전사이즈),PROC_000067,100,150,49170,45000,4170,13,PRD_000027;PRD_000028;PRD_000029;PRD_000049
COMP_FOLD_LEAF_3FOLD,PRICE_TYPE.01,(전사이즈),PROC_000067,150,200,59700,54000,5700,19,PRD_000027;PRD_000028;PRD_000029;PRD_000049
COMP_FOLD_LEAF_3FOLD,PRICE_TYPE.01,(전사이즈),PROC_000067,200,250,67230,60000,7230,27,PRD_000027;PRD_000028;PRD_000029;PRD_000049
COMP_FOLD_LEAF_3FOLD,PRICE_TYPE.01,(전사이즈),PROC_000067,250,300,71760,63000,8760,37,PRD_000027;PRD_000028;PRD_000029;PRD_000049
COMP_FOLD_LEAF_3FOLD,PRICE_TYPE.01,(전사이즈),PROC_000067,300,350,73290,66500,6790,33,PRD_000027;PRD_000028;PRD_000029;PRD_000049
COMP_FOLD_LEAF_3FOLD,PRICE_TYPE.01,(전사이즈),PROC_000067,350,400,75810,68000,7810,42,PRD_000027;PRD_000028;PRD_000029;PRD_000049
COMP_FOLD_LEAF_3FOLD,PRICE_TYPE.01,(전사이즈),PROC_000067,400,450,76330,72000,4330,26,PRD_000027;PRD_000028;PRD_000029;PRD_000049
COMP_FOLD_LEAF_3FOLD,PRICE_TYPE.01,(전사이즈),PROC_000067,450,500,79840,75000,4840,31,PRD_000027;PRD_000028;PRD_000029;PRD_000049
COMP_FOLD_LEAF_3FOLD,PRICE_TYPE.01,(전사이즈),PROC_000067,500,600,89850,84000,5850,39,PRD_000027;PRD_000028;PRD_000029;PRD_000049
COMP_FOLD_LEAF_3FOLD,PRICE_TYPE.01,(전사이즈),PROC_000067,600,700,97860,91000,6860,49,PRD_000027;PRD_000028;PRD_000029;PRD_000049
COMP_FOLD_LEAF_3FOLD,PRICE_TYPE.01,(전사이즈),PROC_000067,700,800,103870,96000,7870,61,PRD_000027;PRD_000028;PRD_000029;PRD_000049
COMP_FOLD_LEAF_3FOLD,PRICE_TYPE.01,(전사이즈),PROC_000067,800,900,107880,99000,8880,74,PRD_000027;PRD_000028;PRD_000029;PRD_000049
COMP_FOLD_LEAF_3FOLD,PRICE_TYPE.01,(전사이즈),PROC_000067,900,1000,109890,100000,9890,90,PRD_000027;PRD_000028;PRD_000029;PRD_000049
COMP_FOLD_LEAF_3FOLD,PRICE_TYPE.01,(전사이즈),PROC_000067,1000,1200,119900,114000,5900,59,PRD_000027;PRD_000028;PRD_000029;PRD_000049
COMP_FOLD_LEAF_3FOLD,PRICE_TYPE.01,(전사이즈),PROC_000067,1200,1400,132905,126000,6905,73,PRD_000027;PRD_000028;PRD_000029;PRD_000049
COMP_FOLD_LEAF_3FOLD,PRICE_TYPE.01,(전사이즈),PROC_000067,1400,1600,143910,136000,7910,88,PRD_000027;PRD_000028;PRD_000029;PRD_000049
COMP_FOLD_LEAF_3FOLD,PRICE_TYPE.01,(전사이즈),PROC_000067,1600,1800,152915,144000,8915,105,PRD_000027;PRD_000028;PRD_000029;PRD_000049
COMP_FOLD_LEAF_3FOLD,PRICE_TYPE.01,(전사이즈),PROC_000067,1800,2000,159920,150000,9920,124,PRD_000027;PRD_000028;PRD_000029;PRD_000049
COMP_FOLD_LEAF_3FOLD,PRICE_TYPE.01,(전사이즈),PROC_000067,2000,2500,187425,175000,12425,166,PRD_000027;PRD_000028;PRD_000029;PRD_000049
COMP_FOLD_LEAF_3FOLD,PRICE_TYPE.01,(전사이즈),PROC_000067,2500,3000,209930,195000,14930,214,PRD_000027;PRD_000028;PRD_000029;PRD_000049
COMP_FOLD_LEAF_3FOLD,PRICE_TYPE.01,(전사이즈),PROC_000067,3000,3500,227435,210000,17435,269,PRD_000027;PRD_000028;PRD_000029;PRD_000049
COMP_FOLD_LEAF_3FOLD,PRICE_TYPE.01,(전사이즈),PROC_000067,3500,4000,239940,220000,19940,333,PRD_000027;PRD_000028;PRD_000029;PRD_000049
COMP_FOLD_LEAF_3FOLD,PRICE_TYPE.01,(전사이즈),PROC_000067,4000,4500,247445,225000,22445,409,PRD_000027;PRD_000028;PRD_000029;PRD_000049
COMP_FOLD_LEAF_3FOLD,PRICE_TYPE.01,(전사이즈),PROC_000068,3,4,9000,8000,1000,1,PRD_000027;PRD_000028;PRD_000029;PRD_000049
COMP_FOLD_LEAF_3FOLD,PRICE_TYPE.01,(전사이즈),PROC_000068,4,5,8000,7500,500,1,PRD_000027;PRD_000028;PRD_000029;PRD_000049
COMP_FOLD_LEAF_3FOLD,PRICE_TYPE.01,(전사이즈),PROC_000068,7,8,9100,8800,300,1,PRD_000027;PRD_000028;PRD_000029;PRD_000049
COMP_FOLD_LEAF_3FOLD,PRICE_TYPE.01,(전사이즈),PROC_000068,9,10,9000,8000,1000,1,PRD_000027;PRD_000028;PRD_000029;PRD_000049
COMP_FOLD_LEAF_3FOLD,PRICE_TYPE.01,(전사이즈),PROC_000068,15,20,14250,14000,250,1,PRD_000027;PRD_000028;PRD_000029;PRD_000049
COMP_FOLD_LEAF_3FOLD,PRICE_TYPE.01,(전사이즈),PROC_000068,20,25,16800,16250,550,1,PRD_000027;PRD_000028;PRD_000029;PRD_000049
COMP_FOLD_LEAF_3FOLD,PRICE_TYPE.01,(전사이즈),PROC_000068,25,30,18850,18000,850,2,PRD_000027;PRD_000028;PRD_000029;PRD_000049
COMP_FOLD_LEAF_3FOLD,PRICE_TYPE.01,(전사이즈),PROC_000068,30,35,20400,19950,450,1,PRD_000027;PRD_000028;PRD_000029;PRD_000049
COMP_FOLD_LEAF_3FOLD,PRICE_TYPE.01,(전사이즈),PROC_000068,35,40,22230,21600,630,2,PRD_000027;PRD_000028;PRD_000029;PRD_000049
COMP_FOLD_LEAF_3FOLD,PRICE_TYPE.01,(전사이즈),PROC_000068,40,45,23760,22950,810,2,PRD_000027;PRD_000028;PRD_000029;PRD_000049
COMP_FOLD_LEAF_3FOLD,PRICE_TYPE.01,(전사이즈),PROC_000068,45,50,24990,24000,990,2,PRD_000027;PRD_000028;PRD_000029;PRD_000049
COMP_FOLD_LEAF_3FOLD,PRICE_TYPE.01,(전사이즈),PROC_000068,50,60,28320,27000,1320,3,PRD_000027;PRD_000028;PRD_000029;PRD_000049
COMP_FOLD_LEAF_3FOLD,PRICE_TYPE.01,(전사이즈),PROC_000068,60,70,31050,29400,1650,4,PRD_000027;PRD_000028;PRD_000029;PRD_000049
COMP_FOLD_LEAF_3FOLD,PRICE_TYPE.01,(전사이즈),PROC_000068,70,80,33180,31200,1980,5,PRD_000027;PRD_000028;PRD_000029;PRD_000049
COMP_FOLD_LEAF_3FOLD,PRICE_TYPE.01,(전사이즈),PROC_000068,80,90,34710,32400,2310,6,PRD_000027;PRD_000028;PRD_000029;PRD_000049
COMP_FOLD_LEAF_3FOLD,PRICE_TYPE.01,(전사이즈),PROC_000068,90,100,35640,33000,2640,8,PRD_000027;PRD_000028;PRD_000029;PRD_000049
COMP_FOLD_LEAF_3FOLD,PRICE_TYPE.01,(전사이즈),PROC_000068,100,150,49170,45000,4170,13,PRD_000027;PRD_000028;PRD_000029;PRD_000049
COMP_FOLD_LEAF_3FOLD,PRICE_TYPE.01,(전사이즈),PROC_000068,150,200,59700,54000,5700,19,PRD_000027;PRD_000028;PRD_000029;PRD_000049
COMP_FOLD_LEAF_3FOLD,PRICE_TYPE.01,(전사이즈),PROC_000068,200,250,67230,60000,7230,27,PRD_000027;PRD_000028;PRD_000029;PRD_000049
COMP_FOLD_LEAF_3FOLD,PRICE_TYPE.01,(전사이즈),PROC_000068,250,300,71760,63000,8760,37,PRD_000027;PRD_000028;PRD_000029;PRD_000049
COMP_FOLD_LEAF_3FOLD,PRICE_TYPE.01,(전사이즈),PROC_000068,300,350,73290,66500,6790,33,PRD_000027;PRD_000028;PRD_000029;PRD_000049
COMP_FOLD_LEAF_3FOLD,PRICE_TYPE.01,(전사이즈),PROC_000068,350,400,75810,68000,7810,42,PRD_000027;PRD_000028;PRD_000029;PRD_000049
COMP_FOLD_LEAF_3FOLD,PRICE_TYPE.01,(전사이즈),PROC_000068,400,450,76330,72000,4330,26,PRD_000027;PRD_000028;PRD_000029;PRD_000049
COMP_FOLD_LEAF_3FOLD,PRICE_TYPE.01,(전사이즈),PROC_000068,450,500,79840,75000,4840,31,PRD_000027;PRD_000028;PRD_000029;PRD_000049
COMP_FOLD_LEAF_3FOLD,PRICE_TYPE.01,(전사이즈),PROC_000068,500,600,89850,84000,5850,39,PRD_000027;PRD_000028;PRD_000029;PRD_000049
COMP_FOLD_LEAF_3FOLD,PRICE_TYPE.01,(전사이즈),PROC_000068,600,700,97860,91000,6860,49,PRD_000027;PRD_000028;PRD_000029;PRD_000049
COMP_FOLD_LEAF_3FOLD,PRICE_TYPE.01,(전사이즈),PROC_000068,700,800,103870,96000,7870,61,PRD_000027;PRD_000028;PRD_000029;PRD_000049
COMP_FOLD_LEAF_3FOLD,PRICE_TYPE.01,(전사이즈),PROC_000068,800,900,107880,99000,8880,74,PRD_000027;PRD_000028;PRD_000029;PRD_000049
COMP_FOLD_LEAF_3FOLD,PRICE_TYPE.01,(전사이즈),PROC_000068,900,1000,109890,100000,9890,90,PRD_000027;PRD_000028;PRD_000029;PRD_000049
COMP_FOLD_LEAF_3FOLD,PRICE_TYPE.01,(전사이즈),PROC_000068,1000,1200,119900,114000,5900,59,PRD_000027;PRD_000028;PRD_000029;PRD_000049
COMP_FOLD_LEAF_3FOLD,PRICE_TYPE.01,(전사이즈),PROC_000068,1200,1400,132905,126000,6905,73,PRD_000027;PRD_000028;PRD_000029;PRD_000049
COMP_FOLD_LEAF_3FOLD,PRICE_TYPE.01,(전사이즈),PROC_000068,1400,1600,143910,136000,7910,88,PRD_000027;PRD_000028;PRD_000029;PRD_000049
COMP_FOLD_LEAF_3FOLD,PRICE_TYPE.01,(전사이즈),PROC_000068,1600,1800,152915,144000,8915,105,PRD_000027;PRD_000028;PRD_000029;PRD_000049
COMP_FOLD_LEAF_3FOLD,PRICE_TYPE.01,(전사이즈),PROC_000068,1800,2000,159920,150000,9920,124,PRD_000027;PRD_000028;PRD_000029;PRD_000049
COMP_FOLD_LEAF_3FOLD,PRICE_TYPE.01,(전사이즈),PROC_000068,2000,2500,187425,175000,12425,166,PRD_000027;PRD_000028;PRD_000029;PRD_000049
COMP_FOLD_LEAF_3FOLD,PRICE_TYPE.01,(전사이즈),PROC_000068,2500,3000,209930,195000,14930,214,PRD_000027;PRD_000028;PRD_000029;PRD_000049
COMP_FOLD_LEAF_3FOLD,PRICE_TYPE.01,(전사이즈),PROC_000068,3000,3500,227435,210000,17435,269,PRD_000027;PRD_000028;PRD_000029;PRD_000049
COMP_FOLD_LEAF_3FOLD,PRICE_TYPE.01,(전사이즈),PROC_000068,3500,4000,239940,220000,19940,333,PRD_000027;PRD_000028;PRD_000029;PRD_000049
COMP_FOLD_LEAF_3FOLD,PRICE_TYPE.01,(전사이즈),PROC_000068,4000,4500,247445,225000,22445,409,PRD_000027;PRD_000028;PRD_000029;PRD_000049
COMP_FOLD_LEAF_4ACC,PRICE_TYPE.01,(전사이즈),PROC_000071,4,5,12000,10000,2000,1,PRD_000027;PRD_000028;PRD_000029;PRD_000049
COMP_FOLD_LEAF_4ACC,PRICE_TYPE.01,(전사이즈),PROC_000071,8,9,12000,11700,300,1,PRD_000027;PRD_000028;PRD_000029;PRD_000049
COMP_FOLD_LEAF_4ACC,PRICE_TYPE.01,(전사이즈),PROC_000071,9,10,11700,11000,700,1,PRD_000027;PRD_000028;PRD_000029;PRD_000049
COMP_FOLD_LEAF_4ACC,PRICE_TYPE.01,(전사이즈),PROC_000071,10,15,15400,15000,400,1,PRD_000027;PRD_000028;PRD_000029;PRD_000049
COMP_FOLD_LEAF_4ACC,PRICE_TYPE.01,(전사이즈),PROC_000071,15,20,19000,18000,1000,1,PRD_000027;PRD_000028;PRD_000029;PRD_000049
COMP_FOLD_LEAF_4ACC,PRICE_TYPE.01,(전사이즈),PROC_000071,20,25,21600,20000,1600,2,PRD_000027;PRD_000028;PRD_000029;PRD_000049
COMP_FOLD_LEAF_4ACC,PRICE_TYPE.01,(전사이즈),PROC_000071,25,30,23200,21000,2200,3,PRD_000027;PRD_000028;PRD_000029;PRD_000049
COMP_FOLD_LEAF_4ACC,PRICE_TYPE.01,(전사이즈),PROC_000071,30,35,23800,23450,350,1,PRD_000027;PRD_000028;PRD_000029;PRD_000049
COMP_FOLD_LEAF_4ACC,PRICE_TYPE.01,(전사이즈),PROC_000071,35,40,26130,25600,530,1,PRD_000027;PRD_000028;PRD_000029;PRD_000049
COMP_FOLD_LEAF_4ACC,PRICE_TYPE.01,(전사이즈),PROC_000071,40,45,28160,27450,710,2,PRD_000027;PRD_000028;PRD_000029;PRD_000049
COMP_FOLD_LEAF_4ACC,PRICE_TYPE.01,(전사이즈),PROC_000071,45,50,29890,29000,890,2,PRD_000027;PRD_000028;PRD_000029;PRD_000049
COMP_FOLD_LEAF_4ACC,PRICE_TYPE.01,(전사이즈),PROC_000071,50,60,34220,33000,1220,3,PRD_000027;PRD_000028;PRD_000029;PRD_000049
COMP_FOLD_LEAF_4ACC,PRICE_TYPE.01,(전사이즈),PROC_000071,60,70,37950,36400,1550,3,PRD_000027;PRD_000028;PRD_000029;PRD_000049
COMP_FOLD_LEAF_4ACC,PRICE_TYPE.01,(전사이즈),PROC_000071,70,80,41080,39200,1880,4,PRD_000027;PRD_000028;PRD_000029;PRD_000049
COMP_FOLD_LEAF_4ACC,PRICE_TYPE.01,(전사이즈),PROC_000071,80,90,43610,41400,2210,5,PRD_000027;PRD_000028;PRD_000029;PRD_000049
COMP_FOLD_LEAF_4ACC,PRICE_TYPE.01,(전사이즈),PROC_000071,90,100,45540,43000,2540,6,PRD_000027;PRD_000028;PRD_000029;PRD_000049
COMP_FOLD_LEAF_4ACC,PRICE_TYPE.01,(전사이즈),PROC_000071,100,150,64070,55500,8570,20,PRD_000027;PRD_000028;PRD_000029;PRD_000049
COMP_FOLD_LEAF_4ACC,PRICE_TYPE.01,(전사이즈),PROC_000071,150,200,73630,68000,5630,16,PRD_000027;PRD_000028;PRD_000029;PRD_000049
COMP_FOLD_LEAF_4ACC,PRICE_TYPE.01,(전사이즈),PROC_000071,200,250,84660,77500,7160,22,PRD_000027;PRD_000028;PRD_000029;PRD_000049
COMP_FOLD_LEAF_4ACC,PRICE_TYPE.01,(전사이즈),PROC_000071,250,300,92690,84000,8690,29,PRD_000027;PRD_000028;PRD_000029;PRD_000049
COMP_FOLD_LEAF_4ACC,PRICE_TYPE.01,(전사이즈),PROC_000071,300,350,97720,91000,6720,24,PRD_000027;PRD_000028;PRD_000029;PRD_000049
COMP_FOLD_LEAF_4ACC,PRICE_TYPE.01,(전사이즈),PROC_000071,350,400,103740,96000,7740,30,PRD_000027;PRD_000028;PRD_000029;PRD_000049
COMP_FOLD_LEAF_4ACC,PRICE_TYPE.01,(전사이즈),PROC_000071,400,450,107760,99000,8760,37,PRD_000027;PRD_000028;PRD_000029;PRD_000049
COMP_FOLD_LEAF_4ACC,PRICE_TYPE.01,(전사이즈),PROC_000071,450,500,109780,100000,9780,45,PRD_000027;PRD_000028;PRD_000029;PRD_000049
COMP_FOLD_LEAF_4ACC,PRICE_TYPE.01,(전사이즈),PROC_000071,500,600,119800,114000,5800,29,PRD_000027;PRD_000028;PRD_000029;PRD_000049
COMP_FOLD_LEAF_4ACC,PRICE_TYPE.01,(전사이즈),PROC_000071,600,700,132810,126000,6810,36,PRD_000027;PRD_000028;PRD_000029;PRD_000049
COMP_FOLD_LEAF_4ACC,PRICE_TYPE.01,(전사이즈),PROC_000071,700,800,143820,136000,7820,44,PRD_000027;PRD_000028;PRD_000029;PRD_000049
COMP_FOLD_LEAF_4ACC,PRICE_TYPE.01,(전사이즈),PROC_000071,800,900,152830,144000,8830,52,PRD_000027;PRD_000028;PRD_000029;PRD_000049
COMP_FOLD_LEAF_4ACC,PRICE_TYPE.01,(전사이즈),PROC_000071,900,1000,159840,150000,9840,62,PRD_000027;PRD_000028;PRD_000029;PRD_000049
COMP_FOLD_LEAF_4ACC,PRICE_TYPE.01,(전사이즈),PROC_000071,1000,1200,179850,168000,11850,79,PRD_000027;PRD_000028;PRD_000029;PRD_000049
COMP_FOLD_LEAF_4ACC,PRICE_TYPE.01,(전사이즈),PROC_000071,1200,1400,195860,182000,13860,99,PRD_000027;PRD_000028;PRD_000029;PRD_000049
COMP_FOLD_LEAF_4ACC,PRICE_TYPE.01,(전사이즈),PROC_000071,1400,1600,207870,192000,15870,123,PRD_000027;PRD_000028;PRD_000029;PRD_000049
COMP_FOLD_LEAF_4ACC,PRICE_TYPE.01,(전사이즈),PROC_000071,1600,1800,215880,198000,17880,149,PRD_000027;PRD_000028;PRD_000029;PRD_000049
COMP_FOLD_LEAF_4ACC,PRICE_TYPE.01,(전사이즈),PROC_000071,1800,2000,219890,210000,9890,90,PRD_000027;PRD_000028;PRD_000029;PRD_000049
COMP_FOLD_LEAF_4ACC,PRICE_TYPE.01,(전사이즈),PROC_000071,2000,2500,262395,250000,12395,119,PRD_000027;PRD_000028;PRD_000029;PRD_000049
COMP_FOLD_LEAF_4ACC,PRICE_TYPE.01,(전사이즈),PROC_000071,2500,3000,299900,285000,14900,149,PRD_000027;PRD_000028;PRD_000029;PRD_000049
COMP_FOLD_LEAF_4ACC,PRICE_TYPE.01,(전사이즈),PROC_000071,3000,3500,332405,315000,17405,184,PRD_000027;PRD_000028;PRD_000029;PRD_000049
COMP_FOLD_LEAF_4ACC,PRICE_TYPE.01,(전사이즈),PROC_000071,3500,4000,359910,340000,19910,222,PRD_000027;PRD_000028;PRD_000029;PRD_000049
COMP_FOLD_LEAF_4ACC,PRICE_TYPE.01,(전사이즈),PROC_000071,4000,4500,382415,360000,22415,264,PRD_000027;PRD_000028;PRD_000029;PRD_000049
COMP_FOLD_LEAF_4ACC,PRICE_TYPE.01,(전사이즈),PROC_000071,4500,5000,399920,350000,49920,500,PRD_000027;PRD_000028;PRD_000029;PRD_000049
COMP_FOLD_LEAF_4ACC,PRICE_TYPE.01,(전사이즈),PROC_000071,5000,100000,6999930,6500000,499930,7142,PRD_000027;PRD_000028;PRD_000029;PRD_000049
COMP_FOLD_LEAF_4GATE,PRICE_TYPE.01,(전사이즈),PROC_000106,4,5,12000,10000,2000,1,PRD_000027;PRD_000028;PRD_000029;PRD_000049
COMP_FOLD_LEAF_4GATE,PRICE_TYPE.01,(전사이즈),PROC_000106,8,9,12000,11700,300,1,PRD_000027;PRD_000028;PRD_000029;PRD_000049
COMP_FOLD_LEAF_4GATE,PRICE_TYPE.01,(전사이즈),PROC_000106,9,10,11700,11000,700,1,PRD_000027;PRD_000028;PRD_000029;PRD_000049
COMP_FOLD_LEAF_4GATE,PRICE_TYPE.01,(전사이즈),PROC_000106,10,15,15400,15000,400,1,PRD_000027;PRD_000028;PRD_000029;PRD_000049
COMP_FOLD_LEAF_4GATE,PRICE_TYPE.01,(전사이즈),PROC_000106,15,20,19000,18000,1000,1,PRD_000027;PRD_000028;PRD_000029;PRD_000049
COMP_FOLD_LEAF_4GATE,PRICE_TYPE.01,(전사이즈),PROC_000106,20,25,21600,20000,1600,2,PRD_000027;PRD_000028;PRD_000029;PRD_000049
COMP_FOLD_LEAF_4GATE,PRICE_TYPE.01,(전사이즈),PROC_000106,25,30,23200,21000,2200,3,PRD_000027;PRD_000028;PRD_000029;PRD_000049
COMP_FOLD_LEAF_4GATE,PRICE_TYPE.01,(전사이즈),PROC_000106,30,35,23800,23450,350,1,PRD_000027;PRD_000028;PRD_000029;PRD_000049
COMP_FOLD_LEAF_4GATE,PRICE_TYPE.01,(전사이즈),PROC_000106,35,40,26130,25600,530,1,PRD_000027;PRD_000028;PRD_000029;PRD_000049
COMP_FOLD_LEAF_4GATE,PRICE_TYPE.01,(전사이즈),PROC_000106,40,45,28160,27450,710,2,PRD_000027;PRD_000028;PRD_000029;PRD_000049
COMP_FOLD_LEAF_4GATE,PRICE_TYPE.01,(전사이즈),PROC_000106,45,50,29890,29000,890,2,PRD_000027;PRD_000028;PRD_000029;PRD_000049
COMP_FOLD_LEAF_4GATE,PRICE_TYPE.01,(전사이즈),PROC_000106,50,60,34220,33000,1220,3,PRD_000027;PRD_000028;PRD_000029;PRD_000049
COMP_FOLD_LEAF_4GATE,PRICE_TYPE.01,(전사이즈),PROC_000106,60,70,37950,36400,1550,3,PRD_000027;PRD_000028;PRD_000029;PRD_000049
COMP_FOLD_LEAF_4GATE,PRICE_TYPE.01,(전사이즈),PROC_000106,70,80,41080,39200,1880,4,PRD_000027;PRD_000028;PRD_000029;PRD_000049
COMP_FOLD_LEAF_4GATE,PRICE_TYPE.01,(전사이즈),PROC_000106,80,90,43610,41400,2210,5,PRD_000027;PRD_000028;PRD_000029;PRD_000049
COMP_FOLD_LEAF_4GATE,PRICE_TYPE.01,(전사이즈),PROC_000106,90,100,45540,43000,2540,6,PRD_000027;PRD_000028;PRD_000029;PRD_000049
COMP_FOLD_LEAF_4GATE,PRICE_TYPE.01,(전사이즈),PROC_000106,100,150,64070,55500,8570,20,PRD_000027;PRD_000028;PRD_000029;PRD_000049
COMP_FOLD_LEAF_4GATE,PRICE_TYPE.01,(전사이즈),PROC_000106,150,200,73630,68000,5630,16,PRD_000027;PRD_000028;PRD_000029;PRD_000049
COMP_FOLD_LEAF_4GATE,PRICE_TYPE.01,(전사이즈),PROC_000106,200,250,84660,77500,7160,22,PRD_000027;PRD_000028;PRD_000029;PRD_000049
COMP_FOLD_LEAF_4GATE,PRICE_TYPE.01,(전사이즈),PROC_000106,250,300,92690,84000,8690,29,PRD_000027;PRD_000028;PRD_000029;PRD_000049
COMP_FOLD_LEAF_4GATE,PRICE_TYPE.01,(전사이즈),PROC_000106,300,350,97720,91000,6720,24,PRD_000027;PRD_000028;PRD_000029;PRD_000049
COMP_FOLD_LEAF_4GATE,PRICE_TYPE.01,(전사이즈),PROC_000106,350,400,103740,96000,7740,30,PRD_000027;PRD_000028;PRD_000029;PRD_000049
COMP_FOLD_LEAF_4GATE,PRICE_TYPE.01,(전사이즈),PROC_000106,400,450,107760,99000,8760,37,PRD_000027;PRD_000028;PRD_000029;PRD_000049
COMP_FOLD_LEAF_4GATE,PRICE_TYPE.01,(전사이즈),PROC_000106,450,500,109780,100000,9780,45,PRD_000027;PRD_000028;PRD_000029;PRD_000049
COMP_FOLD_LEAF_4GATE,PRICE_TYPE.01,(전사이즈),PROC_000106,500,600,119800,114000,5800,29,PRD_000027;PRD_000028;PRD_000029;PRD_000049
COMP_FOLD_LEAF_4GATE,PRICE_TYPE.01,(전사이즈),PROC_000106,600,700,132810,126000,6810,36,PRD_000027;PRD_000028;PRD_000029;PRD_000049
COMP_FOLD_LEAF_4GATE,PRICE_TYPE.01,(전사이즈),PROC_000106,700,800,143820,136000,7820,44,PRD_000027;PRD_000028;PRD_000029;PRD_000049
COMP_FOLD_LEAF_4GATE,PRICE_TYPE.01,(전사이즈),PROC_000106,800,900,152830,144000,8830,52,PRD_000027;PRD_000028;PRD_000029;PRD_000049
COMP_FOLD_LEAF_4GATE,PRICE_TYPE.01,(전사이즈),PROC_000106,900,1000,159840,150000,9840,62,PRD_000027;PRD_000028;PRD_000029;PRD_000049
COMP_FOLD_LEAF_4GATE,PRICE_TYPE.01,(전사이즈),PROC_000106,1000,1200,179850,168000,11850,79,PRD_000027;PRD_000028;PRD_000029;PRD_000049
COMP_FOLD_LEAF_4GATE,PRICE_TYPE.01,(전사이즈),PROC_000106,1200,1400,195860,182000,13860,99,PRD_000027;PRD_000028;PRD_000029;PRD_000049
COMP_FOLD_LEAF_4GATE,PRICE_TYPE.01,(전사이즈),PROC_000106,1400,1600,207870,192000,15870,123,PRD_000027;PRD_000028;PRD_000029;PRD_000049
COMP_FOLD_LEAF_4GATE,PRICE_TYPE.01,(전사이즈),PROC_000106,1600,1800,215880,198000,17880,149,PRD_000027;PRD_000028;PRD_000029;PRD_000049
COMP_FOLD_LEAF_4GATE,PRICE_TYPE.01,(전사이즈),PROC_000106,1800,2000,219890,210000,9890,90,PRD_000027;PRD_000028;PRD_000029;PRD_000049
COMP_FOLD_LEAF_4GATE,PRICE_TYPE.01,(전사이즈),PROC_000106,2000,2500,262395,250000,12395,119,PRD_000027;PRD_000028;PRD_000029;PRD_000049
COMP_FOLD_LEAF_4GATE,PRICE_TYPE.01,(전사이즈),PROC_000106,2500,3000,299900,285000,14900,149,PRD_000027;PRD_000028;PRD_000029;PRD_000049
COMP_FOLD_LEAF_4GATE,PRICE_TYPE.01,(전사이즈),PROC_000106,3000,3500,332405,315000,17405,184,PRD_000027;PRD_000028;PRD_000029;PRD_000049
COMP_FOLD_LEAF_4GATE,PRICE_TYPE.01,(전사이즈),PROC_000106,3500,4000,359910,340000,19910,222,PRD_000027;PRD_000028;PRD_000029;PRD_000049
COMP_FOLD_LEAF_4GATE,PRICE_TYPE.01,(전사이즈),PROC_000106,4000,4500,382415,360000,22415,264,PRD_000027;PRD_000028;PRD_000029;PRD_000049
COMP_FOLD_LEAF_4GATE,PRICE_TYPE.01,(전사이즈),PROC_000106,4500,5000,399920,350000,49920,500,PRD_000027;PRD_000028;PRD_000029;PRD_000049
COMP_FOLD_LEAF_4GATE,PRICE_TYPE.01,(전사이즈),PROC_000106,5000,100000,6999930,6500000,499930,7142,PRD_000027;PRD_000028;PRD_000029;PRD_000049
COMP_FOLD_LEAF_HALF,PRICE_TYPE.01,(전사이즈),PROC_000107,4,5,6000,5000,1000,1,PRD_000027;PRD_000028;PRD_000029;PRD_000049
COMP_FOLD_LEAF_HALF,PRICE_TYPE.01,(전사이즈),PROC_000107,9,10,7200,7000,200,1,PRD_000027;PRD_000028;PRD_000029;PRD_000049
COMP_FOLD_LEAF_HALF,PRICE_TYPE.01,(전사이즈),PROC_000107,10,15,9800,9750,50,1,PRD_000027;PRD_000028;PRD_000029;PRD_000049
COMP_FOLD_LEAF_HALF,PRICE_TYPE.01,(전사이즈),PROC_000107,15,20,12350,12000,350,1,PRD_000027;PRD_000028;PRD_000029;PRD_000049
COMP_FOLD_LEAF_HALF,PRICE_TYPE.01,(전사이즈),PROC_000107,20,25,14400,13750,650,2,PRD_000027;PRD_000028;PRD_000029;PRD_000049
COMP_FOLD_LEAF_HALF,PRICE_TYPE.01,(전사이즈),PROC_000107,25,30,15950,15000,950,2,PRD_000027;PRD_000028;PRD_000029;PRD_000049
COMP_FOLD_LEAF_HALF,PRICE_TYPE.01,(전사이즈),PROC_000107,30,35,17000,16800,200,1,PRD_000027;PRD_000028;PRD_000029;PRD_000049
COMP_FOLD_LEAF_HALF,PRICE_TYPE.01,(전사이즈),PROC_000107,35,40,18720,18400,320,1,PRD_000027;PRD_000028;PRD_000029;PRD_000049
COMP_FOLD_LEAF_HALF,PRICE_TYPE.01,(전사이즈),PROC_000107,40,45,20240,19800,440,1,PRD_000027;PRD_000028;PRD_000029;PRD_000049
COMP_FOLD_LEAF_HALF,PRICE_TYPE.01,(전사이즈),PROC_000107,45,50,21560,21000,560,2,PRD_000027;PRD_000028;PRD_000029;PRD_000049
COMP_FOLD_LEAF_HALF,PRICE_TYPE.01,(전사이즈),PROC_000107,50,60,24780,23400,1380,4,PRD_000027;PRD_000028;PRD_000029;PRD_000049
COMP_FOLD_LEAF_HALF,PRICE_TYPE.01,(전사이즈),PROC_000107,60,70,26910,25200,1710,5,PRD_000027;PRD_000028;PRD_000029;PRD_000049
COMP_FOLD_LEAF_HALF,PRICE_TYPE.01,(전사이즈),PROC_000107,70,80,28440,26400,2040,6,PRD_000027;PRD_000028;PRD_000029;PRD_000049
COMP_FOLD_LEAF_HALF,PRICE_TYPE.01,(전사이즈),PROC_000107,80,90,29370,27000,2370,8,PRD_000027;PRD_000028;PRD_000029;PRD_000049
COMP_FOLD_LEAF_HALF,PRICE_TYPE.01,(전사이즈),PROC_000107,90,100,29700,27000,2700,9,PRD_000027;PRD_000028;PRD_000029;PRD_000049
COMP_FOLD_LEAF_HALF,PRICE_TYPE.01,(전사이즈),PROC_000107,100,150,40230,36000,4230,16,PRD_000027;PRD_000028;PRD_000029;PRD_000049
COMP_FOLD_LEAF_HALF,PRICE_TYPE.01,(전사이즈),PROC_000107,150,200,47760,42000,5760,24,PRD_000027;PRD_000028;PRD_000029;PRD_000049
COMP_FOLD_LEAF_HALF,PRICE_TYPE.01,(전사이즈),PROC_000107,200,250,52290,45000,7290,35,PRD_000027;PRD_000028;PRD_000029;PRD_000049
COMP_FOLD_LEAF_HALF,PRICE_TYPE.01,(전사이즈),PROC_000107,250,300,53820,45000,8820,49,PRD_000027;PRD_000028;PRD_000029;PRD_000049
COMP_FOLD_LEAF_HALF,PRICE_TYPE.01,(전사이즈),PROC_000107,300,350,52350,42000,10350,50,PRD_000027;PRD_000028;PRD_000029;PRD_000049
COMP_FOLD_LEAF_HALF,PRICE_TYPE.01,(전사이즈),PROC_000107,350,400,47880,40000,7880,50,PRD_000027;PRD_000028;PRD_000029;PRD_000049
COMP_FOLD_LEAF_HALF,PRICE_TYPE.01,(전사이즈),PROC_000107,400,450,44900,40500,4400,44,PRD_000027;PRD_000028;PRD_000029;PRD_000049
COMP_FOLD_LEAF_HALF,PRICE_TYPE.01,(전사이즈),PROC_000107,450,500,44910,40000,4910,50,PRD_000027;PRD_000028;PRD_000029;PRD_000049
COMP_FOLD_LEAF_HALF,PRICE_TYPE.01,(전사이즈),PROC_000107,500,600,47920,45000,2920,37,PRD_000027;PRD_000028;PRD_000029;PRD_000049
COMP_FOLD_LEAF_HALF,PRICE_TYPE.01,(전사이즈),PROC_000107,600,700,52425,49000,3425,46,PRD_000027;PRD_000028;PRD_000029;PRD_000049
COMP_FOLD_LEAF_HALF,PRICE_TYPE.01,(전사이즈),PROC_000107,700,800,55930,52000,3930,57,PRD_000027;PRD_000028;PRD_000029;PRD_000049
COMP_FOLD_LEAF_HALF,PRICE_TYPE.01,(전사이즈),PROC_000107,800,900,58435,54000,4435,69,PRD_000027;PRD_000028;PRD_000029;PRD_000049
COMP_FOLD_LEAF_HALF,PRICE_TYPE.01,(전사이즈),PROC_000107,1000,1200,71940,69600,2340,39,PRD_000027;PRD_000028;PRD_000029;PRD_000049
COMP_FOLD_LEAF_HALF,PRICE_TYPE.01,(전사이즈),PROC_000107,1200,1400,81142,78400,2742,48,PRD_000027;PRD_000028;PRD_000029;PRD_000049
COMP_FOLD_LEAF_HALF,PRICE_TYPE.01,(전사이즈),PROC_000107,1400,1600,89544,86400,3144,57,PRD_000027;PRD_000028;PRD_000029;PRD_000049
COMP_FOLD_LEAF_HALF,PRICE_TYPE.01,(전사이즈),PROC_000107,1600,1800,97146,93600,3546,66,PRD_000027;PRD_000028;PRD_000029;PRD_000049
COMP_FOLD_LEAF_HALF,PRICE_TYPE.01,(전사이즈),PROC_000107,1800,2000,103948,100000,3948,76,PRD_000027;PRD_000028;PRD_000029;PRD_000049
COMP_FOLD_LEAF_HALF,PRICE_TYPE.01,(전사이즈),PROC_000107,2000,2500,124950,120000,4950,99,PRD_000027;PRD_000028;PRD_000029;PRD_000049
COMP_FOLD_LEAF_HALF,PRICE_TYPE.01,(전사이즈),PROC_000107,2500,3000,143952,138000,5952,124,PRD_000027;PRD_000028;PRD_000029;PRD_000049
COMP_FOLD_LEAF_HALF,PRICE_TYPE.01,(전사이즈),PROC_000107,3000,3500,160954,154000,6954,152,PRD_000027;PRD_000028;PRD_000029;PRD_000049
COMP_FOLD_LEAF_HALF,PRICE_TYPE.01,(전사이즈),PROC_000107,3500,4000,175956,168000,7956,181,PRD_000027;PRD_000028;PRD_000029;PRD_000049
COMP_FOLD_LEAF_HALF,PRICE_TYPE.01,(전사이즈),PROC_000107,4000,4500,188958,184500,4458,107,PRD_000027;PRD_000028;PRD_000029;PRD_000049
COMP_FOLD_LEAF_HALF,PRICE_TYPE.01,(전사이즈),PROC_000107,4500,5000,204959,200000,4959,121,PRD_000027;PRD_000028;PRD_000029;PRD_000049
COMP_FOLD_LEAF_HALF,PRICE_TYPE.01,(전사이즈),PROC_000065,4,5,6000,5000,1000,1,PRD_000027;PRD_000028;PRD_000029;PRD_000049
COMP_FOLD_LEAF_HALF,PRICE_TYPE.01,(전사이즈),PROC_000065,9,10,7200,7000,200,1,PRD_000027;PRD_000028;PRD_000029;PRD_000049
COMP_FOLD_LEAF_HALF,PRICE_TYPE.01,(전사이즈),PROC_000065,10,15,9800,9750,50,1,PRD_000027;PRD_000028;PRD_000029;PRD_000049
COMP_FOLD_LEAF_HALF,PRICE_TYPE.01,(전사이즈),PROC_000065,15,20,12350,12000,350,1,PRD_000027;PRD_000028;PRD_000029;PRD_000049
COMP_FOLD_LEAF_HALF,PRICE_TYPE.01,(전사이즈),PROC_000065,20,25,14400,13750,650,2,PRD_000027;PRD_000028;PRD_000029;PRD_000049
COMP_FOLD_LEAF_HALF,PRICE_TYPE.01,(전사이즈),PROC_000065,25,30,15950,15000,950,2,PRD_000027;PRD_000028;PRD_000029;PRD_000049
COMP_FOLD_LEAF_HALF,PRICE_TYPE.01,(전사이즈),PROC_000065,30,35,17000,16800,200,1,PRD_000027;PRD_000028;PRD_000029;PRD_000049
COMP_FOLD_LEAF_HALF,PRICE_TYPE.01,(전사이즈),PROC_000065,35,40,18720,18400,320,1,PRD_000027;PRD_000028;PRD_000029;PRD_000049
COMP_FOLD_LEAF_HALF,PRICE_TYPE.01,(전사이즈),PROC_000065,40,45,20240,19800,440,1,PRD_000027;PRD_000028;PRD_000029;PRD_000049
COMP_FOLD_LEAF_HALF,PRICE_TYPE.01,(전사이즈),PROC_000065,45,50,21560,21000,560,2,PRD_000027;PRD_000028;PRD_000029;PRD_000049
COMP_FOLD_LEAF_HALF,PRICE_TYPE.01,(전사이즈),PROC_000065,50,60,24780,23400,1380,4,PRD_000027;PRD_000028;PRD_000029;PRD_000049
COMP_FOLD_LEAF_HALF,PRICE_TYPE.01,(전사이즈),PROC_000065,60,70,26910,25200,1710,5,PRD_000027;PRD_000028;PRD_000029;PRD_000049
COMP_FOLD_LEAF_HALF,PRICE_TYPE.01,(전사이즈),PROC_000065,70,80,28440,26400,2040,6,PRD_000027;PRD_000028;PRD_000029;PRD_000049
COMP_FOLD_LEAF_HALF,PRICE_TYPE.01,(전사이즈),PROC_000065,80,90,29370,27000,2370,8,PRD_000027;PRD_000028;PRD_000029;PRD_000049
COMP_FOLD_LEAF_HALF,PRICE_TYPE.01,(전사이즈),PROC_000065,90,100,29700,27000,2700,9,PRD_000027;PRD_000028;PRD_000029;PRD_000049
COMP_FOLD_LEAF_HALF,PRICE_TYPE.01,(전사이즈),PROC_000065,100,150,40230,36000,4230,16,PRD_000027;PRD_000028;PRD_000029;PRD_000049
COMP_FOLD_LEAF_HALF,PRICE_TYPE.01,(전사이즈),PROC_000065,150,200,47760,42000,5760,24,PRD_000027;PRD_000028;PRD_000029;PRD_000049
COMP_FOLD_LEAF_HALF,PRICE_TYPE.01,(전사이즈),PROC_000065,200,250,52290,45000,7290,35,PRD_000027;PRD_000028;PRD_000029;PRD_000049
COMP_FOLD_LEAF_HALF,PRICE_TYPE.01,(전사이즈),PROC_000065,250,300,53820,45000,8820,49,PRD_000027;PRD_000028;PRD_000029;PRD_000049
COMP_FOLD_LEAF_HALF,PRICE_TYPE.01,(전사이즈),PROC_000065,300,350,52350,42000,10350,50,PRD_000027;PRD_000028;PRD_000029;PRD_000049
COMP_FOLD_LEAF_HALF,PRICE_TYPE.01,(전사이즈),PROC_000065,350,400,47880,40000,7880,50,PRD_000027;PRD_000028;PRD_000029;PRD_000049
COMP_FOLD_LEAF_HALF,PRICE_TYPE.01,(전사이즈),PROC_000065,400,450,44900,40500,4400,44,PRD_000027;PRD_000028;PRD_000029;PRD_000049
COMP_FOLD_LEAF_HALF,PRICE_TYPE.01,(전사이즈),PROC_000065,450,500,44910,40000,4910,50,PRD_000027;PRD_000028;PRD_000029;PRD_000049
COMP_FOLD_LEAF_HALF,PRICE_TYPE.01,(전사이즈),PROC_000065,500,600,47920,45000,2920,37,PRD_000027;PRD_000028;PRD_000029;PRD_000049
COMP_FOLD_LEAF_HALF,PRICE_TYPE.01,(전사이즈),PROC_000065,600,700,52425,49000,3425,46,PRD_000027;PRD_000028;PRD_000029;PRD_000049
COMP_FOLD_LEAF_HALF,PRICE_TYPE.01,(전사이즈),PROC_000065,700,800,55930,52000,3930,57,PRD_000027;PRD_000028;PRD_000029;PRD_000049
COMP_FOLD_LEAF_HALF,PRICE_TYPE.01,(전사이즈),PROC_000065,800,900,58435,54000,4435,69,PRD_000027;PRD_000028;PRD_000029;PRD_000049
COMP_FOLD_LEAF_HALF,PRICE_TYPE.01,(전사이즈),PROC_000065,1000,1200,71940,69600,2340,39,PRD_000027;PRD_000028;PRD_000029;PRD_000049
COMP_FOLD_LEAF_HALF,PRICE_TYPE.01,(전사이즈),PROC_000065,1200,1400,81142,78400,2742,48,PRD_000027;PRD_000028;PRD_000029;PRD_000049
COMP_FOLD_LEAF_HALF,PRICE_TYPE.01,(전사이즈),PROC_000065,1400,1600,89544,86400,3144,57,PRD_000027;PRD_000028;PRD_000029;PRD_000049
COMP_FOLD_LEAF_HALF,PRICE_TYPE.01,(전사이즈),PROC_000065,1600,1800,97146,93600,3546,66,PRD_000027;PRD_000028;PRD_000029;PRD_000049
COMP_FOLD_LEAF_HALF,PRICE_TYPE.01,(전사이즈),PROC_000065,1800,2000,103948,100000,3948,76,PRD_000027;PRD_000028;PRD_000029;PRD_000049
COMP_FOLD_LEAF_HALF,PRICE_TYPE.01,(전사이즈),PROC_000065,2000,2500,124950,120000,4950,99,PRD_000027;PRD_000028;PRD_000029;PRD_000049
COMP_FOLD_LEAF_HALF,PRICE_TYPE.01,(전사이즈),PROC_000065,2500,3000,143952,138000,5952,124,PRD_000027;PRD_000028;PRD_000029;PRD_000049
COMP_FOLD_LEAF_HALF,PRICE_TYPE.01,(전사이즈),PROC_000065,3000,3500,160954,154000,6954,152,PRD_000027;PRD_000028;PRD_000029;PRD_000049
COMP_FOLD_LEAF_HALF,PRICE_TYPE.01,(전사이즈),PROC_000065,3500,4000,175956,168000,7956,181,PRD_000027;PRD_000028;PRD_000029;PRD_000049
COMP_FOLD_LEAF_HALF,PRICE_TYPE.01,(전사이즈),PROC_000065,4000,4500,188958,184500,4458,107,PRD_000027;PRD_000028;PRD_000029;PRD_000049
COMP_FOLD_LEAF_HALF,PRICE_TYPE.01,(전사이즈),PROC_000065,4500,5000,204959,200000,4959,121,PRD_000027;PRD_000028;PRD_000029;PRD_000049
COMP_FOLD_LEAF_HALF,PRICE_TYPE.01,(전사이즈),PROC_000066,4,5,6000,5000,1000,1,PRD_000027;PRD_000028;PRD_000029;PRD_000049
COMP_FOLD_LEAF_HALF,PRICE_TYPE.01,(전사이즈),PROC_000066,9,10,7200,7000,200,1,PRD_000027;PRD_000028;PRD_000029;PRD_000049
COMP_FOLD_LEAF_HALF,PRICE_TYPE.01,(전사이즈),PROC_000066,10,15,9800,9750,50,1,PRD_000027;PRD_000028;PRD_000029;PRD_000049
COMP_FOLD_LEAF_HALF,PRICE_TYPE.01,(전사이즈),PROC_000066,15,20,12350,12000,350,1,PRD_000027;PRD_000028;PRD_000029;PRD_000049
COMP_FOLD_LEAF_HALF,PRICE_TYPE.01,(전사이즈),PROC_000066,20,25,14400,13750,650,2,PRD_000027;PRD_000028;PRD_000029;PRD_000049
COMP_FOLD_LEAF_HALF,PRICE_TYPE.01,(전사이즈),PROC_000066,25,30,15950,15000,950,2,PRD_000027;PRD_000028;PRD_000029;PRD_000049
COMP_FOLD_LEAF_HALF,PRICE_TYPE.01,(전사이즈),PROC_000066,30,35,17000,16800,200,1,PRD_000027;PRD_000028;PRD_000029;PRD_000049
COMP_FOLD_LEAF_HALF,PRICE_TYPE.01,(전사이즈),PROC_000066,35,40,18720,18400,320,1,PRD_000027;PRD_000028;PRD_000029;PRD_000049
COMP_FOLD_LEAF_HALF,PRICE_TYPE.01,(전사이즈),PROC_000066,40,45,20240,19800,440,1,PRD_000027;PRD_000028;PRD_000029;PRD_000049
COMP_FOLD_LEAF_HALF,PRICE_TYPE.01,(전사이즈),PROC_000066,45,50,21560,21000,560,2,PRD_000027;PRD_000028;PRD_000029;PRD_000049
COMP_FOLD_LEAF_HALF,PRICE_TYPE.01,(전사이즈),PROC_000066,50,60,24780,23400,1380,4,PRD_000027;PRD_000028;PRD_000029;PRD_000049
COMP_FOLD_LEAF_HALF,PRICE_TYPE.01,(전사이즈),PROC_000066,60,70,26910,25200,1710,5,PRD_000027;PRD_000028;PRD_000029;PRD_000049
COMP_FOLD_LEAF_HALF,PRICE_TYPE.01,(전사이즈),PROC_000066,70,80,28440,26400,2040,6,PRD_000027;PRD_000028;PRD_000029;PRD_000049
COMP_FOLD_LEAF_HALF,PRICE_TYPE.01,(전사이즈),PROC_000066,80,90,29370,27000,2370,8,PRD_000027;PRD_000028;PRD_000029;PRD_000049
COMP_FOLD_LEAF_HALF,PRICE_TYPE.01,(전사이즈),PROC_000066,90,100,29700,27000,2700,9,PRD_000027;PRD_000028;PRD_000029;PRD_000049
COMP_FOLD_LEAF_HALF,PRICE_TYPE.01,(전사이즈),PROC_000066,100,150,40230,36000,4230,16,PRD_000027;PRD_000028;PRD_000029;PRD_000049
COMP_FOLD_LEAF_HALF,PRICE_TYPE.01,(전사이즈),PROC_000066,150,200,47760,42000,5760,24,PRD_000027;PRD_000028;PRD_000029;PRD_000049
COMP_FOLD_LEAF_HALF,PRICE_TYPE.01,(전사이즈),PROC_000066,200,250,52290,45000,7290,35,PRD_000027;PRD_000028;PRD_000029;PRD_000049
COMP_FOLD_LEAF_HALF,PRICE_TYPE.01,(전사이즈),PROC_000066,250,300,53820,45000,8820,49,PRD_000027;PRD_000028;PRD_000029;PRD_000049
COMP_FOLD_LEAF_HALF,PRICE_TYPE.01,(전사이즈),PROC_000066,300,350,52350,42000,10350,50,PRD_000027;PRD_000028;PRD_000029;PRD_000049
COMP_FOLD_LEAF_HALF,PRICE_TYPE.01,(전사이즈),PROC_000066,350,400,47880,40000,7880,50,PRD_000027;PRD_000028;PRD_000029;PRD_000049
COMP_FOLD_LEAF_HALF,PRICE_TYPE.01,(전사이즈),PROC_000066,400,450,44900,40500,4400,44,PRD_000027;PRD_000028;PRD_000029;PRD_000049
COMP_FOLD_LEAF_HALF,PRICE_TYPE.01,(전사이즈),PROC_000066,450,500,44910,40000,4910,50,PRD_000027;PRD_000028;PRD_000029;PRD_000049
COMP_FOLD_LEAF_HALF,PRICE_TYPE.01,(전사이즈),PROC_000066,500,600,47920,45000,2920,37,PRD_000027;PRD_000028;PRD_000029;PRD_000049
COMP_FOLD_LEAF_HALF,PRICE_TYPE.01,(전사이즈),PROC_000066,600,700,52425,49000,3425,46,PRD_000027;PRD_000028;PRD_000029;PRD_000049
COMP_FOLD_LEAF_HALF,PRICE_TYPE.01,(전사이즈),PROC_000066,700,800,55930,52000,3930,57,PRD_000027;PRD_000028;PRD_000029;PRD_000049
COMP_FOLD_LEAF_HALF,PRICE_TYPE.01,(전사이즈),PROC_000066,800,900,58435,54000,4435,69,PRD_000027;PRD_000028;PRD_000029;PRD_000049
COMP_FOLD_LEAF_HALF,PRICE_TYPE.01,(전사이즈),PROC_000066,1000,1200,71940,69600,2340,39,PRD_000027;PRD_000028;PRD_000029;PRD_000049
COMP_FOLD_LEAF_HALF,PRICE_TYPE.01,(전사이즈),PROC_000066,1200,1400,81142,78400,2742,48,PRD_000027;PRD_000028;PRD_000029;PRD_000049
COMP_FOLD_LEAF_HALF,PRICE_TYPE.01,(전사이즈),PROC_000066,1400,1600,89544,86400,3144,57,PRD_000027;PRD_000028;PRD_000029;PRD_000049
COMP_FOLD_LEAF_HALF,PRICE_TYPE.01,(전사이즈),PROC_000066,1600,1800,97146,93600,3546,66,PRD_000027;PRD_000028;PRD_000029;PRD_000049
COMP_FOLD_LEAF_HALF,PRICE_TYPE.01,(전사이즈),PROC_000066,1800,2000,103948,100000,3948,76,PRD_000027;PRD_000028;PRD_000029;PRD_000049
COMP_FOLD_LEAF_HALF,PRICE_TYPE.01,(전사이즈),PROC_000066,2000,2500,124950,120000,4950,99,PRD_000027;PRD_000028;PRD_000029;PRD_000049
COMP_FOLD_LEAF_HALF,PRICE_TYPE.01,(전사이즈),PROC_000066,2500,3000,143952,138000,5952,124,PRD_000027;PRD_000028;PRD_000029;PRD_000049
COMP_FOLD_LEAF_HALF,PRICE_TYPE.01,(전사이즈),PROC_000066,3000,3500,160954,154000,6954,152,PRD_000027;PRD_000028;PRD_000029;PRD_000049
COMP_FOLD_LEAF_HALF,PRICE_TYPE.01,(전사이즈),PROC_000066,3500,4000,175956,168000,7956,181,PRD_000027;PRD_000028;PRD_000029;PRD_000049
COMP_FOLD_LEAF_HALF,PRICE_TYPE.01,(전사이즈),PROC_000066,4000,4500,188958,184500,4458,107,PRD_000027;PRD_000028;PRD_000029;PRD_000049
COMP_FOLD_LEAF_HALF,PRICE_TYPE.01,(전사이즈),PROC_000066,4500,5000,204959,200000,4959,121,PRD_000027;PRD_000028;PRD_000029;PRD_000049
COMP_GANGPAN_PRINT,PRICE_TYPE.02,SIZ_000422,MAT_000084,1000,2000,41179,30900,10279,499,PRD_000066
COMP_GANGPAN_PRINT,PRICE_TYPE.02,SIZ_000422,MAT_000084,2000,3000,46335,41500,4835,313,PRD_000066
COMP_GANGPAN_PRINT,PRICE_TYPE.02,SIZ_000422,MAT_000084,3000,4000,55319,51500,3819,277,PRD_000066
COMP_GANGPAN_PRINT,PRICE_TYPE.02,SIZ_000422,MAT_000084,4000,5000,64362,62000,2362,184,PRD_000066
COMP_GANGPAN_PRINT,PRICE_TYPE.02,SIZ_000422,MAT_000153,1000,2000,54373,41500,12873,474,PRD_000066
COMP_GANGPAN_PRINT,PRICE_TYPE.02,SIZ_000422,MAT_000153,2000,3000,62229,55600,6629,320,PRD_000066
COMP_GANGPAN_PRINT,PRICE_TYPE.02,SIZ_000422,MAT_000153,3000,4000,74115,69900,4215,228,PRD_000066
COMP_GANGPAN_PRINT,PRICE_TYPE.02,SIZ_000422,MAT_000153,4000,5000,87358,84100,3258,187,PRD_000066
COMP_GANGPAN_PRINT,PRICE_TYPE.02,SIZ_000212,MAT_000084,1000,2000,39980,30000,9980,499,PRD_000066
COMP_GANGPAN_PRINT,PRICE_TYPE.02,SIZ_000212,MAT_000084,2000,3000,44985,40000,4985,333,PRD_000066
COMP_GANGPAN_PRINT,PRICE_TYPE.02,SIZ_000212,MAT_000084,3000,4000,53320,50000,3320,249,PRD_000066
COMP_GANGPAN_PRINT,PRICE_TYPE.02,SIZ_000212,MAT_000084,4000,5000,62488,60000,2488,199,PRD_000066
COMP_GANGPAN_PRINT,PRICE_TYPE.02,SIZ_000212,MAT_000153,1000,2000,52174,39200,12974,498,PRD_000066
COMP_GANGPAN_PRINT,PRICE_TYPE.02,SIZ_000212,MAT_000153,2000,3000,58780,52200,6580,336,PRD_000066
COMP_GANGPAN_PRINT,PRICE_TYPE.02,SIZ_000212,MAT_000153,3000,4000,69583,65300,4283,247,PRD_000066
COMP_GANGPAN_PRINT,PRICE_TYPE.02,SIZ_000212,MAT_000153,4000,5000,81609,78300,3309,203,PRD_000066
COMP_GANGPAN_PRINT,PRICE_TYPE.02,SIZ_000213,MAT_000084,1000,2000,41179,30900,10279,499,PRD_000066
COMP_GANGPAN_PRINT,PRICE_TYPE.02,SIZ_000213,MAT_000084,2000,3000,46335,41500,4835,313,PRD_000066
COMP_GANGPAN_PRINT,PRICE_TYPE.02,SIZ_000213,MAT_000084,3000,4000,55319,51500,3819,277,PRD_000066
COMP_GANGPAN_PRINT,PRICE_TYPE.02,SIZ_000213,MAT_000084,4000,5000,64362,62000,2362,184,PRD_000066
COMP_GANGPAN_PRINT,PRICE_TYPE.02,SIZ_000213,MAT_000153,1000,2000,54373,41500,12873,474,PRD_000066
COMP_GANGPAN_PRINT,PRICE_TYPE.02,SIZ_000213,MAT_000153,2000,3000,62229,55600,6629,320,PRD_000066
COMP_GANGPAN_PRINT,PRICE_TYPE.02,SIZ_000213,MAT_000153,3000,4000,74115,69900,4215,228,PRD_000066
COMP_GANGPAN_PRINT,PRICE_TYPE.02,SIZ_000213,MAT_000153,4000,5000,87358,84100,3258,187,PRD_000066
COMP_GANGPAN_PRINT,PRICE_TYPE.02,SIZ_000214,MAT_000084,1000,2000,42978,32500,10478,488,PRD_000066
COMP_GANGPAN_PRINT,PRICE_TYPE.02,SIZ_000214,MAT_000084,2000,3000,48734,43000,5734,353,PRD_000066
COMP_GANGPAN_PRINT,PRICE_TYPE.02,SIZ_000214,MAT_000084,3000,4000,57319,54000,3319,232,PRD_000066
COMP_GANGPAN_PRINT,PRICE_TYPE.02,SIZ_000214,MAT_000084,4000,5000,67486,64500,2986,222,PRD_000066
COMP_GANGPAN_PRINT,PRICE_TYPE.02,SIZ_000214,MAT_000153,1000,2000,56972,46300,10672,375,PRD_000066
COMP_GANGPAN_PRINT,PRICE_TYPE.02,SIZ_000214,MAT_000153,2000,3000,69427,62700,6727,291,PRD_000066
COMP_GANGPAN_PRINT,PRICE_TYPE.02,SIZ_000214,MAT_000153,3000,4000,83579,79400,4179,200,PRD_000066
COMP_GANGPAN_PRINT,PRICE_TYPE.02,SIZ_000214,MAT_000153,4000,5000,99230,96000,3230,163,PRD_000066
COMP_GANGPAN_PRINT,PRICE_TYPE.02,SIZ_000215,MAT_000084,1000,2000,39980,30000,9980,499,PRD_000066
COMP_GANGPAN_PRINT,PRICE_TYPE.02,SIZ_000215,MAT_000084,2000,3000,44985,40000,4985,333,PRD_000066
COMP_GANGPAN_PRINT,PRICE_TYPE.02,SIZ_000215,MAT_000084,3000,4000,53320,50000,3320,249,PRD_000066
COMP_GANGPAN_PRINT,PRICE_TYPE.02,SIZ_000215,MAT_000084,4000,5000,62488,60000,2488,199,PRD_000066
COMP_GANGPAN_PRINT,PRICE_TYPE.02,SIZ_000215,MAT_000153,1000,2000,52174,39200,12974,498,PRD_000066
COMP_GANGPAN_PRINT,PRICE_TYPE.02,SIZ_000215,MAT_000153,2000,3000,58780,52200,6580,336,PRD_000066
COMP_GANGPAN_PRINT,PRICE_TYPE.02,SIZ_000215,MAT_000153,3000,4000,69583,65300,4283,247,PRD_000066
COMP_GANGPAN_PRINT,PRICE_TYPE.02,SIZ_000215,MAT_000153,4000,5000,81609,78300,3309,203,PRD_000066
COMP_GANGPAN_PRINT,PRICE_TYPE.02,SIZ_000216,MAT_000084,1000,2000,39980,30000,9980,499,PRD_000066
COMP_GANGPAN_PRINT,PRICE_TYPE.02,SIZ_000216,MAT_000084,2000,3000,44985,40000,4985,333,PRD_000066
COMP_GANGPAN_PRINT,PRICE_TYPE.02,SIZ_000216,MAT_000084,3000,4000,53320,50000,3320,249,PRD_000066
COMP_GANGPAN_PRINT,PRICE_TYPE.02,SIZ_000216,MAT_000084,4000,5000,62488,60000,2488,199,PRD_000066
COMP_GANGPAN_PRINT,PRICE_TYPE.02,SIZ_000216,MAT_000153,1000,2000,52174,39200,12974,498,PRD_000066
COMP_GANGPAN_PRINT,PRICE_TYPE.02,SIZ_000216,MAT_000153,2000,3000,58780,52200,6580,336,PRD_000066
COMP_GANGPAN_PRINT,PRICE_TYPE.02,SIZ_000216,MAT_000153,3000,4000,69583,65300,4283,247,PRD_000066
COMP_GANGPAN_PRINT,PRICE_TYPE.02,SIZ_000216,MAT_000153,4000,5000,81609,78300,3309,203,PRD_000066
COMP_GANGPAN_PRINT,PRICE_TYPE.02,SIZ_000217,MAT_000084,1000,2000,41179,30900,10279,499,PRD_000066
COMP_GANGPAN_PRINT,PRICE_TYPE.02,SIZ_000217,MAT_000084,2000,3000,46335,41500,4835,313,PRD_000066
COMP_GANGPAN_PRINT,PRICE_TYPE.02,SIZ_000217,MAT_000084,3000,4000,55319,51500,3819,277,PRD_000066
COMP_GANGPAN_PRINT,PRICE_TYPE.02,SIZ_000217,MAT_000084,4000,5000,64362,62000,2362,184,PRD_000066
COMP_GANGPAN_PRINT,PRICE_TYPE.02,SIZ_000217,MAT_000153,1000,2000,54373,41500,12873,474,PRD_000066
COMP_GANGPAN_PRINT,PRICE_TYPE.02,SIZ_000217,MAT_000153,2000,3000,62229,55600,6629,320,PRD_000066
COMP_GANGPAN_PRINT,PRICE_TYPE.02,SIZ_000217,MAT_000153,3000,4000,74115,69900,4215,228,PRD_000066
COMP_GANGPAN_PRINT,PRICE_TYPE.02,SIZ_000217,MAT_000153,4000,5000,87358,84100,3258,187,PRD_000066
COMP_GANGPAN_PRINT,PRICE_TYPE.02,SIZ_000218,MAT_000084,1000,2000,47976,36000,11976,499,PRD_000066
COMP_GANGPAN_PRINT,PRICE_TYPE.02,SIZ_000218,MAT_000084,2000,3000,53982,49000,4982,277,PRD_000066
COMP_GANGPAN_PRINT,PRICE_TYPE.02,SIZ_000218,MAT_000084,3000,4000,65317,62000,3317,204,PRD_000066
COMP_GANGPAN_PRINT,PRICE_TYPE.02,SIZ_000218,MAT_000084,4000,5000,77484,76000,1484,96,PRD_000066
COMP_GANGPAN_PRINT,PRICE_TYPE.02,SIZ_000218,MAT_000153,1000,2000,66567,54600,11967,360,PRD_000066
COMP_GANGPAN_PRINT,PRICE_TYPE.02,SIZ_000218,MAT_000153,2000,3000,81873,75700,6173,227,PRD_000066
COMP_GANGPAN_PRINT,PRICE_TYPE.02,SIZ_000218,MAT_000153,3000,4000,100908,97200,3708,147,PRD_000066
COMP_GANGPAN_PRINT,PRICE_TYPE.02,SIZ_000218,MAT_000153,4000,5000,121476,118500,2976,123,PRD_000066
COMP_GANGPAN_PRINT,PRICE_TYPE.02,SIZ_000219,MAT_000084,1000,2000,36982,28000,8982,486,PRD_000066
COMP_GANGPAN_PRINT,PRICE_TYPE.02,SIZ_000219,MAT_000084,2000,3000,41986,37000,4986,357,PRD_000066
COMP_GANGPAN_PRINT,PRICE_TYPE.02,SIZ_000219,MAT_000084,3000,4000,49321,46500,2821,229,PRD_000066
COMP_GANGPAN_PRINT,PRICE_TYPE.02,SIZ_000219,MAT_000084,4000,5000,58113,55500,2613,225,PRD_000066
COMP_GANGPAN_PRINT,PRICE_TYPE.02,SIZ_000219,MAT_000153,1000,2000,46976,35600,11376,485,PRD_000066
COMP_GANGPAN_PRINT,PRICE_TYPE.02,SIZ_000219,MAT_000153,2000,3000,53382,47300,6082,342,PRD_000066
COMP_GANGPAN_PRINT,PRICE_TYPE.02,SIZ_000219,MAT_000153,3000,4000,63051,59400,3651,232,PRD_000066
COMP_GANGPAN_PRINT,PRICE_TYPE.02,SIZ_000219,MAT_000153,4000,5000,74235,71100,3135,212,PRD_000066
COMP_GANGPAN_PRINT,PRICE_TYPE.02,SIZ_000220,MAT_000084,1000,2000,40580,30500,10080,497,PRD_000066
COMP_GANGPAN_PRINT,PRICE_TYPE.02,SIZ_000220,MAT_000084,2000,3000,45735,40600,5135,337,PRD_000066
COMP_GANGPAN_PRINT,PRICE_TYPE.02,SIZ_000220,MAT_000084,3000,4000,54120,51000,3120,231,PRD_000066
COMP_GANGPAN_PRINT,PRICE_TYPE.02,SIZ_000220,MAT_000084,4000,5000,63737,61000,2737,215,PRD_000066
COMP_GANGPAN_PRINT,PRICE_TYPE.02,SIZ_000220,MAT_000153,1000,2000,53373,39800,13573,509,PRD_000066
COMP_GANGPAN_PRINT,PRICE_TYPE.02,SIZ_000220,MAT_000153,2000,3000,59680,52800,6880,346,PRD_000066
COMP_GANGPAN_PRINT,PRICE_TYPE.02,SIZ_000220,MAT_000153,3000,4000,70382,65900,4482,255,PRD_000066
COMP_GANGPAN_PRINT,PRICE_TYPE.02,SIZ_000220,MAT_000153,4000,5000,82359,78900,3459,210,PRD_000066
COMP_GANGPAN_PRINT,PRICE_TYPE.02,SIZ_000221,MAT_000084,1000,2000,43978,33000,10978,499,PRD_000066
COMP_GANGPAN_PRINT,PRICE_TYPE.02,SIZ_000221,MAT_000084,2000,3000,49484,44000,5483,333,PRD_000066
COMP_GANGPAN_PRINT,PRICE_TYPE.02,SIZ_000221,MAT_000084,3000,4000,58652,55000,3652,250,PRD_000066
COMP_GANGPAN_PRINT,PRICE_TYPE.02,SIZ_000221,MAT_000084,4000,5000,68736,66000,2736,199,PRD_000066
COMP_GANGPAN_PRINT,PRICE_TYPE.02,SIZ_000221,MAT_000153,1000,2000,58970,46300,12670,430,PRD_000066
COMP_GANGPAN_PRINT,PRICE_TYPE.02,SIZ_000221,MAT_000153,2000,3000,69427,62700,6727,291,PRD_000066
COMP_GANGPAN_PRINT,PRICE_TYPE.02,SIZ_000221,MAT_000153,3000,4000,83579,79400,4179,200,PRD_000066
COMP_GANGPAN_PRINT,PRICE_TYPE.02,SIZ_000221,MAT_000153,4000,5000,99230,96000,3230,163,PRD_000066
COMP_GANGPAN_PRINT,PRICE_TYPE.02,SIZ_000222,MAT_000084,1000,2000,47976,36000,11976,499,PRD_000066
COMP_GANGPAN_PRINT,PRICE_TYPE.02,SIZ_000222,MAT_000084,2000,3000,53982,48000,5982,333,PRD_000066
COMP_GANGPAN_PRINT,PRICE_TYPE.02,SIZ_000222,MAT_000084,3000,4000,63984,60000,3984,249,PRD_000066
COMP_GANGPAN_PRINT,PRICE_TYPE.02,SIZ_000222,MAT_000084,4000,5000,74985,72000,2985,199,PRD_000066
COMP_GANGPAN_PRINT,PRICE_TYPE.02,SIZ_000222,MAT_000153,1000,2000,66567,54600,11967,360,PRD_000066
COMP_GANGPAN_PRINT,PRICE_TYPE.02,SIZ_000222,MAT_000153,2000,3000,81873,75700,6173,227,PRD_000066
COMP_GANGPAN_PRINT,PRICE_TYPE.02,SIZ_000222,MAT_000153,3000,4000,100908,97200,3708,147,PRD_000066
COMP_GANGPAN_PRINT,PRICE_TYPE.02,SIZ_000222,MAT_000153,4000,5000,121476,118500,2976,123,PRD_000066
COMP_GANGPAN_PRINT,PRICE_TYPE.02,SIZ_000223,MAT_000084,2000,3000,104965,95000,9965,285,PRD_000066
COMP_GANGPAN_PRINT,PRICE_TYPE.02,SIZ_000223,MAT_000084,3000,4000,126635,120000,6635,210,PRD_000066
COMP_GANGPAN_PRINT,PRICE_TYPE.02,SIZ_000223,MAT_000153,1000,2000,104348,80700,23648,454,PRD_000066
COMP_GANGPAN_PRINT,PRICE_TYPE.02,SIZ_000223,MAT_000153,2000,3000,121010,120800,210,6,PRD_000066
COMP_GANGPAN_PRINT,PRICE_TYPE.02,SIZ_000223,MAT_000153,3000,4000,161026,155300,5726,143,PRD_000066
COMP_GANGPAN_PRINT,PRICE_TYPE.02,SIZ_000223,MAT_000153,4000,5000,194086,189900,4186,108,PRD_000066
COMP_GANGPAN_PRINT,PRICE_TYPE.02,SIZ_000224,MAT_000084,1000,2000,35982,27000,8982,499,PRD_000066
COMP_GANGPAN_PRINT,PRICE_TYPE.02,SIZ_000224,MAT_000084,2000,3000,40486,36000,4486,333,PRD_000066
COMP_GANGPAN_PRINT,PRICE_TYPE.02,SIZ_000224,MAT_000084,3000,4000,47988,45000,2988,249,PRD_000066
COMP_GANGPAN_PRINT,PRICE_TYPE.02,SIZ_000224,MAT_000084,4000,5000,56239,54000,2239,199,PRD_000066
COMP_GANGPAN_PRINT,PRICE_TYPE.02,SIZ_000224,MAT_000153,1000,2000,44978,34300,10678,475,PRD_000066
COMP_GANGPAN_PRINT,PRICE_TYPE.02,SIZ_000224,MAT_000153,2000,3000,51433,46300,5133,300,PRD_000066
COMP_GANGPAN_PRINT,PRICE_TYPE.02,SIZ_000224,MAT_000153,3000,4000,61718,58000,3718,241,PRD_000066
COMP_GANGPAN_PRINT,PRICE_TYPE.02,SIZ_000224,MAT_000153,4000,5000,72486,69900,2586,179,PRD_000066
COMP_GANGPAN_PRINT,PRICE_TYPE.02,SIZ_000226,MAT_000084,1000,2000,43978,33000,10978,499,PRD_000066
COMP_GANGPAN_PRINT,PRICE_TYPE.02,SIZ_000226,MAT_000084,2000,3000,49484,44000,5483,333,PRD_000066
COMP_GANGPAN_PRINT,PRICE_TYPE.02,SIZ_000226,MAT_000084,3000,4000,58652,55000,3652,250,PRD_000066
COMP_GANGPAN_PRINT,PRICE_TYPE.02,SIZ_000226,MAT_000084,4000,5000,68736,66000,2736,199,PRD_000066
COMP_GANGPAN_PRINT,PRICE_TYPE.02,SIZ_000226,MAT_000153,1000,2000,58970,46300,12670,430,PRD_000066
COMP_GANGPAN_PRINT,PRICE_TYPE.02,SIZ_000226,MAT_000153,2000,3000,69427,62700,6727,291,PRD_000066
COMP_GANGPAN_PRINT,PRICE_TYPE.02,SIZ_000226,MAT_000153,3000,4000,83579,79400,4179,200,PRD_000066
COMP_GANGPAN_PRINT,PRICE_TYPE.02,SIZ_000226,MAT_000153,4000,5000,99230,96000,3230,163,PRD_000066
COMP_GANGPAN_PRINT,PRICE_TYPE.02,SIZ_000228,MAT_000084,1000,2000,35982,27000,8982,499,PRD_000066
COMP_GANGPAN_PRINT,PRICE_TYPE.02,SIZ_000228,MAT_000084,2000,3000,40486,36000,4486,333,PRD_000066
COMP_GANGPAN_PRINT,PRICE_TYPE.02,SIZ_000228,MAT_000084,3000,4000,47988,45000,2988,249,PRD_000066
COMP_GANGPAN_PRINT,PRICE_TYPE.02,SIZ_000228,MAT_000084,4000,5000,56239,54000,2239,199,PRD_000066
COMP_GANGPAN_PRINT,PRICE_TYPE.02,SIZ_000228,MAT_000153,1000,2000,44978,34300,10678,475,PRD_000066
COMP_GANGPAN_PRINT,PRICE_TYPE.02,SIZ_000228,MAT_000153,2000,3000,51433,46300,5133,300,PRD_000066
COMP_GANGPAN_PRINT,PRICE_TYPE.02,SIZ_000228,MAT_000153,3000,4000,61718,58000,3718,241,PRD_000066
COMP_GANGPAN_PRINT,PRICE_TYPE.02,SIZ_000228,MAT_000153,4000,5000,72486,69900,2586,179,PRD_000066
COMP_GANGPAN_PRINT,PRICE_TYPE.02,SIZ_000230,MAT_000084,1000,2000,39980,30000,9980,499,PRD_000066
COMP_GANGPAN_PRINT,PRICE_TYPE.02,SIZ_000230,MAT_000084,2000,3000,44985,40000,4985,333,PRD_000066
COMP_GANGPAN_PRINT,PRICE_TYPE.02,SIZ_000230,MAT_000084,3000,4000,53320,50000,3320,249,PRD_000066
COMP_GANGPAN_PRINT,PRICE_TYPE.02,SIZ_000230,MAT_000084,4000,5000,62488,60000,2488,199,PRD_000066
COMP_GANGPAN_PRINT,PRICE_TYPE.02,SIZ_000230,MAT_000153,1000,2000,52174,39200,12974,498,PRD_000066
COMP_GANGPAN_PRINT,PRICE_TYPE.02,SIZ_000230,MAT_000153,2000,3000,58780,52200,6580,336,PRD_000066
COMP_GANGPAN_PRINT,PRICE_TYPE.02,SIZ_000230,MAT_000153,3000,4000,69583,65300,4283,247,PRD_000066
COMP_GANGPAN_PRINT,PRICE_TYPE.02,SIZ_000230,MAT_000153,4000,5000,81609,78300,3309,203,PRD_000066
COMP_GANGPAN_PRINT,PRICE_TYPE.02,SIZ_000232,MAT_000084,1000,2000,43978,33000,10978,499,PRD_000066
COMP_GANGPAN_PRINT,PRICE_TYPE.02,SIZ_000232,MAT_000084,2000,3000,49484,44000,5483,333,PRD_000066
COMP_GANGPAN_PRINT,PRICE_TYPE.02,SIZ_000232,MAT_000084,3000,4000,58652,55000,3652,250,PRD_000066
COMP_GANGPAN_PRINT,PRICE_TYPE.02,SIZ_000232,MAT_000084,4000,5000,68736,66000,2736,199,PRD_000066
COMP_GANGPAN_PRINT,PRICE_TYPE.02,SIZ_000232,MAT_000153,1000,2000,58970,46300,12670,430,PRD_000066
COMP_GANGPAN_PRINT,PRICE_TYPE.02,SIZ_000232,MAT_000153,2000,3000,69427,62700,6727,291,PRD_000066
COMP_GANGPAN_PRINT,PRICE_TYPE.02,SIZ_000232,MAT_000153,3000,4000,83579,79400,4179,200,PRD_000066
COMP_GANGPAN_PRINT,PRICE_TYPE.02,SIZ_000232,MAT_000153,4000,5000,99230,96000,3230,163,PRD_000066
COMP_GANGPAN_PRINT,PRICE_TYPE.02,SIZ_000234,MAT_000084,1000,2000,35982,27000,8982,499,PRD_000066
COMP_GANGPAN_PRINT,PRICE_TYPE.02,SIZ_000234,MAT_000084,2000,3000,40486,36000,4486,333,PRD_000066
COMP_GANGPAN_PRINT,PRICE_TYPE.02,SIZ_000234,MAT_000084,3000,4000,47988,45000,2988,249,PRD_000066
COMP_GANGPAN_PRINT,PRICE_TYPE.02,SIZ_000234,MAT_000084,4000,5000,56239,54000,2239,199,PRD_000066
COMP_GANGPAN_PRINT,PRICE_TYPE.02,SIZ_000234,MAT_000153,1000,2000,44978,34300,10678,475,PRD_000066
COMP_GANGPAN_PRINT,PRICE_TYPE.02,SIZ_000234,MAT_000153,2000,3000,51433,46300,5133,300,PRD_000066
COMP_GANGPAN_PRINT,PRICE_TYPE.02,SIZ_000234,MAT_000153,3000,4000,61718,58000,3718,241,PRD_000066
COMP_GANGPAN_PRINT,PRICE_TYPE.02,SIZ_000234,MAT_000153,4000,5000,72486,69900,2586,179,PRD_000066
COMP_GANGPAN_PRINT,PRICE_TYPE.02,SIZ_000236,MAT_000084,1000,2000,40580,30500,10080,497,PRD_000066
COMP_GANGPAN_PRINT,PRICE_TYPE.02,SIZ_000236,MAT_000084,2000,3000,45735,40600,5135,337,PRD_000066
COMP_GANGPAN_PRINT,PRICE_TYPE.02,SIZ_000236,MAT_000084,3000,4000,54120,51000,3120,231,PRD_000066
COMP_GANGPAN_PRINT,PRICE_TYPE.02,SIZ_000236,MAT_000084,4000,5000,63737,61000,2737,215,PRD_000066
COMP_GANGPAN_PRINT,PRICE_TYPE.02,SIZ_000236,MAT_000153,1000,2000,53373,39800,13573,509,PRD_000066
COMP_GANGPAN_PRINT,PRICE_TYPE.02,SIZ_000236,MAT_000153,2000,3000,59680,52800,6880,346,PRD_000066
COMP_GANGPAN_PRINT,PRICE_TYPE.02,SIZ_000236,MAT_000153,3000,4000,70382,65900,4482,255,PRD_000066
COMP_GANGPAN_PRINT,PRICE_TYPE.02,SIZ_000236,MAT_000153,4000,5000,82359,78900,3459,210,PRD_000066
COMP_GANGPAN_PRINT,PRICE_TYPE.02,SIZ_000238,MAT_000084,1000,2000,43978,33000,10978,499,PRD_000066
COMP_GANGPAN_PRINT,PRICE_TYPE.02,SIZ_000238,MAT_000084,2000,3000,49484,44000,5483,333,PRD_000066
COMP_GANGPAN_PRINT,PRICE_TYPE.02,SIZ_000238,MAT_000084,3000,4000,58652,55000,3652,250,PRD_000066
COMP_GANGPAN_PRINT,PRICE_TYPE.02,SIZ_000238,MAT_000084,4000,5000,68736,66000,2736,199,PRD_000066
COMP_GANGPAN_PRINT,PRICE_TYPE.02,SIZ_000238,MAT_000153,1000,2000,58970,46300,12670,430,PRD_000066
COMP_GANGPAN_PRINT,PRICE_TYPE.02,SIZ_000238,MAT_000153,2000,3000,69427,62700,6727,291,PRD_000066
COMP_GANGPAN_PRINT,PRICE_TYPE.02,SIZ_000238,MAT_000153,3000,4000,83579,79400,4179,200,PRD_000066
COMP_GANGPAN_PRINT,PRICE_TYPE.02,SIZ_000238,MAT_000153,4000,5000,99230,96000,3230,163,PRD_000066
COMP_GANGPAN_PRINT,PRICE_TYPE.02,SIZ_000240,MAT_000084,1000,2000,43978,33000,10978,499,PRD_000066
COMP_GANGPAN_PRINT,PRICE_TYPE.02,SIZ_000240,MAT_000084,2000,3000,49484,44000,5483,333,PRD_000066
COMP_GANGPAN_PRINT,PRICE_TYPE.02,SIZ_000240,MAT_000084,3000,4000,58652,55000,3652,250,PRD_000066
COMP_GANGPAN_PRINT,PRICE_TYPE.02,SIZ_000240,MAT_000084,4000,5000,68736,66000,2736,199,PRD_000066
COMP_GANGPAN_PRINT,PRICE_TYPE.02,SIZ_000240,MAT_000153,1000,2000,58970,46300,12670,430,PRD_000066
COMP_GANGPAN_PRINT,PRICE_TYPE.02,SIZ_000240,MAT_000153,2000,3000,69427,62700,6727,291,PRD_000066
COMP_GANGPAN_PRINT,PRICE_TYPE.02,SIZ_000240,MAT_000153,3000,4000,83579,79400,4179,200,PRD_000066
COMP_GANGPAN_PRINT,PRICE_TYPE.02,SIZ_000240,MAT_000153,4000,5000,99230,96000,3230,163,PRD_000066
COMP_GANGPAN_PRINT,PRICE_TYPE.02,SIZ_000242,MAT_000153,1000,2000,56972,56900,72,3,PRD_000066
COMP_GANGPAN_PRINT,PRICE_TYPE.02,SIZ_000242,MAT_000153,3000,4000,113972,113900,72,3,PRD_000066
COMP_GANGPAN_PRINT,PRICE_TYPE.02,SIZ_000242,MAT_000153,4000,5000,142347,142300,47,2,PRD_000066
COMP_GANGPAN_PRINT,PRICE_TYPE.02,SIZ_000244,MAT_000084,3000,4000,95976,95000,976,41,PRD_000066
COMP_GANGPAN_PRINT,PRICE_TYPE.02,SIZ_000244,MAT_000153,1000,2000,66567,62700,3867,117,PRD_000066
COMP_GANGPAN_PRINT,PRICE_TYPE.02,SIZ_000244,MAT_000153,2000,3000,94019,92400,1619,52,PRD_000066
COMP_GANGPAN_PRINT,PRICE_TYPE.02,SIZ_000244,MAT_000153,3000,4000,123169,122100,1069,35,PRD_000066
COMP_GANGPAN_PRINT,PRICE_TYPE.02,SIZ_000244,MAT_000153,4000,5000,152594,151700,894,30,PRD_000066
COMP_GANGPAN_PRINT,PRICE_TYPE.02,SIZ_000245,MAT_000084,2000,3000,80973,76000,4973,185,PRD_000066
COMP_GANGPAN_PRINT,PRICE_TYPE.02,SIZ_000245,MAT_000084,3000,4000,101308,100000,1308,52,PRD_000066
COMP_GANGPAN_PRINT,PRICE_TYPE.02,SIZ_000245,MAT_000153,1000,2000,75762,68600,7162,189,PRD_000066
COMP_GANGPAN_PRINT,PRICE_TYPE.02,SIZ_000245,MAT_000153,2000,3000,102866,99500,3366,99,PRD_000066
COMP_GANGPAN_PRINT,PRICE_TYPE.02,SIZ_000245,MAT_000153,3000,4000,132634,130500,2134,65,PRD_000066
COMP_GANGPAN_PRINT,PRICE_TYPE.02,SIZ_000245,MAT_000153,4000,5000,163092,161300,1792,55,PRD_000066
COMP_GANGPAN_PRINT,PRICE_TYPE.02,SIZ_000247,MAT_000084,2000,3000,88470,84000,4470,152,PRD_000066
COMP_GANGPAN_PRINT,PRICE_TYPE.02,SIZ_000247,MAT_000084,3000,4000,111972,110000,1972,71,PRD_000066
COMP_GANGPAN_PRINT,PRICE_TYPE.02,SIZ_000247,MAT_000084,4000,5000,137472,135000,2472,90,PRD_000066
COMP_GANGPAN_PRINT,PRICE_TYPE.02,SIZ_000247,MAT_000153,1000,2000,84958,74700,10258,242,PRD_000066
COMP_GANGPAN_PRINT,PRICE_TYPE.02,SIZ_000247,MAT_000153,2000,3000,112013,106800,5213,140,PRD_000066
COMP_GANGPAN_PRINT,PRICE_TYPE.02,SIZ_000247,MAT_000153,3000,4000,142364,138700,3664,103,PRD_000066
COMP_GANGPAN_PRINT,PRICE_TYPE.02,SIZ_000247,MAT_000153,4000,5000,173340,170700,2640,77,PRD_000066
COMP_GANGPAN_PRINT,PRICE_TYPE.02,SIZ_000249,MAT_000084,2000,3000,95968,90000,5968,187,PRD_000066
COMP_GANGPAN_PRINT,PRICE_TYPE.02,SIZ_000249,MAT_000084,3000,4000,119970,115000,4970,166,PRD_000066
COMP_GANGPAN_PRINT,PRICE_TYPE.02,SIZ_000249,MAT_000084,4000,5000,143721,140000,3721,130,PRD_000066
COMP_GANGPAN_PRINT,PRICE_TYPE.02,SIZ_000249,MAT_000153,1000,2000,94553,80700,13853,293,PRD_000066
COMP_GANGPAN_PRINT,PRICE_TYPE.02,SIZ_000249,MAT_000153,2000,3000,121010,113900,7110,177,PRD_000066
COMP_GANGPAN_PRINT,PRICE_TYPE.02,SIZ_000249,MAT_000153,3000,4000,151829,146900,4929,130,PRD_000066
COMP_GANGPAN_PRINT,PRICE_TYPE.02,SIZ_000249,MAT_000153,4000,5000,183588,180100,3488,95,PRD_000066
COMP_GANGPAN_PRINT,PRICE_TYPE.02,SIZ_000501,MAT_000084,1000,2000,39980,30000,9980,499,PRD_000066
COMP_GANGPAN_PRINT,PRICE_TYPE.02,SIZ_000501,MAT_000084,2000,3000,44985,40000,4985,333,PRD_000066
COMP_GANGPAN_PRINT,PRICE_TYPE.02,SIZ_000501,MAT_000084,3000,4000,53320,50000,3320,249,PRD_000066
COMP_GANGPAN_PRINT,PRICE_TYPE.02,SIZ_000501,MAT_000084,4000,5000,62488,60000,2488,199,PRD_000066
COMP_GANGPAN_PRINT,PRICE_TYPE.02,SIZ_000501,MAT_000153,1000,2000,52174,39200,12974,498,PRD_000066
COMP_GANGPAN_PRINT,PRICE_TYPE.02,SIZ_000501,MAT_000153,2000,3000,58780,52200,6580,336,PRD_000066
COMP_GANGPAN_PRINT,PRICE_TYPE.02,SIZ_000501,MAT_000153,3000,4000,69583,65300,4283,247,PRD_000066
COMP_GANGPAN_PRINT,PRICE_TYPE.02,SIZ_000501,MAT_000153,4000,5000,81609,78300,3309,203,PRD_000066
COMP_GANGPAN_PRINT,PRICE_TYPE.02,SIZ_000502,MAT_000084,1000,2000,41179,30900,10279,499,PRD_000066
COMP_GANGPAN_PRINT,PRICE_TYPE.02,SIZ_000502,MAT_000084,2000,3000,46335,41500,4835,313,PRD_000066
COMP_GANGPAN_PRINT,PRICE_TYPE.02,SIZ_000502,MAT_000084,3000,4000,55319,51500,3819,277,PRD_000066
COMP_GANGPAN_PRINT,PRICE_TYPE.02,SIZ_000502,MAT_000084,4000,5000,64362,62000,2362,184,PRD_000066
COMP_GANGPAN_PRINT,PRICE_TYPE.02,SIZ_000502,MAT_000153,1000,2000,54373,41500,12873,474,PRD_000066
COMP_GANGPAN_PRINT,PRICE_TYPE.02,SIZ_000502,MAT_000153,2000,3000,62229,55600,6629,320,PRD_000066
COMP_GANGPAN_PRINT,PRICE_TYPE.02,SIZ_000502,MAT_000153,3000,4000,74115,69900,4215,228,PRD_000066
COMP_GANGPAN_PRINT,PRICE_TYPE.02,SIZ_000502,MAT_000153,4000,5000,87358,84100,3258,187,PRD_000066
COMP_GANGPAN_PRINT,PRICE_TYPE.02,SIZ_000503,MAT_000084,1000,2000,42978,32500,10478,488,PRD_000066
COMP_GANGPAN_PRINT,PRICE_TYPE.02,SIZ_000503,MAT_000084,2000,3000,48734,46500,2234,138,PRD_000066
COMP_GANGPAN_PRINT,PRICE_TYPE.02,SIZ_000503,MAT_000084,3000,4000,61984,60000,1984,129,PRD_000066
COMP_GANGPAN_PRINT,PRICE_TYPE.02,SIZ_000503,MAT_000084,4000,5000,74985,74000,985,66,PRD_000066
COMP_GANGPAN_PRINT,PRICE_TYPE.02,SIZ_000503,MAT_000153,1000,2000,56972,49600,7372,259,PRD_000066
COMP_GANGPAN_PRINT,PRICE_TYPE.02,SIZ_000503,MAT_000153,2000,3000,74375,71100,3275,133,PRD_000066
COMP_GANGPAN_PRINT,PRICE_TYPE.02,SIZ_000503,MAT_000153,3000,4000,94776,92400,2376,101,PRD_000066
COMP_GANGPAN_PRINT,PRICE_TYPE.02,SIZ_000503,MAT_000153,4000,5000,115477,113900,1577,69,PRD_000066
COMP_GANGPAN_PRINT,PRICE_TYPE.02,SIZ_000504,MAT_000084,1000,2000,39980,30000,9980,499,PRD_000066
COMP_GANGPAN_PRINT,PRICE_TYPE.02,SIZ_000504,MAT_000084,2000,3000,44985,40000,4985,333,PRD_000066
COMP_GANGPAN_PRINT,PRICE_TYPE.02,SIZ_000504,MAT_000084,3000,4000,53320,50000,3320,249,PRD_000066
COMP_GANGPAN_PRINT,PRICE_TYPE.02,SIZ_000504,MAT_000084,4000,5000,62488,60000,2488,199,PRD_000066
COMP_GANGPAN_PRINT,PRICE_TYPE.02,SIZ_000504,MAT_000153,1000,2000,52174,39200,12974,498,PRD_000066
COMP_GANGPAN_PRINT,PRICE_TYPE.02,SIZ_000504,MAT_000153,2000,3000,58780,52200,6580,336,PRD_000066
COMP_GANGPAN_PRINT,PRICE_TYPE.02,SIZ_000504,MAT_000153,3000,4000,69583,65300,4283,247,PRD_000066
COMP_GANGPAN_PRINT,PRICE_TYPE.02,SIZ_000504,MAT_000153,4000,5000,81609,78300,3309,203,PRD_000066
COMP_GANGPAN_PRINT,PRICE_TYPE.02,SIZ_000505,MAT_000084,1000,2000,39980,30000,9980,499,PRD_000066
COMP_GANGPAN_PRINT,PRICE_TYPE.02,SIZ_000505,MAT_000084,2000,3000,44985,40000,4985,333,PRD_000066
COMP_GANGPAN_PRINT,PRICE_TYPE.02,SIZ_000505,MAT_000084,3000,4000,53320,50000,3320,249,PRD_000066
COMP_GANGPAN_PRINT,PRICE_TYPE.02,SIZ_000505,MAT_000084,4000,5000,62488,60000,2488,199,PRD_000066
COMP_GANGPAN_PRINT,PRICE_TYPE.02,SIZ_000505,MAT_000153,1000,2000,52174,39200,12974,498,PRD_000066
COMP_GANGPAN_PRINT,PRICE_TYPE.02,SIZ_000505,MAT_000153,2000,3000,58780,52200,6580,336,PRD_000066
COMP_GANGPAN_PRINT,PRICE_TYPE.02,SIZ_000505,MAT_000153,3000,4000,69583,65300,4283,247,PRD_000066
COMP_GANGPAN_PRINT,PRICE_TYPE.02,SIZ_000505,MAT_000153,4000,5000,81609,78300,3309,203,PRD_000066
COMP_GANGPAN_PRINT,PRICE_TYPE.02,SIZ_000506,MAT_000084,1000,2000,47976,36000,11976,499,PRD_000066
COMP_GANGPAN_PRINT,PRICE_TYPE.02,SIZ_000506,MAT_000084,2000,3000,53982,50000,3982,222,PRD_000066
COMP_GANGPAN_PRINT,PRICE_TYPE.02,SIZ_000506,MAT_000084,3000,4000,66650,64000,2650,160,PRD_000066
COMP_GANGPAN_PRINT,PRICE_TYPE.02,SIZ_000506,MAT_000084,4000,5000,79984,77000,2984,187,PRD_000066
COMP_GANGPAN_PRINT,PRICE_TYPE.02,SIZ_000506,MAT_000153,1000,2000,66567,54600,11967,360,PRD_000066
COMP_GANGPAN_PRINT,PRICE_TYPE.02,SIZ_000506,MAT_000153,2000,3000,81873,75700,6173,227,PRD_000066
COMP_GANGPAN_PRINT,PRICE_TYPE.02,SIZ_000506,MAT_000153,3000,4000,100908,97200,3708,147,PRD_000066
COMP_GANGPAN_PRINT,PRICE_TYPE.02,SIZ_000506,MAT_000153,4000,5000,121476,118500,2976,123,PRD_000066
COMP_GANGPAN_PRINT,PRICE_TYPE.02,SIZ_000507,MAT_000084,1000,2000,36982,28000,8982,486,PRD_000066
COMP_GANGPAN_PRINT,PRICE_TYPE.02,SIZ_000507,MAT_000084,2000,3000,41986,37000,4986,357,PRD_000066
COMP_GANGPAN_PRINT,PRICE_TYPE.02,SIZ_000507,MAT_000084,3000,4000,49321,46500,2821,229,PRD_000066
COMP_GANGPAN_PRINT,PRICE_TYPE.02,SIZ_000507,MAT_000084,4000,5000,58113,55500,2613,225,PRD_000066
COMP_GANGPAN_PRINT,PRICE_TYPE.02,SIZ_000507,MAT_000153,1000,2000,46976,35600,11376,485,PRD_000066
COMP_GANGPAN_PRINT,PRICE_TYPE.02,SIZ_000507,MAT_000153,2000,3000,53382,47300,6082,342,PRD_000066
COMP_GANGPAN_PRINT,PRICE_TYPE.02,SIZ_000507,MAT_000153,3000,4000,63051,59400,3651,232,PRD_000066
COMP_GANGPAN_PRINT,PRICE_TYPE.02,SIZ_000507,MAT_000153,4000,5000,74235,71100,3135,212,PRD_000066
COMP_GANGPAN_PRINT,PRICE_TYPE.02,SIZ_000508,MAT_000084,1000,2000,40580,30500,10080,497,PRD_000066
COMP_GANGPAN_PRINT,PRICE_TYPE.02,SIZ_000508,MAT_000084,2000,3000,45735,40600,5135,337,PRD_000066
COMP_GANGPAN_PRINT,PRICE_TYPE.02,SIZ_000508,MAT_000084,3000,4000,54120,51500,2620,194,PRD_000066
COMP_GANGPAN_PRINT,PRICE_TYPE.02,SIZ_000508,MAT_000084,4000,5000,64362,61000,3362,262,PRD_000066
COMP_GANGPAN_PRINT,PRICE_TYPE.02,SIZ_000508,MAT_000153,1000,2000,53373,39800,13573,509,PRD_000066
COMP_GANGPAN_PRINT,PRICE_TYPE.02,SIZ_000508,MAT_000153,2000,3000,59680,52800,6880,346,PRD_000066
COMP_GANGPAN_PRINT,PRICE_TYPE.02,SIZ_000508,MAT_000153,3000,4000,70382,62900,7482,426,PRD_000066
COMP_GANGPAN_PRINT,PRICE_TYPE.02,SIZ_000509,MAT_000084,1000,2000,43978,33000,10978,499,PRD_000066
COMP_GANGPAN_PRINT,PRICE_TYPE.02,SIZ_000509,MAT_000084,2000,3000,49484,44000,5483,333,PRD_000066
COMP_GANGPAN_PRINT,PRICE_TYPE.02,SIZ_000509,MAT_000084,3000,4000,58652,55000,3652,250,PRD_000066
COMP_GANGPAN_PRINT,PRICE_TYPE.02,SIZ_000509,MAT_000084,4000,5000,68736,66000,2736,199,PRD_000066
COMP_GANGPAN_PRINT,PRICE_TYPE.02,SIZ_000509,MAT_000153,1000,2000,58970,46300,12670,430,PRD_000066
COMP_GANGPAN_PRINT,PRICE_TYPE.02,SIZ_000509,MAT_000153,2000,3000,69427,62700,6727,291,PRD_000066
COMP_GANGPAN_PRINT,PRICE_TYPE.02,SIZ_000509,MAT_000153,3000,4000,83579,79400,4179,200,PRD_000066
COMP_GANGPAN_PRINT,PRICE_TYPE.02,SIZ_000509,MAT_000153,4000,5000,99230,96000,3230,163,PRD_000066
COMP_GANGPAN_PRINT,PRICE_TYPE.02,SIZ_000510,MAT_000084,1000,2000,47976,36000,11976,499,PRD_000066
COMP_GANGPAN_PRINT,PRICE_TYPE.02,SIZ_000510,MAT_000084,2000,3000,53982,50000,3982,222,PRD_000066
COMP_GANGPAN_PRINT,PRICE_TYPE.02,SIZ_000510,MAT_000084,3000,4000,66650,64000,2650,160,PRD_000066
COMP_GANGPAN_PRINT,PRICE_TYPE.02,SIZ_000510,MAT_000084,4000,5000,79984,77000,2984,187,PRD_000066
COMP_GANGPAN_PRINT,PRICE_TYPE.02,SIZ_000510,MAT_000153,1000,2000,66567,54600,11967,360,PRD_000066
COMP_GANGPAN_PRINT,PRICE_TYPE.02,SIZ_000510,MAT_000153,2000,3000,81873,75700,6173,227,PRD_000066
COMP_GANGPAN_PRINT,PRICE_TYPE.02,SIZ_000510,MAT_000153,3000,4000,100908,97200,3708,147,PRD_000066
COMP_GANGPAN_PRINT,PRICE_TYPE.02,SIZ_000510,MAT_000153,4000,5000,121476,118500,2976,123,PRD_000066
COMP_GANGPAN_PRINT,PRICE_TYPE.02,SIZ_000212,MAT_000155,1000,2000,39980,30000,9980,499,PRD_000066
COMP_GANGPAN_PRINT,PRICE_TYPE.02,SIZ_000212,MAT_000155,2000,3000,44985,40000,4985,333,PRD_000066
COMP_GANGPAN_PRINT,PRICE_TYPE.02,SIZ_000212,MAT_000155,3000,4000,53320,50000,3320,249,PRD_000066
COMP_GANGPAN_PRINT,PRICE_TYPE.02,SIZ_000212,MAT_000155,4000,5000,62488,60000,2488,199,PRD_000066
COMP_GANGPAN_PRINT,PRICE_TYPE.02,SIZ_000212,MAT_000156,1000,2000,39980,30000,9980,499,PRD_000066
COMP_GANGPAN_PRINT,PRICE_TYPE.02,SIZ_000212,MAT_000156,2000,3000,44985,40000,4985,333,PRD_000066
COMP_GANGPAN_PRINT,PRICE_TYPE.02,SIZ_000212,MAT_000156,3000,4000,53320,50000,3320,249,PRD_000066
COMP_GANGPAN_PRINT,PRICE_TYPE.02,SIZ_000212,MAT_000156,4000,5000,62488,60000,2488,199,PRD_000066
COMP_GANGPAN_PRINT,PRICE_TYPE.02,SIZ_000213,MAT_000155,1000,2000,41179,30900,10279,499,PRD_000066
COMP_GANGPAN_PRINT,PRICE_TYPE.02,SIZ_000213,MAT_000155,2000,3000,46335,41500,4835,313,PRD_000066
COMP_GANGPAN_PRINT,PRICE_TYPE.02,SIZ_000213,MAT_000155,3000,4000,55319,51500,3819,277,PRD_000066
COMP_GANGPAN_PRINT,PRICE_TYPE.02,SIZ_000213,MAT_000155,4000,5000,64362,62000,2362,184,PRD_000066
COMP_GANGPAN_PRINT,PRICE_TYPE.02,SIZ_000213,MAT_000156,1000,2000,41179,30900,10279,499,PRD_000066
COMP_GANGPAN_PRINT,PRICE_TYPE.02,SIZ_000213,MAT_000156,2000,3000,46335,41500,4835,313,PRD_000066
COMP_GANGPAN_PRINT,PRICE_TYPE.02,SIZ_000213,MAT_000156,3000,4000,55319,51500,3819,277,PRD_000066
COMP_GANGPAN_PRINT,PRICE_TYPE.02,SIZ_000213,MAT_000156,4000,5000,64362,62000,2362,184,PRD_000066
COMP_GANGPAN_PRINT,PRICE_TYPE.02,SIZ_000214,MAT_000155,1000,2000,42978,32500,10478,488,PRD_000066
COMP_GANGPAN_PRINT,PRICE_TYPE.02,SIZ_000214,MAT_000155,2000,3000,48734,43000,5734,353,PRD_000066
COMP_GANGPAN_PRINT,PRICE_TYPE.02,SIZ_000214,MAT_000155,3000,4000,57319,54000,3319,232,PRD_000066
COMP_GANGPAN_PRINT,PRICE_TYPE.02,SIZ_000214,MAT_000155,4000,5000,67486,64500,2986,222,PRD_000066
COMP_GANGPAN_PRINT,PRICE_TYPE.02,SIZ_000214,MAT_000156,1000,2000,42978,32500,10478,488,PRD_000066
COMP_GANGPAN_PRINT,PRICE_TYPE.02,SIZ_000214,MAT_000156,2000,3000,48734,43000,5734,353,PRD_000066
COMP_GANGPAN_PRINT,PRICE_TYPE.02,SIZ_000214,MAT_000156,3000,4000,57319,54000,3319,232,PRD_000066
COMP_GANGPAN_PRINT,PRICE_TYPE.02,SIZ_000214,MAT_000156,4000,5000,67486,64500,2986,222,PRD_000066
COMP_GANGPAN_PRINT,PRICE_TYPE.02,SIZ_000215,MAT_000155,1000,2000,39980,30000,9980,499,PRD_000066
COMP_GANGPAN_PRINT,PRICE_TYPE.02,SIZ_000215,MAT_000155,2000,3000,44985,40000,4985,333,PRD_000066
COMP_GANGPAN_PRINT,PRICE_TYPE.02,SIZ_000215,MAT_000155,3000,4000,53320,50000,3320,249,PRD_000066
COMP_GANGPAN_PRINT,PRICE_TYPE.02,SIZ_000215,MAT_000155,4000,5000,62488,60000,2488,199,PRD_000066
COMP_GANGPAN_PRINT,PRICE_TYPE.02,SIZ_000215,MAT_000156,1000,2000,39980,30000,9980,499,PRD_000066
COMP_GANGPAN_PRINT,PRICE_TYPE.02,SIZ_000215,MAT_000156,2000,3000,44985,40000,4985,333,PRD_000066
COMP_GANGPAN_PRINT,PRICE_TYPE.02,SIZ_000215,MAT_000156,3000,4000,53320,50000,3320,249,PRD_000066
COMP_GANGPAN_PRINT,PRICE_TYPE.02,SIZ_000215,MAT_000156,4000,5000,62488,60000,2488,199,PRD_000066
COMP_GANGPAN_PRINT,PRICE_TYPE.02,SIZ_000216,MAT_000155,1000,2000,39980,30000,9980,499,PRD_000066
COMP_GANGPAN_PRINT,PRICE_TYPE.02,SIZ_000216,MAT_000155,2000,3000,44985,40000,4985,333,PRD_000066
COMP_GANGPAN_PRINT,PRICE_TYPE.02,SIZ_000216,MAT_000155,3000,4000,53320,50000,3320,249,PRD_000066
COMP_GANGPAN_PRINT,PRICE_TYPE.02,SIZ_000216,MAT_000155,4000,5000,62488,60000,2488,199,PRD_000066
COMP_GANGPAN_PRINT,PRICE_TYPE.02,SIZ_000216,MAT_000156,1000,2000,39980,30000,9980,499,PRD_000066
COMP_GANGPAN_PRINT,PRICE_TYPE.02,SIZ_000216,MAT_000156,2000,3000,44985,40000,4985,333,PRD_000066
COMP_GANGPAN_PRINT,PRICE_TYPE.02,SIZ_000216,MAT_000156,3000,4000,53320,50000,3320,249,PRD_000066
COMP_GANGPAN_PRINT,PRICE_TYPE.02,SIZ_000216,MAT_000156,4000,5000,62488,60000,2488,199,PRD_000066
COMP_GANGPAN_PRINT,PRICE_TYPE.02,SIZ_000217,MAT_000155,1000,2000,41179,30900,10279,499,PRD_000066
COMP_GANGPAN_PRINT,PRICE_TYPE.02,SIZ_000217,MAT_000155,2000,3000,46335,41500,4835,313,PRD_000066
COMP_GANGPAN_PRINT,PRICE_TYPE.02,SIZ_000217,MAT_000155,3000,4000,55319,51500,3819,277,PRD_000066
COMP_GANGPAN_PRINT,PRICE_TYPE.02,SIZ_000217,MAT_000155,4000,5000,64362,62000,2362,184,PRD_000066
COMP_GANGPAN_PRINT,PRICE_TYPE.02,SIZ_000217,MAT_000156,1000,2000,41179,30900,10279,499,PRD_000066
COMP_GANGPAN_PRINT,PRICE_TYPE.02,SIZ_000217,MAT_000156,2000,3000,46335,41500,4835,313,PRD_000066
COMP_GANGPAN_PRINT,PRICE_TYPE.02,SIZ_000217,MAT_000156,3000,4000,55319,51500,3819,277,PRD_000066
COMP_GANGPAN_PRINT,PRICE_TYPE.02,SIZ_000217,MAT_000156,4000,5000,64362,62000,2362,184,PRD_000066
COMP_GANGPAN_PRINT,PRICE_TYPE.02,SIZ_000218,MAT_000155,1000,2000,47976,36000,11976,499,PRD_000066
COMP_GANGPAN_PRINT,PRICE_TYPE.02,SIZ_000218,MAT_000155,2000,3000,53982,49000,4982,277,PRD_000066
COMP_GANGPAN_PRINT,PRICE_TYPE.02,SIZ_000218,MAT_000155,3000,4000,65317,62000,3317,204,PRD_000066
COMP_GANGPAN_PRINT,PRICE_TYPE.02,SIZ_000218,MAT_000155,4000,5000,77484,76000,1484,96,PRD_000066
COMP_GANGPAN_PRINT,PRICE_TYPE.02,SIZ_000218,MAT_000156,1000,2000,47976,36000,11976,499,PRD_000066
COMP_GANGPAN_PRINT,PRICE_TYPE.02,SIZ_000218,MAT_000156,2000,3000,53982,49000,4982,277,PRD_000066
COMP_GANGPAN_PRINT,PRICE_TYPE.02,SIZ_000218,MAT_000156,3000,4000,65317,62000,3317,204,PRD_000066
COMP_GANGPAN_PRINT,PRICE_TYPE.02,SIZ_000218,MAT_000156,4000,5000,77484,76000,1484,96,PRD_000066
COMP_GANGPAN_PRINT,PRICE_TYPE.02,SIZ_000219,MAT_000155,1000,2000,36982,28000,8982,486,PRD_000066
COMP_GANGPAN_PRINT,PRICE_TYPE.02,SIZ_000219,MAT_000155,2000,3000,41986,37000,4986,357,PRD_000066
COMP_GANGPAN_PRINT,PRICE_TYPE.02,SIZ_000219,MAT_000155,3000,4000,49321,46500,2821,229,PRD_000066
COMP_GANGPAN_PRINT,PRICE_TYPE.02,SIZ_000219,MAT_000155,4000,5000,58113,55500,2613,225,PRD_000066
COMP_GANGPAN_PRINT,PRICE_TYPE.02,SIZ_000219,MAT_000156,1000,2000,36982,28000,8982,486,PRD_000066
COMP_GANGPAN_PRINT,PRICE_TYPE.02,SIZ_000219,MAT_000156,2000,3000,41986,37000,4986,357,PRD_000066
COMP_GANGPAN_PRINT,PRICE_TYPE.02,SIZ_000219,MAT_000156,3000,4000,49321,46500,2821,229,PRD_000066
COMP_GANGPAN_PRINT,PRICE_TYPE.02,SIZ_000219,MAT_000156,4000,5000,58113,55500,2613,225,PRD_000066
COMP_GANGPAN_PRINT,PRICE_TYPE.02,SIZ_000220,MAT_000155,1000,2000,40580,30500,10080,497,PRD_000066
COMP_GANGPAN_PRINT,PRICE_TYPE.02,SIZ_000220,MAT_000155,2000,3000,45735,40600,5135,337,PRD_000066
COMP_GANGPAN_PRINT,PRICE_TYPE.02,SIZ_000220,MAT_000155,3000,4000,54120,51000,3120,231,PRD_000066
COMP_GANGPAN_PRINT,PRICE_TYPE.02,SIZ_000220,MAT_000155,4000,5000,63737,61000,2737,215,PRD_000066
COMP_GANGPAN_PRINT,PRICE_TYPE.02,SIZ_000220,MAT_000156,1000,2000,40580,30500,10080,497,PRD_000066
COMP_GANGPAN_PRINT,PRICE_TYPE.02,SIZ_000220,MAT_000156,2000,3000,45735,40600,5135,337,PRD_000066
COMP_GANGPAN_PRINT,PRICE_TYPE.02,SIZ_000220,MAT_000156,3000,4000,54120,51000,3120,231,PRD_000066
COMP_GANGPAN_PRINT,PRICE_TYPE.02,SIZ_000220,MAT_000156,4000,5000,63737,61000,2737,215,PRD_000066
COMP_GANGPAN_PRINT,PRICE_TYPE.02,SIZ_000221,MAT_000155,1000,2000,43978,33000,10978,499,PRD_000066
COMP_GANGPAN_PRINT,PRICE_TYPE.02,SIZ_000221,MAT_000155,2000,3000,49484,44000,5483,333,PRD_000066
COMP_GANGPAN_PRINT,PRICE_TYPE.02,SIZ_000221,MAT_000155,3000,4000,58652,55000,3652,250,PRD_000066
COMP_GANGPAN_PRINT,PRICE_TYPE.02,SIZ_000221,MAT_000155,4000,5000,68736,66000,2736,199,PRD_000066
COMP_GANGPAN_PRINT,PRICE_TYPE.02,SIZ_000221,MAT_000156,1000,2000,43978,33000,10978,499,PRD_000066
COMP_GANGPAN_PRINT,PRICE_TYPE.02,SIZ_000221,MAT_000156,2000,3000,49484,44000,5483,333,PRD_000066
COMP_GANGPAN_PRINT,PRICE_TYPE.02,SIZ_000221,MAT_000156,3000,4000,58652,55000,3652,250,PRD_000066
COMP_GANGPAN_PRINT,PRICE_TYPE.02,SIZ_000221,MAT_000156,4000,5000,68736,66000,2736,199,PRD_000066
COMP_GANGPAN_PRINT,PRICE_TYPE.02,SIZ_000222,MAT_000155,1000,2000,47976,36000,11976,499,PRD_000066
COMP_GANGPAN_PRINT,PRICE_TYPE.02,SIZ_000222,MAT_000155,2000,3000,53982,48000,5982,333,PRD_000066
COMP_GANGPAN_PRINT,PRICE_TYPE.02,SIZ_000222,MAT_000155,3000,4000,63984,60000,3984,249,PRD_000066
COMP_GANGPAN_PRINT,PRICE_TYPE.02,SIZ_000222,MAT_000155,4000,5000,74985,72000,2985,199,PRD_000066
COMP_GANGPAN_PRINT,PRICE_TYPE.02,SIZ_000222,MAT_000156,1000,2000,47976,36000,11976,499,PRD_000066
COMP_GANGPAN_PRINT,PRICE_TYPE.02,SIZ_000222,MAT_000156,2000,3000,53982,48000,5982,333,PRD_000066
COMP_GANGPAN_PRINT,PRICE_TYPE.02,SIZ_000222,MAT_000156,3000,4000,63984,60000,3984,249,PRD_000066
COMP_GANGPAN_PRINT,PRICE_TYPE.02,SIZ_000222,MAT_000156,4000,5000,74985,72000,2985,199,PRD_000066
COMP_GANGPAN_PRINT,PRICE_TYPE.02,SIZ_000223,MAT_000155,2000,3000,104965,95000,9965,285,PRD_000066
COMP_GANGPAN_PRINT,PRICE_TYPE.02,SIZ_000223,MAT_000155,3000,4000,126635,120000,6635,210,PRD_000066
COMP_GANGPAN_PRINT,PRICE_TYPE.02,SIZ_000223,MAT_000156,2000,3000,104965,95000,9965,285,PRD_000066
COMP_GANGPAN_PRINT,PRICE_TYPE.02,SIZ_000223,MAT_000156,3000,4000,126635,120000,6635,210,PRD_000066
COMP_GANGPAN_PRINT,PRICE_TYPE.02,SIZ_000224,MAT_000155,1000,2000,35982,27000,8982,499,PRD_000066
COMP_GANGPAN_PRINT,PRICE_TYPE.02,SIZ_000224,MAT_000155,2000,3000,40486,36000,4486,333,PRD_000066
COMP_GANGPAN_PRINT,PRICE_TYPE.02,SIZ_000224,MAT_000155,3000,4000,47988,45000,2988,249,PRD_000066
COMP_GANGPAN_PRINT,PRICE_TYPE.02,SIZ_000224,MAT_000155,4000,5000,56239,54000,2239,199,PRD_000066
COMP_GANGPAN_PRINT,PRICE_TYPE.02,SIZ_000224,MAT_000156,1000,2000,35982,27000,8982,499,PRD_000066
COMP_GANGPAN_PRINT,PRICE_TYPE.02,SIZ_000224,MAT_000156,2000,3000,40486,36000,4486,333,PRD_000066
COMP_GANGPAN_PRINT,PRICE_TYPE.02,SIZ_000224,MAT_000156,3000,4000,47988,45000,2988,249,PRD_000066
COMP_GANGPAN_PRINT,PRICE_TYPE.02,SIZ_000224,MAT_000156,4000,5000,56239,54000,2239,199,PRD_000066
COMP_GANGPAN_PRINT,PRICE_TYPE.02,SIZ_000226,MAT_000155,1000,2000,43978,33000,10978,499,PRD_000066
COMP_GANGPAN_PRINT,PRICE_TYPE.02,SIZ_000226,MAT_000155,2000,3000,49484,44000,5483,333,PRD_000066
COMP_GANGPAN_PRINT,PRICE_TYPE.02,SIZ_000226,MAT_000155,3000,4000,58652,55000,3652,250,PRD_000066
COMP_GANGPAN_PRINT,PRICE_TYPE.02,SIZ_000226,MAT_000155,4000,5000,68736,66000,2736,199,PRD_000066
COMP_GANGPAN_PRINT,PRICE_TYPE.02,SIZ_000226,MAT_000156,1000,2000,43978,33000,10978,499,PRD_000066
COMP_GANGPAN_PRINT,PRICE_TYPE.02,SIZ_000226,MAT_000156,2000,3000,49484,44000,5483,333,PRD_000066
COMP_GANGPAN_PRINT,PRICE_TYPE.02,SIZ_000226,MAT_000156,3000,4000,58652,55000,3652,250,PRD_000066
COMP_GANGPAN_PRINT,PRICE_TYPE.02,SIZ_000226,MAT_000156,4000,5000,68736,66000,2736,199,PRD_000066
COMP_GANGPAN_PRINT,PRICE_TYPE.02,SIZ_000228,MAT_000155,1000,2000,35982,27000,8982,499,PRD_000066
COMP_GANGPAN_PRINT,PRICE_TYPE.02,SIZ_000228,MAT_000155,2000,3000,40486,36000,4486,333,PRD_000066
COMP_GANGPAN_PRINT,PRICE_TYPE.02,SIZ_000228,MAT_000155,3000,4000,47988,45000,2988,249,PRD_000066
COMP_GANGPAN_PRINT,PRICE_TYPE.02,SIZ_000228,MAT_000155,4000,5000,56239,54000,2239,199,PRD_000066
COMP_GANGPAN_PRINT,PRICE_TYPE.02,SIZ_000228,MAT_000156,1000,2000,35982,27000,8982,499,PRD_000066
COMP_GANGPAN_PRINT,PRICE_TYPE.02,SIZ_000228,MAT_000156,2000,3000,40486,36000,4486,333,PRD_000066
COMP_GANGPAN_PRINT,PRICE_TYPE.02,SIZ_000228,MAT_000156,3000,4000,47988,45000,2988,249,PRD_000066
COMP_GANGPAN_PRINT,PRICE_TYPE.02,SIZ_000228,MAT_000156,4000,5000,56239,54000,2239,199,PRD_000066
COMP_GANGPAN_PRINT,PRICE_TYPE.02,SIZ_000230,MAT_000155,1000,2000,39980,30000,9980,499,PRD_000066
COMP_GANGPAN_PRINT,PRICE_TYPE.02,SIZ_000230,MAT_000155,2000,3000,44985,40000,4985,333,PRD_000066
COMP_GANGPAN_PRINT,PRICE_TYPE.02,SIZ_000230,MAT_000155,3000,4000,53320,50000,3320,249,PRD_000066
COMP_GANGPAN_PRINT,PRICE_TYPE.02,SIZ_000230,MAT_000155,4000,5000,62488,60000,2488,199,PRD_000066
COMP_GANGPAN_PRINT,PRICE_TYPE.02,SIZ_000230,MAT_000156,1000,2000,39980,30000,9980,499,PRD_000066
COMP_GANGPAN_PRINT,PRICE_TYPE.02,SIZ_000230,MAT_000156,2000,3000,44985,40000,4985,333,PRD_000066
COMP_GANGPAN_PRINT,PRICE_TYPE.02,SIZ_000230,MAT_000156,3000,4000,53320,50000,3320,249,PRD_000066
COMP_GANGPAN_PRINT,PRICE_TYPE.02,SIZ_000230,MAT_000156,4000,5000,62488,60000,2488,199,PRD_000066
COMP_GANGPAN_PRINT,PRICE_TYPE.02,SIZ_000232,MAT_000155,1000,2000,43978,33000,10978,499,PRD_000066
COMP_GANGPAN_PRINT,PRICE_TYPE.02,SIZ_000232,MAT_000155,2000,3000,49484,44000,5483,333,PRD_000066
COMP_GANGPAN_PRINT,PRICE_TYPE.02,SIZ_000232,MAT_000155,3000,4000,58652,55000,3652,250,PRD_000066
COMP_GANGPAN_PRINT,PRICE_TYPE.02,SIZ_000232,MAT_000155,4000,5000,68736,66000,2736,199,PRD_000066
COMP_GANGPAN_PRINT,PRICE_TYPE.02,SIZ_000232,MAT_000156,1000,2000,43978,33000,10978,499,PRD_000066
COMP_GANGPAN_PRINT,PRICE_TYPE.02,SIZ_000232,MAT_000156,2000,3000,49484,44000,5483,333,PRD_000066
COMP_GANGPAN_PRINT,PRICE_TYPE.02,SIZ_000232,MAT_000156,3000,4000,58652,55000,3652,250,PRD_000066
COMP_GANGPAN_PRINT,PRICE_TYPE.02,SIZ_000232,MAT_000156,4000,5000,68736,66000,2736,199,PRD_000066
COMP_GANGPAN_PRINT,PRICE_TYPE.02,SIZ_000234,MAT_000155,1000,2000,35982,27000,8982,499,PRD_000066
COMP_GANGPAN_PRINT,PRICE_TYPE.02,SIZ_000234,MAT_000155,2000,3000,40486,36000,4486,333,PRD_000066
COMP_GANGPAN_PRINT,PRICE_TYPE.02,SIZ_000234,MAT_000155,3000,4000,47988,45000,2988,249,PRD_000066
COMP_GANGPAN_PRINT,PRICE_TYPE.02,SIZ_000234,MAT_000155,4000,5000,56239,54000,2239,199,PRD_000066
COMP_GANGPAN_PRINT,PRICE_TYPE.02,SIZ_000234,MAT_000156,1000,2000,35982,27000,8982,499,PRD_000066
COMP_GANGPAN_PRINT,PRICE_TYPE.02,SIZ_000234,MAT_000156,2000,3000,40486,36000,4486,333,PRD_000066
COMP_GANGPAN_PRINT,PRICE_TYPE.02,SIZ_000234,MAT_000156,3000,4000,47988,45000,2988,249,PRD_000066
COMP_GANGPAN_PRINT,PRICE_TYPE.02,SIZ_000234,MAT_000156,4000,5000,56239,54000,2239,199,PRD_000066
COMP_GANGPAN_PRINT,PRICE_TYPE.02,SIZ_000236,MAT_000155,1000,2000,40580,30500,10080,497,PRD_000066
COMP_GANGPAN_PRINT,PRICE_TYPE.02,SIZ_000236,MAT_000155,2000,3000,45735,40600,5135,337,PRD_000066
COMP_GANGPAN_PRINT,PRICE_TYPE.02,SIZ_000236,MAT_000155,3000,4000,54120,51000,3120,231,PRD_000066
COMP_GANGPAN_PRINT,PRICE_TYPE.02,SIZ_000236,MAT_000155,4000,5000,63737,61000,2737,215,PRD_000066
COMP_GANGPAN_PRINT,PRICE_TYPE.02,SIZ_000236,MAT_000156,1000,2000,40580,30500,10080,497,PRD_000066
COMP_GANGPAN_PRINT,PRICE_TYPE.02,SIZ_000236,MAT_000156,2000,3000,45735,40600,5135,337,PRD_000066
COMP_GANGPAN_PRINT,PRICE_TYPE.02,SIZ_000236,MAT_000156,3000,4000,54120,51000,3120,231,PRD_000066
COMP_GANGPAN_PRINT,PRICE_TYPE.02,SIZ_000236,MAT_000156,4000,5000,63737,61000,2737,215,PRD_000066
COMP_GANGPAN_PRINT,PRICE_TYPE.02,SIZ_000238,MAT_000155,1000,2000,43978,33000,10978,499,PRD_000066
COMP_GANGPAN_PRINT,PRICE_TYPE.02,SIZ_000238,MAT_000155,2000,3000,49484,44000,5483,333,PRD_000066
COMP_GANGPAN_PRINT,PRICE_TYPE.02,SIZ_000238,MAT_000155,3000,4000,58652,55000,3652,250,PRD_000066
COMP_GANGPAN_PRINT,PRICE_TYPE.02,SIZ_000238,MAT_000155,4000,5000,68736,66000,2736,199,PRD_000066
COMP_GANGPAN_PRINT,PRICE_TYPE.02,SIZ_000238,MAT_000156,1000,2000,43978,33000,10978,499,PRD_000066
COMP_GANGPAN_PRINT,PRICE_TYPE.02,SIZ_000238,MAT_000156,2000,3000,49484,44000,5483,333,PRD_000066
COMP_GANGPAN_PRINT,PRICE_TYPE.02,SIZ_000238,MAT_000156,3000,4000,58652,55000,3652,250,PRD_000066
COMP_GANGPAN_PRINT,PRICE_TYPE.02,SIZ_000238,MAT_000156,4000,5000,68736,66000,2736,199,PRD_000066
COMP_GANGPAN_PRINT,PRICE_TYPE.02,SIZ_000240,MAT_000155,1000,2000,43978,33000,10978,499,PRD_000066
COMP_GANGPAN_PRINT,PRICE_TYPE.02,SIZ_000240,MAT_000155,2000,3000,49484,44000,5483,333,PRD_000066
COMP_GANGPAN_PRINT,PRICE_TYPE.02,SIZ_000240,MAT_000155,3000,4000,58652,55000,3652,250,PRD_000066
COMP_GANGPAN_PRINT,PRICE_TYPE.02,SIZ_000240,MAT_000155,4000,5000,68736,66000,2736,199,PRD_000066
COMP_GANGPAN_PRINT,PRICE_TYPE.02,SIZ_000240,MAT_000156,1000,2000,43978,33000,10978,499,PRD_000066
COMP_GANGPAN_PRINT,PRICE_TYPE.02,SIZ_000240,MAT_000156,2000,3000,49484,44000,5483,333,PRD_000066
COMP_GANGPAN_PRINT,PRICE_TYPE.02,SIZ_000240,MAT_000156,3000,4000,58652,55000,3652,250,PRD_000066
COMP_GANGPAN_PRINT,PRICE_TYPE.02,SIZ_000240,MAT_000156,4000,5000,68736,66000,2736,199,PRD_000066
COMP_GANGPAN_PRINT,PRICE_TYPE.02,SIZ_000244,MAT_000155,3000,4000,95976,95000,976,41,PRD_000066
COMP_GANGPAN_PRINT,PRICE_TYPE.02,SIZ_000244,MAT_000156,3000,4000,95976,95000,976,41,PRD_000066
COMP_GANGPAN_PRINT,PRICE_TYPE.02,SIZ_000245,MAT_000155,2000,3000,80973,76000,4973,185,PRD_000066
COMP_GANGPAN_PRINT,PRICE_TYPE.02,SIZ_000245,MAT_000155,3000,4000,101308,100000,1308,52,PRD_000066
COMP_GANGPAN_PRINT,PRICE_TYPE.02,SIZ_000245,MAT_000156,2000,3000,80973,76000,4973,185,PRD_000066
COMP_GANGPAN_PRINT,PRICE_TYPE.02,SIZ_000245,MAT_000156,3000,4000,101308,100000,1308,52,PRD_000066
COMP_GANGPAN_PRINT,PRICE_TYPE.02,SIZ_000247,MAT_000155,2000,3000,88470,84000,4470,152,PRD_000066
COMP_GANGPAN_PRINT,PRICE_TYPE.02,SIZ_000247,MAT_000155,3000,4000,111972,110000,1972,71,PRD_000066
COMP_GANGPAN_PRINT,PRICE_TYPE.02,SIZ_000247,MAT_000155,4000,5000,137472,135000,2472,90,PRD_000066
COMP_GANGPAN_PRINT,PRICE_TYPE.02,SIZ_000247,MAT_000156,2000,3000,88470,84000,4470,152,PRD_000066
COMP_GANGPAN_PRINT,PRICE_TYPE.02,SIZ_000247,MAT_000156,3000,4000,111972,110000,1972,71,PRD_000066
COMP_GANGPAN_PRINT,PRICE_TYPE.02,SIZ_000247,MAT_000156,4000,5000,137472,135000,2472,90,PRD_000066
COMP_GANGPAN_PRINT,PRICE_TYPE.02,SIZ_000249,MAT_000155,2000,3000,95968,90000,5968,187,PRD_000066
COMP_GANGPAN_PRINT,PRICE_TYPE.02,SIZ_000249,MAT_000155,3000,4000,119970,115000,4970,166,PRD_000066
COMP_GANGPAN_PRINT,PRICE_TYPE.02,SIZ_000249,MAT_000155,4000,5000,143721,140000,3721,130,PRD_000066
COMP_GANGPAN_PRINT,PRICE_TYPE.02,SIZ_000249,MAT_000156,2000,3000,95968,90000,5968,187,PRD_000066
COMP_GANGPAN_PRINT,PRICE_TYPE.02,SIZ_000249,MAT_000156,3000,4000,119970,115000,4970,166,PRD_000066
COMP_GANGPAN_PRINT,PRICE_TYPE.02,SIZ_000249,MAT_000156,4000,5000,143721,140000,3721,130,PRD_000066
COMP_GANGPAN_PRINT,PRICE_TYPE.02,SIZ_000422,MAT_000155,1000,2000,41179,30900,10279,499,PRD_000066
COMP_GANGPAN_PRINT,PRICE_TYPE.02,SIZ_000422,MAT_000155,2000,3000,46335,41500,4835,313,PRD_000066
COMP_GANGPAN_PRINT,PRICE_TYPE.02,SIZ_000422,MAT_000155,3000,4000,55319,51500,3819,277,PRD_000066
COMP_GANGPAN_PRINT,PRICE_TYPE.02,SIZ_000422,MAT_000155,4000,5000,64362,62000,2362,184,PRD_000066
COMP_GANGPAN_PRINT,PRICE_TYPE.02,SIZ_000422,MAT_000156,1000,2000,41179,30900,10279,499,PRD_000066
COMP_GANGPAN_PRINT,PRICE_TYPE.02,SIZ_000422,MAT_000156,2000,3000,46335,41500,4835,313,PRD_000066
COMP_GANGPAN_PRINT,PRICE_TYPE.02,SIZ_000422,MAT_000156,3000,4000,55319,51500,3819,277,PRD_000066
COMP_GANGPAN_PRINT,PRICE_TYPE.02,SIZ_000422,MAT_000156,4000,5000,64362,62000,2362,184,PRD_000066
COMP_GANGPAN_PRINT,PRICE_TYPE.02,SIZ_000501,MAT_000155,1000,2000,39980,30000,9980,499,PRD_000066
COMP_GANGPAN_PRINT,PRICE_TYPE.02,SIZ_000501,MAT_000155,2000,3000,44985,40000,4985,333,PRD_000066
COMP_GANGPAN_PRINT,PRICE_TYPE.02,SIZ_000501,MAT_000155,3000,4000,53320,50000,3320,249,PRD_000066
COMP_GANGPAN_PRINT,PRICE_TYPE.02,SIZ_000501,MAT_000155,4000,5000,62488,60000,2488,199,PRD_000066
COMP_GANGPAN_PRINT,PRICE_TYPE.02,SIZ_000501,MAT_000156,1000,2000,39980,30000,9980,499,PRD_000066
COMP_GANGPAN_PRINT,PRICE_TYPE.02,SIZ_000501,MAT_000156,2000,3000,44985,40000,4985,333,PRD_000066
COMP_GANGPAN_PRINT,PRICE_TYPE.02,SIZ_000501,MAT_000156,3000,4000,53320,50000,3320,249,PRD_000066
COMP_GANGPAN_PRINT,PRICE_TYPE.02,SIZ_000501,MAT_000156,4000,5000,62488,60000,2488,199,PRD_000066
COMP_GANGPAN_PRINT,PRICE_TYPE.02,SIZ_000502,MAT_000155,1000,2000,41179,30900,10279,499,PRD_000066
COMP_GANGPAN_PRINT,PRICE_TYPE.02,SIZ_000502,MAT_000155,2000,3000,46335,41500,4835,313,PRD_000066
COMP_GANGPAN_PRINT,PRICE_TYPE.02,SIZ_000502,MAT_000155,3000,4000,55319,51500,3819,277,PRD_000066
COMP_GANGPAN_PRINT,PRICE_TYPE.02,SIZ_000502,MAT_000155,4000,5000,64362,62000,2362,184,PRD_000066
COMP_GANGPAN_PRINT,PRICE_TYPE.02,SIZ_000502,MAT_000156,1000,2000,41179,30900,10279,499,PRD_000066
COMP_GANGPAN_PRINT,PRICE_TYPE.02,SIZ_000502,MAT_000156,2000,3000,46335,41500,4835,313,PRD_000066
COMP_GANGPAN_PRINT,PRICE_TYPE.02,SIZ_000502,MAT_000156,3000,4000,55319,51500,3819,277,PRD_000066
COMP_GANGPAN_PRINT,PRICE_TYPE.02,SIZ_000502,MAT_000156,4000,5000,64362,62000,2362,184,PRD_000066
COMP_GANGPAN_PRINT,PRICE_TYPE.02,SIZ_000503,MAT_000155,1000,2000,42978,32500,10478,488,PRD_000066
COMP_GANGPAN_PRINT,PRICE_TYPE.02,SIZ_000503,MAT_000155,2000,3000,48734,46500,2234,138,PRD_000066
COMP_GANGPAN_PRINT,PRICE_TYPE.02,SIZ_000503,MAT_000155,3000,4000,61984,60000,1984,129,PRD_000066
COMP_GANGPAN_PRINT,PRICE_TYPE.02,SIZ_000503,MAT_000155,4000,5000,74985,74000,985,66,PRD_000066
COMP_GANGPAN_PRINT,PRICE_TYPE.02,SIZ_000503,MAT_000156,1000,2000,42978,32500,10478,488,PRD_000066
COMP_GANGPAN_PRINT,PRICE_TYPE.02,SIZ_000503,MAT_000156,2000,3000,48734,46500,2234,138,PRD_000066
COMP_GANGPAN_PRINT,PRICE_TYPE.02,SIZ_000503,MAT_000156,3000,4000,61984,60000,1984,129,PRD_000066
COMP_GANGPAN_PRINT,PRICE_TYPE.02,SIZ_000503,MAT_000156,4000,5000,74985,74000,985,66,PRD_000066
COMP_GANGPAN_PRINT,PRICE_TYPE.02,SIZ_000504,MAT_000155,1000,2000,39980,30000,9980,499,PRD_000066
COMP_GANGPAN_PRINT,PRICE_TYPE.02,SIZ_000504,MAT_000155,2000,3000,44985,40000,4985,333,PRD_000066
COMP_GANGPAN_PRINT,PRICE_TYPE.02,SIZ_000504,MAT_000155,3000,4000,53320,50000,3320,249,PRD_000066
COMP_GANGPAN_PRINT,PRICE_TYPE.02,SIZ_000504,MAT_000155,4000,5000,62488,60000,2488,199,PRD_000066
COMP_GANGPAN_PRINT,PRICE_TYPE.02,SIZ_000504,MAT_000156,1000,2000,39980,30000,9980,499,PRD_000066
COMP_GANGPAN_PRINT,PRICE_TYPE.02,SIZ_000504,MAT_000156,2000,3000,44985,40000,4985,333,PRD_000066
COMP_GANGPAN_PRINT,PRICE_TYPE.02,SIZ_000504,MAT_000156,3000,4000,53320,50000,3320,249,PRD_000066
COMP_GANGPAN_PRINT,PRICE_TYPE.02,SIZ_000504,MAT_000156,4000,5000,62488,60000,2488,199,PRD_000066
COMP_GANGPAN_PRINT,PRICE_TYPE.02,SIZ_000505,MAT_000155,1000,2000,39980,30000,9980,499,PRD_000066
COMP_GANGPAN_PRINT,PRICE_TYPE.02,SIZ_000505,MAT_000155,2000,3000,44985,40000,4985,333,PRD_000066
COMP_GANGPAN_PRINT,PRICE_TYPE.02,SIZ_000505,MAT_000155,3000,4000,53320,50000,3320,249,PRD_000066
COMP_GANGPAN_PRINT,PRICE_TYPE.02,SIZ_000505,MAT_000155,4000,5000,62488,60000,2488,199,PRD_000066
COMP_GANGPAN_PRINT,PRICE_TYPE.02,SIZ_000505,MAT_000156,1000,2000,39980,30000,9980,499,PRD_000066
COMP_GANGPAN_PRINT,PRICE_TYPE.02,SIZ_000505,MAT_000156,2000,3000,44985,40000,4985,333,PRD_000066
COMP_GANGPAN_PRINT,PRICE_TYPE.02,SIZ_000505,MAT_000156,3000,4000,53320,50000,3320,249,PRD_000066
COMP_GANGPAN_PRINT,PRICE_TYPE.02,SIZ_000505,MAT_000156,4000,5000,62488,60000,2488,199,PRD_000066
COMP_GANGPAN_PRINT,PRICE_TYPE.02,SIZ_000506,MAT_000155,1000,2000,47976,36000,11976,499,PRD_000066
COMP_GANGPAN_PRINT,PRICE_TYPE.02,SIZ_000506,MAT_000155,2000,3000,53982,50000,3982,222,PRD_000066
COMP_GANGPAN_PRINT,PRICE_TYPE.02,SIZ_000506,MAT_000155,3000,4000,66650,64000,2650,160,PRD_000066
COMP_GANGPAN_PRINT,PRICE_TYPE.02,SIZ_000506,MAT_000155,4000,5000,79984,77000,2984,187,PRD_000066
COMP_GANGPAN_PRINT,PRICE_TYPE.02,SIZ_000506,MAT_000156,1000,2000,47976,36000,11976,499,PRD_000066
COMP_GANGPAN_PRINT,PRICE_TYPE.02,SIZ_000506,MAT_000156,2000,3000,53982,50000,3982,222,PRD_000066
COMP_GANGPAN_PRINT,PRICE_TYPE.02,SIZ_000506,MAT_000156,3000,4000,66650,64000,2650,160,PRD_000066
COMP_GANGPAN_PRINT,PRICE_TYPE.02,SIZ_000506,MAT_000156,4000,5000,79984,77000,2984,187,PRD_000066
COMP_GANGPAN_PRINT,PRICE_TYPE.02,SIZ_000507,MAT_000155,1000,2000,36982,28000,8982,486,PRD_000066
COMP_GANGPAN_PRINT,PRICE_TYPE.02,SIZ_000507,MAT_000155,2000,3000,41986,37000,4986,357,PRD_000066
COMP_GANGPAN_PRINT,PRICE_TYPE.02,SIZ_000507,MAT_000155,3000,4000,49321,46500,2821,229,PRD_000066
COMP_GANGPAN_PRINT,PRICE_TYPE.02,SIZ_000507,MAT_000155,4000,5000,58113,55500,2613,225,PRD_000066
COMP_GANGPAN_PRINT,PRICE_TYPE.02,SIZ_000507,MAT_000156,1000,2000,36982,28000,8982,486,PRD_000066
COMP_GANGPAN_PRINT,PRICE_TYPE.02,SIZ_000507,MAT_000156,2000,3000,41986,37000,4986,357,PRD_000066
COMP_GANGPAN_PRINT,PRICE_TYPE.02,SIZ_000507,MAT_000156,3000,4000,49321,46500,2821,229,PRD_000066
COMP_GANGPAN_PRINT,PRICE_TYPE.02,SIZ_000507,MAT_000156,4000,5000,58113,55500,2613,225,PRD_000066
COMP_GANGPAN_PRINT,PRICE_TYPE.02,SIZ_000508,MAT_000155,1000,2000,40580,30500,10080,497,PRD_000066
COMP_GANGPAN_PRINT,PRICE_TYPE.02,SIZ_000508,MAT_000155,2000,3000,45735,40600,5135,337,PRD_000066
COMP_GANGPAN_PRINT,PRICE_TYPE.02,SIZ_000508,MAT_000155,3000,4000,54120,51500,2620,194,PRD_000066
COMP_GANGPAN_PRINT,PRICE_TYPE.02,SIZ_000508,MAT_000155,4000,5000,64362,61000,3362,262,PRD_000066
COMP_GANGPAN_PRINT,PRICE_TYPE.02,SIZ_000508,MAT_000156,1000,2000,40580,30500,10080,497,PRD_000066
COMP_GANGPAN_PRINT,PRICE_TYPE.02,SIZ_000508,MAT_000156,2000,3000,45735,40600,5135,337,PRD_000066
COMP_GANGPAN_PRINT,PRICE_TYPE.02,SIZ_000508,MAT_000156,3000,4000,54120,51500,2620,194,PRD_000066
COMP_GANGPAN_PRINT,PRICE_TYPE.02,SIZ_000508,MAT_000156,4000,5000,64362,61000,3362,262,PRD_000066
COMP_GANGPAN_PRINT,PRICE_TYPE.02,SIZ_000509,MAT_000155,1000,2000,43978,33000,10978,499,PRD_000066
COMP_GANGPAN_PRINT,PRICE_TYPE.02,SIZ_000509,MAT_000155,2000,3000,49484,44000,5483,333,PRD_000066
COMP_GANGPAN_PRINT,PRICE_TYPE.02,SIZ_000509,MAT_000155,3000,4000,58652,55000,3652,250,PRD_000066
COMP_GANGPAN_PRINT,PRICE_TYPE.02,SIZ_000509,MAT_000155,4000,5000,68736,66000,2736,199,PRD_000066
COMP_GANGPAN_PRINT,PRICE_TYPE.02,SIZ_000509,MAT_000156,1000,2000,43978,33000,10978,499,PRD_000066
COMP_GANGPAN_PRINT,PRICE_TYPE.02,SIZ_000509,MAT_000156,2000,3000,49484,44000,5483,333,PRD_000066
COMP_GANGPAN_PRINT,PRICE_TYPE.02,SIZ_000509,MAT_000156,3000,4000,58652,55000,3652,250,PRD_000066
COMP_GANGPAN_PRINT,PRICE_TYPE.02,SIZ_000509,MAT_000156,4000,5000,68736,66000,2736,199,PRD_000066
COMP_GANGPAN_PRINT,PRICE_TYPE.02,SIZ_000510,MAT_000155,1000,2000,47976,36000,11976,499,PRD_000066
COMP_GANGPAN_PRINT,PRICE_TYPE.02,SIZ_000510,MAT_000155,2000,3000,53982,50000,3982,222,PRD_000066
COMP_GANGPAN_PRINT,PRICE_TYPE.02,SIZ_000510,MAT_000155,3000,4000,66650,64000,2650,160,PRD_000066
COMP_GANGPAN_PRINT,PRICE_TYPE.02,SIZ_000510,MAT_000155,4000,5000,79984,77000,2984,187,PRD_000066
COMP_GANGPAN_PRINT,PRICE_TYPE.02,SIZ_000510,MAT_000156,1000,2000,47976,36000,11976,499,PRD_000066
COMP_GANGPAN_PRINT,PRICE_TYPE.02,SIZ_000510,MAT_000156,2000,3000,53982,50000,3982,222,PRD_000066
COMP_GANGPAN_PRINT,PRICE_TYPE.02,SIZ_000510,MAT_000156,3000,4000,66650,64000,2650,160,PRD_000066
COMP_GANGPAN_PRINT,PRICE_TYPE.02,SIZ_000510,MAT_000156,4000,5000,79984,77000,2984,187,PRD_000066
COMP_GANGPAN_PRINT,PRICE_TYPE.02,SIZ_000212,MAT_000170,1000,2000,52174,39200,12974,498,PRD_000066
COMP_GANGPAN_PRINT,PRICE_TYPE.02,SIZ_000212,MAT_000170,2000,3000,58780,52200,6580,336,PRD_000066
COMP_GANGPAN_PRINT,PRICE_TYPE.02,SIZ_000212,MAT_000170,3000,4000,69583,65300,4283,247,PRD_000066
COMP_GANGPAN_PRINT,PRICE_TYPE.02,SIZ_000212,MAT_000170,4000,5000,81609,78300,3309,203,PRD_000066
COMP_GANGPAN_PRINT,PRICE_TYPE.02,SIZ_000212,MAT_000171,1000,2000,52174,39200,12974,498,PRD_000066
COMP_GANGPAN_PRINT,PRICE_TYPE.02,SIZ_000212,MAT_000171,2000,3000,58780,52200,6580,336,PRD_000066
COMP_GANGPAN_PRINT,PRICE_TYPE.02,SIZ_000212,MAT_000171,3000,4000,69583,65300,4283,247,PRD_000066
COMP_GANGPAN_PRINT,PRICE_TYPE.02,SIZ_000212,MAT_000171,4000,5000,81609,78300,3309,203,PRD_000066
COMP_GANGPAN_PRINT,PRICE_TYPE.02,SIZ_000213,MAT_000170,1000,2000,54373,41500,12873,474,PRD_000066
COMP_GANGPAN_PRINT,PRICE_TYPE.02,SIZ_000213,MAT_000170,2000,3000,62229,55600,6629,320,PRD_000066
COMP_GANGPAN_PRINT,PRICE_TYPE.02,SIZ_000213,MAT_000170,3000,4000,74115,69900,4215,228,PRD_000066
COMP_GANGPAN_PRINT,PRICE_TYPE.02,SIZ_000213,MAT_000170,4000,5000,87358,84100,3258,187,PRD_000066
COMP_GANGPAN_PRINT,PRICE_TYPE.02,SIZ_000213,MAT_000171,1000,2000,54373,41500,12873,474,PRD_000066
COMP_GANGPAN_PRINT,PRICE_TYPE.02,SIZ_000213,MAT_000171,2000,3000,62229,55600,6629,320,PRD_000066
COMP_GANGPAN_PRINT,PRICE_TYPE.02,SIZ_000213,MAT_000171,3000,4000,74115,69900,4215,228,PRD_000066
COMP_GANGPAN_PRINT,PRICE_TYPE.02,SIZ_000213,MAT_000171,4000,5000,87358,84100,3258,187,PRD_000066
COMP_GANGPAN_PRINT,PRICE_TYPE.02,SIZ_000214,MAT_000170,1000,2000,56972,46300,10672,375,PRD_000066
COMP_GANGPAN_PRINT,PRICE_TYPE.02,SIZ_000214,MAT_000170,2000,3000,69427,62700,6727,291,PRD_000066
COMP_GANGPAN_PRINT,PRICE_TYPE.02,SIZ_000214,MAT_000170,3000,4000,83579,79400,4179,200,PRD_000066
COMP_GANGPAN_PRINT,PRICE_TYPE.02,SIZ_000214,MAT_000170,4000,5000,99230,96000,3230,163,PRD_000066
COMP_GANGPAN_PRINT,PRICE_TYPE.02,SIZ_000214,MAT_000171,1000,2000,56972,46300,10672,375,PRD_000066
COMP_GANGPAN_PRINT,PRICE_TYPE.02,SIZ_000214,MAT_000171,2000,3000,69427,62700,6727,291,PRD_000066
COMP_GANGPAN_PRINT,PRICE_TYPE.02,SIZ_000214,MAT_000171,3000,4000,83579,79400,4179,200,PRD_000066
COMP_GANGPAN_PRINT,PRICE_TYPE.02,SIZ_000214,MAT_000171,4000,5000,99230,96000,3230,163,PRD_000066
COMP_GANGPAN_PRINT,PRICE_TYPE.02,SIZ_000215,MAT_000170,1000,2000,52174,39200,12974,498,PRD_000066
COMP_GANGPAN_PRINT,PRICE_TYPE.02,SIZ_000215,MAT_000170,2000,3000,58780,52200,6580,336,PRD_000066
COMP_GANGPAN_PRINT,PRICE_TYPE.02,SIZ_000215,MAT_000170,3000,4000,69583,65300,4283,247,PRD_000066
COMP_GANGPAN_PRINT,PRICE_TYPE.02,SIZ_000215,MAT_000170,4000,5000,81609,78300,3309,203,PRD_000066
COMP_GANGPAN_PRINT,PRICE_TYPE.02,SIZ_000215,MAT_000171,1000,2000,52174,39200,12974,498,PRD_000066
COMP_GANGPAN_PRINT,PRICE_TYPE.02,SIZ_000215,MAT_000171,2000,3000,58780,52200,6580,336,PRD_000066
COMP_GANGPAN_PRINT,PRICE_TYPE.02,SIZ_000215,MAT_000171,3000,4000,69583,65300,4283,247,PRD_000066
COMP_GANGPAN_PRINT,PRICE_TYPE.02,SIZ_000215,MAT_000171,4000,5000,81609,78300,3309,203,PRD_000066
COMP_GANGPAN_PRINT,PRICE_TYPE.02,SIZ_000216,MAT_000170,1000,2000,52174,39200,12974,498,PRD_000066
COMP_GANGPAN_PRINT,PRICE_TYPE.02,SIZ_000216,MAT_000170,2000,3000,58780,52200,6580,336,PRD_000066
COMP_GANGPAN_PRINT,PRICE_TYPE.02,SIZ_000216,MAT_000170,3000,4000,69583,65300,4283,247,PRD_000066
COMP_GANGPAN_PRINT,PRICE_TYPE.02,SIZ_000216,MAT_000170,4000,5000,81609,78300,3309,203,PRD_000066
COMP_GANGPAN_PRINT,PRICE_TYPE.02,SIZ_000216,MAT_000171,1000,2000,52174,39200,12974,498,PRD_000066
COMP_GANGPAN_PRINT,PRICE_TYPE.02,SIZ_000216,MAT_000171,2000,3000,58780,52200,6580,336,PRD_000066
COMP_GANGPAN_PRINT,PRICE_TYPE.02,SIZ_000216,MAT_000171,3000,4000,69583,65300,4283,247,PRD_000066
COMP_GANGPAN_PRINT,PRICE_TYPE.02,SIZ_000216,MAT_000171,4000,5000,81609,78300,3309,203,PRD_000066
COMP_GANGPAN_PRINT,PRICE_TYPE.02,SIZ_000217,MAT_000170,1000,2000,54373,41500,12873,474,PRD_000066
COMP_GANGPAN_PRINT,PRICE_TYPE.02,SIZ_000217,MAT_000170,2000,3000,62229,55600,6629,320,PRD_000066
COMP_GANGPAN_PRINT,PRICE_TYPE.02,SIZ_000217,MAT_000170,3000,4000,74115,69900,4215,228,PRD_000066
COMP_GANGPAN_PRINT,PRICE_TYPE.02,SIZ_000217,MAT_000170,4000,5000,87358,84100,3258,187,PRD_000066
COMP_GANGPAN_PRINT,PRICE_TYPE.02,SIZ_000217,MAT_000171,1000,2000,54373,41500,12873,474,PRD_000066
COMP_GANGPAN_PRINT,PRICE_TYPE.02,SIZ_000217,MAT_000171,2000,3000,62229,55600,6629,320,PRD_000066
COMP_GANGPAN_PRINT,PRICE_TYPE.02,SIZ_000217,MAT_000171,3000,4000,74115,69900,4215,228,PRD_000066
COMP_GANGPAN_PRINT,PRICE_TYPE.02,SIZ_000217,MAT_000171,4000,5000,87358,84100,3258,187,PRD_000066
COMP_GANGPAN_PRINT,PRICE_TYPE.02,SIZ_000218,MAT_000170,1000,2000,66567,54600,11967,360,PRD_000066
COMP_GANGPAN_PRINT,PRICE_TYPE.02,SIZ_000218,MAT_000170,2000,3000,81873,75700,6173,227,PRD_000066
COMP_GANGPAN_PRINT,PRICE_TYPE.02,SIZ_000218,MAT_000170,3000,4000,100908,97200,3708,147,PRD_000066
COMP_GANGPAN_PRINT,PRICE_TYPE.02,SIZ_000218,MAT_000170,4000,5000,121476,118500,2976,123,PRD_000066
COMP_GANGPAN_PRINT,PRICE_TYPE.02,SIZ_000218,MAT_000171,1000,2000,66567,54600,11967,360,PRD_000066
COMP_GANGPAN_PRINT,PRICE_TYPE.02,SIZ_000218,MAT_000171,2000,3000,81873,75700,6173,227,PRD_000066
COMP_GANGPAN_PRINT,PRICE_TYPE.02,SIZ_000218,MAT_000171,3000,4000,100908,97200,3708,147,PRD_000066
COMP_GANGPAN_PRINT,PRICE_TYPE.02,SIZ_000218,MAT_000171,4000,5000,121476,118500,2976,123,PRD_000066
COMP_GANGPAN_PRINT,PRICE_TYPE.02,SIZ_000219,MAT_000170,1000,2000,46976,35600,11376,485,PRD_000066
COMP_GANGPAN_PRINT,PRICE_TYPE.02,SIZ_000219,MAT_000170,2000,3000,53382,47300,6082,342,PRD_000066
COMP_GANGPAN_PRINT,PRICE_TYPE.02,SIZ_000219,MAT_000170,3000,4000,63051,59400,3651,232,PRD_000066
COMP_GANGPAN_PRINT,PRICE_TYPE.02,SIZ_000219,MAT_000170,4000,5000,74235,71100,3135,212,PRD_000066
COMP_GANGPAN_PRINT,PRICE_TYPE.02,SIZ_000219,MAT_000171,1000,2000,46976,35600,11376,485,PRD_000066
COMP_GANGPAN_PRINT,PRICE_TYPE.02,SIZ_000219,MAT_000171,2000,3000,53382,47300,6082,342,PRD_000066
COMP_GANGPAN_PRINT,PRICE_TYPE.02,SIZ_000219,MAT_000171,3000,4000,63051,59400,3651,232,PRD_000066
COMP_GANGPAN_PRINT,PRICE_TYPE.02,SIZ_000219,MAT_000171,4000,5000,74235,71100,3135,212,PRD_000066
COMP_GANGPAN_PRINT,PRICE_TYPE.02,SIZ_000220,MAT_000170,1000,2000,53373,39800,13573,509,PRD_000066
COMP_GANGPAN_PRINT,PRICE_TYPE.02,SIZ_000220,MAT_000170,2000,3000,59680,52800,6880,346,PRD_000066
COMP_GANGPAN_PRINT,PRICE_TYPE.02,SIZ_000220,MAT_000170,3000,4000,70382,65900,4482,255,PRD_000066
COMP_GANGPAN_PRINT,PRICE_TYPE.02,SIZ_000220,MAT_000170,4000,5000,82359,78900,3459,210,PRD_000066
COMP_GANGPAN_PRINT,PRICE_TYPE.02,SIZ_000220,MAT_000171,1000,2000,53373,39800,13573,509,PRD_000066
COMP_GANGPAN_PRINT,PRICE_TYPE.02,SIZ_000220,MAT_000171,2000,3000,59680,52800,6880,346,PRD_000066
COMP_GANGPAN_PRINT,PRICE_TYPE.02,SIZ_000220,MAT_000171,3000,4000,70382,65900,4482,255,PRD_000066
COMP_GANGPAN_PRINT,PRICE_TYPE.02,SIZ_000220,MAT_000171,4000,5000,82359,78900,3459,210,PRD_000066
COMP_GANGPAN_PRINT,PRICE_TYPE.02,SIZ_000221,MAT_000170,1000,2000,58970,46300,12670,430,PRD_000066
COMP_GANGPAN_PRINT,PRICE_TYPE.02,SIZ_000221,MAT_000170,2000,3000,69427,62700,6727,291,PRD_000066
COMP_GANGPAN_PRINT,PRICE_TYPE.02,SIZ_000221,MAT_000170,3000,4000,83579,79400,4179,200,PRD_000066
COMP_GANGPAN_PRINT,PRICE_TYPE.02,SIZ_000221,MAT_000170,4000,5000,99230,96000,3230,163,PRD_000066
COMP_GANGPAN_PRINT,PRICE_TYPE.02,SIZ_000221,MAT_000171,1000,2000,58970,46300,12670,430,PRD_000066
COMP_GANGPAN_PRINT,PRICE_TYPE.02,SIZ_000221,MAT_000171,2000,3000,69427,62700,6727,291,PRD_000066
COMP_GANGPAN_PRINT,PRICE_TYPE.02,SIZ_000221,MAT_000171,3000,4000,83579,79400,4179,200,PRD_000066
COMP_GANGPAN_PRINT,PRICE_TYPE.02,SIZ_000221,MAT_000171,4000,5000,99230,96000,3230,163,PRD_000066
COMP_GANGPAN_PRINT,PRICE_TYPE.02,SIZ_000222,MAT_000170,1000,2000,66567,54600,11967,360,PRD_000066
COMP_GANGPAN_PRINT,PRICE_TYPE.02,SIZ_000222,MAT_000170,2000,3000,81873,75700,6173,227,PRD_000066
COMP_GANGPAN_PRINT,PRICE_TYPE.02,SIZ_000222,MAT_000170,3000,4000,100908,97200,3708,147,PRD_000066
COMP_GANGPAN_PRINT,PRICE_TYPE.02,SIZ_000222,MAT_000170,4000,5000,121476,118500,2976,123,PRD_000066
COMP_GANGPAN_PRINT,PRICE_TYPE.02,SIZ_000222,MAT_000171,1000,2000,66567,54600,11967,360,PRD_000066
COMP_GANGPAN_PRINT,PRICE_TYPE.02,SIZ_000222,MAT_000171,2000,3000,81873,75700,6173,227,PRD_000066
COMP_GANGPAN_PRINT,PRICE_TYPE.02,SIZ_000222,MAT_000171,3000,4000,100908,97200,3708,147,PRD_000066
COMP_GANGPAN_PRINT,PRICE_TYPE.02,SIZ_000222,MAT_000171,4000,5000,121476,118500,2976,123,PRD_000066
COMP_GANGPAN_PRINT,PRICE_TYPE.02,SIZ_000223,MAT_000170,1000,2000,104348,80700,23648,454,PRD_000066
COMP_GANGPAN_PRINT,PRICE_TYPE.02,SIZ_000223,MAT_000170,2000,3000,121010,120800,210,6,PRD_000066
COMP_GANGPAN_PRINT,PRICE_TYPE.02,SIZ_000223,MAT_000170,3000,4000,161026,155300,5726,143,PRD_000066
COMP_GANGPAN_PRINT,PRICE_TYPE.02,SIZ_000223,MAT_000170,4000,5000,194086,189900,4186,108,PRD_000066
COMP_GANGPAN_PRINT,PRICE_TYPE.02,SIZ_000223,MAT_000171,1000,2000,104348,80700,23648,454,PRD_000066
COMP_GANGPAN_PRINT,PRICE_TYPE.02,SIZ_000223,MAT_000171,2000,3000,121010,120800,210,6,PRD_000066
COMP_GANGPAN_PRINT,PRICE_TYPE.02,SIZ_000223,MAT_000171,3000,4000,161026,155300,5726,143,PRD_000066
COMP_GANGPAN_PRINT,PRICE_TYPE.02,SIZ_000223,MAT_000171,4000,5000,194086,189900,4186,108,PRD_000066
COMP_GANGPAN_PRINT,PRICE_TYPE.02,SIZ_000224,MAT_000170,1000,2000,44978,34300,10678,475,PRD_000066
COMP_GANGPAN_PRINT,PRICE_TYPE.02,SIZ_000224,MAT_000170,2000,3000,51433,46300,5133,300,PRD_000066
COMP_GANGPAN_PRINT,PRICE_TYPE.02,SIZ_000224,MAT_000170,3000,4000,61718,58000,3718,241,PRD_000066
COMP_GANGPAN_PRINT,PRICE_TYPE.02,SIZ_000224,MAT_000170,4000,5000,72486,69900,2586,179,PRD_000066
COMP_GANGPAN_PRINT,PRICE_TYPE.02,SIZ_000224,MAT_000171,1000,2000,44978,34300,10678,475,PRD_000066
COMP_GANGPAN_PRINT,PRICE_TYPE.02,SIZ_000224,MAT_000171,2000,3000,51433,46300,5133,300,PRD_000066
COMP_GANGPAN_PRINT,PRICE_TYPE.02,SIZ_000224,MAT_000171,3000,4000,61718,58000,3718,241,PRD_000066
COMP_GANGPAN_PRINT,PRICE_TYPE.02,SIZ_000224,MAT_000171,4000,5000,72486,69900,2586,179,PRD_000066
COMP_GANGPAN_PRINT,PRICE_TYPE.02,SIZ_000226,MAT_000170,1000,2000,58970,46300,12670,430,PRD_000066
COMP_GANGPAN_PRINT,PRICE_TYPE.02,SIZ_000226,MAT_000170,2000,3000,69427,62700,6727,291,PRD_000066
COMP_GANGPAN_PRINT,PRICE_TYPE.02,SIZ_000226,MAT_000170,3000,4000,83579,79400,4179,200,PRD_000066
COMP_GANGPAN_PRINT,PRICE_TYPE.02,SIZ_000226,MAT_000170,4000,5000,99230,96000,3230,163,PRD_000066
COMP_GANGPAN_PRINT,PRICE_TYPE.02,SIZ_000226,MAT_000171,1000,2000,58970,46300,12670,430,PRD_000066
COMP_GANGPAN_PRINT,PRICE_TYPE.02,SIZ_000226,MAT_000171,2000,3000,69427,62700,6727,291,PRD_000066
COMP_GANGPAN_PRINT,PRICE_TYPE.02,SIZ_000226,MAT_000171,3000,4000,83579,79400,4179,200,PRD_000066
COMP_GANGPAN_PRINT,PRICE_TYPE.02,SIZ_000226,MAT_000171,4000,5000,99230,96000,3230,163,PRD_000066
COMP_GANGPAN_PRINT,PRICE_TYPE.02,SIZ_000228,MAT_000170,1000,2000,44978,34300,10678,475,PRD_000066
COMP_GANGPAN_PRINT,PRICE_TYPE.02,SIZ_000228,MAT_000170,2000,3000,51433,46300,5133,300,PRD_000066
COMP_GANGPAN_PRINT,PRICE_TYPE.02,SIZ_000228,MAT_000170,3000,4000,61718,58000,3718,241,PRD_000066
COMP_GANGPAN_PRINT,PRICE_TYPE.02,SIZ_000228,MAT_000170,4000,5000,72486,69900,2586,179,PRD_000066
COMP_GANGPAN_PRINT,PRICE_TYPE.02,SIZ_000228,MAT_000171,1000,2000,44978,34300,10678,475,PRD_000066
COMP_GANGPAN_PRINT,PRICE_TYPE.02,SIZ_000228,MAT_000171,2000,3000,51433,46300,5133,300,PRD_000066
COMP_GANGPAN_PRINT,PRICE_TYPE.02,SIZ_000228,MAT_000171,3000,4000,61718,58000,3718,241,PRD_000066
COMP_GANGPAN_PRINT,PRICE_TYPE.02,SIZ_000228,MAT_000171,4000,5000,72486,69900,2586,179,PRD_000066
COMP_GANGPAN_PRINT,PRICE_TYPE.02,SIZ_000230,MAT_000170,1000,2000,52174,39200,12974,498,PRD_000066
COMP_GANGPAN_PRINT,PRICE_TYPE.02,SIZ_000230,MAT_000170,2000,3000,58780,52200,6580,336,PRD_000066
COMP_GANGPAN_PRINT,PRICE_TYPE.02,SIZ_000230,MAT_000170,3000,4000,69583,65300,4283,247,PRD_000066
COMP_GANGPAN_PRINT,PRICE_TYPE.02,SIZ_000230,MAT_000170,4000,5000,81609,78300,3309,203,PRD_000066
COMP_GANGPAN_PRINT,PRICE_TYPE.02,SIZ_000230,MAT_000171,1000,2000,52174,39200,12974,498,PRD_000066
COMP_GANGPAN_PRINT,PRICE_TYPE.02,SIZ_000230,MAT_000171,2000,3000,58780,52200,6580,336,PRD_000066
COMP_GANGPAN_PRINT,PRICE_TYPE.02,SIZ_000230,MAT_000171,3000,4000,69583,65300,4283,247,PRD_000066
COMP_GANGPAN_PRINT,PRICE_TYPE.02,SIZ_000230,MAT_000171,4000,5000,81609,78300,3309,203,PRD_000066
COMP_GANGPAN_PRINT,PRICE_TYPE.02,SIZ_000232,MAT_000170,1000,2000,58970,46300,12670,430,PRD_000066
COMP_GANGPAN_PRINT,PRICE_TYPE.02,SIZ_000232,MAT_000170,2000,3000,69427,62700,6727,291,PRD_000066
COMP_GANGPAN_PRINT,PRICE_TYPE.02,SIZ_000232,MAT_000170,3000,4000,83579,79400,4179,200,PRD_000066
COMP_GANGPAN_PRINT,PRICE_TYPE.02,SIZ_000232,MAT_000170,4000,5000,99230,96000,3230,163,PRD_000066
COMP_GANGPAN_PRINT,PRICE_TYPE.02,SIZ_000232,MAT_000171,1000,2000,58970,46300,12670,430,PRD_000066
COMP_GANGPAN_PRINT,PRICE_TYPE.02,SIZ_000232,MAT_000171,2000,3000,69427,62700,6727,291,PRD_000066
COMP_GANGPAN_PRINT,PRICE_TYPE.02,SIZ_000232,MAT_000171,3000,4000,83579,79400,4179,200,PRD_000066
COMP_GANGPAN_PRINT,PRICE_TYPE.02,SIZ_000232,MAT_000171,4000,5000,99230,96000,3230,163,PRD_000066
COMP_GANGPAN_PRINT,PRICE_TYPE.02,SIZ_000234,MAT_000170,1000,2000,44978,34300,10678,475,PRD_000066
COMP_GANGPAN_PRINT,PRICE_TYPE.02,SIZ_000234,MAT_000170,2000,3000,51433,46300,5133,300,PRD_000066
COMP_GANGPAN_PRINT,PRICE_TYPE.02,SIZ_000234,MAT_000170,3000,4000,61718,58000,3718,241,PRD_000066
COMP_GANGPAN_PRINT,PRICE_TYPE.02,SIZ_000234,MAT_000170,4000,5000,72486,69900,2586,179,PRD_000066
COMP_GANGPAN_PRINT,PRICE_TYPE.02,SIZ_000234,MAT_000171,1000,2000,44978,34300,10678,475,PRD_000066
COMP_GANGPAN_PRINT,PRICE_TYPE.02,SIZ_000234,MAT_000171,2000,3000,51433,46300,5133,300,PRD_000066
COMP_GANGPAN_PRINT,PRICE_TYPE.02,SIZ_000234,MAT_000171,3000,4000,61718,58000,3718,241,PRD_000066
COMP_GANGPAN_PRINT,PRICE_TYPE.02,SIZ_000234,MAT_000171,4000,5000,72486,69900,2586,179,PRD_000066
COMP_GANGPAN_PRINT,PRICE_TYPE.02,SIZ_000236,MAT_000170,1000,2000,53373,39800,13573,509,PRD_000066
COMP_GANGPAN_PRINT,PRICE_TYPE.02,SIZ_000236,MAT_000170,2000,3000,59680,52800,6880,346,PRD_000066
COMP_GANGPAN_PRINT,PRICE_TYPE.02,SIZ_000236,MAT_000170,3000,4000,70382,65900,4482,255,PRD_000066
COMP_GANGPAN_PRINT,PRICE_TYPE.02,SIZ_000236,MAT_000170,4000,5000,82359,78900,3459,210,PRD_000066
COMP_GANGPAN_PRINT,PRICE_TYPE.02,SIZ_000236,MAT_000171,1000,2000,53373,39800,13573,509,PRD_000066
COMP_GANGPAN_PRINT,PRICE_TYPE.02,SIZ_000236,MAT_000171,2000,3000,59680,52800,6880,346,PRD_000066
COMP_GANGPAN_PRINT,PRICE_TYPE.02,SIZ_000236,MAT_000171,3000,4000,70382,65900,4482,255,PRD_000066
COMP_GANGPAN_PRINT,PRICE_TYPE.02,SIZ_000236,MAT_000171,4000,5000,82359,78900,3459,210,PRD_000066
COMP_GANGPAN_PRINT,PRICE_TYPE.02,SIZ_000238,MAT_000170,1000,2000,58970,46300,12670,430,PRD_000066
COMP_GANGPAN_PRINT,PRICE_TYPE.02,SIZ_000238,MAT_000170,2000,3000,69427,62700,6727,291,PRD_000066
COMP_GANGPAN_PRINT,PRICE_TYPE.02,SIZ_000238,MAT_000170,3000,4000,83579,79400,4179,200,PRD_000066
COMP_GANGPAN_PRINT,PRICE_TYPE.02,SIZ_000238,MAT_000170,4000,5000,99230,96000,3230,163,PRD_000066
COMP_GANGPAN_PRINT,PRICE_TYPE.02,SIZ_000238,MAT_000171,1000,2000,58970,46300,12670,430,PRD_000066
COMP_GANGPAN_PRINT,PRICE_TYPE.02,SIZ_000238,MAT_000171,2000,3000,69427,62700,6727,291,PRD_000066
COMP_GANGPAN_PRINT,PRICE_TYPE.02,SIZ_000238,MAT_000171,3000,4000,83579,79400,4179,200,PRD_000066
COMP_GANGPAN_PRINT,PRICE_TYPE.02,SIZ_000238,MAT_000171,4000,5000,99230,96000,3230,163,PRD_000066
COMP_GANGPAN_PRINT,PRICE_TYPE.02,SIZ_000240,MAT_000170,1000,2000,58970,46300,12670,430,PRD_000066
COMP_GANGPAN_PRINT,PRICE_TYPE.02,SIZ_000240,MAT_000170,2000,3000,69427,62700,6727,291,PRD_000066
COMP_GANGPAN_PRINT,PRICE_TYPE.02,SIZ_000240,MAT_000170,3000,4000,83579,79400,4179,200,PRD_000066
COMP_GANGPAN_PRINT,PRICE_TYPE.02,SIZ_000240,MAT_000170,4000,5000,99230,96000,3230,163,PRD_000066
COMP_GANGPAN_PRINT,PRICE_TYPE.02,SIZ_000240,MAT_000171,1000,2000,58970,46300,12670,430,PRD_000066
COMP_GANGPAN_PRINT,PRICE_TYPE.02,SIZ_000240,MAT_000171,2000,3000,69427,62700,6727,291,PRD_000066
COMP_GANGPAN_PRINT,PRICE_TYPE.02,SIZ_000240,MAT_000171,3000,4000,83579,79400,4179,200,PRD_000066
COMP_GANGPAN_PRINT,PRICE_TYPE.02,SIZ_000240,MAT_000171,4000,5000,99230,96000,3230,163,PRD_000066
COMP_GANGPAN_PRINT,PRICE_TYPE.02,SIZ_000242,MAT_000170,1000,2000,56972,56900,72,3,PRD_000066
COMP_GANGPAN_PRINT,PRICE_TYPE.02,SIZ_000242,MAT_000170,3000,4000,113972,113900,72,3,PRD_000066
COMP_GANGPAN_PRINT,PRICE_TYPE.02,SIZ_000242,MAT_000170,4000,5000,142347,142300,47,2,PRD_000066
COMP_GANGPAN_PRINT,PRICE_TYPE.02,SIZ_000242,MAT_000171,1000,2000,56972,56900,72,3,PRD_000066
COMP_GANGPAN_PRINT,PRICE_TYPE.02,SIZ_000242,MAT_000171,3000,4000,113972,113900,72,3,PRD_000066
COMP_GANGPAN_PRINT,PRICE_TYPE.02,SIZ_000242,MAT_000171,4000,5000,142347,142300,47,2,PRD_000066
COMP_GANGPAN_PRINT,PRICE_TYPE.02,SIZ_000244,MAT_000170,1000,2000,66567,62700,3867,117,PRD_000066
COMP_GANGPAN_PRINT,PRICE_TYPE.02,SIZ_000244,MAT_000170,2000,3000,94019,92400,1619,52,PRD_000066
COMP_GANGPAN_PRINT,PRICE_TYPE.02,SIZ_000244,MAT_000170,3000,4000,123169,122100,1069,35,PRD_000066
COMP_GANGPAN_PRINT,PRICE_TYPE.02,SIZ_000244,MAT_000170,4000,5000,152594,151700,894,30,PRD_000066
COMP_GANGPAN_PRINT,PRICE_TYPE.02,SIZ_000244,MAT_000171,1000,2000,66567,62700,3867,117,PRD_000066
COMP_GANGPAN_PRINT,PRICE_TYPE.02,SIZ_000244,MAT_000171,2000,3000,94019,92400,1619,52,PRD_000066
COMP_GANGPAN_PRINT,PRICE_TYPE.02,SIZ_000244,MAT_000171,3000,4000,123169,122100,1069,35,PRD_000066
COMP_GANGPAN_PRINT,PRICE_TYPE.02,SIZ_000244,MAT_000171,4000,5000,152594,151700,894,30,PRD_000066
COMP_GANGPAN_PRINT,PRICE_TYPE.02,SIZ_000245,MAT_000170,1000,2000,75762,68600,7162,189,PRD_000066
COMP_GANGPAN_PRINT,PRICE_TYPE.02,SIZ_000245,MAT_000170,2000,3000,102866,99500,3366,99,PRD_000066
COMP_GANGPAN_PRINT,PRICE_TYPE.02,SIZ_000245,MAT_000170,3000,4000,132634,130500,2134,65,PRD_000066
COMP_GANGPAN_PRINT,PRICE_TYPE.02,SIZ_000245,MAT_000170,4000,5000,163092,161300,1792,55,PRD_000066
COMP_GANGPAN_PRINT,PRICE_TYPE.02,SIZ_000245,MAT_000171,1000,2000,75762,68600,7162,189,PRD_000066
COMP_GANGPAN_PRINT,PRICE_TYPE.02,SIZ_000245,MAT_000171,2000,3000,102866,99500,3366,99,PRD_000066
COMP_GANGPAN_PRINT,PRICE_TYPE.02,SIZ_000245,MAT_000171,3000,4000,132634,130500,2134,65,PRD_000066
COMP_GANGPAN_PRINT,PRICE_TYPE.02,SIZ_000245,MAT_000171,4000,5000,163092,161300,1792,55,PRD_000066
COMP_GANGPAN_PRINT,PRICE_TYPE.02,SIZ_000247,MAT_000170,1000,2000,84958,74700,10258,242,PRD_000066
COMP_GANGPAN_PRINT,PRICE_TYPE.02,SIZ_000247,MAT_000170,2000,3000,112013,106800,5213,140,PRD_000066
COMP_GANGPAN_PRINT,PRICE_TYPE.02,SIZ_000247,MAT_000170,3000,4000,142364,138700,3664,103,PRD_000066
COMP_GANGPAN_PRINT,PRICE_TYPE.02,SIZ_000247,MAT_000170,4000,5000,173340,170700,2640,77,PRD_000066
COMP_GANGPAN_PRINT,PRICE_TYPE.02,SIZ_000247,MAT_000171,1000,2000,84958,74700,10258,242,PRD_000066
COMP_GANGPAN_PRINT,PRICE_TYPE.02,SIZ_000247,MAT_000171,2000,3000,112013,106800,5213,140,PRD_000066
COMP_GANGPAN_PRINT,PRICE_TYPE.02,SIZ_000247,MAT_000171,3000,4000,142364,138700,3664,103,PRD_000066
COMP_GANGPAN_PRINT,PRICE_TYPE.02,SIZ_000247,MAT_000171,4000,5000,173340,170700,2640,77,PRD_000066
COMP_GANGPAN_PRINT,PRICE_TYPE.02,SIZ_000249,MAT_000170,1000,2000,94553,80700,13853,293,PRD_000066
COMP_GANGPAN_PRINT,PRICE_TYPE.02,SIZ_000249,MAT_000170,2000,3000,121010,113900,7110,177,PRD_000066
COMP_GANGPAN_PRINT,PRICE_TYPE.02,SIZ_000249,MAT_000170,3000,4000,151829,146900,4929,130,PRD_000066
COMP_GANGPAN_PRINT,PRICE_TYPE.02,SIZ_000249,MAT_000170,4000,5000,183588,180100,3488,95,PRD_000066
COMP_GANGPAN_PRINT,PRICE_TYPE.02,SIZ_000249,MAT_000171,1000,2000,94553,80700,13853,293,PRD_000066
COMP_GANGPAN_PRINT,PRICE_TYPE.02,SIZ_000249,MAT_000171,2000,3000,121010,113900,7110,177,PRD_000066
COMP_GANGPAN_PRINT,PRICE_TYPE.02,SIZ_000249,MAT_000171,3000,4000,151829,146900,4929,130,PRD_000066
COMP_GANGPAN_PRINT,PRICE_TYPE.02,SIZ_000249,MAT_000171,4000,5000,183588,180100,3488,95,PRD_000066
COMP_GANGPAN_PRINT,PRICE_TYPE.02,SIZ_000422,MAT_000170,1000,2000,54373,41500,12873,474,PRD_000066
COMP_GANGPAN_PRINT,PRICE_TYPE.02,SIZ_000422,MAT_000170,2000,3000,62229,55600,6629,320,PRD_000066
COMP_GANGPAN_PRINT,PRICE_TYPE.02,SIZ_000422,MAT_000170,3000,4000,74115,69900,4215,228,PRD_000066
COMP_GANGPAN_PRINT,PRICE_TYPE.02,SIZ_000422,MAT_000170,4000,5000,87358,84100,3258,187,PRD_000066
COMP_GANGPAN_PRINT,PRICE_TYPE.02,SIZ_000422,MAT_000171,1000,2000,54373,41500,12873,474,PRD_000066
COMP_GANGPAN_PRINT,PRICE_TYPE.02,SIZ_000422,MAT_000171,2000,3000,62229,55600,6629,320,PRD_000066
COMP_GANGPAN_PRINT,PRICE_TYPE.02,SIZ_000422,MAT_000171,3000,4000,74115,69900,4215,228,PRD_000066
COMP_GANGPAN_PRINT,PRICE_TYPE.02,SIZ_000422,MAT_000171,4000,5000,87358,84100,3258,187,PRD_000066
COMP_GANGPAN_PRINT,PRICE_TYPE.02,SIZ_000501,MAT_000170,1000,2000,52174,39200,12974,498,PRD_000066
COMP_GANGPAN_PRINT,PRICE_TYPE.02,SIZ_000501,MAT_000170,2000,3000,58780,52200,6580,336,PRD_000066
COMP_GANGPAN_PRINT,PRICE_TYPE.02,SIZ_000501,MAT_000170,3000,4000,69583,65300,4283,247,PRD_000066
COMP_GANGPAN_PRINT,PRICE_TYPE.02,SIZ_000501,MAT_000170,4000,5000,81609,78300,3309,203,PRD_000066
COMP_GANGPAN_PRINT,PRICE_TYPE.02,SIZ_000501,MAT_000171,1000,2000,52174,39200,12974,498,PRD_000066
COMP_GANGPAN_PRINT,PRICE_TYPE.02,SIZ_000501,MAT_000171,2000,3000,58780,52200,6580,336,PRD_000066
COMP_GANGPAN_PRINT,PRICE_TYPE.02,SIZ_000501,MAT_000171,3000,4000,69583,65300,4283,247,PRD_000066
COMP_GANGPAN_PRINT,PRICE_TYPE.02,SIZ_000501,MAT_000171,4000,5000,81609,78300,3309,203,PRD_000066
COMP_GANGPAN_PRINT,PRICE_TYPE.02,SIZ_000502,MAT_000170,1000,2000,54373,41500,12873,474,PRD_000066
COMP_GANGPAN_PRINT,PRICE_TYPE.02,SIZ_000502,MAT_000170,2000,3000,62229,55600,6629,320,PRD_000066
COMP_GANGPAN_PRINT,PRICE_TYPE.02,SIZ_000502,MAT_000170,3000,4000,74115,69900,4215,228,PRD_000066
COMP_GANGPAN_PRINT,PRICE_TYPE.02,SIZ_000502,MAT_000170,4000,5000,87358,84100,3258,187,PRD_000066
COMP_GANGPAN_PRINT,PRICE_TYPE.02,SIZ_000502,MAT_000171,1000,2000,54373,41500,12873,474,PRD_000066
COMP_GANGPAN_PRINT,PRICE_TYPE.02,SIZ_000502,MAT_000171,2000,3000,62229,55600,6629,320,PRD_000066
COMP_GANGPAN_PRINT,PRICE_TYPE.02,SIZ_000502,MAT_000171,3000,4000,74115,69900,4215,228,PRD_000066
COMP_GANGPAN_PRINT,PRICE_TYPE.02,SIZ_000502,MAT_000171,4000,5000,87358,84100,3258,187,PRD_000066
COMP_GANGPAN_PRINT,PRICE_TYPE.02,SIZ_000503,MAT_000170,1000,2000,56972,49600,7372,259,PRD_000066
COMP_GANGPAN_PRINT,PRICE_TYPE.02,SIZ_000503,MAT_000170,2000,3000,74375,71100,3275,133,PRD_000066
COMP_GANGPAN_PRINT,PRICE_TYPE.02,SIZ_000503,MAT_000170,3000,4000,94776,92400,2376,101,PRD_000066
COMP_GANGPAN_PRINT,PRICE_TYPE.02,SIZ_000503,MAT_000170,4000,5000,115477,113900,1577,69,PRD_000066
COMP_GANGPAN_PRINT,PRICE_TYPE.02,SIZ_000503,MAT_000171,1000,2000,56972,49600,7372,259,PRD_000066
COMP_GANGPAN_PRINT,PRICE_TYPE.02,SIZ_000503,MAT_000171,2000,3000,74375,71100,3275,133,PRD_000066
COMP_GANGPAN_PRINT,PRICE_TYPE.02,SIZ_000503,MAT_000171,3000,4000,94776,92400,2376,101,PRD_000066
COMP_GANGPAN_PRINT,PRICE_TYPE.02,SIZ_000503,MAT_000171,4000,5000,115477,113900,1577,69,PRD_000066
COMP_GANGPAN_PRINT,PRICE_TYPE.02,SIZ_000504,MAT_000170,1000,2000,52174,39200,12974,498,PRD_000066
COMP_GANGPAN_PRINT,PRICE_TYPE.02,SIZ_000504,MAT_000170,2000,3000,58780,52200,6580,336,PRD_000066
COMP_GANGPAN_PRINT,PRICE_TYPE.02,SIZ_000504,MAT_000170,3000,4000,69583,65300,4283,247,PRD_000066
COMP_GANGPAN_PRINT,PRICE_TYPE.02,SIZ_000504,MAT_000170,4000,5000,81609,78300,3309,203,PRD_000066
COMP_GANGPAN_PRINT,PRICE_TYPE.02,SIZ_000504,MAT_000171,1000,2000,52174,39200,12974,498,PRD_000066
COMP_GANGPAN_PRINT,PRICE_TYPE.02,SIZ_000504,MAT_000171,2000,3000,58780,52200,6580,336,PRD_000066
COMP_GANGPAN_PRINT,PRICE_TYPE.02,SIZ_000504,MAT_000171,3000,4000,69583,65300,4283,247,PRD_000066
COMP_GANGPAN_PRINT,PRICE_TYPE.02,SIZ_000504,MAT_000171,4000,5000,81609,78300,3309,203,PRD_000066
COMP_GANGPAN_PRINT,PRICE_TYPE.02,SIZ_000505,MAT_000170,1000,2000,52174,39200,12974,498,PRD_000066
COMP_GANGPAN_PRINT,PRICE_TYPE.02,SIZ_000505,MAT_000170,2000,3000,58780,52200,6580,336,PRD_000066
COMP_GANGPAN_PRINT,PRICE_TYPE.02,SIZ_000505,MAT_000170,3000,4000,69583,65300,4283,247,PRD_000066
COMP_GANGPAN_PRINT,PRICE_TYPE.02,SIZ_000505,MAT_000170,4000,5000,81609,78300,3309,203,PRD_000066
COMP_GANGPAN_PRINT,PRICE_TYPE.02,SIZ_000505,MAT_000171,1000,2000,52174,39200,12974,498,PRD_000066
COMP_GANGPAN_PRINT,PRICE_TYPE.02,SIZ_000505,MAT_000171,2000,3000,58780,52200,6580,336,PRD_000066
COMP_GANGPAN_PRINT,PRICE_TYPE.02,SIZ_000505,MAT_000171,3000,4000,69583,65300,4283,247,PRD_000066
COMP_GANGPAN_PRINT,PRICE_TYPE.02,SIZ_000505,MAT_000171,4000,5000,81609,78300,3309,203,PRD_000066
COMP_GANGPAN_PRINT,PRICE_TYPE.02,SIZ_000506,MAT_000170,1000,2000,66567,54600,11967,360,PRD_000066
COMP_GANGPAN_PRINT,PRICE_TYPE.02,SIZ_000506,MAT_000170,2000,3000,81873,75700,6173,227,PRD_000066
COMP_GANGPAN_PRINT,PRICE_TYPE.02,SIZ_000506,MAT_000170,3000,4000,100908,97200,3708,147,PRD_000066
COMP_GANGPAN_PRINT,PRICE_TYPE.02,SIZ_000506,MAT_000170,4000,5000,121476,118500,2976,123,PRD_000066
COMP_GANGPAN_PRINT,PRICE_TYPE.02,SIZ_000506,MAT_000171,1000,2000,66567,54600,11967,360,PRD_000066
COMP_GANGPAN_PRINT,PRICE_TYPE.02,SIZ_000506,MAT_000171,2000,3000,81873,75700,6173,227,PRD_000066
COMP_GANGPAN_PRINT,PRICE_TYPE.02,SIZ_000506,MAT_000171,3000,4000,100908,97200,3708,147,PRD_000066
COMP_GANGPAN_PRINT,PRICE_TYPE.02,SIZ_000506,MAT_000171,4000,5000,121476,118500,2976,123,PRD_000066
COMP_GANGPAN_PRINT,PRICE_TYPE.02,SIZ_000507,MAT_000170,1000,2000,46976,35600,11376,485,PRD_000066
COMP_GANGPAN_PRINT,PRICE_TYPE.02,SIZ_000507,MAT_000170,2000,3000,53382,47300,6082,342,PRD_000066
COMP_GANGPAN_PRINT,PRICE_TYPE.02,SIZ_000507,MAT_000170,3000,4000,63051,59400,3651,232,PRD_000066
COMP_GANGPAN_PRINT,PRICE_TYPE.02,SIZ_000507,MAT_000170,4000,5000,74235,71100,3135,212,PRD_000066
COMP_GANGPAN_PRINT,PRICE_TYPE.02,SIZ_000507,MAT_000171,1000,2000,46976,35600,11376,485,PRD_000066
COMP_GANGPAN_PRINT,PRICE_TYPE.02,SIZ_000507,MAT_000171,2000,3000,53382,47300,6082,342,PRD_000066
COMP_GANGPAN_PRINT,PRICE_TYPE.02,SIZ_000507,MAT_000171,3000,4000,63051,59400,3651,232,PRD_000066
COMP_GANGPAN_PRINT,PRICE_TYPE.02,SIZ_000507,MAT_000171,4000,5000,74235,71100,3135,212,PRD_000066
COMP_GANGPAN_PRINT,PRICE_TYPE.02,SIZ_000508,MAT_000170,1000,2000,53373,39800,13573,509,PRD_000066
COMP_GANGPAN_PRINT,PRICE_TYPE.02,SIZ_000508,MAT_000170,2000,3000,59680,52800,6880,346,PRD_000066
COMP_GANGPAN_PRINT,PRICE_TYPE.02,SIZ_000508,MAT_000170,3000,4000,70382,62900,7482,426,PRD_000066
COMP_GANGPAN_PRINT,PRICE_TYPE.02,SIZ_000508,MAT_000171,1000,2000,53373,39800,13573,509,PRD_000066
COMP_GANGPAN_PRINT,PRICE_TYPE.02,SIZ_000508,MAT_000171,2000,3000,59680,52800,6880,346,PRD_000066
COMP_GANGPAN_PRINT,PRICE_TYPE.02,SIZ_000508,MAT_000171,3000,4000,70382,62900,7482,426,PRD_000066
COMP_GANGPAN_PRINT,PRICE_TYPE.02,SIZ_000509,MAT_000170,1000,2000,58970,46300,12670,430,PRD_000066
COMP_GANGPAN_PRINT,PRICE_TYPE.02,SIZ_000509,MAT_000170,2000,3000,69427,62700,6727,291,PRD_000066
COMP_GANGPAN_PRINT,PRICE_TYPE.02,SIZ_000509,MAT_000170,3000,4000,83579,79400,4179,200,PRD_000066
COMP_GANGPAN_PRINT,PRICE_TYPE.02,SIZ_000509,MAT_000170,4000,5000,99230,96000,3230,163,PRD_000066
COMP_GANGPAN_PRINT,PRICE_TYPE.02,SIZ_000509,MAT_000171,1000,2000,58970,46300,12670,430,PRD_000066
COMP_GANGPAN_PRINT,PRICE_TYPE.02,SIZ_000509,MAT_000171,2000,3000,69427,62700,6727,291,PRD_000066
COMP_GANGPAN_PRINT,PRICE_TYPE.02,SIZ_000509,MAT_000171,3000,4000,83579,79400,4179,200,PRD_000066
COMP_GANGPAN_PRINT,PRICE_TYPE.02,SIZ_000509,MAT_000171,4000,5000,99230,96000,3230,163,PRD_000066
COMP_GANGPAN_PRINT,PRICE_TYPE.02,SIZ_000510,MAT_000170,1000,2000,66567,54600,11967,360,PRD_000066
COMP_GANGPAN_PRINT,PRICE_TYPE.02,SIZ_000510,MAT_000170,2000,3000,81873,75700,6173,227,PRD_000066
COMP_GANGPAN_PRINT,PRICE_TYPE.02,SIZ_000510,MAT_000170,3000,4000,100908,97200,3708,147,PRD_000066
COMP_GANGPAN_PRINT,PRICE_TYPE.02,SIZ_000510,MAT_000170,4000,5000,121476,118500,2976,123,PRD_000066
COMP_GANGPAN_PRINT,PRICE_TYPE.02,SIZ_000510,MAT_000171,1000,2000,66567,54600,11967,360,PRD_000066
COMP_GANGPAN_PRINT,PRICE_TYPE.02,SIZ_000510,MAT_000171,2000,3000,81873,75700,6173,227,PRD_000066
COMP_GANGPAN_PRINT,PRICE_TYPE.02,SIZ_000510,MAT_000171,3000,4000,100908,97200,3708,147,PRD_000066
COMP_GANGPAN_PRINT,PRICE_TYPE.02,SIZ_000510,MAT_000171,4000,5000,121476,118500,2976,123,PRD_000066
COMP_HC_MUSEON_COVERBIND,PRICE_TYPE.01,(전사이즈),(무차원),1,4,102300,89700,12600,1,PRD_000072;PRD_000077;PRD_000088
COMP_HC_MUSEON_COVERBIND,PRICE_TYPE.01,(전사이즈),(무차원),4,10,201825,159100,42725,2,PRD_000072;PRD_000077;PRD_000088
COMP_HC_MUSEON_COVERBIND,PRICE_TYPE.01,(전사이즈),(무차원),10,50,779590,508500,271090,18,PRD_000072;PRD_000077;PRD_000088
COMP_HC_MUSEON_COVERBIND,PRICE_TYPE.01,(전사이즈),(무차원),50,100,1006830,796900,209930,21,PRD_000072;PRD_000077;PRD_000088
COMP_HC_MUSEON_COVERBIND,PRICE_TYPE.01,(전사이즈),(무차원),100,1000,7961031,6368400,1592631,200,PRD_000072;PRD_000077;PRD_000088
COMP_NAMECARD_FOIL_S1_HOLO,PRICE_TYPE.02,(전사이즈),POPT_000001|OPV_000488,200,300,37076,33200,3876,32,PRD_000037
COMP_NAMECARD_FOIL_S1_HOLO,PRICE_TYPE.02,(전사이즈),POPT_000001|OPV_000488,300,400,44156,41600,2556,24,PRD_000037
COMP_NAMECARD_FOIL_S1_HOLO,PRICE_TYPE.02,(전사이즈),POPT_000001|OPV_000488,400,500,51896,50000,1896,19,PRD_000037
COMP_NAMECARD_FOIL_S1_HOLO,PRICE_TYPE.02,(전사이즈),POPT_000001|OPV_000488,500,600,59900,54400,5500,55,PRD_000037
COMP_NAMECARD_FOIL_S1_HOLO,PRICE_TYPE.02,(전사이즈),POPT_000001|OPV_000488,700,800,76247,75200,1047,11,PRD_000037
COMP_NAMECARD_FOIL_S1_HOLO,PRICE_TYPE.02,(전사이즈),POPT_000001|OPV_000488,800,900,84506,83600,906,10,PRD_000037
COMP_NAMECARD_FOIL_S1_HOLO,PRICE_TYPE.02,(전사이즈),POPT_000001|OPV_000488,900,1000,92796,92000,796,9,PRD_000037
COMP_NAMECARD_FOIL_S1_STD,PRICE_TYPE.02,(전사이즈),POPT_000001|OPV_000487,200,300,28704,24800,3904,41,PRD_000037
COMP_NAMECARD_FOIL_S1_STD,PRICE_TYPE.02,(전사이즈),POPT_000001|OPV_000487,300,400,32984,30400,2584,32,PRD_000037
COMP_NAMECARD_FOIL_S1_STD,PRICE_TYPE.02,(전사이즈),POPT_000001|OPV_000487,400,500,37924,36000,1924,26,PRD_000037
COMP_NAMECARD_FOIL_S1_STD,PRICE_TYPE.02,(전사이즈),POPT_000001|OPV_000487,500,600,43128,41600,1528,22,PRD_000037
COMP_NAMECARD_FOIL_S1_STD,PRICE_TYPE.02,(전사이즈),POPT_000001|OPV_000487,600,700,48464,47200,1264,19,PRD_000037
COMP_NAMECARD_FOIL_S1_STD,PRICE_TYPE.02,(전사이즈),POPT_000001|OPV_000487,700,800,53875,52800,1075,16,PRD_000037
COMP_NAMECARD_FOIL_S1_STD,PRICE_TYPE.02,(전사이즈),POPT_000001|OPV_000487,800,900,59334,58400,934,15,PRD_000037
COMP_NAMECARD_FOIL_S1_STD,PRICE_TYPE.02,(전사이즈),POPT_000001|OPV_000487,900,1000,64824,64000,824,13,PRD_000037
COMP_NAMECARD_FOIL_S2_HOLO,PRICE_TYPE.02,(전사이즈),POPT_000002|OPV_000488,200,300,37076,33200,3876,32,PRD_000037
COMP_NAMECARD_FOIL_S2_HOLO,PRICE_TYPE.02,(전사이즈),POPT_000002|OPV_000488,300,400,44156,41600,2556,24,PRD_000037
COMP_NAMECARD_FOIL_S2_HOLO,PRICE_TYPE.02,(전사이즈),POPT_000002|OPV_000488,400,500,51896,50000,1896,19,PRD_000037
COMP_NAMECARD_FOIL_S2_HOLO,PRICE_TYPE.02,(전사이즈),POPT_000002|OPV_000488,500,600,59900,54400,5500,55,PRD_000037
COMP_NAMECARD_FOIL_S2_HOLO,PRICE_TYPE.02,(전사이즈),POPT_000002|OPV_000488,700,800,76247,75200,1047,11,PRD_000037
COMP_NAMECARD_FOIL_S2_HOLO,PRICE_TYPE.02,(전사이즈),POPT_000002|OPV_000488,800,900,84506,83600,906,10,PRD_000037
COMP_NAMECARD_FOIL_S2_HOLO,PRICE_TYPE.02,(전사이즈),POPT_000002|OPV_000488,900,1000,92796,92000,796,9,PRD_000037
COMP_NAMECARD_FOIL_S2_STD,PRICE_TYPE.02,(전사이즈),POPT_000002|OPV_000487,200,300,28704,24800,3904,41,PRD_000037
COMP_NAMECARD_FOIL_S2_STD,PRICE_TYPE.02,(전사이즈),POPT_000002|OPV_000487,300,400,32984,30400,2584,32,PRD_000037
COMP_NAMECARD_FOIL_S2_STD,PRICE_TYPE.02,(전사이즈),POPT_000002|OPV_000487,400,500,37924,36000,1924,26,PRD_000037
COMP_NAMECARD_FOIL_S2_STD,PRICE_TYPE.02,(전사이즈),POPT_000002|OPV_000487,500,600,43128,41600,1528,22,PRD_000037
COMP_NAMECARD_FOIL_S2_STD,PRICE_TYPE.02,(전사이즈),POPT_000002|OPV_000487,600,700,48464,47200,1264,19,PRD_000037
COMP_NAMECARD_FOIL_S2_STD,PRICE_TYPE.02,(전사이즈),POPT_000002|OPV_000487,700,800,53875,52800,1075,16,PRD_000037
COMP_NAMECARD_FOIL_S2_STD,PRICE_TYPE.02,(전사이즈),POPT_000002|OPV_000487,800,900,59334,58400,934,15,PRD_000037
COMP_NAMECARD_FOIL_S2_STD,PRICE_TYPE.02,(전사이즈),POPT_000002|OPV_000487,900,1000,64824,64000,824,13,PRD_000037
COMP_PCB_S1_20P,PRICE_TYPE.01,SIZ_000003,POPT_000001|OPV_000491,4,6,45500,43800,1700,1,PRD_000094
COMP_PCB_S1_20P,PRICE_TYPE.01,SIZ_000003,POPT_000001|OPV_000491,10,20,131100,104000,27100,4,PRD_000094
COMP_PCB_S1_20P,PRICE_TYPE.01,SIZ_000003,POPT_000001|OPV_000491,30,40,196170,194800,1370,1,PRD_000094
COMP_PCB_S1_20P,PRICE_TYPE.01,SIZ_000003,POPT_000001|OPV_000491,40,50,238630,235000,3630,1,PRD_000094
COMP_PCB_S1_20P,PRICE_TYPE.01,SIZ_000003,POPT_000001|OPV_000491,100,120,535500,520800,14700,4,PRD_000094
COMP_PCB_S1_20P,PRICE_TYPE.01,SIZ_000003,POPT_000001|OPV_000491,120,140,603260,585200,18060,5,PRD_000094
COMP_PCB_S1_20P,PRICE_TYPE.01,SIZ_000003,POPT_000001|OPV_000491,140,160,664620,643200,21420,6,PRD_000094
COMP_PCB_S1_20P,PRICE_TYPE.01,SIZ_000003,POPT_000001|OPV_000491,160,180,719580,694800,24780,7,PRD_000094
COMP_PCB_S1_20P,PRICE_TYPE.01,SIZ_000003,POPT_000001|OPV_000491,180,200,768140,740000,28140,8,PRD_000094
COMP_PCB_S1_20P,PRICE_TYPE.01,SIZ_000003,POPT_000001|OPV_000491,200,250,921300,892500,28800,8,PRD_000094
COMP_PCB_S1_20P,PRICE_TYPE.01,SIZ_000003,POPT_000001|OPV_000491,250,300,1067430,1035000,32430,10,PRD_000094
COMP_PCB_S1_20P,PRICE_TYPE.01,SIZ_000003,POPT_000001|OPV_000491,300,350,1204050,1155000,49050,15,PRD_000094
COMP_PCB_S1_20P,PRICE_TYPE.01,SIZ_000003,POPT_000001|OPV_000491,350,400,1316700,1260000,56700,18,PRD_000094
COMP_PCB_S1_20P,PRICE_TYPE.01,SIZ_000003,POPT_000001|OPV_000491,400,450,1414350,1408500,5850,2,PRD_000094
COMP_PCB_S1_20P,PRICE_TYPE.01,SIZ_000003,POPT_000001|OPV_000491,450,500,1561870,1545000,16870,6,PRD_000094
COMP_PCB_S1_20P,PRICE_TYPE.01,SIZ_000003,POPT_000001|OPV_000491,500,550,1696410,1655500,40910,14,PRD_000094
COMP_PCB_S1_20P,PRICE_TYPE.01,SIZ_000003,POPT_000001|OPV_000491,550,600,1802990,1758000,44990,15,PRD_000094
COMP_PCB_S1_20P,PRICE_TYPE.01,SIZ_000003,POPT_000001|OPV_000491,600,650,1901570,1852500,49070,17,PRD_000094
COMP_PCB_S1_20P,PRICE_TYPE.01,SIZ_000003,POPT_000001|OPV_000491,650,700,1992150,1939000,53150,19,PRD_000094
COMP_PCB_S1_20P,PRICE_TYPE.01,SIZ_000003,POPT_000001|OPV_000491,700,750,2074730,2017500,57230,21,PRD_000094
COMP_PCB_S1_20P,PRICE_TYPE.01,SIZ_000003,POPT_000001|OPV_000491,750,800,2149310,2088000,61310,23,PRD_000094
COMP_PCB_S1_20P,PRICE_TYPE.01,SIZ_000003,POPT_000001|OPV_000491,800,850,2215890,2150500,65390,26,PRD_000094
COMP_PCB_S1_20P,PRICE_TYPE.01,SIZ_000003,POPT_000001|OPV_000491,850,900,2274470,2205000,69470,28,PRD_000094
COMP_PCB_S1_20P,PRICE_TYPE.01,SIZ_000003,POPT_000001|OPV_000491,900,950,2325050,2251500,73550,31,PRD_000094
COMP_PCB_S1_20P,PRICE_TYPE.01,SIZ_000003,POPT_000001|OPV_000491,950,1000,2367630,2290000,77630,33,PRD_000094
COMP_PCB_S1_20P,PRICE_TYPE.01,SIZ_000003,POPT_000001|OPV_000491,1000,1500,3432710,3405000,27710,13,PRD_000094
COMP_PCB_S1_20P,PRICE_TYPE.01,SIZ_000003,POPT_000001|OPV_000491,1500,2000,4537730,4500000,37730,17,PRD_000094
COMP_PCB_S1_20P,PRICE_TYPE.01,SIZ_000003,POPT_000001|OPV_000491,2000,2500,5622750,5575000,47750,22,PRD_000094
COMP_PCB_S1_20P,PRICE_TYPE.01,SIZ_000003,POPT_000001|OPV_000491,2500,3000,6687770,6600000,87770,40,PRD_000094
COMP_PCB_S1_20P,PRICE_TYPE.01,SIZ_000124,POPT_000001|OPV_000491,4,6,45500,43800,1700,1,PRD_000094
COMP_PCB_S1_20P,PRICE_TYPE.01,SIZ_000124,POPT_000001|OPV_000491,10,20,131100,104000,27100,4,PRD_000094
COMP_PCB_S1_20P,PRICE_TYPE.01,SIZ_000124,POPT_000001|OPV_000491,30,40,196170,194800,1370,1,PRD_000094
COMP_PCB_S1_20P,PRICE_TYPE.01,SIZ_000124,POPT_000001|OPV_000491,40,50,238630,235000,3630,1,PRD_000094
COMP_PCB_S1_20P,PRICE_TYPE.01,SIZ_000124,POPT_000001|OPV_000491,100,120,535500,520800,14700,4,PRD_000094
COMP_PCB_S1_20P,PRICE_TYPE.01,SIZ_000124,POPT_000001|OPV_000491,120,140,603260,585200,18060,5,PRD_000094
COMP_PCB_S1_20P,PRICE_TYPE.01,SIZ_000124,POPT_000001|OPV_000491,140,160,664620,643200,21420,6,PRD_000094
COMP_PCB_S1_20P,PRICE_TYPE.01,SIZ_000124,POPT_000001|OPV_000491,160,180,719580,694800,24780,7,PRD_000094
COMP_PCB_S1_20P,PRICE_TYPE.01,SIZ_000124,POPT_000001|OPV_000491,180,200,768140,740000,28140,8,PRD_000094
COMP_PCB_S1_20P,PRICE_TYPE.01,SIZ_000124,POPT_000001|OPV_000491,200,250,921300,892500,28800,8,PRD_000094
COMP_PCB_S1_20P,PRICE_TYPE.01,SIZ_000124,POPT_000001|OPV_000491,250,300,1067430,1035000,32430,10,PRD_000094
COMP_PCB_S1_20P,PRICE_TYPE.01,SIZ_000124,POPT_000001|OPV_000491,300,350,1204050,1155000,49050,15,PRD_000094
COMP_PCB_S1_20P,PRICE_TYPE.01,SIZ_000124,POPT_000001|OPV_000491,350,400,1316700,1260000,56700,18,PRD_000094
COMP_PCB_S1_20P,PRICE_TYPE.01,SIZ_000124,POPT_000001|OPV_000491,400,450,1414350,1408500,5850,2,PRD_000094
COMP_PCB_S1_20P,PRICE_TYPE.01,SIZ_000124,POPT_000001|OPV_000491,450,500,1561870,1545000,16870,6,PRD_000094
COMP_PCB_S1_20P,PRICE_TYPE.01,SIZ_000124,POPT_000001|OPV_000491,500,550,1696410,1655500,40910,14,PRD_000094
COMP_PCB_S1_20P,PRICE_TYPE.01,SIZ_000124,POPT_000001|OPV_000491,550,600,1802990,1758000,44990,15,PRD_000094
COMP_PCB_S1_20P,PRICE_TYPE.01,SIZ_000124,POPT_000001|OPV_000491,600,650,1901570,1852500,49070,17,PRD_000094
COMP_PCB_S1_20P,PRICE_TYPE.01,SIZ_000124,POPT_000001|OPV_000491,650,700,1992150,1939000,53150,19,PRD_000094
COMP_PCB_S1_20P,PRICE_TYPE.01,SIZ_000124,POPT_000001|OPV_000491,700,750,2074730,2017500,57230,21,PRD_000094
COMP_PCB_S1_20P,PRICE_TYPE.01,SIZ_000124,POPT_000001|OPV_000491,750,800,2149310,2088000,61310,23,PRD_000094
COMP_PCB_S1_20P,PRICE_TYPE.01,SIZ_000124,POPT_000001|OPV_000491,800,850,2215890,2150500,65390,26,PRD_000094
COMP_PCB_S1_20P,PRICE_TYPE.01,SIZ_000124,POPT_000001|OPV_000491,850,900,2274470,2205000,69470,28,PRD_000094
COMP_PCB_S1_20P,PRICE_TYPE.01,SIZ_000124,POPT_000001|OPV_000491,900,950,2325050,2251500,73550,31,PRD_000094
COMP_PCB_S1_20P,PRICE_TYPE.01,SIZ_000124,POPT_000001|OPV_000491,950,1000,2367630,2290000,77630,33,PRD_000094
COMP_PCB_S1_20P,PRICE_TYPE.01,SIZ_000124,POPT_000001|OPV_000491,1000,1500,3432710,3405000,27710,13,PRD_000094
COMP_PCB_S1_20P,PRICE_TYPE.01,SIZ_000124,POPT_000001|OPV_000491,1500,2000,4537730,4500000,37730,17,PRD_000094
COMP_PCB_S1_20P,PRICE_TYPE.01,SIZ_000124,POPT_000001|OPV_000491,2000,2500,5622750,5575000,47750,22,PRD_000094
COMP_PCB_S1_20P,PRICE_TYPE.01,SIZ_000124,POPT_000001|OPV_000491,2500,3000,6687770,6600000,87770,40,PRD_000094
COMP_PCB_S1_20P,PRICE_TYPE.01,SIZ_000004,POPT_000001|OPV_000491,4,6,49000,48000,1000,1,PRD_000094
COMP_PCB_S1_20P,PRICE_TYPE.01,SIZ_000004,POPT_000001|OPV_000491,10,20,144400,118000,26400,4,PRD_000094
COMP_PCB_S1_20P,PRICE_TYPE.01,SIZ_000004,POPT_000001|OPV_000491,30,40,224250,224000,250,1,PRD_000094
COMP_PCB_S1_20P,PRICE_TYPE.01,SIZ_000004,POPT_000001|OPV_000491,40,50,274400,272500,1900,1,PRD_000094
COMP_PCB_S1_20P,PRICE_TYPE.01,SIZ_000004,POPT_000001|OPV_000491,70,80,419490,419200,290,1,PRD_000094
COMP_PCB_S1_20P,PRICE_TYPE.01,SIZ_000004,POPT_000001|OPV_000491,80,90,466360,465300,1060,1,PRD_000094
COMP_PCB_S1_20P,PRICE_TYPE.01,SIZ_000004,POPT_000001|OPV_000491,90,100,511830,510000,1830,1,PRD_000094
COMP_PCB_S1_20P,PRICE_TYPE.01,SIZ_000004,POPT_000001|OPV_000491,100,120,606900,595200,11700,3,PRD_000094
COMP_PCB_S1_20P,PRICE_TYPE.01,SIZ_000004,POPT_000001|OPV_000491,120,140,689440,674800,14640,3,PRD_000094
COMP_PCB_S1_20P,PRICE_TYPE.01,SIZ_000004,POPT_000001|OPV_000491,140,160,766380,748800,17580,4,PRD_000094
COMP_PCB_S1_20P,PRICE_TYPE.01,SIZ_000004,POPT_000001|OPV_000491,160,180,837720,817200,20520,5,PRD_000094
COMP_PCB_S1_20P,PRICE_TYPE.01,SIZ_000004,POPT_000001|OPV_000491,180,200,903460,880000,23460,6,PRD_000094
COMP_PCB_S1_20P,PRICE_TYPE.01,SIZ_000004,POPT_000001|OPV_000491,200,250,1095600,1087500,8100,2,PRD_000094
COMP_PCB_S1_20P,PRICE_TYPE.01,SIZ_000004,POPT_000001|OPV_000491,250,300,1300650,1290000,10650,3,PRD_000094
COMP_PCB_S1_20P,PRICE_TYPE.01,SIZ_000004,POPT_000001|OPV_000491,300,350,1500700,1470000,30700,8,PRD_000094
COMP_PCB_S1_20P,PRICE_TYPE.01,SIZ_000004,POPT_000001|OPV_000491,350,400,1675800,1640000,35800,9,PRD_000094
COMP_PCB_S1_20P,PRICE_TYPE.01,SIZ_000004,POPT_000001|OPV_000491,400,450,1840900,1777500,63400,16,PRD_000094
COMP_PCB_S1_20P,PRICE_TYPE.01,SIZ_000004,POPT_000001|OPV_000491,450,500,1971050,1900000,71050,18,PRD_000094
COMP_PCB_S1_20P,PRICE_TYPE.01,SIZ_000004,POPT_000001|OPV_000491,500,550,2086200,2046000,40200,11,PRD_000094
COMP_PCB_S1_20P,PRICE_TYPE.01,SIZ_000004,POPT_000001|OPV_000491,550,600,2228280,2184000,44280,12,PRD_000094
COMP_PCB_S1_20P,PRICE_TYPE.01,SIZ_000004,POPT_000001|OPV_000491,600,650,2362360,2314000,48360,14,PRD_000094
COMP_PCB_S1_20P,PRICE_TYPE.01,SIZ_000004,POPT_000001|OPV_000491,650,700,2488440,2436000,52440,15,PRD_000094
COMP_PCB_S1_20P,PRICE_TYPE.01,SIZ_000004,POPT_000001|OPV_000491,700,750,2606520,2550000,56520,17,PRD_000094
COMP_PCB_S1_20P,PRICE_TYPE.01,SIZ_000004,POPT_000001|OPV_000491,750,800,2716600,2656000,60600,18,PRD_000094
COMP_PCB_S1_20P,PRICE_TYPE.01,SIZ_000004,POPT_000001|OPV_000491,800,850,2818680,2754000,64680,20,PRD_000094
COMP_PCB_S1_20P,PRICE_TYPE.01,SIZ_000004,POPT_000001|OPV_000491,850,900,2912760,2844000,68760,22,PRD_000094
COMP_PCB_S1_20P,PRICE_TYPE.01,SIZ_000004,POPT_000001|OPV_000491,900,950,2998840,2926000,72840,24,PRD_000094
COMP_PCB_S1_20P,PRICE_TYPE.01,SIZ_000004,POPT_000001|OPV_000491,950,1000,3076920,3000000,76920,25,PRD_000094
COMP_PCB_S1_20P,PRICE_TYPE.01,SIZ_000004,POPT_000001|OPV_000491,1000,1500,4497000,4425000,72000,24,PRD_000094
COMP_PCB_S1_20P,PRICE_TYPE.01,SIZ_000004,POPT_000001|OPV_000491,1500,2000,5897050,5800000,97050,33,PRD_000094
COMP_PCB_S1_20P,PRICE_TYPE.01,SIZ_000004,POPT_000001|OPV_000491,2000,2500,7247100,7125000,122100,43,PRD_000094
COMP_PCB_S1_20P,PRICE_TYPE.01,SIZ_000004,POPT_000001|OPV_000491,2500,3000,8547150,8400000,147150,52,PRD_000094
COMP_PCB_S1_30P,PRICE_TYPE.01,SIZ_000003,POPT_000001|OPV_000492,4,6,49500,48600,900,1,PRD_000094
COMP_PCB_S1_30P,PRICE_TYPE.01,SIZ_000003,POPT_000001|OPV_000492,10,20,146300,120000,26300,4,PRD_000094
COMP_PCB_S1_30P,PRICE_TYPE.01,SIZ_000003,POPT_000001|OPV_000492,30,40,226200,224000,2200,1,PRD_000094
COMP_PCB_S1_30P,PRICE_TYPE.01,SIZ_000003,POPT_000001|OPV_000492,40,50,274400,270000,4400,1,PRD_000094
COMP_PCB_S1_30P,PRICE_TYPE.01,SIZ_000003,POPT_000001|OPV_000492,80,90,464580,464400,180,1,PRD_000094
COMP_PCB_S1_30P,PRICE_TYPE.01,SIZ_000003,POPT_000001|OPV_000492,90,100,510840,510000,840,1,PRD_000094
COMP_PCB_S1_30P,PRICE_TYPE.01,SIZ_000003,POPT_000001|OPV_000492,100,120,606900,597600,9300,2,PRD_000094
COMP_PCB_S1_30P,PRICE_TYPE.01,SIZ_000003,POPT_000001|OPV_000492,120,140,692220,680400,11820,3,PRD_000094
COMP_PCB_S1_30P,PRICE_TYPE.01,SIZ_000003,POPT_000001|OPV_000492,140,160,772740,758400,14340,3,PRD_000094
COMP_PCB_S1_30P,PRICE_TYPE.01,SIZ_000003,POPT_000001|OPV_000492,160,180,848460,831600,16860,4,PRD_000094
COMP_PCB_S1_30P,PRICE_TYPE.01,SIZ_000003,POPT_000001|OPV_000492,180,200,919380,900000,19380,5,PRD_000094
COMP_PCB_S1_30P,PRICE_TYPE.01,SIZ_000003,POPT_000001|OPV_000492,200,250,1120500,1100000,20500,5,PRD_000094
COMP_PCB_S1_30P,PRICE_TYPE.01,SIZ_000003,POPT_000001|OPV_000492,250,300,1315600,1290000,25600,6,PRD_000094
COMP_PCB_S1_30P,PRICE_TYPE.01,SIZ_000003,POPT_000001|OPV_000492,300,350,1500700,1452500,48200,12,PRD_000094
COMP_PCB_S1_30P,PRICE_TYPE.01,SIZ_000003,POPT_000001|OPV_000492,350,400,1655850,1600000,55850,14,PRD_000094
COMP_PCB_S1_30P,PRICE_TYPE.01,SIZ_000003,POPT_000001|OPV_000492,400,450,1796000,1759500,36500,10,PRD_000094
COMP_PCB_S1_30P,PRICE_TYPE.01,SIZ_000003,POPT_000001|OPV_000492,450,500,1951090,1910000,41090,11,PRD_000094
COMP_PCB_S1_30P,PRICE_TYPE.01,SIZ_000003,POPT_000001|OPV_000492,500,550,2097180,2057000,40180,11,PRD_000094
COMP_PCB_S1_30P,PRICE_TYPE.01,SIZ_000003,POPT_000001|OPV_000492,550,600,2240260,2196000,44260,12,PRD_000094
COMP_PCB_S1_30P,PRICE_TYPE.01,SIZ_000003,POPT_000001|OPV_000492,600,650,2375340,2327000,48340,14,PRD_000094
COMP_PCB_S1_30P,PRICE_TYPE.01,SIZ_000003,POPT_000001|OPV_000492,650,700,2502420,2450000,52420,15,PRD_000094
COMP_PCB_S1_30P,PRICE_TYPE.01,SIZ_000003,POPT_000001|OPV_000492,700,750,2621500,2565000,56500,17,PRD_000094
COMP_PCB_S1_30P,PRICE_TYPE.01,SIZ_000003,POPT_000001|OPV_000492,750,800,2732580,2672000,60580,18,PRD_000094
COMP_PCB_S1_30P,PRICE_TYPE.01,SIZ_000003,POPT_000001|OPV_000492,800,850,2835660,2771000,64660,20,PRD_000094
COMP_PCB_S1_30P,PRICE_TYPE.01,SIZ_000003,POPT_000001|OPV_000492,850,900,2930740,2862000,68740,22,PRD_000094
COMP_PCB_S1_30P,PRICE_TYPE.01,SIZ_000003,POPT_000001|OPV_000492,900,950,3017820,2945000,72820,23,PRD_000094
COMP_PCB_S1_30P,PRICE_TYPE.01,SIZ_000003,POPT_000001|OPV_000492,950,1000,3096900,3020000,76900,25,PRD_000094
COMP_PCB_S1_30P,PRICE_TYPE.01,SIZ_000003,POPT_000001|OPV_000492,1000,1500,4526980,4485000,41980,14,PRD_000094
COMP_PCB_S1_30P,PRICE_TYPE.01,SIZ_000003,POPT_000001|OPV_000492,1500,2000,5977010,5920000,57010,20,PRD_000094
COMP_PCB_S1_30P,PRICE_TYPE.01,SIZ_000003,POPT_000001|OPV_000492,2000,2500,7397040,7325000,72040,25,PRD_000094
COMP_PCB_S1_30P,PRICE_TYPE.01,SIZ_000003,POPT_000001|OPV_000492,2500,3000,8787070,8700000,87070,30,PRD_000094
COMP_PCB_S1_30P,PRICE_TYPE.01,SIZ_000124,POPT_000001|OPV_000492,4,6,49500,48600,900,1,PRD_000094
COMP_PCB_S1_30P,PRICE_TYPE.01,SIZ_000124,POPT_000001|OPV_000492,10,20,146300,120000,26300,4,PRD_000094
COMP_PCB_S1_30P,PRICE_TYPE.01,SIZ_000124,POPT_000001|OPV_000492,30,40,226200,224000,2200,1,PRD_000094
COMP_PCB_S1_30P,PRICE_TYPE.01,SIZ_000124,POPT_000001|OPV_000492,40,50,274400,270000,4400,1,PRD_000094
COMP_PCB_S1_30P,PRICE_TYPE.01,SIZ_000124,POPT_000001|OPV_000492,80,90,464580,464400,180,1,PRD_000094
COMP_PCB_S1_30P,PRICE_TYPE.01,SIZ_000124,POPT_000001|OPV_000492,90,100,510840,510000,840,1,PRD_000094
COMP_PCB_S1_30P,PRICE_TYPE.01,SIZ_000124,POPT_000001|OPV_000492,100,120,606900,597600,9300,2,PRD_000094
COMP_PCB_S1_30P,PRICE_TYPE.01,SIZ_000124,POPT_000001|OPV_000492,120,140,692220,680400,11820,3,PRD_000094
COMP_PCB_S1_30P,PRICE_TYPE.01,SIZ_000124,POPT_000001|OPV_000492,140,160,772740,758400,14340,3,PRD_000094
COMP_PCB_S1_30P,PRICE_TYPE.01,SIZ_000124,POPT_000001|OPV_000492,160,180,848460,831600,16860,4,PRD_000094
COMP_PCB_S1_30P,PRICE_TYPE.01,SIZ_000124,POPT_000001|OPV_000492,180,200,919380,900000,19380,5,PRD_000094
COMP_PCB_S1_30P,PRICE_TYPE.01,SIZ_000124,POPT_000001|OPV_000492,200,250,1120500,1100000,20500,5,PRD_000094
COMP_PCB_S1_30P,PRICE_TYPE.01,SIZ_000124,POPT_000001|OPV_000492,250,300,1315600,1290000,25600,6,PRD_000094
COMP_PCB_S1_30P,PRICE_TYPE.01,SIZ_000124,POPT_000001|OPV_000492,300,350,1500700,1452500,48200,12,PRD_000094
COMP_PCB_S1_30P,PRICE_TYPE.01,SIZ_000124,POPT_000001|OPV_000492,350,400,1655850,1600000,55850,14,PRD_000094
COMP_PCB_S1_30P,PRICE_TYPE.01,SIZ_000124,POPT_000001|OPV_000492,400,450,1796000,1759500,36500,10,PRD_000094
COMP_PCB_S1_30P,PRICE_TYPE.01,SIZ_000124,POPT_000001|OPV_000492,450,500,1951090,1910000,41090,11,PRD_000094
COMP_PCB_S1_30P,PRICE_TYPE.01,SIZ_000124,POPT_000001|OPV_000492,500,550,2097180,2057000,40180,11,PRD_000094
COMP_PCB_S1_30P,PRICE_TYPE.01,SIZ_000124,POPT_000001|OPV_000492,550,600,2240260,2196000,44260,12,PRD_000094
COMP_PCB_S1_30P,PRICE_TYPE.01,SIZ_000124,POPT_000001|OPV_000492,600,650,2375340,2327000,48340,14,PRD_000094
COMP_PCB_S1_30P,PRICE_TYPE.01,SIZ_000124,POPT_000001|OPV_000492,650,700,2502420,2450000,52420,15,PRD_000094
COMP_PCB_S1_30P,PRICE_TYPE.01,SIZ_000124,POPT_000001|OPV_000492,700,750,2621500,2565000,56500,17,PRD_000094
COMP_PCB_S1_30P,PRICE_TYPE.01,SIZ_000124,POPT_000001|OPV_000492,750,800,2732580,2672000,60580,18,PRD_000094
COMP_PCB_S1_30P,PRICE_TYPE.01,SIZ_000124,POPT_000001|OPV_000492,800,850,2835660,2703000,132660,40,PRD_000094
COMP_PCB_S1_30P,PRICE_TYPE.01,SIZ_000124,POPT_000001|OPV_000492,850,900,2858820,2790000,68820,22,PRD_000094
COMP_PCB_S1_30P,PRICE_TYPE.01,SIZ_000124,POPT_000001|OPV_000492,900,950,2941900,2869000,72900,24,PRD_000094
COMP_PCB_S1_30P,PRICE_TYPE.01,SIZ_000124,POPT_000001|OPV_000492,1000,1500,4526980,4485000,41980,14,PRD_000094
COMP_PCB_S1_30P,PRICE_TYPE.01,SIZ_000124,POPT_000001|OPV_000492,1500,2000,5977010,5920000,57010,20,PRD_000094
COMP_PCB_S1_30P,PRICE_TYPE.01,SIZ_000124,POPT_000001|OPV_000492,2000,2500,7397040,7325000,72040,25,PRD_000094
COMP_PCB_S1_30P,PRICE_TYPE.01,SIZ_000124,POPT_000001|OPV_000492,2500,3000,8787070,8700000,87070,30,PRD_000094
COMP_PCB_S1_30P,PRICE_TYPE.01,SIZ_000004,POPT_000001|OPV_000492,4,6,52500,51600,900,1,PRD_000094
COMP_PCB_S1_30P,PRICE_TYPE.01,SIZ_000004,POPT_000001|OPV_000492,10,20,155800,130000,25800,4,PRD_000094
COMP_PCB_S1_30P,PRICE_TYPE.01,SIZ_000004,POPT_000001|OPV_000492,40,50,303800,302500,1300,1,PRD_000094
COMP_PCB_S1_30P,PRICE_TYPE.01,SIZ_000004,POPT_000001|OPV_000492,80,90,519760,519300,460,1,PRD_000094
COMP_PCB_S1_30P,PRICE_TYPE.01,SIZ_000004,POPT_000001|OPV_000492,90,100,571230,570000,1230,1,PRD_000094
COMP_PCB_S1_30P,PRICE_TYPE.01,SIZ_000004,POPT_000001|OPV_000492,100,120,678300,664800,13500,3,PRD_000094
COMP_PCB_S1_30P,PRICE_TYPE.01,SIZ_000004,POPT_000001|OPV_000492,120,140,770060,753200,16860,4,PRD_000094
COMP_PCB_S1_30P,PRICE_TYPE.01,SIZ_000004,POPT_000001|OPV_000492,140,160,855420,835200,20220,4,PRD_000094
COMP_PCB_S1_30P,PRICE_TYPE.01,SIZ_000004,POPT_000001|OPV_000492,160,180,934380,910800,23580,5,PRD_000094
COMP_PCB_S1_30P,PRICE_TYPE.01,SIZ_000004,POPT_000001|OPV_000492,180,200,1006940,980000,26940,6,PRD_000094
COMP_PCB_S1_30P,PRICE_TYPE.01,SIZ_000004,POPT_000001|OPV_000492,200,250,1220100,1212500,7600,2,PRD_000094
COMP_PCB_S1_30P,PRICE_TYPE.01,SIZ_000004,POPT_000001|OPV_000492,250,300,1450150,1440000,10150,3,PRD_000094
COMP_PCB_S1_30P,PRICE_TYPE.01,SIZ_000004,POPT_000001|OPV_000492,300,350,1675200,1645000,30200,7,PRD_000094
COMP_PCB_S1_30P,PRICE_TYPE.01,SIZ_000004,POPT_000001|OPV_000492,350,400,1875300,1840000,35300,8,PRD_000094
COMP_PCB_S1_30P,PRICE_TYPE.01,SIZ_000004,POPT_000001|OPV_000492,400,450,2065400,2025000,40400,9,PRD_000094
COMP_PCB_S1_30P,PRICE_TYPE.01,SIZ_000004,POPT_000001|OPV_000492,450,500,2245500,2200000,45500,11,PRD_000094
COMP_PCB_S1_30P,PRICE_TYPE.01,SIZ_000004,POPT_000001|OPV_000492,500,550,2415600,2376000,39600,9,PRD_000094
COMP_PCB_S1_30P,PRICE_TYPE.01,SIZ_000004,POPT_000001|OPV_000492,600,650,2816660,2704000,112660,26,PRD_000094
COMP_PCB_S1_30P,PRICE_TYPE.01,SIZ_000004,POPT_000001|OPV_000492,650,700,2907840,2856000,51840,13,PRD_000094
COMP_PCB_S1_30P,PRICE_TYPE.01,SIZ_000004,POPT_000001|OPV_000492,700,750,3055920,3000000,55920,14,PRD_000094
COMP_PCB_S1_30P,PRICE_TYPE.01,SIZ_000004,POPT_000001|OPV_000492,750,800,3196000,3136000,60000,15,PRD_000094
COMP_PCB_S1_30P,PRICE_TYPE.01,SIZ_000004,POPT_000001|OPV_000492,800,850,3328080,3264000,64080,17,PRD_000094
COMP_PCB_S1_30P,PRICE_TYPE.01,SIZ_000004,POPT_000001|OPV_000492,850,900,3452160,3384000,68160,18,PRD_000094
COMP_PCB_S1_30P,PRICE_TYPE.01,SIZ_000004,POPT_000001|OPV_000492,900,950,3568240,3496000,72240,20,PRD_000094
COMP_PCB_S1_30P,PRICE_TYPE.01,SIZ_000004,POPT_000001|OPV_000492,950,1000,3676320,3600000,76320,21,PRD_000094
COMP_PCB_S1_30P,PRICE_TYPE.01,SIZ_000004,POPT_000001|OPV_000492,1000,1500,5396400,5325000,71400,20,PRD_000094
COMP_PCB_S1_30P,PRICE_TYPE.01,SIZ_000004,POPT_000001|OPV_000492,1500,2000,7096450,7000000,96450,28,PRD_000094
COMP_PCB_S1_30P,PRICE_TYPE.01,SIZ_000004,POPT_000001|OPV_000492,2000,2500,8746500,8625000,121500,35,PRD_000094
COMP_PCB_S1_30P,PRICE_TYPE.01,SIZ_000004,POPT_000001|OPV_000492,2500,3000,10346550,10200000,146550,43,PRD_000094
COMP_PCB_S2_20P,PRICE_TYPE.01,SIZ_000003,POPT_000002|OPV_000491,4,6,46000,45000,1000,1,PRD_000094
COMP_PCB_S2_20P,PRICE_TYPE.01,SIZ_000003,POPT_000002|OPV_000491,10,20,134900,108000,26900,4,PRD_000094
COMP_PCB_S2_20P,PRICE_TYPE.01,SIZ_000003,POPT_000002|OPV_000491,30,40,203970,202800,1170,1,PRD_000094
COMP_PCB_S2_20P,PRICE_TYPE.01,SIZ_000003,POPT_000002|OPV_000491,40,50,248430,245000,3430,1,PRD_000094
COMP_PCB_S2_20P,PRICE_TYPE.01,SIZ_000003,POPT_000002|OPV_000491,60,70,332580,331800,780,1,PRD_000094
COMP_PCB_S2_20P,PRICE_TYPE.01,SIZ_000003,POPT_000002|OPV_000491,70,80,374460,372800,1660,1,PRD_000094
COMP_PCB_S2_20P,PRICE_TYPE.01,SIZ_000003,POPT_000002|OPV_000491,80,90,414740,412200,2540,1,PRD_000094
COMP_PCB_S2_20P,PRICE_TYPE.01,SIZ_000003,POPT_000002|OPV_000491,90,100,453420,450000,3420,1,PRD_000094
COMP_PCB_S2_20P,PRICE_TYPE.01,SIZ_000003,POPT_000002|OPV_000491,100,120,535500,525600,9900,3,PRD_000094
COMP_PCB_S2_20P,PRICE_TYPE.01,SIZ_000003,POPT_000002|OPV_000491,120,140,608820,596400,12420,3,PRD_000094
COMP_PCB_S2_20P,PRICE_TYPE.01,SIZ_000003,POPT_000002|OPV_000491,140,160,677340,662400,14940,4,PRD_000094
COMP_PCB_S2_20P,PRICE_TYPE.01,SIZ_000003,POPT_000002|OPV_000491,160,180,741060,723600,17460,5,PRD_000094
COMP_PCB_S2_20P,PRICE_TYPE.01,SIZ_000003,POPT_000002|OPV_000491,180,200,799980,780000,19980,5,PRD_000094
COMP_PCB_S2_20P,PRICE_TYPE.01,SIZ_000003,POPT_000002|OPV_000491,200,250,971100,942500,28600,8,PRD_000094
COMP_PCB_S2_20P,PRICE_TYPE.01,SIZ_000003,POPT_000002|OPV_000491,250,300,1127230,1095000,32230,9,PRD_000094
COMP_PCB_S2_20P,PRICE_TYPE.01,SIZ_000003,POPT_000002|OPV_000491,300,350,1273850,1225000,48850,14,PRD_000094
COMP_PCB_S2_20P,PRICE_TYPE.01,SIZ_000003,POPT_000002|OPV_000491,350,400,1396500,1340000,56500,17,PRD_000094
COMP_PCB_S2_20P,PRICE_TYPE.01,SIZ_000003,POPT_000002|OPV_000491,400,450,1504150,1476000,28150,9,PRD_000094
COMP_PCB_S2_20P,PRICE_TYPE.01,SIZ_000003,POPT_000002|OPV_000491,450,500,1636720,1600000,36720,12,PRD_000094
COMP_PCB_S2_20P,PRICE_TYPE.01,SIZ_000003,POPT_000002|OPV_000491,500,550,1756800,1716000,40800,13,PRD_000094
COMP_PCB_S2_20P,PRICE_TYPE.01,SIZ_000003,POPT_000002|OPV_000491,550,600,1868880,1824000,44880,15,PRD_000094
COMP_PCB_S2_20P,PRICE_TYPE.01,SIZ_000003,POPT_000002|OPV_000491,600,650,1972960,1924000,48960,17,PRD_000094
COMP_PCB_S2_20P,PRICE_TYPE.01,SIZ_000003,POPT_000002|OPV_000491,650,700,2069040,2016000,53040,18,PRD_000094
COMP_PCB_S2_20P,PRICE_TYPE.01,SIZ_000003,POPT_000002|OPV_000491,700,750,2157120,2100000,57120,20,PRD_000094
COMP_PCB_S2_20P,PRICE_TYPE.01,SIZ_000003,POPT_000002|OPV_000491,750,800,2237200,2176000,61200,22,PRD_000094
COMP_PCB_S2_20P,PRICE_TYPE.01,SIZ_000003,POPT_000002|OPV_000491,800,850,2309280,2244000,65280,24,PRD_000094
COMP_PCB_S2_20P,PRICE_TYPE.01,SIZ_000003,POPT_000002|OPV_000491,850,900,2373360,2304000,69360,27,PRD_000094
COMP_PCB_S2_20P,PRICE_TYPE.01,SIZ_000003,POPT_000002|OPV_000491,900,950,2429440,2356000,73440,29,PRD_000094
COMP_PCB_S2_20P,PRICE_TYPE.01,SIZ_000003,POPT_000002|OPV_000491,950,1000,2477520,2400000,77520,32,PRD_000094
COMP_PCB_S2_20P,PRICE_TYPE.01,SIZ_000003,POPT_000002|OPV_000491,1000,1500,3597600,3570000,27600,12,PRD_000094
COMP_PCB_S2_20P,PRICE_TYPE.01,SIZ_000003,POPT_000002|OPV_000491,1500,2000,4757620,4720000,37620,16,PRD_000094
COMP_PCB_S2_20P,PRICE_TYPE.01,SIZ_000003,POPT_000002|OPV_000491,2000,2500,5897640,5825000,72640,31,PRD_000094
COMP_PCB_S2_20P,PRICE_TYPE.01,SIZ_000003,POPT_000002|OPV_000491,2500,3000,6987670,6900000,87670,38,PRD_000094
COMP_PCB_S2_20P,PRICE_TYPE.01,SIZ_000124,POPT_000002|OPV_000491,4,6,46000,45000,1000,1,PRD_000094
COMP_PCB_S2_20P,PRICE_TYPE.01,SIZ_000124,POPT_000002|OPV_000491,10,20,134900,108000,26900,4,PRD_000094
COMP_PCB_S2_20P,PRICE_TYPE.01,SIZ_000124,POPT_000002|OPV_000491,30,40,203970,202800,1170,1,PRD_000094
COMP_PCB_S2_20P,PRICE_TYPE.01,SIZ_000124,POPT_000002|OPV_000491,40,50,248430,245000,3430,1,PRD_000094
COMP_PCB_S2_20P,PRICE_TYPE.01,SIZ_000124,POPT_000002|OPV_000491,60,70,332580,331800,780,1,PRD_000094
COMP_PCB_S2_20P,PRICE_TYPE.01,SIZ_000124,POPT_000002|OPV_000491,70,80,374460,372800,1660,1,PRD_000094
COMP_PCB_S2_20P,PRICE_TYPE.01,SIZ_000124,POPT_000002|OPV_000491,80,90,414740,412200,2540,1,PRD_000094
COMP_PCB_S2_20P,PRICE_TYPE.01,SIZ_000124,POPT_000002|OPV_000491,90,100,453420,450000,3420,1,PRD_000094
COMP_PCB_S2_20P,PRICE_TYPE.01,SIZ_000124,POPT_000002|OPV_000491,100,120,535500,525600,9900,3,PRD_000094
COMP_PCB_S2_20P,PRICE_TYPE.01,SIZ_000124,POPT_000002|OPV_000491,120,140,608820,596400,12420,3,PRD_000094
COMP_PCB_S2_20P,PRICE_TYPE.01,SIZ_000124,POPT_000002|OPV_000491,140,160,677340,662400,14940,4,PRD_000094
COMP_PCB_S2_20P,PRICE_TYPE.01,SIZ_000124,POPT_000002|OPV_000491,160,180,741060,723600,17460,5,PRD_000094
COMP_PCB_S2_20P,PRICE_TYPE.01,SIZ_000124,POPT_000002|OPV_000491,180,200,799980,780000,19980,5,PRD_000094
COMP_PCB_S2_20P,PRICE_TYPE.01,SIZ_000124,POPT_000002|OPV_000491,200,250,971100,942500,28600,8,PRD_000094
COMP_PCB_S2_20P,PRICE_TYPE.01,SIZ_000124,POPT_000002|OPV_000491,250,300,1127230,1095000,32230,9,PRD_000094
COMP_PCB_S2_20P,PRICE_TYPE.01,SIZ_000124,POPT_000002|OPV_000491,300,350,1273850,1225000,48850,14,PRD_000094
COMP_PCB_S2_20P,PRICE_TYPE.01,SIZ_000124,POPT_000002|OPV_000491,350,400,1396500,1340000,56500,17,PRD_000094
COMP_PCB_S2_20P,PRICE_TYPE.01,SIZ_000124,POPT_000002|OPV_000491,400,450,1504150,1476000,28150,9,PRD_000094
COMP_PCB_S2_20P,PRICE_TYPE.01,SIZ_000124,POPT_000002|OPV_000491,450,500,1636720,1600000,36720,12,PRD_000094
COMP_PCB_S2_20P,PRICE_TYPE.01,SIZ_000124,POPT_000002|OPV_000491,500,550,1756800,1716000,40800,13,PRD_000094
COMP_PCB_S2_20P,PRICE_TYPE.01,SIZ_000124,POPT_000002|OPV_000491,550,600,1868880,1824000,44880,15,PRD_000094
COMP_PCB_S2_20P,PRICE_TYPE.01,SIZ_000124,POPT_000002|OPV_000491,600,650,1972960,1924000,48960,17,PRD_000094
COMP_PCB_S2_20P,PRICE_TYPE.01,SIZ_000124,POPT_000002|OPV_000491,650,700,2069040,2016000,53040,18,PRD_000094
COMP_PCB_S2_20P,PRICE_TYPE.01,SIZ_000124,POPT_000002|OPV_000491,700,750,2157120,2100000,57120,20,PRD_000094
COMP_PCB_S2_20P,PRICE_TYPE.01,SIZ_000124,POPT_000002|OPV_000491,750,800,2237200,2176000,61200,22,PRD_000094
COMP_PCB_S2_20P,PRICE_TYPE.01,SIZ_000124,POPT_000002|OPV_000491,800,850,2309280,2244000,65280,24,PRD_000094
COMP_PCB_S2_20P,PRICE_TYPE.01,SIZ_000124,POPT_000002|OPV_000491,850,900,2373360,2304000,69360,27,PRD_000094
COMP_PCB_S2_20P,PRICE_TYPE.01,SIZ_000124,POPT_000002|OPV_000491,900,950,2429440,2356000,73440,29,PRD_000094
COMP_PCB_S2_20P,PRICE_TYPE.01,SIZ_000124,POPT_000002|OPV_000491,950,1000,2477520,2400000,77520,32,PRD_000094
COMP_PCB_S2_20P,PRICE_TYPE.01,SIZ_000124,POPT_000002|OPV_000491,1000,1500,3597600,3570000,27600,12,PRD_000094
COMP_PCB_S2_20P,PRICE_TYPE.01,SIZ_000124,POPT_000002|OPV_000491,1500,2000,4757620,4720000,37620,16,PRD_000094
COMP_PCB_S2_20P,PRICE_TYPE.01,SIZ_000124,POPT_000002|OPV_000491,2000,2500,5897640,5825000,72640,31,PRD_000094
COMP_PCB_S2_20P,PRICE_TYPE.01,SIZ_000124,POPT_000002|OPV_000491,2500,3000,6987670,6900000,87670,38,PRD_000094
COMP_PCB_S2_20P,PRICE_TYPE.01,SIZ_000004,POPT_000002|OPV_000491,4,6,50500,49800,700,1,PRD_000094
COMP_PCB_S2_20P,PRICE_TYPE.01,SIZ_000004,POPT_000002|OPV_000491,10,20,150100,124000,26100,4,PRD_000094
COMP_PCB_S2_20P,PRICE_TYPE.01,SIZ_000004,POPT_000002|OPV_000491,40,50,289100,287500,1600,1,PRD_000094
COMP_PCB_S2_20P,PRICE_TYPE.01,SIZ_000004,POPT_000002|OPV_000491,80,90,493060,492300,760,1,PRD_000094
COMP_PCB_S2_20P,PRICE_TYPE.01,SIZ_000004,POPT_000002|OPV_000491,90,100,541530,540000,1530,1,PRD_000094
COMP_PCB_S2_20P,PRICE_TYPE.01,SIZ_000004,POPT_000002|OPV_000491,100,120,642600,631200,11400,3,PRD_000094
COMP_PCB_S2_20P,PRICE_TYPE.01,SIZ_000004,POPT_000002|OPV_000491,120,140,731140,716800,14340,3,PRD_000094
COMP_PCB_S2_20P,PRICE_TYPE.01,SIZ_000004,POPT_000002|OPV_000491,140,160,814080,796800,17280,4,PRD_000094
COMP_PCB_S2_20P,PRICE_TYPE.01,SIZ_000004,POPT_000002|OPV_000491,160,180,891420,871200,20220,5,PRD_000094
COMP_PCB_S2_20P,PRICE_TYPE.01,SIZ_000004,POPT_000002|OPV_000491,180,200,963160,940000,23160,5,PRD_000094
COMP_PCB_S2_20P,PRICE_TYPE.01,SIZ_000004,POPT_000002|OPV_000491,200,250,1170300,1162500,7800,2,PRD_000094
COMP_PCB_S2_20P,PRICE_TYPE.01,SIZ_000004,POPT_000002|OPV_000491,250,300,1390350,1380000,10350,3,PRD_000094
COMP_PCB_S2_20P,PRICE_TYPE.01,SIZ_000004,POPT_000002|OPV_000491,300,350,1605400,1575000,30400,7,PRD_000094
COMP_PCB_S2_20P,PRICE_TYPE.01,SIZ_000004,POPT_000002|OPV_000491,350,400,1795500,1760000,35500,8,PRD_000094
COMP_PCB_S2_20P,PRICE_TYPE.01,SIZ_000004,POPT_000002|OPV_000491,400,450,1975600,1890000,85600,20,PRD_000094
COMP_PCB_S2_20P,PRICE_TYPE.01,SIZ_000004,POPT_000002|OPV_000491,450,500,2095800,2000000,95800,23,PRD_000094
COMP_PCB_S2_20P,PRICE_TYPE.01,SIZ_000004,POPT_000002|OPV_000491,500,550,2196000,2150500,45500,12,PRD_000094
COMP_PCB_S2_20P,PRICE_TYPE.01,SIZ_000004,POPT_000002|OPV_000491,550,600,2342090,2292000,50090,13,PRD_000094
COMP_PCB_S2_20P,PRICE_TYPE.01,SIZ_000004,POPT_000002|OPV_000491,600,650,2479180,2424500,54680,15,PRD_000094
COMP_PCB_S2_20P,PRICE_TYPE.01,SIZ_000004,POPT_000002|OPV_000491,650,700,2607270,2548000,59270,16,PRD_000094
COMP_PCB_S2_20P,PRICE_TYPE.01,SIZ_000004,POPT_000002|OPV_000491,700,750,2726360,2662500,63860,18,PRD_000094
COMP_PCB_S2_20P,PRICE_TYPE.01,SIZ_000004,POPT_000002|OPV_000491,750,800,2836450,2768000,68450,20,PRD_000094
COMP_PCB_S2_20P,PRICE_TYPE.01,SIZ_000004,POPT_000002|OPV_000491,800,850,2937540,2864500,73040,22,PRD_000094
COMP_PCB_S2_20P,PRICE_TYPE.01,SIZ_000004,POPT_000002|OPV_000491,850,900,3029630,2952000,77630,24,PRD_000094
COMP_PCB_S2_20P,PRICE_TYPE.01,SIZ_000004,POPT_000002|OPV_000491,900,950,3112720,3030500,82220,26,PRD_000094
COMP_PCB_S2_20P,PRICE_TYPE.01,SIZ_000004,POPT_000002|OPV_000491,950,1000,3186810,3100000,86810,28,PRD_000094
COMP_PCB_S2_20P,PRICE_TYPE.01,SIZ_000004,POPT_000002|OPV_000491,1000,1500,4646900,4575000,71900,24,PRD_000094
COMP_PCB_S2_20P,PRICE_TYPE.01,SIZ_000004,POPT_000002|OPV_000491,1500,2000,6096950,6000000,96950,32,PRD_000094
COMP_PCB_S2_20P,PRICE_TYPE.01,SIZ_000004,POPT_000002|OPV_000491,2000,2500,7497000,7375000,122000,41,PRD_000094
COMP_PCB_S2_20P,PRICE_TYPE.01,SIZ_000004,POPT_000002|OPV_000491,2500,3000,8847050,8700000,147050,50,PRD_000094
COMP_PCB_S2_30P,PRICE_TYPE.01,SIZ_000003,POPT_000002|OPV_000492,4,6,50000,49800,200,1,PRD_000094
COMP_PCB_S2_30P,PRICE_TYPE.01,SIZ_000003,POPT_000002|OPV_000492,10,20,150100,124000,26100,4,PRD_000094
COMP_PCB_S2_30P,PRICE_TYPE.01,SIZ_000003,POPT_000002|OPV_000492,30,40,234000,232000,2000,1,PRD_000094
COMP_PCB_S2_30P,PRICE_TYPE.01,SIZ_000003,POPT_000002|OPV_000492,40,50,284200,280000,4200,1,PRD_000094
COMP_PCB_S2_30P,PRICE_TYPE.01,SIZ_000003,POPT_000002|OPV_000492,90,100,530640,530000,640,1,PRD_000094
COMP_PCB_S2_30P,PRICE_TYPE.01,SIZ_000003,POPT_000002|OPV_000492,100,120,630700,621600,9100,2,PRD_000094
COMP_PCB_S2_30P,PRICE_TYPE.01,SIZ_000003,POPT_000002|OPV_000492,120,140,720020,708400,11620,3,PRD_000094
COMP_PCB_S2_30P,PRICE_TYPE.01,SIZ_000003,POPT_000002|OPV_000492,140,160,804540,790400,14140,3,PRD_000094
COMP_PCB_S2_30P,PRICE_TYPE.01,SIZ_000003,POPT_000002|OPV_000492,160,180,884260,867600,16660,4,PRD_000094
COMP_PCB_S2_30P,PRICE_TYPE.01,SIZ_000003,POPT_000002|OPV_000492,180,200,959180,940000,19180,4,PRD_000094
COMP_PCB_S2_30P,PRICE_TYPE.01,SIZ_000003,POPT_000002|OPV_000492,200,250,1170300,1150000,20300,5,PRD_000094
COMP_PCB_S2_30P,PRICE_TYPE.01,SIZ_000003,POPT_000002|OPV_000492,250,300,1375400,1350000,25400,6,PRD_000094
COMP_PCB_S2_30P,PRICE_TYPE.01,SIZ_000003,POPT_000002|OPV_000492,300,350,1570500,1522500,48000,11,PRD_000094
COMP_PCB_S2_30P,PRICE_TYPE.01,SIZ_000003,POPT_000002|OPV_000492,350,400,1735650,1680000,55650,13,PRD_000094
COMP_PCB_S2_30P,PRICE_TYPE.01,SIZ_000003,POPT_000002|OPV_000492,400,450,1885800,1840500,45300,11,PRD_000094
COMP_PCB_S2_30P,PRICE_TYPE.01,SIZ_000003,POPT_000002|OPV_000492,450,500,2040910,1985000,55910,14,PRD_000094
COMP_PCB_S2_30P,PRICE_TYPE.01,SIZ_000003,POPT_000002|OPV_000492,500,550,2179530,2139500,40030,11,PRD_000094
COMP_PCB_S2_30P,PRICE_TYPE.01,SIZ_000003,POPT_000002|OPV_000492,550,600,2330110,2286000,44110,12,PRD_000094
COMP_PCB_S2_30P,PRICE_TYPE.01,SIZ_000003,POPT_000002|OPV_000492,600,650,2472690,2424500,48190,13,PRD_000094
COMP_PCB_S2_30P,PRICE_TYPE.01,SIZ_000003,POPT_000002|OPV_000492,650,700,2607270,2555000,52270,15,PRD_000094
COMP_PCB_S2_30P,PRICE_TYPE.01,SIZ_000003,POPT_000002|OPV_000492,700,750,2733850,2677500,56350,16,PRD_000094
COMP_PCB_S2_30P,PRICE_TYPE.01,SIZ_000003,POPT_000002|OPV_000492,750,800,2852430,2792000,60430,17,PRD_000094
COMP_PCB_S2_30P,PRICE_TYPE.01,SIZ_000003,POPT_000002|OPV_000492,800,850,2963010,2898500,64510,19,PRD_000094
COMP_PCB_S2_30P,PRICE_TYPE.01,SIZ_000003,POPT_000002|OPV_000492,850,900,3065590,2997000,68590,21,PRD_000094
COMP_PCB_S2_30P,PRICE_TYPE.01,SIZ_000003,POPT_000002|OPV_000492,900,950,3160170,3116000,44170,14,PRD_000094
COMP_PCB_S2_30P,PRICE_TYPE.01,SIZ_000003,POPT_000002|OPV_000492,950,1000,3276720,3200000,76720,24,PRD_000094
COMP_PCB_S2_30P,PRICE_TYPE.01,SIZ_000003,POPT_000002|OPV_000492,1000,1500,4796800,4770000,26800,9,PRD_000094
COMP_PCB_S2_30P,PRICE_TYPE.01,SIZ_000003,POPT_000002|OPV_000492,1500,2000,6356820,6320000,36820,12,PRD_000094
COMP_PCB_S2_30P,PRICE_TYPE.01,SIZ_000003,POPT_000002|OPV_000492,2000,2500,7896840,7825000,71840,23,PRD_000094
COMP_PCB_S2_30P,PRICE_TYPE.01,SIZ_000003,POPT_000002|OPV_000492,2500,3000,9386870,9300000,86870,28,PRD_000094
COMP_PCB_S2_30P,PRICE_TYPE.01,SIZ_000124,POPT_000002|OPV_000492,4,6,50000,49800,200,1,PRD_000094
COMP_PCB_S2_30P,PRICE_TYPE.01,SIZ_000124,POPT_000002|OPV_000492,10,20,150100,124000,26100,4,PRD_000094
COMP_PCB_S2_30P,PRICE_TYPE.01,SIZ_000124,POPT_000002|OPV_000492,30,40,234000,232000,2000,1,PRD_000094
COMP_PCB_S2_30P,PRICE_TYPE.01,SIZ_000124,POPT_000002|OPV_000492,40,50,284200,280000,4200,1,PRD_000094
COMP_PCB_S2_30P,PRICE_TYPE.01,SIZ_000124,POPT_000002|OPV_000492,90,100,530640,530000,640,1,PRD_000094
COMP_PCB_S2_30P,PRICE_TYPE.01,SIZ_000124,POPT_000002|OPV_000492,100,120,630700,621600,9100,2,PRD_000094
COMP_PCB_S2_30P,PRICE_TYPE.01,SIZ_000124,POPT_000002|OPV_000492,120,140,720020,708400,11620,3,PRD_000094
COMP_PCB_S2_30P,PRICE_TYPE.01,SIZ_000124,POPT_000002|OPV_000492,140,160,804540,790400,14140,3,PRD_000094
COMP_PCB_S2_30P,PRICE_TYPE.01,SIZ_000124,POPT_000002|OPV_000492,160,180,884260,867600,16660,4,PRD_000094
COMP_PCB_S2_30P,PRICE_TYPE.01,SIZ_000124,POPT_000002|OPV_000492,180,200,959180,940000,19180,4,PRD_000094
COMP_PCB_S2_30P,PRICE_TYPE.01,SIZ_000124,POPT_000002|OPV_000492,200,250,1170300,1150000,20300,5,PRD_000094
COMP_PCB_S2_30P,PRICE_TYPE.01,SIZ_000124,POPT_000002|OPV_000492,250,300,1375400,1350000,25400,6,PRD_000094
COMP_PCB_S2_30P,PRICE_TYPE.01,SIZ_000124,POPT_000002|OPV_000492,300,350,1570500,1522500,48000,11,PRD_000094
COMP_PCB_S2_30P,PRICE_TYPE.01,SIZ_000124,POPT_000002|OPV_000492,350,400,1735650,1680000,55650,13,PRD_000094
COMP_PCB_S2_30P,PRICE_TYPE.01,SIZ_000124,POPT_000002|OPV_000492,400,450,1885800,1840500,45300,11,PRD_000094
COMP_PCB_S2_30P,PRICE_TYPE.01,SIZ_000124,POPT_000002|OPV_000492,450,500,2040910,1985000,55910,14,PRD_000094
COMP_PCB_S2_30P,PRICE_TYPE.01,SIZ_000124,POPT_000002|OPV_000492,500,550,2179530,2139500,40030,11,PRD_000094
COMP_PCB_S2_30P,PRICE_TYPE.01,SIZ_000124,POPT_000002|OPV_000492,550,600,2330110,2286000,44110,12,PRD_000094
COMP_PCB_S2_30P,PRICE_TYPE.01,SIZ_000124,POPT_000002|OPV_000492,600,650,2472690,2424500,48190,13,PRD_000094
COMP_PCB_S2_30P,PRICE_TYPE.01,SIZ_000124,POPT_000002|OPV_000492,650,700,2607270,2555000,52270,15,PRD_000094
COMP_PCB_S2_30P,PRICE_TYPE.01,SIZ_000124,POPT_000002|OPV_000492,700,750,2733850,2677500,56350,16,PRD_000094
COMP_PCB_S2_30P,PRICE_TYPE.01,SIZ_000124,POPT_000002|OPV_000492,750,800,2852430,2792000,60430,17,PRD_000094
COMP_PCB_S2_30P,PRICE_TYPE.01,SIZ_000124,POPT_000002|OPV_000492,800,850,2963010,2898500,64510,19,PRD_000094
COMP_PCB_S2_30P,PRICE_TYPE.01,SIZ_000124,POPT_000002|OPV_000492,850,900,3065590,2997000,68590,21,PRD_000094
COMP_PCB_S2_30P,PRICE_TYPE.01,SIZ_000124,POPT_000002|OPV_000492,900,950,3160170,3087500,72670,22,PRD_000094
COMP_PCB_S2_30P,PRICE_TYPE.01,SIZ_000124,POPT_000002|OPV_000492,950,1000,3246750,3170000,76750,24,PRD_000094
COMP_PCB_S2_30P,PRICE_TYPE.01,SIZ_000124,POPT_000002|OPV_000492,1500,2000,6356820,6320000,36820,12,PRD_000094
COMP_PCB_S2_30P,PRICE_TYPE.01,SIZ_000124,POPT_000002|OPV_000492,2000,2500,7896840,7825000,71840,23,PRD_000094
COMP_PCB_S2_30P,PRICE_TYPE.01,SIZ_000124,POPT_000002|OPV_000492,2500,3000,9386870,9300000,86870,28,PRD_000094
COMP_PCB_S2_30P,PRICE_TYPE.01,SIZ_000004,POPT_000002|OPV_000492,4,6,54000,53400,600,1,PRD_000094
COMP_PCB_S2_30P,PRICE_TYPE.01,SIZ_000004,POPT_000002|OPV_000492,10,20,161500,136000,25500,3,PRD_000094
COMP_PCB_S2_30P,PRICE_TYPE.01,SIZ_000004,POPT_000002|OPV_000492,40,50,318500,317500,1000,1,PRD_000094
COMP_PCB_S2_30P,PRICE_TYPE.01,SIZ_000004,POPT_000002|OPV_000492,80,90,546460,546300,160,1,PRD_000094
COMP_PCB_S2_30P,PRICE_TYPE.01,SIZ_000004,POPT_000002|OPV_000492,90,100,600930,600000,930,1,PRD_000094
COMP_PCB_S2_30P,PRICE_TYPE.01,SIZ_000004,POPT_000002|OPV_000492,100,120,714000,700800,13200,3,PRD_000094
COMP_PCB_S2_30P,PRICE_TYPE.01,SIZ_000004,POPT_000002|OPV_000492,120,140,811760,795200,16560,3,PRD_000094
COMP_PCB_S2_30P,PRICE_TYPE.01,SIZ_000004,POPT_000002|OPV_000492,140,160,903120,883200,19920,4,PRD_000094
COMP_PCB_S2_30P,PRICE_TYPE.01,SIZ_000004,POPT_000002|OPV_000492,160,180,988080,964800,23280,5,PRD_000094
COMP_PCB_S2_30P,PRICE_TYPE.01,SIZ_000004,POPT_000002|OPV_000492,180,200,1066640,1040000,26640,5,PRD_000094
COMP_PCB_S2_30P,PRICE_TYPE.01,SIZ_000004,POPT_000002|OPV_000492,200,250,1294800,1287500,7300,2,PRD_000094
COMP_PCB_S2_30P,PRICE_TYPE.01,SIZ_000004,POPT_000002|OPV_000492,250,300,1539850,1530000,9850,2,PRD_000094
COMP_PCB_S2_30P,PRICE_TYPE.01,SIZ_000004,POPT_000002|OPV_000492,300,350,1779900,1750000,29900,6,PRD_000094
COMP_PCB_S2_30P,PRICE_TYPE.01,SIZ_000004,POPT_000002|OPV_000492,350,400,1995000,1960000,35000,7,PRD_000094
COMP_PCB_S2_30P,PRICE_TYPE.01,SIZ_000004,POPT_000002|OPV_000492,400,450,2200100,2160000,40100,9,PRD_000094
COMP_PCB_S2_30P,PRICE_TYPE.01,SIZ_000004,POPT_000002|OPV_000492,450,500,2395200,2350000,45200,10,PRD_000094
COMP_PCB_S2_30P,PRICE_TYPE.01,SIZ_000004,POPT_000002|OPV_000492,500,550,2580300,2535500,44800,10,PRD_000094
COMP_PCB_S2_30P,PRICE_TYPE.01,SIZ_000004,POPT_000002|OPV_000492,550,600,2761390,2712000,49390,11,PRD_000094
COMP_PCB_S2_30P,PRICE_TYPE.01,SIZ_000004,POPT_000002|OPV_000492,600,650,2933480,2879500,53980,12,PRD_000094
COMP_PCB_S2_30P,PRICE_TYPE.01,SIZ_000004,POPT_000002|OPV_000492,650,700,3096570,3038000,58570,14,PRD_000094
COMP_PCB_S2_30P,PRICE_TYPE.01,SIZ_000004,POPT_000002|OPV_000492,700,750,3250660,3187500,63160,15,PRD_000094
COMP_PCB_S2_30P,PRICE_TYPE.01,SIZ_000004,POPT_000002|OPV_000492,750,800,3395750,3328000,67750,16,PRD_000094
COMP_PCB_S2_30P,PRICE_TYPE.01,SIZ_000004,POPT_000002|OPV_000492,800,850,3531840,3459500,72340,18,PRD_000094
COMP_PCB_S2_30P,PRICE_TYPE.01,SIZ_000004,POPT_000002|OPV_000492,850,900,3658930,3582000,76930,19,PRD_000094
COMP_PCB_S2_30P,PRICE_TYPE.01,SIZ_000004,POPT_000002|OPV_000492,900,950,3777020,3695500,81520,21,PRD_000094
COMP_PCB_S2_30P,PRICE_TYPE.01,SIZ_000004,POPT_000002|OPV_000492,950,1000,3886110,3800000,86110,23,PRD_000094
COMP_PCB_S2_30P,PRICE_TYPE.01,SIZ_000004,POPT_000002|OPV_000492,1000,1500,5696200,5625000,71200,19,PRD_000094
COMP_PCB_S2_30P,PRICE_TYPE.01,SIZ_000004,POPT_000002|OPV_000492,1500,2000,7496250,7400000,96250,26,PRD_000094
COMP_PCB_S2_30P,PRICE_TYPE.01,SIZ_000004,POPT_000002|OPV_000492,2000,2500,9246300,9125000,121300,33,PRD_000094
COMP_PCB_S2_30P,PRICE_TYPE.01,SIZ_000004,POPT_000002|OPV_000492,2500,3000,10946350,10800000,146350,41,PRD_000094
COMP_PHOTOCARD_BULK,PRICE_TYPE.02,(전사이즈),OPV_000496,20,40,9750,6000,3750,15,PRD_000024
COMP_PHOTOCARD_BULK,PRICE_TYPE.02,(전사이즈),OPV_000496,40,60,8850,7000,1850,13,PRD_000024
COMP_PHOTOCARD_BULK,PRICE_TYPE.02,(전사이즈),OPV_000496,60,80,9217,8000,1217,11,PRD_000024
COMP_PHOTOCARD_BULK,PRICE_TYPE.02,(전사이즈),OPV_000496,80,100,9900,9500,400,4,PRD_000024
COMP_PHOTOCARD_BULK,PRICE_TYPE.02,(전사이즈),OPV_000496,100,120,11305,10200,1105,12,PRD_000024
COMP_PHOTOCARD_BULK,PRICE_TYPE.02,(전사이즈),OPV_000496,120,140,11815,10800,1015,12,PRD_000024
COMP_PHOTOCARD_BULK,PRICE_TYPE.02,(전사이즈),OPV_000496,140,160,12266,11400,866,12,PRD_000024
COMP_PHOTOCARD_BULK,PRICE_TYPE.02,(전사이즈),OPV_000496,160,180,12754,11900,854,12,PRD_000024
COMP_PHOTOCARD_BULK,PRICE_TYPE.02,(전사이즈),OPV_000496,180,200,13156,12300,856,13,PRD_000024
COMP_PHOTOCARD_BULK,PRICE_TYPE.02,(전사이즈),OPV_000496,220,240,15100,14400,700,12,PRD_000024
COMP_PHOTOCARD_BULK,PRICE_TYPE.02,(전사이즈),OPV_000496,240,260,15540,15000,540,9,PRD_000024
COMP_PHOTOCARD_BULK,PRICE_TYPE.02,(전사이즈),OPV_000496,260,280,16096,15500,596,11,PRD_000024
COMP_PHOTOCARD_BULK,PRICE_TYPE.02,(전사이즈),OPV_000496,280,300,16552,13500,3052,20,PRD_000024
COMP_PHOTOCARD_BULK,PRICE_TYPE.02,(전사이즈),OPV_000496,320,340,18645,18200,445,9,PRD_000024
COMP_PHOTOCARD_BULK,PRICE_TYPE.02,(전사이즈),OPV_000496,380,400,21420,21200,220,5,PRD_000024
COMP_PHOTOCARD_BULK,PRICE_TYPE.02,(전사이즈),OPV_000496,400,420,22207,22100,107,3,PRD_000024
COMP_PHOTOCARD_BULK,PRICE_TYPE.02,(전사이즈),OPV_000496,420,440,23100,22700,400,8,PRD_000024
COMP_PHOTOCARD_BULK,PRICE_TYPE.02,(전사이즈),OPV_000496,440,460,23680,23300,380,8,PRD_000024
COMP_PHOTOCARD_BULK,PRICE_TYPE.02,(전사이즈),OPV_000496,460,480,24262,23800,462,10,PRD_000024
COMP_PHOTOCARD_BULK,PRICE_TYPE.02,(전사이즈),OPV_000496,480,500,24742,24600,142,3,PRD_000024
COMP_PHOTOCARD_BULK,PRICE_TYPE.02,(전사이즈),OPV_000496,500,600,29471,28800,671,14,PRD_000024
COMP_PHOTOCARD_BULK,PRICE_TYPE.02,(전사이즈),OPV_000496,600,700,33552,32500,1052,22,PRD_000024
COMP_PHOTOCARD_BULK,PRICE_TYPE.02,(전사이즈),OPV_000496,700,800,37096,36800,296,7,PRD_000024
COMP_PHOTOCARD_BULK,PRICE_TYPE.02,(전사이즈),OPV_000496,800,900,41354,41000,354,8,PRD_000024
COMP_PHOTOCARD_BULK,PRICE_TYPE.02,(전사이즈),OPV_000496,900,1000,45510,45000,510,12,PRD_000024
COMP_PHOTOCARD_BULK,PRICE_TYPE.02,(전사이즈),OPV_000496,1000,1100,49455,49000,455,11,PRD_000024
COMP_PHOTOCARD_BULK,PRICE_TYPE.02,(전사이즈),OPV_000496,1100,1200,53410,52800,610,14,PRD_000024
COMP_PHOTOCARD_BULK,PRICE_TYPE.02,(전사이즈),OPV_000496,1200,1300,57156,56600,556,13,PRD_000024
COMP_PHOTOCARD_BULK,PRICE_TYPE.02,(전사이즈),OPV_000496,1300,1400,60910,60500,410,10,PRD_000024
COMP_PHOTOCARD_BULK,PRICE_TYPE.02,(전사이즈),OPV_000496,1400,1500,64778,60200,4578,100,PRD_000024
COMP_PHOTOCARD_BULK,PRICE_TYPE.02,(전사이즈),OPV_000496,1800,1900,81657,80700,957,23,PRD_000024
COMP_PHOTOCARD_BULK,PRICE_TYPE.02,(전사이즈),OPV_000496,2100,2200,93510,93500,10,1,PRD_000024
COMP_PHOTOCARD_BULK,PRICE_TYPE.02,(전사이즈),OPV_000496,2300,2400,102010,102000,10,1,PRD_000024
COMP_PHOTOCARD_BULK,PRICE_TYPE.02,(전사이즈),OPV_000496,2500,2600,110509,109200,1309,31,PRD_000024
COMP_POSTER_MINI_BANNER,PRICE_TYPE.01,SIZ_000028,(무차원),4,19,117000,93100,23900,4,PRD_000145
COMP_POSTER_MINI_BANNER,PRICE_TYPE.01,SIZ_000028,(무차원),19,49,235200,205800,29400,6,PRD_000145
COMP_POSTER_MINI_BANNER,PRICE_TYPE.01,SIZ_000028,(무차원),49,99,411600,346500,65100,16,PRD_000145
COMP_POSTER_MINI_BANNER,PRICE_TYPE.01,SIZ_000028,(무차원),99,10000,34996500,28000000,6996500,1999,PRD_000145
COMP_POSTER_MINI_BANNER,PRICE_TYPE.01,SIZ_000328,(무차원),4,19,117000,93100,23900,4,PRD_000145
COMP_POSTER_MINI_BANNER,PRICE_TYPE.01,SIZ_000328,(무차원),19,49,235200,205800,29400,6,PRD_000145
COMP_POSTER_MINI_BANNER,PRICE_TYPE.01,SIZ_000328,(무차원),49,99,411600,346500,65100,16,PRD_000145
COMP_POSTER_MINI_BANNER,PRICE_TYPE.01,SIZ_000328,(무차원),99,10000,34996500,28000000,6996500,1999,PRD_000145
COMP_POSTER_MINI_STANDBOARD,PRICE_TYPE.01,SIZ_000170,(무차원),19,49,163200,161700,1500,1,PRD_000144
COMP_POSTER_MINI_STANDBOARD,PRICE_TYPE.01,SIZ_000170,(무차원),49,99,323400,306900,16500,5,PRD_000144
COMP_POSTER_MINI_STANDBOARD,PRICE_TYPE.01,SIZ_000170,(무차원),99,10000,30996900,29000000,1996900,645,PRD_000144
COMP_POSTER_MINI_STANDBOARD,PRICE_TYPE.01,SIZ_000172,(무차원),19,49,206400,205800,600,1,PRD_000144
COMP_POSTER_MINI_STANDBOARD,PRICE_TYPE.01,SIZ_000172,(무차원),49,99,411600,396000,15600,4,PRD_000144
COMP_POSTER_MINI_STANDBOARD,PRICE_TYPE.01,SIZ_000172,(무차원),99,10000,39996000,38000000,1996000,499,PRD_000144
COMP_POSTER_MINI_STANDBOARD,PRICE_TYPE.01,SIZ_000174,(무차원),49,99,597800,584100,13700,3,PRD_000144
COMP_POSTER_MINI_STANDBOARD,PRICE_TYPE.01,SIZ_000174,(무차원),99,10000,58994100,55000000,3994100,677,PRD_000144
COMP_PRINT_DIGITAL_S1,PRICE_TYPE.01,(전사이즈),SIZ_000077|POPT_000001|PROC_000004,20,25,27600,27000,600,1,PRD_000016;PRD_000017;PRD_000018;PRD_000019;PRD_000020;PRD_000021;PRD_000022;PRD_000023;PRD_000026;PRD_000027;PRD_000028;PRD_000029;PRD_000030;PRD_000041;PRD_000042;PRD_000043;PRD_000044;PRD_000045;PRD_000046;PRD_000047;PRD_000049;PRD_000051;PRD_000108;PRD_000109;PRD_000110;PRD_000111;PRD_000112;PRD_000284;PRD_000285;PRD_000286;PRD_000287;PRD_000288;PRD_000289;PRD_000290;PRD_000291;PRD_000292
COMP_PRINT_DIGITAL_S1,PRICE_TYPE.01,(전사이즈),SIZ_000077|POPT_000001|PROC_000004,25,30,31320,30300,1020,1,PRD_000016;PRD_000017;PRD_000018;PRD_000019;PRD_000020;PRD_000021;PRD_000022;PRD_000023;PRD_000026;PRD_000027;PRD_000028;PRD_000029;PRD_000030;PRD_000041;PRD_000042;PRD_000043;PRD_000044;PRD_000045;PRD_000046;PRD_000047;PRD_000049;PRD_000051;PRD_000108;PRD_000109;PRD_000110;PRD_000111;PRD_000112;PRD_000284;PRD_000285;PRD_000286;PRD_000287;PRD_000288;PRD_000289;PRD_000290;PRD_000291;PRD_000292
COMP_PRINT_DIGITAL_S1,PRICE_TYPE.01,(전사이즈),SIZ_000077|POPT_000001|PROC_000004,30,35,34340,33250,1090,2,PRD_000016;PRD_000017;PRD_000018;PRD_000019;PRD_000020;PRD_000021;PRD_000022;PRD_000023;PRD_000026;PRD_000027;PRD_000028;PRD_000029;PRD_000030;PRD_000041;PRD_000042;PRD_000043;PRD_000044;PRD_000045;PRD_000046;PRD_000047;PRD_000049;PRD_000051;PRD_000108;PRD_000109;PRD_000110;PRD_000111;PRD_000112;PRD_000284;PRD_000285;PRD_000286;PRD_000287;PRD_000288;PRD_000289;PRD_000290;PRD_000291;PRD_000292
COMP_PRINT_DIGITAL_S1,PRICE_TYPE.01,(전사이즈),SIZ_000077|POPT_000001|PROC_000004,35,40,37050,35200,1850,2,PRD_000016;PRD_000017;PRD_000018;PRD_000019;PRD_000020;PRD_000021;PRD_000022;PRD_000023;PRD_000026;PRD_000027;PRD_000028;PRD_000029;PRD_000030;PRD_000041;PRD_000042;PRD_000043;PRD_000044;PRD_000045;PRD_000046;PRD_000047;PRD_000049;PRD_000051;PRD_000108;PRD_000109;PRD_000110;PRD_000111;PRD_000112;PRD_000284;PRD_000285;PRD_000286;PRD_000287;PRD_000288;PRD_000289;PRD_000290;PRD_000291;PRD_000292
COMP_PRINT_DIGITAL_S1,PRICE_TYPE.01,(전사이즈),SIZ_000077|POPT_000001|PROC_000004,40,45,38720,36450,2270,3,PRD_000016;PRD_000017;PRD_000018;PRD_000019;PRD_000020;PRD_000021;PRD_000022;PRD_000023;PRD_000026;PRD_000027;PRD_000028;PRD_000029;PRD_000030;PRD_000041;PRD_000042;PRD_000043;PRD_000044;PRD_000045;PRD_000046;PRD_000047;PRD_000049;PRD_000051;PRD_000108;PRD_000109;PRD_000110;PRD_000111;PRD_000112;PRD_000284;PRD_000285;PRD_000286;PRD_000287;PRD_000288;PRD_000289;PRD_000290;PRD_000291;PRD_000292
COMP_PRINT_DIGITAL_S1,PRICE_TYPE.01,(전사이즈),SIZ_000077|POPT_000001|PROC_000004,45,50,39690,37500,2190,3,PRD_000016;PRD_000017;PRD_000018;PRD_000019;PRD_000020;PRD_000021;PRD_000022;PRD_000023;PRD_000026;PRD_000027;PRD_000028;PRD_000029;PRD_000030;PRD_000041;PRD_000042;PRD_000043;PRD_000044;PRD_000045;PRD_000046;PRD_000047;PRD_000049;PRD_000051;PRD_000108;PRD_000109;PRD_000110;PRD_000111;PRD_000112;PRD_000284;PRD_000285;PRD_000286;PRD_000287;PRD_000288;PRD_000289;PRD_000290;PRD_000291;PRD_000292
COMP_PRINT_DIGITAL_S1,PRICE_TYPE.01,(전사이즈),SIZ_000077|POPT_000001|PROC_000004,50,60,44250,40800,3450,5,PRD_000016;PRD_000017;PRD_000018;PRD_000019;PRD_000020;PRD_000021;PRD_000022;PRD_000023;PRD_000026;PRD_000027;PRD_000028;PRD_000029;PRD_000030;PRD_000041;PRD_000042;PRD_000043;PRD_000044;PRD_000045;PRD_000046;PRD_000047;PRD_000049;PRD_000051;PRD_000108;PRD_000109;PRD_000110;PRD_000111;PRD_000112;PRD_000284;PRD_000285;PRD_000286;PRD_000287;PRD_000288;PRD_000289;PRD_000290;PRD_000291;PRD_000292
COMP_PRINT_DIGITAL_S1,PRICE_TYPE.01,(전사이즈),SIZ_000077|POPT_000001|PROC_000004,60,70,46920,42700,4220,7,PRD_000016;PRD_000017;PRD_000018;PRD_000019;PRD_000020;PRD_000021;PRD_000022;PRD_000023;PRD_000026;PRD_000027;PRD_000028;PRD_000029;PRD_000030;PRD_000041;PRD_000042;PRD_000043;PRD_000044;PRD_000045;PRD_000046;PRD_000047;PRD_000049;PRD_000051;PRD_000108;PRD_000109;PRD_000110;PRD_000111;PRD_000112;PRD_000284;PRD_000285;PRD_000286;PRD_000287;PRD_000288;PRD_000289;PRD_000290;PRD_000291;PRD_000292
COMP_PRINT_DIGITAL_S1,PRICE_TYPE.01,(전사이즈),SIZ_000077|POPT_000001|PROC_000004,70,80,48190,43200,4990,9,PRD_000016;PRD_000017;PRD_000018;PRD_000019;PRD_000020;PRD_000021;PRD_000022;PRD_000023;PRD_000026;PRD_000027;PRD_000028;PRD_000029;PRD_000030;PRD_000041;PRD_000042;PRD_000043;PRD_000044;PRD_000045;PRD_000046;PRD_000047;PRD_000049;PRD_000051;PRD_000108;PRD_000109;PRD_000110;PRD_000111;PRD_000112;PRD_000284;PRD_000285;PRD_000286;PRD_000287;PRD_000288;PRD_000289;PRD_000290;PRD_000291;PRD_000292
COMP_PRINT_DIGITAL_S1,PRICE_TYPE.01,(전사이즈),SIZ_000077|POPT_000001|PROC_000004,80,90,48060,42300,5760,10,PRD_000016;PRD_000017;PRD_000018;PRD_000019;PRD_000020;PRD_000021;PRD_000022;PRD_000023;PRD_000026;PRD_000027;PRD_000028;PRD_000029;PRD_000030;PRD_000041;PRD_000042;PRD_000043;PRD_000044;PRD_000045;PRD_000046;PRD_000047;PRD_000049;PRD_000051;PRD_000108;PRD_000109;PRD_000110;PRD_000111;PRD_000112;PRD_000284;PRD_000285;PRD_000286;PRD_000287;PRD_000288;PRD_000289;PRD_000290;PRD_000291;PRD_000292
COMP_PRINT_DIGITAL_S1,PRICE_TYPE.01,(전사이즈),SIZ_000077|POPT_000001|PROC_000004,100,150,70030,67500,2530,6,PRD_000016;PRD_000017;PRD_000018;PRD_000019;PRD_000020;PRD_000021;PRD_000022;PRD_000023;PRD_000026;PRD_000027;PRD_000028;PRD_000029;PRD_000030;PRD_000041;PRD_000042;PRD_000043;PRD_000044;PRD_000045;PRD_000046;PRD_000047;PRD_000049;PRD_000051;PRD_000108;PRD_000109;PRD_000110;PRD_000111;PRD_000112;PRD_000284;PRD_000285;PRD_000286;PRD_000287;PRD_000288;PRD_000289;PRD_000290;PRD_000291;PRD_000292
COMP_PRINT_DIGITAL_S1,PRICE_TYPE.01,(전사이즈),SIZ_000077|POPT_000001|PROC_000004,150,200,89550,84000,5550,13,PRD_000016;PRD_000017;PRD_000018;PRD_000019;PRD_000020;PRD_000021;PRD_000022;PRD_000023;PRD_000026;PRD_000027;PRD_000028;PRD_000029;PRD_000030;PRD_000041;PRD_000042;PRD_000043;PRD_000044;PRD_000045;PRD_000046;PRD_000047;PRD_000049;PRD_000051;PRD_000108;PRD_000109;PRD_000110;PRD_000111;PRD_000112;PRD_000284;PRD_000285;PRD_000286;PRD_000287;PRD_000288;PRD_000289;PRD_000290;PRD_000291;PRD_000292
COMP_PRINT_DIGITAL_S1,PRICE_TYPE.01,(전사이즈),SIZ_000077|POPT_000001|PROC_000004,200,250,104580,97500,7080,17,PRD_000016;PRD_000017;PRD_000018;PRD_000019;PRD_000020;PRD_000021;PRD_000022;PRD_000023;PRD_000026;PRD_000027;PRD_000028;PRD_000029;PRD_000030;PRD_000041;PRD_000042;PRD_000043;PRD_000044;PRD_000045;PRD_000046;PRD_000047;PRD_000049;PRD_000051;PRD_000108;PRD_000109;PRD_000110;PRD_000111;PRD_000112;PRD_000284;PRD_000285;PRD_000286;PRD_000287;PRD_000288;PRD_000289;PRD_000290;PRD_000291;PRD_000292
COMP_PRINT_DIGITAL_S1,PRICE_TYPE.01,(전사이즈),SIZ_000077|POPT_000001|PROC_000004,250,300,116610,108000,8610,23,PRD_000016;PRD_000017;PRD_000018;PRD_000019;PRD_000020;PRD_000021;PRD_000022;PRD_000023;PRD_000026;PRD_000027;PRD_000028;PRD_000029;PRD_000030;PRD_000041;PRD_000042;PRD_000043;PRD_000044;PRD_000045;PRD_000046;PRD_000047;PRD_000049;PRD_000051;PRD_000108;PRD_000109;PRD_000110;PRD_000111;PRD_000112;PRD_000284;PRD_000285;PRD_000286;PRD_000287;PRD_000288;PRD_000289;PRD_000290;PRD_000291;PRD_000292
COMP_PRINT_DIGITAL_S1,PRICE_TYPE.01,(전사이즈),SIZ_000077|POPT_000001|PROC_000004,300,350,125640,119000,6640,19,PRD_000016;PRD_000017;PRD_000018;PRD_000019;PRD_000020;PRD_000021;PRD_000022;PRD_000023;PRD_000026;PRD_000027;PRD_000028;PRD_000029;PRD_000030;PRD_000041;PRD_000042;PRD_000043;PRD_000044;PRD_000045;PRD_000046;PRD_000047;PRD_000049;PRD_000051;PRD_000108;PRD_000109;PRD_000110;PRD_000111;PRD_000112;PRD_000284;PRD_000285;PRD_000286;PRD_000287;PRD_000288;PRD_000289;PRD_000290;PRD_000291;PRD_000292
COMP_PRINT_DIGITAL_S1,PRICE_TYPE.01,(전사이즈),SIZ_000077|POPT_000001|PROC_000004,350,400,135660,124000,11660,35,PRD_000016;PRD_000017;PRD_000018;PRD_000019;PRD_000020;PRD_000021;PRD_000022;PRD_000023;PRD_000026;PRD_000027;PRD_000028;PRD_000029;PRD_000030;PRD_000041;PRD_000042;PRD_000043;PRD_000044;PRD_000045;PRD_000046;PRD_000047;PRD_000049;PRD_000051;PRD_000108;PRD_000109;PRD_000110;PRD_000111;PRD_000112;PRD_000284;PRD_000285;PRD_000286;PRD_000287;PRD_000288;PRD_000289;PRD_000290;PRD_000291;PRD_000292
COMP_PRINT_DIGITAL_S1,PRICE_TYPE.01,(전사이즈),SIZ_000077|POPT_000001|PROC_000004,400,450,139190,126000,13190,43,PRD_000016;PRD_000017;PRD_000018;PRD_000019;PRD_000020;PRD_000021;PRD_000022;PRD_000023;PRD_000026;PRD_000027;PRD_000028;PRD_000029;PRD_000030;PRD_000041;PRD_000042;PRD_000043;PRD_000044;PRD_000045;PRD_000046;PRD_000047;PRD_000049;PRD_000051;PRD_000108;PRD_000109;PRD_000110;PRD_000111;PRD_000112;PRD_000284;PRD_000285;PRD_000286;PRD_000287;PRD_000288;PRD_000289;PRD_000290;PRD_000291;PRD_000292
COMP_PRINT_DIGITAL_S1,PRICE_TYPE.01,(전사이즈),SIZ_000077|POPT_000001|PROC_000004,450,500,139720,130000,9720,35,PRD_000016;PRD_000017;PRD_000018;PRD_000019;PRD_000020;PRD_000021;PRD_000022;PRD_000023;PRD_000026;PRD_000027;PRD_000028;PRD_000029;PRD_000030;PRD_000041;PRD_000042;PRD_000043;PRD_000044;PRD_000045;PRD_000046;PRD_000047;PRD_000049;PRD_000051;PRD_000108;PRD_000109;PRD_000110;PRD_000111;PRD_000112;PRD_000284;PRD_000285;PRD_000286;PRD_000287;PRD_000288;PRD_000289;PRD_000290;PRD_000291;PRD_000292
COMP_PRINT_DIGITAL_S1,PRICE_TYPE.01,(전사이즈),SIZ_000077|POPT_000001|PROC_000004,500,600,155740,150000,5740,23,PRD_000016;PRD_000017;PRD_000018;PRD_000019;PRD_000020;PRD_000021;PRD_000022;PRD_000023;PRD_000026;PRD_000027;PRD_000028;PRD_000029;PRD_000030;PRD_000041;PRD_000042;PRD_000043;PRD_000044;PRD_000045;PRD_000046;PRD_000047;PRD_000049;PRD_000051;PRD_000108;PRD_000109;PRD_000110;PRD_000111;PRD_000112;PRD_000284;PRD_000285;PRD_000286;PRD_000287;PRD_000288;PRD_000289;PRD_000290;PRD_000291;PRD_000292
COMP_PRINT_DIGITAL_S1,PRICE_TYPE.01,(전사이즈),SIZ_000077|POPT_000001|PROC_000004,600,700,174750,168000,6750,27,PRD_000016;PRD_000017;PRD_000018;PRD_000019;PRD_000020;PRD_000021;PRD_000022;PRD_000023;PRD_000026;PRD_000027;PRD_000028;PRD_000029;PRD_000030;PRD_000041;PRD_000042;PRD_000043;PRD_000044;PRD_000045;PRD_000046;PRD_000047;PRD_000049;PRD_000051;PRD_000108;PRD_000109;PRD_000110;PRD_000111;PRD_000112;PRD_000284;PRD_000285;PRD_000286;PRD_000287;PRD_000288;PRD_000289;PRD_000290;PRD_000291;PRD_000292
COMP_PRINT_DIGITAL_S1,PRICE_TYPE.01,(전사이즈),SIZ_000077|POPT_000001|PROC_000004,800,900,215760,207000,8760,37,PRD_000016;PRD_000017;PRD_000018;PRD_000019;PRD_000020;PRD_000021;PRD_000022;PRD_000023;PRD_000026;PRD_000027;PRD_000028;PRD_000029;PRD_000030;PRD_000041;PRD_000042;PRD_000043;PRD_000044;PRD_000045;PRD_000046;PRD_000047;PRD_000049;PRD_000051;PRD_000108;PRD_000109;PRD_000110;PRD_000111;PRD_000112;PRD_000284;PRD_000285;PRD_000286;PRD_000287;PRD_000288;PRD_000289;PRD_000290;PRD_000291;PRD_000292
COMP_PRINT_DIGITAL_S1,PRICE_TYPE.01,(전사이즈),SIZ_000077|POPT_000001|PROC_000004,900,1000,229770,220000,9770,43,PRD_000016;PRD_000017;PRD_000018;PRD_000019;PRD_000020;PRD_000021;PRD_000022;PRD_000023;PRD_000026;PRD_000027;PRD_000028;PRD_000029;PRD_000030;PRD_000041;PRD_000042;PRD_000043;PRD_000044;PRD_000045;PRD_000046;PRD_000047;PRD_000049;PRD_000051;PRD_000108;PRD_000109;PRD_000110;PRD_000111;PRD_000112;PRD_000284;PRD_000285;PRD_000286;PRD_000287;PRD_000288;PRD_000289;PRD_000290;PRD_000291;PRD_000292
COMP_PRINT_DIGITAL_S1,PRICE_TYPE.01,(전사이즈),SIZ_000077|POPT_000001|PROC_000004,1600,1800,395780,378000,17780,81,PRD_000016;PRD_000017;PRD_000018;PRD_000019;PRD_000020;PRD_000021;PRD_000022;PRD_000023;PRD_000026;PRD_000027;PRD_000028;PRD_000029;PRD_000030;PRD_000041;PRD_000042;PRD_000043;PRD_000044;PRD_000045;PRD_000046;PRD_000047;PRD_000049;PRD_000051;PRD_000108;PRD_000109;PRD_000110;PRD_000111;PRD_000112;PRD_000284;PRD_000285;PRD_000286;PRD_000287;PRD_000288;PRD_000289;PRD_000290;PRD_000291;PRD_000292
COMP_PRINT_DIGITAL_S1,PRICE_TYPE.01,(전사이즈),SIZ_000077|POPT_000001|PROC_000004,3500,4000,839790,800000,39790,190,PRD_000016;PRD_000017;PRD_000018;PRD_000019;PRD_000020;PRD_000021;PRD_000022;PRD_000023;PRD_000026;PRD_000027;PRD_000028;PRD_000029;PRD_000030;PRD_000041;PRD_000042;PRD_000043;PRD_000044;PRD_000045;PRD_000046;PRD_000047;PRD_000049;PRD_000051;PRD_000108;PRD_000109;PRD_000110;PRD_000111;PRD_000112;PRD_000284;PRD_000285;PRD_000286;PRD_000287;PRD_000288;PRD_000289;PRD_000290;PRD_000291;PRD_000292
COMP_PRINT_DIGITAL_S1,PRICE_TYPE.01,(전사이즈),SIZ_000077|POPT_000001|PROC_000004,8000,9000,1799800,1710000,89800,449,PRD_000016;PRD_000017;PRD_000018;PRD_000019;PRD_000020;PRD_000021;PRD_000022;PRD_000023;PRD_000026;PRD_000027;PRD_000028;PRD_000029;PRD_000030;PRD_000041;PRD_000042;PRD_000043;PRD_000044;PRD_000045;PRD_000046;PRD_000047;PRD_000049;PRD_000051;PRD_000108;PRD_000109;PRD_000110;PRD_000111;PRD_000112;PRD_000284;PRD_000285;PRD_000286;PRD_000287;PRD_000288;PRD_000289;PRD_000290;PRD_000291;PRD_000292
COMP_PRINT_DIGITAL_S1,PRICE_TYPE.01,(전사이즈),SIZ_000499|POPT_000001|PROC_000004,10,15,14000,13500,500,1,PRD_000016;PRD_000017;PRD_000018;PRD_000019;PRD_000020;PRD_000021;PRD_000022;PRD_000023;PRD_000026;PRD_000027;PRD_000028;PRD_000029;PRD_000030;PRD_000041;PRD_000042;PRD_000043;PRD_000044;PRD_000045;PRD_000046;PRD_000047;PRD_000049;PRD_000051;PRD_000108;PRD_000109;PRD_000110;PRD_000111;PRD_000112;PRD_000284;PRD_000285;PRD_000286;PRD_000287;PRD_000288;PRD_000289;PRD_000290;PRD_000291;PRD_000292
COMP_PRINT_DIGITAL_S1,PRICE_TYPE.01,(전사이즈),SIZ_000499|POPT_000001|PROC_000004,15,20,17100,17000,100,1,PRD_000016;PRD_000017;PRD_000018;PRD_000019;PRD_000020;PRD_000021;PRD_000022;PRD_000023;PRD_000026;PRD_000027;PRD_000028;PRD_000029;PRD_000030;PRD_000041;PRD_000042;PRD_000043;PRD_000044;PRD_000045;PRD_000046;PRD_000047;PRD_000049;PRD_000051;PRD_000108;PRD_000109;PRD_000110;PRD_000111;PRD_000112;PRD_000284;PRD_000285;PRD_000286;PRD_000287;PRD_000288;PRD_000289;PRD_000290;PRD_000291;PRD_000292
COMP_PRINT_DIGITAL_S1,PRICE_TYPE.01,(전사이즈),SIZ_000499|POPT_000001|PROC_000004,20,25,20400,20000,400,1,PRD_000016;PRD_000017;PRD_000018;PRD_000019;PRD_000020;PRD_000021;PRD_000022;PRD_000023;PRD_000026;PRD_000027;PRD_000028;PRD_000029;PRD_000030;PRD_000041;PRD_000042;PRD_000043;PRD_000044;PRD_000045;PRD_000046;PRD_000047;PRD_000049;PRD_000051;PRD_000108;PRD_000109;PRD_000110;PRD_000111;PRD_000112;PRD_000284;PRD_000285;PRD_000286;PRD_000287;PRD_000288;PRD_000289;PRD_000290;PRD_000291;PRD_000292
COMP_PRINT_DIGITAL_S1,PRICE_TYPE.01,(전사이즈),SIZ_000499|POPT_000001|PROC_000004,25,30,23200,22500,700,1,PRD_000016;PRD_000017;PRD_000018;PRD_000019;PRD_000020;PRD_000021;PRD_000022;PRD_000023;PRD_000026;PRD_000027;PRD_000028;PRD_000029;PRD_000030;PRD_000041;PRD_000042;PRD_000043;PRD_000044;PRD_000045;PRD_000046;PRD_000047;PRD_000049;PRD_000051;PRD_000108;PRD_000109;PRD_000110;PRD_000111;PRD_000112;PRD_000284;PRD_000285;PRD_000286;PRD_000287;PRD_000288;PRD_000289;PRD_000290;PRD_000291;PRD_000292
COMP_PRINT_DIGITAL_S1,PRICE_TYPE.01,(전사이즈),SIZ_000499|POPT_000001|PROC_000004,30,35,25500,24500,1000,2,PRD_000016;PRD_000017;PRD_000018;PRD_000019;PRD_000020;PRD_000021;PRD_000022;PRD_000023;PRD_000026;PRD_000027;PRD_000028;PRD_000029;PRD_000030;PRD_000041;PRD_000042;PRD_000043;PRD_000044;PRD_000045;PRD_000046;PRD_000047;PRD_000049;PRD_000051;PRD_000108;PRD_000109;PRD_000110;PRD_000111;PRD_000112;PRD_000284;PRD_000285;PRD_000286;PRD_000287;PRD_000288;PRD_000289;PRD_000290;PRD_000291;PRD_000292
COMP_PRINT_DIGITAL_S1,PRICE_TYPE.01,(전사이즈),SIZ_000499|POPT_000001|PROC_000004,35,40,27300,26000,1300,2,PRD_000016;PRD_000017;PRD_000018;PRD_000019;PRD_000020;PRD_000021;PRD_000022;PRD_000023;PRD_000026;PRD_000027;PRD_000028;PRD_000029;PRD_000030;PRD_000041;PRD_000042;PRD_000043;PRD_000044;PRD_000045;PRD_000046;PRD_000047;PRD_000049;PRD_000051;PRD_000108;PRD_000109;PRD_000110;PRD_000111;PRD_000112;PRD_000284;PRD_000285;PRD_000286;PRD_000287;PRD_000288;PRD_000289;PRD_000290;PRD_000291;PRD_000292
COMP_PRINT_DIGITAL_S1,PRICE_TYPE.01,(전사이즈),SIZ_000499|POPT_000001|PROC_000004,40,45,28600,27000,1600,3,PRD_000016;PRD_000017;PRD_000018;PRD_000019;PRD_000020;PRD_000021;PRD_000022;PRD_000023;PRD_000026;PRD_000027;PRD_000028;PRD_000029;PRD_000030;PRD_000041;PRD_000042;PRD_000043;PRD_000044;PRD_000045;PRD_000046;PRD_000047;PRD_000049;PRD_000051;PRD_000108;PRD_000109;PRD_000110;PRD_000111;PRD_000112;PRD_000284;PRD_000285;PRD_000286;PRD_000287;PRD_000288;PRD_000289;PRD_000290;PRD_000291;PRD_000292
COMP_PRINT_DIGITAL_S1,PRICE_TYPE.01,(전사이즈),SIZ_000499|POPT_000001|PROC_000004,45,50,29400,27500,1900,4,PRD_000016;PRD_000017;PRD_000018;PRD_000019;PRD_000020;PRD_000021;PRD_000022;PRD_000023;PRD_000026;PRD_000027;PRD_000028;PRD_000029;PRD_000030;PRD_000041;PRD_000042;PRD_000043;PRD_000044;PRD_000045;PRD_000046;PRD_000047;PRD_000049;PRD_000051;PRD_000108;PRD_000109;PRD_000110;PRD_000111;PRD_000112;PRD_000284;PRD_000285;PRD_000286;PRD_000287;PRD_000288;PRD_000289;PRD_000290;PRD_000291;PRD_000292
COMP_PRINT_DIGITAL_S1,PRICE_TYPE.01,(전사이즈),SIZ_000499|POPT_000001|PROC_000004,50,60,32450,30000,2450,5,PRD_000016;PRD_000017;PRD_000018;PRD_000019;PRD_000020;PRD_000021;PRD_000022;PRD_000023;PRD_000026;PRD_000027;PRD_000028;PRD_000029;PRD_000030;PRD_000041;PRD_000042;PRD_000043;PRD_000044;PRD_000045;PRD_000046;PRD_000047;PRD_000049;PRD_000051;PRD_000108;PRD_000109;PRD_000110;PRD_000111;PRD_000112;PRD_000284;PRD_000285;PRD_000286;PRD_000287;PRD_000288;PRD_000289;PRD_000290;PRD_000291;PRD_000292
COMP_PRINT_DIGITAL_S1,PRICE_TYPE.01,(전사이즈),SIZ_000499|POPT_000001|PROC_000004,60,70,34500,31500,3000,6,PRD_000016;PRD_000017;PRD_000018;PRD_000019;PRD_000020;PRD_000021;PRD_000022;PRD_000023;PRD_000026;PRD_000027;PRD_000028;PRD_000029;PRD_000030;PRD_000041;PRD_000042;PRD_000043;PRD_000044;PRD_000045;PRD_000046;PRD_000047;PRD_000049;PRD_000051;PRD_000108;PRD_000109;PRD_000110;PRD_000111;PRD_000112;PRD_000284;PRD_000285;PRD_000286;PRD_000287;PRD_000288;PRD_000289;PRD_000290;PRD_000291;PRD_000292
COMP_PRINT_DIGITAL_S1,PRICE_TYPE.01,(전사이즈),SIZ_000499|POPT_000001|PROC_000004,70,80,35550,32000,3550,8,PRD_000016;PRD_000017;PRD_000018;PRD_000019;PRD_000020;PRD_000021;PRD_000022;PRD_000023;PRD_000026;PRD_000027;PRD_000028;PRD_000029;PRD_000030;PRD_000041;PRD_000042;PRD_000043;PRD_000044;PRD_000045;PRD_000046;PRD_000047;PRD_000049;PRD_000051;PRD_000108;PRD_000109;PRD_000110;PRD_000111;PRD_000112;PRD_000284;PRD_000285;PRD_000286;PRD_000287;PRD_000288;PRD_000289;PRD_000290;PRD_000291;PRD_000292
COMP_PRINT_DIGITAL_S1,PRICE_TYPE.01,(전사이즈),SIZ_000499|POPT_000001|PROC_000004,80,90,35600,31500,4100,10,PRD_000016;PRD_000017;PRD_000018;PRD_000019;PRD_000020;PRD_000021;PRD_000022;PRD_000023;PRD_000026;PRD_000027;PRD_000028;PRD_000029;PRD_000030;PRD_000041;PRD_000042;PRD_000043;PRD_000044;PRD_000045;PRD_000046;PRD_000047;PRD_000049;PRD_000051;PRD_000108;PRD_000109;PRD_000110;PRD_000111;PRD_000112;PRD_000284;PRD_000285;PRD_000286;PRD_000287;PRD_000288;PRD_000289;PRD_000290;PRD_000291;PRD_000292
COMP_PRINT_DIGITAL_S1,PRICE_TYPE.01,(전사이즈),SIZ_000499|POPT_000001|PROC_000004,100,150,52150,49500,2650,8,PRD_000016;PRD_000017;PRD_000018;PRD_000019;PRD_000020;PRD_000021;PRD_000022;PRD_000023;PRD_000026;PRD_000027;PRD_000028;PRD_000029;PRD_000030;PRD_000041;PRD_000042;PRD_000043;PRD_000044;PRD_000045;PRD_000046;PRD_000047;PRD_000049;PRD_000051;PRD_000108;PRD_000109;PRD_000110;PRD_000111;PRD_000112;PRD_000284;PRD_000285;PRD_000286;PRD_000287;PRD_000288;PRD_000289;PRD_000290;PRD_000291;PRD_000292
COMP_PRINT_DIGITAL_S1,PRICE_TYPE.01,(전사이즈),SIZ_000499|POPT_000001|PROC_000004,150,200,65670,62000,3670,12,PRD_000016;PRD_000017;PRD_000018;PRD_000019;PRD_000020;PRD_000021;PRD_000022;PRD_000023;PRD_000026;PRD_000027;PRD_000028;PRD_000029;PRD_000030;PRD_000041;PRD_000042;PRD_000043;PRD_000044;PRD_000045;PRD_000046;PRD_000047;PRD_000049;PRD_000051;PRD_000108;PRD_000109;PRD_000110;PRD_000111;PRD_000112;PRD_000284;PRD_000285;PRD_000286;PRD_000287;PRD_000288;PRD_000289;PRD_000290;PRD_000291;PRD_000292
COMP_PRINT_DIGITAL_S1,PRICE_TYPE.01,(전사이즈),SIZ_000499|POPT_000001|PROC_000004,200,250,77190,72500,4690,16,PRD_000016;PRD_000017;PRD_000018;PRD_000019;PRD_000020;PRD_000021;PRD_000022;PRD_000023;PRD_000026;PRD_000027;PRD_000028;PRD_000029;PRD_000030;PRD_000041;PRD_000042;PRD_000043;PRD_000044;PRD_000045;PRD_000046;PRD_000047;PRD_000049;PRD_000051;PRD_000108;PRD_000109;PRD_000110;PRD_000111;PRD_000112;PRD_000284;PRD_000285;PRD_000286;PRD_000287;PRD_000288;PRD_000289;PRD_000290;PRD_000291;PRD_000292
COMP_PRINT_DIGITAL_S1,PRICE_TYPE.01,(전사이즈),SIZ_000499|POPT_000001|PROC_000004,250,300,86710,81000,5710,20,PRD_000016;PRD_000017;PRD_000018;PRD_000019;PRD_000020;PRD_000021;PRD_000022;PRD_000023;PRD_000026;PRD_000027;PRD_000028;PRD_000029;PRD_000030;PRD_000041;PRD_000042;PRD_000043;PRD_000044;PRD_000045;PRD_000046;PRD_000047;PRD_000049;PRD_000051;PRD_000108;PRD_000109;PRD_000110;PRD_000111;PRD_000112;PRD_000284;PRD_000285;PRD_000286;PRD_000287;PRD_000288;PRD_000289;PRD_000290;PRD_000291;PRD_000292
COMP_PRINT_DIGITAL_S1,PRICE_TYPE.01,(전사이즈),SIZ_000499|POPT_000001|PROC_000004,300,350,94230,87500,6730,25,PRD_000016;PRD_000017;PRD_000018;PRD_000019;PRD_000020;PRD_000021;PRD_000022;PRD_000023;PRD_000026;PRD_000027;PRD_000028;PRD_000029;PRD_000030;PRD_000041;PRD_000042;PRD_000043;PRD_000044;PRD_000045;PRD_000046;PRD_000047;PRD_000049;PRD_000051;PRD_000108;PRD_000109;PRD_000110;PRD_000111;PRD_000112;PRD_000284;PRD_000285;PRD_000286;PRD_000287;PRD_000288;PRD_000289;PRD_000290;PRD_000291;PRD_000292
COMP_PRINT_DIGITAL_S1,PRICE_TYPE.01,(전사이즈),SIZ_000499|POPT_000001|PROC_000004,350,400,99750,92000,7750,31,PRD_000016;PRD_000017;PRD_000018;PRD_000019;PRD_000020;PRD_000021;PRD_000022;PRD_000023;PRD_000026;PRD_000027;PRD_000028;PRD_000029;PRD_000030;PRD_000041;PRD_000042;PRD_000043;PRD_000044;PRD_000045;PRD_000046;PRD_000047;PRD_000049;PRD_000051;PRD_000108;PRD_000109;PRD_000110;PRD_000111;PRD_000112;PRD_000284;PRD_000285;PRD_000286;PRD_000287;PRD_000288;PRD_000289;PRD_000290;PRD_000291;PRD_000292
COMP_PRINT_DIGITAL_S1,PRICE_TYPE.01,(전사이즈),SIZ_000499|POPT_000001|PROC_000004,400,450,103270,94500,8770,39,PRD_000016;PRD_000017;PRD_000018;PRD_000019;PRD_000020;PRD_000021;PRD_000022;PRD_000023;PRD_000026;PRD_000027;PRD_000028;PRD_000029;PRD_000030;PRD_000041;PRD_000042;PRD_000043;PRD_000044;PRD_000045;PRD_000046;PRD_000047;PRD_000049;PRD_000051;PRD_000108;PRD_000109;PRD_000110;PRD_000111;PRD_000112;PRD_000284;PRD_000285;PRD_000286;PRD_000287;PRD_000288;PRD_000289;PRD_000290;PRD_000291;PRD_000292
COMP_PRINT_DIGITAL_S1,PRICE_TYPE.01,(전사이즈),SIZ_000499|POPT_000001|PROC_000004,450,500,104790,95000,9790,47,PRD_000016;PRD_000017;PRD_000018;PRD_000019;PRD_000020;PRD_000021;PRD_000022;PRD_000023;PRD_000026;PRD_000027;PRD_000028;PRD_000029;PRD_000030;PRD_000041;PRD_000042;PRD_000043;PRD_000044;PRD_000045;PRD_000046;PRD_000047;PRD_000049;PRD_000051;PRD_000108;PRD_000109;PRD_000110;PRD_000111;PRD_000112;PRD_000284;PRD_000285;PRD_000286;PRD_000287;PRD_000288;PRD_000289;PRD_000290;PRD_000291;PRD_000292
COMP_PRINT_DIGITAL_S1,PRICE_TYPE.01,(전사이즈),SIZ_000499|POPT_000001|PROC_000004,500,600,113810,111000,2810,15,PRD_000016;PRD_000017;PRD_000018;PRD_000019;PRD_000020;PRD_000021;PRD_000022;PRD_000023;PRD_000026;PRD_000027;PRD_000028;PRD_000029;PRD_000030;PRD_000041;PRD_000042;PRD_000043;PRD_000044;PRD_000045;PRD_000046;PRD_000047;PRD_000049;PRD_000051;PRD_000108;PRD_000109;PRD_000110;PRD_000111;PRD_000112;PRD_000284;PRD_000285;PRD_000286;PRD_000287;PRD_000288;PRD_000289;PRD_000290;PRD_000291;PRD_000292
COMP_PRINT_DIGITAL_S1,PRICE_TYPE.01,(전사이즈),SIZ_000499|POPT_000001|PROC_000004,600,700,129315,126000,3315,18,PRD_000016;PRD_000017;PRD_000018;PRD_000019;PRD_000020;PRD_000021;PRD_000022;PRD_000023;PRD_000026;PRD_000027;PRD_000028;PRD_000029;PRD_000030;PRD_000041;PRD_000042;PRD_000043;PRD_000044;PRD_000045;PRD_000046;PRD_000047;PRD_000049;PRD_000051;PRD_000108;PRD_000109;PRD_000110;PRD_000111;PRD_000112;PRD_000284;PRD_000285;PRD_000286;PRD_000287;PRD_000288;PRD_000289;PRD_000290;PRD_000291;PRD_000292
COMP_PRINT_DIGITAL_S1,PRICE_TYPE.01,(전사이즈),SIZ_000499|POPT_000001|PROC_000004,700,800,143820,140000,3820,22,PRD_000016;PRD_000017;PRD_000018;PRD_000019;PRD_000020;PRD_000021;PRD_000022;PRD_000023;PRD_000026;PRD_000027;PRD_000028;PRD_000029;PRD_000030;PRD_000041;PRD_000042;PRD_000043;PRD_000044;PRD_000045;PRD_000046;PRD_000047;PRD_000049;PRD_000051;PRD_000108;PRD_000109;PRD_000110;PRD_000111;PRD_000112;PRD_000284;PRD_000285;PRD_000286;PRD_000287;PRD_000288;PRD_000289;PRD_000290;PRD_000291;PRD_000292
COMP_PRINT_DIGITAL_S1,PRICE_TYPE.01,(전사이즈),SIZ_000499|POPT_000001|PROC_000004,800,900,157325,153000,4325,25,PRD_000016;PRD_000017;PRD_000018;PRD_000019;PRD_000020;PRD_000021;PRD_000022;PRD_000023;PRD_000026;PRD_000027;PRD_000028;PRD_000029;PRD_000030;PRD_000041;PRD_000042;PRD_000043;PRD_000044;PRD_000045;PRD_000046;PRD_000047;PRD_000049;PRD_000051;PRD_000108;PRD_000109;PRD_000110;PRD_000111;PRD_000112;PRD_000284;PRD_000285;PRD_000286;PRD_000287;PRD_000288;PRD_000289;PRD_000290;PRD_000291;PRD_000292
COMP_PRINT_DIGITAL_S1,PRICE_TYPE.01,(전사이즈),SIZ_000499|POPT_000001|PROC_000004,900,1000,169830,165000,4830,29,PRD_000016;PRD_000017;PRD_000018;PRD_000019;PRD_000020;PRD_000021;PRD_000022;PRD_000023;PRD_000026;PRD_000027;PRD_000028;PRD_000029;PRD_000030;PRD_000041;PRD_000042;PRD_000043;PRD_000044;PRD_000045;PRD_000046;PRD_000047;PRD_000049;PRD_000051;PRD_000108;PRD_000109;PRD_000110;PRD_000111;PRD_000112;PRD_000284;PRD_000285;PRD_000286;PRD_000287;PRD_000288;PRD_000289;PRD_000290;PRD_000291;PRD_000292
COMP_PRINT_DIGITAL_S1,PRICE_TYPE.01,(전사이즈),SIZ_000499|POPT_000001|PROC_000004,1000,1200,197835,195600,2235,14,PRD_000016;PRD_000017;PRD_000018;PRD_000019;PRD_000020;PRD_000021;PRD_000022;PRD_000023;PRD_000026;PRD_000027;PRD_000028;PRD_000029;PRD_000030;PRD_000041;PRD_000042;PRD_000043;PRD_000044;PRD_000045;PRD_000046;PRD_000047;PRD_000049;PRD_000051;PRD_000108;PRD_000109;PRD_000110;PRD_000111;PRD_000112;PRD_000284;PRD_000285;PRD_000286;PRD_000287;PRD_000288;PRD_000289;PRD_000290;PRD_000291;PRD_000292
COMP_PRINT_DIGITAL_S1,PRICE_TYPE.01,(전사이즈),SIZ_000499|POPT_000001|PROC_000004,1200,1400,228037,225400,2637,17,PRD_000016;PRD_000017;PRD_000018;PRD_000019;PRD_000020;PRD_000021;PRD_000022;PRD_000023;PRD_000026;PRD_000027;PRD_000028;PRD_000029;PRD_000030;PRD_000041;PRD_000042;PRD_000043;PRD_000044;PRD_000045;PRD_000046;PRD_000047;PRD_000049;PRD_000051;PRD_000108;PRD_000109;PRD_000110;PRD_000111;PRD_000112;PRD_000284;PRD_000285;PRD_000286;PRD_000287;PRD_000288;PRD_000289;PRD_000290;PRD_000291;PRD_000292
COMP_PRINT_DIGITAL_S1,PRICE_TYPE.01,(전사이즈),SIZ_000499|POPT_000001|PROC_000004,1400,1600,257439,254400,3039,19,PRD_000016;PRD_000017;PRD_000018;PRD_000019;PRD_000020;PRD_000021;PRD_000022;PRD_000023;PRD_000026;PRD_000027;PRD_000028;PRD_000029;PRD_000030;PRD_000041;PRD_000042;PRD_000043;PRD_000044;PRD_000045;PRD_000046;PRD_000047;PRD_000049;PRD_000051;PRD_000108;PRD_000109;PRD_000110;PRD_000111;PRD_000112;PRD_000284;PRD_000285;PRD_000286;PRD_000287;PRD_000288;PRD_000289;PRD_000290;PRD_000291;PRD_000292
COMP_PRINT_DIGITAL_S1,PRICE_TYPE.01,(전사이즈),SIZ_000499|POPT_000001|PROC_000004,1600,1800,286041,282600,3441,22,PRD_000016;PRD_000017;PRD_000018;PRD_000019;PRD_000020;PRD_000021;PRD_000022;PRD_000023;PRD_000026;PRD_000027;PRD_000028;PRD_000029;PRD_000030;PRD_000041;PRD_000042;PRD_000043;PRD_000044;PRD_000045;PRD_000046;PRD_000047;PRD_000049;PRD_000051;PRD_000108;PRD_000109;PRD_000110;PRD_000111;PRD_000112;PRD_000284;PRD_000285;PRD_000286;PRD_000287;PRD_000288;PRD_000289;PRD_000290;PRD_000291;PRD_000292
COMP_PRINT_DIGITAL_S1,PRICE_TYPE.01,(전사이즈),SIZ_000499|POPT_000001|PROC_000004,1800,2000,313843,310000,3843,25,PRD_000016;PRD_000017;PRD_000018;PRD_000019;PRD_000020;PRD_000021;PRD_000022;PRD_000023;PRD_000026;PRD_000027;PRD_000028;PRD_000029;PRD_000030;PRD_000041;PRD_000042;PRD_000043;PRD_000044;PRD_000045;PRD_000046;PRD_000047;PRD_000049;PRD_000051;PRD_000108;PRD_000109;PRD_000110;PRD_000111;PRD_000112;PRD_000284;PRD_000285;PRD_000286;PRD_000287;PRD_000288;PRD_000289;PRD_000290;PRD_000291;PRD_000292
COMP_PRINT_DIGITAL_S1,PRICE_TYPE.01,(전사이즈),SIZ_000499|POPT_000001|PROC_000004,2000,2500,387345,385000,2345,16,PRD_000016;PRD_000017;PRD_000018;PRD_000019;PRD_000020;PRD_000021;PRD_000022;PRD_000023;PRD_000026;PRD_000027;PRD_000028;PRD_000029;PRD_000030;PRD_000041;PRD_000042;PRD_000043;PRD_000044;PRD_000045;PRD_000046;PRD_000047;PRD_000049;PRD_000051;PRD_000108;PRD_000109;PRD_000110;PRD_000111;PRD_000112;PRD_000284;PRD_000285;PRD_000286;PRD_000287;PRD_000288;PRD_000289;PRD_000290;PRD_000291;PRD_000292
COMP_PRINT_DIGITAL_S1,PRICE_TYPE.01,(전사이즈),SIZ_000499|POPT_000001|PROC_000004,2500,3000,461846,459000,2846,19,PRD_000016;PRD_000017;PRD_000018;PRD_000019;PRD_000020;PRD_000021;PRD_000022;PRD_000023;PRD_000026;PRD_000027;PRD_000028;PRD_000029;PRD_000030;PRD_000041;PRD_000042;PRD_000043;PRD_000044;PRD_000045;PRD_000046;PRD_000047;PRD_000049;PRD_000051;PRD_000108;PRD_000109;PRD_000110;PRD_000111;PRD_000112;PRD_000284;PRD_000285;PRD_000286;PRD_000287;PRD_000288;PRD_000289;PRD_000290;PRD_000291;PRD_000292
COMP_PRINT_DIGITAL_S1,PRICE_TYPE.01,(전사이즈),SIZ_000499|POPT_000001|PROC_000004,3000,3500,535347,532000,3347,22,PRD_000016;PRD_000017;PRD_000018;PRD_000019;PRD_000020;PRD_000021;PRD_000022;PRD_000023;PRD_000026;PRD_000027;PRD_000028;PRD_000029;PRD_000030;PRD_000041;PRD_000042;PRD_000043;PRD_000044;PRD_000045;PRD_000046;PRD_000047;PRD_000049;PRD_000051;PRD_000108;PRD_000109;PRD_000110;PRD_000111;PRD_000112;PRD_000284;PRD_000285;PRD_000286;PRD_000287;PRD_000288;PRD_000289;PRD_000290;PRD_000291;PRD_000292
COMP_PRINT_DIGITAL_S1,PRICE_TYPE.01,(전사이즈),SIZ_000499|POPT_000001|PROC_000004,3500,4000,607848,604000,3848,26,PRD_000016;PRD_000017;PRD_000018;PRD_000019;PRD_000020;PRD_000021;PRD_000022;PRD_000023;PRD_000026;PRD_000027;PRD_000028;PRD_000029;PRD_000030;PRD_000041;PRD_000042;PRD_000043;PRD_000044;PRD_000045;PRD_000046;PRD_000047;PRD_000049;PRD_000051;PRD_000108;PRD_000109;PRD_000110;PRD_000111;PRD_000112;PRD_000284;PRD_000285;PRD_000286;PRD_000287;PRD_000288;PRD_000289;PRD_000290;PRD_000291;PRD_000292
COMP_PRINT_DIGITAL_S1,PRICE_TYPE.01,(전사이즈),SIZ_000499|POPT_000001|PROC_000004,4000,4500,679349,675000,4349,29,PRD_000016;PRD_000017;PRD_000018;PRD_000019;PRD_000020;PRD_000021;PRD_000022;PRD_000023;PRD_000026;PRD_000027;PRD_000028;PRD_000029;PRD_000030;PRD_000041;PRD_000042;PRD_000043;PRD_000044;PRD_000045;PRD_000046;PRD_000047;PRD_000049;PRD_000051;PRD_000108;PRD_000109;PRD_000110;PRD_000111;PRD_000112;PRD_000284;PRD_000285;PRD_000286;PRD_000287;PRD_000288;PRD_000289;PRD_000290;PRD_000291;PRD_000292
COMP_PRINT_DIGITAL_S1,PRICE_TYPE.01,(전사이즈),SIZ_000499|POPT_000001|PROC_000004,4500,5000,749850,745000,4850,33,PRD_000016;PRD_000017;PRD_000018;PRD_000019;PRD_000020;PRD_000021;PRD_000022;PRD_000023;PRD_000026;PRD_000027;PRD_000028;PRD_000029;PRD_000030;PRD_000041;PRD_000042;PRD_000043;PRD_000044;PRD_000045;PRD_000046;PRD_000047;PRD_000049;PRD_000051;PRD_000108;PRD_000109;PRD_000110;PRD_000111;PRD_000112;PRD_000284;PRD_000285;PRD_000286;PRD_000287;PRD_000288;PRD_000289;PRD_000290;PRD_000291;PRD_000292
COMP_PRINT_DIGITAL_S1,PRICE_TYPE.01,(전사이즈),SIZ_000499|POPT_000001|PROC_000004,5000,6000,893851,888000,5851,40,PRD_000016;PRD_000017;PRD_000018;PRD_000019;PRD_000020;PRD_000021;PRD_000022;PRD_000023;PRD_000026;PRD_000027;PRD_000028;PRD_000029;PRD_000030;PRD_000041;PRD_000042;PRD_000043;PRD_000044;PRD_000045;PRD_000046;PRD_000047;PRD_000049;PRD_000051;PRD_000108;PRD_000109;PRD_000110;PRD_000111;PRD_000112;PRD_000284;PRD_000285;PRD_000286;PRD_000287;PRD_000288;PRD_000289;PRD_000290;PRD_000291;PRD_000292
COMP_PRINT_DIGITAL_S1,PRICE_TYPE.01,(전사이즈),SIZ_000499|POPT_000001|PROC_000004,6000,7000,1035852,1029000,6852,47,PRD_000016;PRD_000017;PRD_000018;PRD_000019;PRD_000020;PRD_000021;PRD_000022;PRD_000023;PRD_000026;PRD_000027;PRD_000028;PRD_000029;PRD_000030;PRD_000041;PRD_000042;PRD_000043;PRD_000044;PRD_000045;PRD_000046;PRD_000047;PRD_000049;PRD_000051;PRD_000108;PRD_000109;PRD_000110;PRD_000111;PRD_000112;PRD_000284;PRD_000285;PRD_000286;PRD_000287;PRD_000288;PRD_000289;PRD_000290;PRD_000291;PRD_000292
COMP_PRINT_DIGITAL_S1,PRICE_TYPE.01,(전사이즈),SIZ_000499|POPT_000001|PROC_000004,7000,8000,1175853,1168000,7853,54,PRD_000016;PRD_000017;PRD_000018;PRD_000019;PRD_000020;PRD_000021;PRD_000022;PRD_000023;PRD_000026;PRD_000027;PRD_000028;PRD_000029;PRD_000030;PRD_000041;PRD_000042;PRD_000043;PRD_000044;PRD_000045;PRD_000046;PRD_000047;PRD_000049;PRD_000051;PRD_000108;PRD_000109;PRD_000110;PRD_000111;PRD_000112;PRD_000284;PRD_000285;PRD_000286;PRD_000287;PRD_000288;PRD_000289;PRD_000290;PRD_000291;PRD_000292
COMP_PRINT_DIGITAL_S1,PRICE_TYPE.01,(전사이즈),SIZ_000499|POPT_000001|PROC_000004,8000,9000,1313854,1305000,8854,61,PRD_000016;PRD_000017;PRD_000018;PRD_000019;PRD_000020;PRD_000021;PRD_000022;PRD_000023;PRD_000026;PRD_000027;PRD_000028;PRD_000029;PRD_000030;PRD_000041;PRD_000042;PRD_000043;PRD_000044;PRD_000045;PRD_000046;PRD_000047;PRD_000049;PRD_000051;PRD_000108;PRD_000109;PRD_000110;PRD_000111;PRD_000112;PRD_000284;PRD_000285;PRD_000286;PRD_000287;PRD_000288;PRD_000289;PRD_000290;PRD_000291;PRD_000292
COMP_PRINT_DIGITAL_S1,PRICE_TYPE.01,(전사이즈),SIZ_000077|POPT_000002|PROC_000004,9,10,17100,16000,1100,1,PRD_000016;PRD_000017;PRD_000018;PRD_000019;PRD_000020;PRD_000021;PRD_000022;PRD_000023;PRD_000026;PRD_000027;PRD_000028;PRD_000029;PRD_000030;PRD_000041;PRD_000042;PRD_000043;PRD_000044;PRD_000045;PRD_000046;PRD_000047;PRD_000049;PRD_000051;PRD_000108;PRD_000109;PRD_000110;PRD_000111;PRD_000112;PRD_000284;PRD_000285;PRD_000286;PRD_000287;PRD_000288;PRD_000289;PRD_000290;PRD_000291;PRD_000292
COMP_PRINT_DIGITAL_S1,PRICE_TYPE.01,(전사이즈),SIZ_000077|POPT_000002|PROC_000004,15,20,46170,46000,170,1,PRD_000016;PRD_000017;PRD_000018;PRD_000019;PRD_000020;PRD_000021;PRD_000022;PRD_000023;PRD_000026;PRD_000027;PRD_000028;PRD_000029;PRD_000030;PRD_000041;PRD_000042;PRD_000043;PRD_000044;PRD_000045;PRD_000046;PRD_000047;PRD_000049;PRD_000051;PRD_000108;PRD_000109;PRD_000110;PRD_000111;PRD_000112;PRD_000284;PRD_000285;PRD_000286;PRD_000287;PRD_000288;PRD_000289;PRD_000290;PRD_000291;PRD_000292
COMP_PRINT_DIGITAL_S1,PRICE_TYPE.01,(전사이즈),SIZ_000077|POPT_000002|PROC_000004,20,25,55200,55000,200,1,PRD_000016;PRD_000017;PRD_000018;PRD_000019;PRD_000020;PRD_000021;PRD_000022;PRD_000023;PRD_000026;PRD_000027;PRD_000028;PRD_000029;PRD_000030;PRD_000041;PRD_000042;PRD_000043;PRD_000044;PRD_000045;PRD_000046;PRD_000047;PRD_000049;PRD_000051;PRD_000108;PRD_000109;PRD_000110;PRD_000111;PRD_000112;PRD_000284;PRD_000285;PRD_000286;PRD_000287;PRD_000288;PRD_000289;PRD_000290;PRD_000291;PRD_000292
COMP_PRINT_DIGITAL_S1,PRICE_TYPE.01,(전사이즈),SIZ_000077|POPT_000002|PROC_000004,25,30,63800,60900,2900,2,PRD_000016;PRD_000017;PRD_000018;PRD_000019;PRD_000020;PRD_000021;PRD_000022;PRD_000023;PRD_000026;PRD_000027;PRD_000028;PRD_000029;PRD_000030;PRD_000041;PRD_000042;PRD_000043;PRD_000044;PRD_000045;PRD_000046;PRD_000047;PRD_000049;PRD_000051;PRD_000108;PRD_000109;PRD_000110;PRD_000111;PRD_000112;PRD_000284;PRD_000285;PRD_000286;PRD_000287;PRD_000288;PRD_000289;PRD_000290;PRD_000291;PRD_000292
COMP_PRINT_DIGITAL_S1,PRICE_TYPE.01,(전사이즈),SIZ_000077|POPT_000002|PROC_000004,30,35,69020,66150,2870,2,PRD_000016;PRD_000017;PRD_000018;PRD_000019;PRD_000020;PRD_000021;PRD_000022;PRD_000023;PRD_000026;PRD_000027;PRD_000028;PRD_000029;PRD_000030;PRD_000041;PRD_000042;PRD_000043;PRD_000044;PRD_000045;PRD_000046;PRD_000047;PRD_000049;PRD_000051;PRD_000108;PRD_000109;PRD_000110;PRD_000111;PRD_000112;PRD_000284;PRD_000285;PRD_000286;PRD_000287;PRD_000288;PRD_000289;PRD_000290;PRD_000291;PRD_000292
COMP_PRINT_DIGITAL_S1,PRICE_TYPE.01,(전사이즈),SIZ_000077|POPT_000002|PROC_000004,35,40,73710,70400,3310,2,PRD_000016;PRD_000017;PRD_000018;PRD_000019;PRD_000020;PRD_000021;PRD_000022;PRD_000023;PRD_000026;PRD_000027;PRD_000028;PRD_000029;PRD_000030;PRD_000041;PRD_000042;PRD_000043;PRD_000044;PRD_000045;PRD_000046;PRD_000047;PRD_000049;PRD_000051;PRD_000108;PRD_000109;PRD_000110;PRD_000111;PRD_000112;PRD_000284;PRD_000285;PRD_000286;PRD_000287;PRD_000288;PRD_000289;PRD_000290;PRD_000291;PRD_000292
COMP_PRINT_DIGITAL_S1,PRICE_TYPE.01,(전사이즈),SIZ_000077|POPT_000002|PROC_000004,40,45,77440,72900,4540,3,PRD_000016;PRD_000017;PRD_000018;PRD_000019;PRD_000020;PRD_000021;PRD_000022;PRD_000023;PRD_000026;PRD_000027;PRD_000028;PRD_000029;PRD_000030;PRD_000041;PRD_000042;PRD_000043;PRD_000044;PRD_000045;PRD_000046;PRD_000047;PRD_000049;PRD_000051;PRD_000108;PRD_000109;PRD_000110;PRD_000111;PRD_000112;PRD_000284;PRD_000285;PRD_000286;PRD_000287;PRD_000288;PRD_000289;PRD_000290;PRD_000291;PRD_000292
COMP_PRINT_DIGITAL_S1,PRICE_TYPE.01,(전사이즈),SIZ_000077|POPT_000002|PROC_000004,45,50,79380,74500,4880,4,PRD_000016;PRD_000017;PRD_000018;PRD_000019;PRD_000020;PRD_000021;PRD_000022;PRD_000023;PRD_000026;PRD_000027;PRD_000028;PRD_000029;PRD_000030;PRD_000041;PRD_000042;PRD_000043;PRD_000044;PRD_000045;PRD_000046;PRD_000047;PRD_000049;PRD_000051;PRD_000108;PRD_000109;PRD_000110;PRD_000111;PRD_000112;PRD_000284;PRD_000285;PRD_000286;PRD_000287;PRD_000288;PRD_000289;PRD_000290;PRD_000291;PRD_000292
COMP_PRINT_DIGITAL_S1,PRICE_TYPE.01,(전사이즈),SIZ_000077|POPT_000002|PROC_000004,50,60,87910,81000,6910,5,PRD_000016;PRD_000017;PRD_000018;PRD_000019;PRD_000020;PRD_000021;PRD_000022;PRD_000023;PRD_000026;PRD_000027;PRD_000028;PRD_000029;PRD_000030;PRD_000041;PRD_000042;PRD_000043;PRD_000044;PRD_000045;PRD_000046;PRD_000047;PRD_000049;PRD_000051;PRD_000108;PRD_000109;PRD_000110;PRD_000111;PRD_000112;PRD_000284;PRD_000285;PRD_000286;PRD_000287;PRD_000288;PRD_000289;PRD_000290;PRD_000291;PRD_000292
COMP_PRINT_DIGITAL_S1,PRICE_TYPE.01,(전사이즈),SIZ_000077|POPT_000002|PROC_000004,60,70,93150,84000,9150,7,PRD_000016;PRD_000017;PRD_000018;PRD_000019;PRD_000020;PRD_000021;PRD_000022;PRD_000023;PRD_000026;PRD_000027;PRD_000028;PRD_000029;PRD_000030;PRD_000041;PRD_000042;PRD_000043;PRD_000044;PRD_000045;PRD_000046;PRD_000047;PRD_000049;PRD_000051;PRD_000108;PRD_000109;PRD_000110;PRD_000111;PRD_000112;PRD_000284;PRD_000285;PRD_000286;PRD_000287;PRD_000288;PRD_000289;PRD_000290;PRD_000291;PRD_000292
COMP_PRINT_DIGITAL_S1,PRICE_TYPE.01,(전사이즈),SIZ_000077|POPT_000002|PROC_000004,70,80,94800,86400,8400,7,PRD_000016;PRD_000017;PRD_000018;PRD_000019;PRD_000020;PRD_000021;PRD_000022;PRD_000023;PRD_000026;PRD_000027;PRD_000028;PRD_000029;PRD_000030;PRD_000041;PRD_000042;PRD_000043;PRD_000044;PRD_000045;PRD_000046;PRD_000047;PRD_000049;PRD_000051;PRD_000108;PRD_000109;PRD_000110;PRD_000111;PRD_000112;PRD_000284;PRD_000285;PRD_000286;PRD_000287;PRD_000288;PRD_000289;PRD_000290;PRD_000291;PRD_000292
COMP_PRINT_DIGITAL_S1,PRICE_TYPE.01,(전사이즈),SIZ_000077|POPT_000002|PROC_000004,80,90,96120,85500,10620,10,PRD_000016;PRD_000017;PRD_000018;PRD_000019;PRD_000020;PRD_000021;PRD_000022;PRD_000023;PRD_000026;PRD_000027;PRD_000028;PRD_000029;PRD_000030;PRD_000041;PRD_000042;PRD_000043;PRD_000044;PRD_000045;PRD_000046;PRD_000047;PRD_000049;PRD_000051;PRD_000108;PRD_000109;PRD_000110;PRD_000111;PRD_000112;PRD_000284;PRD_000285;PRD_000286;PRD_000287;PRD_000288;PRD_000289;PRD_000290;PRD_000291;PRD_000292
COMP_PRINT_DIGITAL_S1,PRICE_TYPE.01,(전사이즈),SIZ_000077|POPT_000002|PROC_000004,100,150,141550,133500,8050,9,PRD_000016;PRD_000017;PRD_000018;PRD_000019;PRD_000020;PRD_000021;PRD_000022;PRD_000023;PRD_000026;PRD_000027;PRD_000028;PRD_000029;PRD_000030;PRD_000041;PRD_000042;PRD_000043;PRD_000044;PRD_000045;PRD_000046;PRD_000047;PRD_000049;PRD_000051;PRD_000108;PRD_000109;PRD_000110;PRD_000111;PRD_000112;PRD_000284;PRD_000285;PRD_000286;PRD_000287;PRD_000288;PRD_000289;PRD_000290;PRD_000291;PRD_000292
COMP_PRINT_DIGITAL_S1,PRICE_TYPE.01,(전사이즈),SIZ_000077|POPT_000002|PROC_000004,150,200,177110,168000,9110,11,PRD_000016;PRD_000017;PRD_000018;PRD_000019;PRD_000020;PRD_000021;PRD_000022;PRD_000023;PRD_000026;PRD_000027;PRD_000028;PRD_000029;PRD_000030;PRD_000041;PRD_000042;PRD_000043;PRD_000044;PRD_000045;PRD_000046;PRD_000047;PRD_000049;PRD_000051;PRD_000108;PRD_000109;PRD_000110;PRD_000111;PRD_000112;PRD_000284;PRD_000285;PRD_000286;PRD_000287;PRD_000288;PRD_000289;PRD_000290;PRD_000291;PRD_000292
COMP_PRINT_DIGITAL_S1,PRICE_TYPE.01,(전사이즈),SIZ_000077|POPT_000002|PROC_000004,200,250,209160,195000,14160,17,PRD_000016;PRD_000017;PRD_000018;PRD_000019;PRD_000020;PRD_000021;PRD_000022;PRD_000023;PRD_000026;PRD_000027;PRD_000028;PRD_000029;PRD_000030;PRD_000041;PRD_000042;PRD_000043;PRD_000044;PRD_000045;PRD_000046;PRD_000047;PRD_000049;PRD_000051;PRD_000108;PRD_000109;PRD_000110;PRD_000111;PRD_000112;PRD_000284;PRD_000285;PRD_000286;PRD_000287;PRD_000288;PRD_000289;PRD_000290;PRD_000291;PRD_000292
COMP_PRINT_DIGITAL_S1,PRICE_TYPE.01,(전사이즈),SIZ_000077|POPT_000002|PROC_000004,250,300,233220,219000,14220,19,PRD_000016;PRD_000017;PRD_000018;PRD_000019;PRD_000020;PRD_000021;PRD_000022;PRD_000023;PRD_000026;PRD_000027;PRD_000028;PRD_000029;PRD_000030;PRD_000041;PRD_000042;PRD_000043;PRD_000044;PRD_000045;PRD_000046;PRD_000047;PRD_000049;PRD_000051;PRD_000108;PRD_000109;PRD_000110;PRD_000111;PRD_000112;PRD_000284;PRD_000285;PRD_000286;PRD_000287;PRD_000288;PRD_000289;PRD_000290;PRD_000291;PRD_000292
COMP_PRINT_DIGITAL_S1,PRICE_TYPE.01,(전사이즈),SIZ_000077|POPT_000002|PROC_000004,300,350,254770,238000,16770,23,PRD_000016;PRD_000017;PRD_000018;PRD_000019;PRD_000020;PRD_000021;PRD_000022;PRD_000023;PRD_000026;PRD_000027;PRD_000028;PRD_000029;PRD_000030;PRD_000041;PRD_000042;PRD_000043;PRD_000044;PRD_000045;PRD_000046;PRD_000047;PRD_000049;PRD_000051;PRD_000108;PRD_000109;PRD_000110;PRD_000111;PRD_000112;PRD_000284;PRD_000285;PRD_000286;PRD_000287;PRD_000288;PRD_000289;PRD_000290;PRD_000291;PRD_000292
COMP_PRINT_DIGITAL_S1,PRICE_TYPE.01,(전사이즈),SIZ_000077|POPT_000002|PROC_000004,350,400,271320,248000,23320,35,PRD_000016;PRD_000017;PRD_000018;PRD_000019;PRD_000020;PRD_000021;PRD_000022;PRD_000023;PRD_000026;PRD_000027;PRD_000028;PRD_000029;PRD_000030;PRD_000041;PRD_000042;PRD_000043;PRD_000044;PRD_000045;PRD_000046;PRD_000047;PRD_000049;PRD_000051;PRD_000108;PRD_000109;PRD_000110;PRD_000111;PRD_000112;PRD_000284;PRD_000285;PRD_000286;PRD_000287;PRD_000288;PRD_000289;PRD_000290;PRD_000291;PRD_000292
COMP_PRINT_DIGITAL_S1,PRICE_TYPE.01,(전사이즈),SIZ_000077|POPT_000002|PROC_000004,400,450,278380,252000,26380,43,PRD_000016;PRD_000017;PRD_000018;PRD_000019;PRD_000020;PRD_000021;PRD_000022;PRD_000023;PRD_000026;PRD_000027;PRD_000028;PRD_000029;PRD_000030;PRD_000041;PRD_000042;PRD_000043;PRD_000044;PRD_000045;PRD_000046;PRD_000047;PRD_000049;PRD_000051;PRD_000108;PRD_000109;PRD_000110;PRD_000111;PRD_000112;PRD_000284;PRD_000285;PRD_000286;PRD_000287;PRD_000288;PRD_000289;PRD_000290;PRD_000291;PRD_000292
COMP_PRINT_DIGITAL_S1,PRICE_TYPE.01,(전사이즈),SIZ_000077|POPT_000002|PROC_000004,450,500,279440,260000,19440,35,PRD_000016;PRD_000017;PRD_000018;PRD_000019;PRD_000020;PRD_000021;PRD_000022;PRD_000023;PRD_000026;PRD_000027;PRD_000028;PRD_000029;PRD_000030;PRD_000041;PRD_000042;PRD_000043;PRD_000044;PRD_000045;PRD_000046;PRD_000047;PRD_000049;PRD_000051;PRD_000108;PRD_000109;PRD_000110;PRD_000111;PRD_000112;PRD_000284;PRD_000285;PRD_000286;PRD_000287;PRD_000288;PRD_000289;PRD_000290;PRD_000291;PRD_000292
COMP_PRINT_DIGITAL_S1,PRICE_TYPE.01,(전사이즈),SIZ_000077|POPT_000002|PROC_000004,500,600,311480,300000,11480,23,PRD_000016;PRD_000017;PRD_000018;PRD_000019;PRD_000020;PRD_000021;PRD_000022;PRD_000023;PRD_000026;PRD_000027;PRD_000028;PRD_000029;PRD_000030;PRD_000041;PRD_000042;PRD_000043;PRD_000044;PRD_000045;PRD_000046;PRD_000047;PRD_000049;PRD_000051;PRD_000108;PRD_000109;PRD_000110;PRD_000111;PRD_000112;PRD_000284;PRD_000285;PRD_000286;PRD_000287;PRD_000288;PRD_000289;PRD_000290;PRD_000291;PRD_000292
COMP_PRINT_DIGITAL_S1,PRICE_TYPE.01,(전사이즈),SIZ_000077|POPT_000002|PROC_000004,600,700,349500,343000,6500,13,PRD_000016;PRD_000017;PRD_000018;PRD_000019;PRD_000020;PRD_000021;PRD_000022;PRD_000023;PRD_000026;PRD_000027;PRD_000028;PRD_000029;PRD_000030;PRD_000041;PRD_000042;PRD_000043;PRD_000044;PRD_000045;PRD_000046;PRD_000047;PRD_000049;PRD_000051;PRD_000108;PRD_000109;PRD_000110;PRD_000111;PRD_000112;PRD_000284;PRD_000285;PRD_000286;PRD_000287;PRD_000288;PRD_000289;PRD_000290;PRD_000291;PRD_000292
COMP_PRINT_DIGITAL_S1,PRICE_TYPE.01,(전사이즈),SIZ_000077|POPT_000002|PROC_000004,700,800,391510,384000,7510,16,PRD_000016;PRD_000017;PRD_000018;PRD_000019;PRD_000020;PRD_000021;PRD_000022;PRD_000023;PRD_000026;PRD_000027;PRD_000028;PRD_000029;PRD_000030;PRD_000041;PRD_000042;PRD_000043;PRD_000044;PRD_000045;PRD_000046;PRD_000047;PRD_000049;PRD_000051;PRD_000108;PRD_000109;PRD_000110;PRD_000111;PRD_000112;PRD_000284;PRD_000285;PRD_000286;PRD_000287;PRD_000288;PRD_000289;PRD_000290;PRD_000291;PRD_000292
COMP_PRINT_DIGITAL_S1,PRICE_TYPE.01,(전사이즈),SIZ_000077|POPT_000002|PROC_000004,800,900,431520,414000,17520,37,PRD_000016;PRD_000017;PRD_000018;PRD_000019;PRD_000020;PRD_000021;PRD_000022;PRD_000023;PRD_000026;PRD_000027;PRD_000028;PRD_000029;PRD_000030;PRD_000041;PRD_000042;PRD_000043;PRD_000044;PRD_000045;PRD_000046;PRD_000047;PRD_000049;PRD_000051;PRD_000108;PRD_000109;PRD_000110;PRD_000111;PRD_000112;PRD_000284;PRD_000285;PRD_000286;PRD_000287;PRD_000288;PRD_000289;PRD_000290;PRD_000291;PRD_000292
COMP_PRINT_DIGITAL_S1,PRICE_TYPE.01,(전사이즈),SIZ_000077|POPT_000002|PROC_000004,900,1000,459540,450000,9540,21,PRD_000016;PRD_000017;PRD_000018;PRD_000019;PRD_000020;PRD_000021;PRD_000022;PRD_000023;PRD_000026;PRD_000027;PRD_000028;PRD_000029;PRD_000030;PRD_000041;PRD_000042;PRD_000043;PRD_000044;PRD_000045;PRD_000046;PRD_000047;PRD_000049;PRD_000051;PRD_000108;PRD_000109;PRD_000110;PRD_000111;PRD_000112;PRD_000284;PRD_000285;PRD_000286;PRD_000287;PRD_000288;PRD_000289;PRD_000290;PRD_000291;PRD_000292
COMP_PRINT_DIGITAL_S1,PRICE_TYPE.01,(전사이즈),SIZ_000077|POPT_000002|PROC_000004,1000,1200,539550,528000,11550,26,PRD_000016;PRD_000017;PRD_000018;PRD_000019;PRD_000020;PRD_000021;PRD_000022;PRD_000023;PRD_000026;PRD_000027;PRD_000028;PRD_000029;PRD_000030;PRD_000041;PRD_000042;PRD_000043;PRD_000044;PRD_000045;PRD_000046;PRD_000047;PRD_000049;PRD_000051;PRD_000108;PRD_000109;PRD_000110;PRD_000111;PRD_000112;PRD_000284;PRD_000285;PRD_000286;PRD_000287;PRD_000288;PRD_000289;PRD_000290;PRD_000291;PRD_000292
COMP_PRINT_DIGITAL_S1,PRICE_TYPE.01,(전사이즈),SIZ_000077|POPT_000002|PROC_000004,1400,1600,703560,688000,15560,36,PRD_000016;PRD_000017;PRD_000018;PRD_000019;PRD_000020;PRD_000021;PRD_000022;PRD_000023;PRD_000026;PRD_000027;PRD_000028;PRD_000029;PRD_000030;PRD_000041;PRD_000042;PRD_000043;PRD_000044;PRD_000045;PRD_000046;PRD_000047;PRD_000049;PRD_000051;PRD_000108;PRD_000109;PRD_000110;PRD_000111;PRD_000112;PRD_000284;PRD_000285;PRD_000286;PRD_000287;PRD_000288;PRD_000289;PRD_000290;PRD_000291;PRD_000292
COMP_PRINT_DIGITAL_S1,PRICE_TYPE.01,(전사이즈),SIZ_000077|POPT_000002|PROC_000004,1600,1800,773570,756000,17570,41,PRD_000016;PRD_000017;PRD_000018;PRD_000019;PRD_000020;PRD_000021;PRD_000022;PRD_000023;PRD_000026;PRD_000027;PRD_000028;PRD_000029;PRD_000030;PRD_000041;PRD_000042;PRD_000043;PRD_000044;PRD_000045;PRD_000046;PRD_000047;PRD_000049;PRD_000051;PRD_000108;PRD_000109;PRD_000110;PRD_000111;PRD_000112;PRD_000284;PRD_000285;PRD_000286;PRD_000287;PRD_000288;PRD_000289;PRD_000290;PRD_000291;PRD_000292
COMP_PRINT_DIGITAL_S1,PRICE_TYPE.01,(전사이즈),SIZ_000077|POPT_000002|PROC_000004,2500,3000,1259580,1230000,29580,71,PRD_000016;PRD_000017;PRD_000018;PRD_000019;PRD_000020;PRD_000021;PRD_000022;PRD_000023;PRD_000026;PRD_000027;PRD_000028;PRD_000029;PRD_000030;PRD_000041;PRD_000042;PRD_000043;PRD_000044;PRD_000045;PRD_000046;PRD_000047;PRD_000049;PRD_000051;PRD_000108;PRD_000109;PRD_000110;PRD_000111;PRD_000112;PRD_000284;PRD_000285;PRD_000286;PRD_000287;PRD_000288;PRD_000289;PRD_000290;PRD_000291;PRD_000292
COMP_PRINT_DIGITAL_S1,PRICE_TYPE.01,(전사이즈),SIZ_000077|POPT_000002|PROC_000004,4000,4500,1844590,1800000,44590,109,PRD_000016;PRD_000017;PRD_000018;PRD_000019;PRD_000020;PRD_000021;PRD_000022;PRD_000023;PRD_000026;PRD_000027;PRD_000028;PRD_000029;PRD_000030;PRD_000041;PRD_000042;PRD_000043;PRD_000044;PRD_000045;PRD_000046;PRD_000047;PRD_000049;PRD_000051;PRD_000108;PRD_000109;PRD_000110;PRD_000111;PRD_000112;PRD_000284;PRD_000285;PRD_000286;PRD_000287;PRD_000288;PRD_000289;PRD_000290;PRD_000291;PRD_000292
COMP_PRINT_DIGITAL_S1,PRICE_TYPE.01,(전사이즈),SIZ_000077|POPT_000002|PROC_000004,8000,9000,3599600,3510000,89600,224,PRD_000016;PRD_000017;PRD_000018;PRD_000019;PRD_000020;PRD_000021;PRD_000022;PRD_000023;PRD_000026;PRD_000027;PRD_000028;PRD_000029;PRD_000030;PRD_000041;PRD_000042;PRD_000043;PRD_000044;PRD_000045;PRD_000046;PRD_000047;PRD_000049;PRD_000051;PRD_000108;PRD_000109;PRD_000110;PRD_000111;PRD_000112;PRD_000284;PRD_000285;PRD_000286;PRD_000287;PRD_000288;PRD_000289;PRD_000290;PRD_000291;PRD_000292
COMP_PRINT_DIGITAL_S1,PRICE_TYPE.01,(전사이즈),SIZ_000499|POPT_000002|PROC_000004,9,10,17100,16000,1100,1,PRD_000016;PRD_000017;PRD_000018;PRD_000019;PRD_000020;PRD_000021;PRD_000022;PRD_000023;PRD_000026;PRD_000027;PRD_000028;PRD_000029;PRD_000030;PRD_000041;PRD_000042;PRD_000043;PRD_000044;PRD_000045;PRD_000046;PRD_000047;PRD_000049;PRD_000051;PRD_000108;PRD_000109;PRD_000110;PRD_000111;PRD_000112;PRD_000284;PRD_000285;PRD_000286;PRD_000287;PRD_000288;PRD_000289;PRD_000290;PRD_000291;PRD_000292
COMP_PRINT_DIGITAL_S1,PRICE_TYPE.01,(전사이즈),SIZ_000499|POPT_000002|PROC_000004,15,20,34200,34000,200,1,PRD_000016;PRD_000017;PRD_000018;PRD_000019;PRD_000020;PRD_000021;PRD_000022;PRD_000023;PRD_000026;PRD_000027;PRD_000028;PRD_000029;PRD_000030;PRD_000041;PRD_000042;PRD_000043;PRD_000044;PRD_000045;PRD_000046;PRD_000047;PRD_000049;PRD_000051;PRD_000108;PRD_000109;PRD_000110;PRD_000111;PRD_000112;PRD_000284;PRD_000285;PRD_000286;PRD_000287;PRD_000288;PRD_000289;PRD_000290;PRD_000291;PRD_000292
COMP_PRINT_DIGITAL_S1,PRICE_TYPE.01,(전사이즈),SIZ_000499|POPT_000002|PROC_000004,20,25,40800,40000,800,1,PRD_000016;PRD_000017;PRD_000018;PRD_000019;PRD_000020;PRD_000021;PRD_000022;PRD_000023;PRD_000026;PRD_000027;PRD_000028;PRD_000029;PRD_000030;PRD_000041;PRD_000042;PRD_000043;PRD_000044;PRD_000045;PRD_000046;PRD_000047;PRD_000049;PRD_000051;PRD_000108;PRD_000109;PRD_000110;PRD_000111;PRD_000112;PRD_000284;PRD_000285;PRD_000286;PRD_000287;PRD_000288;PRD_000289;PRD_000290;PRD_000291;PRD_000292
COMP_PRINT_DIGITAL_S1,PRICE_TYPE.01,(전사이즈),SIZ_000499|POPT_000002|PROC_000004,25,30,46400,45000,1400,1,PRD_000016;PRD_000017;PRD_000018;PRD_000019;PRD_000020;PRD_000021;PRD_000022;PRD_000023;PRD_000026;PRD_000027;PRD_000028;PRD_000029;PRD_000030;PRD_000041;PRD_000042;PRD_000043;PRD_000044;PRD_000045;PRD_000046;PRD_000047;PRD_000049;PRD_000051;PRD_000108;PRD_000109;PRD_000110;PRD_000111;PRD_000112;PRD_000284;PRD_000285;PRD_000286;PRD_000287;PRD_000288;PRD_000289;PRD_000290;PRD_000291;PRD_000292
COMP_PRINT_DIGITAL_S1,PRICE_TYPE.01,(전사이즈),SIZ_000499|POPT_000002|PROC_000004,30,35,51000,49000,2000,2,PRD_000016;PRD_000017;PRD_000018;PRD_000019;PRD_000020;PRD_000021;PRD_000022;PRD_000023;PRD_000026;PRD_000027;PRD_000028;PRD_000029;PRD_000030;PRD_000041;PRD_000042;PRD_000043;PRD_000044;PRD_000045;PRD_000046;PRD_000047;PRD_000049;PRD_000051;PRD_000108;PRD_000109;PRD_000110;PRD_000111;PRD_000112;PRD_000284;PRD_000285;PRD_000286;PRD_000287;PRD_000288;PRD_000289;PRD_000290;PRD_000291;PRD_000292
COMP_PRINT_DIGITAL_S1,PRICE_TYPE.01,(전사이즈),SIZ_000499|POPT_000002|PROC_000004,35,40,54600,52000,2600,2,PRD_000016;PRD_000017;PRD_000018;PRD_000019;PRD_000020;PRD_000021;PRD_000022;PRD_000023;PRD_000026;PRD_000027;PRD_000028;PRD_000029;PRD_000030;PRD_000041;PRD_000042;PRD_000043;PRD_000044;PRD_000045;PRD_000046;PRD_000047;PRD_000049;PRD_000051;PRD_000108;PRD_000109;PRD_000110;PRD_000111;PRD_000112;PRD_000284;PRD_000285;PRD_000286;PRD_000287;PRD_000288;PRD_000289;PRD_000290;PRD_000291;PRD_000292
COMP_PRINT_DIGITAL_S1,PRICE_TYPE.01,(전사이즈),SIZ_000499|POPT_000002|PROC_000004,40,45,57200,54000,3200,3,PRD_000016;PRD_000017;PRD_000018;PRD_000019;PRD_000020;PRD_000021;PRD_000022;PRD_000023;PRD_000026;PRD_000027;PRD_000028;PRD_000029;PRD_000030;PRD_000041;PRD_000042;PRD_000043;PRD_000044;PRD_000045;PRD_000046;PRD_000047;PRD_000049;PRD_000051;PRD_000108;PRD_000109;PRD_000110;PRD_000111;PRD_000112;PRD_000284;PRD_000285;PRD_000286;PRD_000287;PRD_000288;PRD_000289;PRD_000290;PRD_000291;PRD_000292
COMP_PRINT_DIGITAL_S1,PRICE_TYPE.01,(전사이즈),SIZ_000499|POPT_000002|PROC_000004,45,50,58800,55000,3800,4,PRD_000016;PRD_000017;PRD_000018;PRD_000019;PRD_000020;PRD_000021;PRD_000022;PRD_000023;PRD_000026;PRD_000027;PRD_000028;PRD_000029;PRD_000030;PRD_000041;PRD_000042;PRD_000043;PRD_000044;PRD_000045;PRD_000046;PRD_000047;PRD_000049;PRD_000051;PRD_000108;PRD_000109;PRD_000110;PRD_000111;PRD_000112;PRD_000284;PRD_000285;PRD_000286;PRD_000287;PRD_000288;PRD_000289;PRD_000290;PRD_000291;PRD_000292
COMP_PRINT_DIGITAL_S1,PRICE_TYPE.01,(전사이즈),SIZ_000499|POPT_000002|PROC_000004,50,60,64900,60000,4900,5,PRD_000016;PRD_000017;PRD_000018;PRD_000019;PRD_000020;PRD_000021;PRD_000022;PRD_000023;PRD_000026;PRD_000027;PRD_000028;PRD_000029;PRD_000030;PRD_000041;PRD_000042;PRD_000043;PRD_000044;PRD_000045;PRD_000046;PRD_000047;PRD_000049;PRD_000051;PRD_000108;PRD_000109;PRD_000110;PRD_000111;PRD_000112;PRD_000284;PRD_000285;PRD_000286;PRD_000287;PRD_000288;PRD_000289;PRD_000290;PRD_000291;PRD_000292
COMP_PRINT_DIGITAL_S1,PRICE_TYPE.01,(전사이즈),SIZ_000499|POPT_000002|PROC_000004,60,70,69000,63000,6000,6,PRD_000016;PRD_000017;PRD_000018;PRD_000019;PRD_000020;PRD_000021;PRD_000022;PRD_000023;PRD_000026;PRD_000027;PRD_000028;PRD_000029;PRD_000030;PRD_000041;PRD_000042;PRD_000043;PRD_000044;PRD_000045;PRD_000046;PRD_000047;PRD_000049;PRD_000051;PRD_000108;PRD_000109;PRD_000110;PRD_000111;PRD_000112;PRD_000284;PRD_000285;PRD_000286;PRD_000287;PRD_000288;PRD_000289;PRD_000290;PRD_000291;PRD_000292
COMP_PRINT_DIGITAL_S1,PRICE_TYPE.01,(전사이즈),SIZ_000499|POPT_000002|PROC_000004,70,80,71100,64000,7100,8,PRD_000016;PRD_000017;PRD_000018;PRD_000019;PRD_000020;PRD_000021;PRD_000022;PRD_000023;PRD_000026;PRD_000027;PRD_000028;PRD_000029;PRD_000030;PRD_000041;PRD_000042;PRD_000043;PRD_000044;PRD_000045;PRD_000046;PRD_000047;PRD_000049;PRD_000051;PRD_000108;PRD_000109;PRD_000110;PRD_000111;PRD_000112;PRD_000284;PRD_000285;PRD_000286;PRD_000287;PRD_000288;PRD_000289;PRD_000290;PRD_000291;PRD_000292
COMP_PRINT_DIGITAL_S1,PRICE_TYPE.01,(전사이즈),SIZ_000499|POPT_000002|PROC_000004,80,90,71200,63000,8200,10,PRD_000016;PRD_000017;PRD_000018;PRD_000019;PRD_000020;PRD_000021;PRD_000022;PRD_000023;PRD_000026;PRD_000027;PRD_000028;PRD_000029;PRD_000030;PRD_000041;PRD_000042;PRD_000043;PRD_000044;PRD_000045;PRD_000046;PRD_000047;PRD_000049;PRD_000051;PRD_000108;PRD_000109;PRD_000110;PRD_000111;PRD_000112;PRD_000284;PRD_000285;PRD_000286;PRD_000287;PRD_000288;PRD_000289;PRD_000290;PRD_000291;PRD_000292
COMP_PRINT_DIGITAL_S1,PRICE_TYPE.01,(전사이즈),SIZ_000499|POPT_000002|PROC_000004,100,150,104300,99000,5300,8,PRD_000016;PRD_000017;PRD_000018;PRD_000019;PRD_000020;PRD_000021;PRD_000022;PRD_000023;PRD_000026;PRD_000027;PRD_000028;PRD_000029;PRD_000030;PRD_000041;PRD_000042;PRD_000043;PRD_000044;PRD_000045;PRD_000046;PRD_000047;PRD_000049;PRD_000051;PRD_000108;PRD_000109;PRD_000110;PRD_000111;PRD_000112;PRD_000284;PRD_000285;PRD_000286;PRD_000287;PRD_000288;PRD_000289;PRD_000290;PRD_000291;PRD_000292
COMP_PRINT_DIGITAL_S1,PRICE_TYPE.01,(전사이즈),SIZ_000499|POPT_000002|PROC_000004,150,200,131340,124000,7340,12,PRD_000016;PRD_000017;PRD_000018;PRD_000019;PRD_000020;PRD_000021;PRD_000022;PRD_000023;PRD_000026;PRD_000027;PRD_000028;PRD_000029;PRD_000030;PRD_000041;PRD_000042;PRD_000043;PRD_000044;PRD_000045;PRD_000046;PRD_000047;PRD_000049;PRD_000051;PRD_000108;PRD_000109;PRD_000110;PRD_000111;PRD_000112;PRD_000284;PRD_000285;PRD_000286;PRD_000287;PRD_000288;PRD_000289;PRD_000290;PRD_000291;PRD_000292
COMP_PRINT_DIGITAL_S1,PRICE_TYPE.01,(전사이즈),SIZ_000499|POPT_000002|PROC_000004,200,250,154380,145000,9380,16,PRD_000016;PRD_000017;PRD_000018;PRD_000019;PRD_000020;PRD_000021;PRD_000022;PRD_000023;PRD_000026;PRD_000027;PRD_000028;PRD_000029;PRD_000030;PRD_000041;PRD_000042;PRD_000043;PRD_000044;PRD_000045;PRD_000046;PRD_000047;PRD_000049;PRD_000051;PRD_000108;PRD_000109;PRD_000110;PRD_000111;PRD_000112;PRD_000284;PRD_000285;PRD_000286;PRD_000287;PRD_000288;PRD_000289;PRD_000290;PRD_000291;PRD_000292
COMP_PRINT_DIGITAL_S1,PRICE_TYPE.01,(전사이즈),SIZ_000499|POPT_000002|PROC_000004,250,300,173420,162000,11420,20,PRD_000016;PRD_000017;PRD_000018;PRD_000019;PRD_000020;PRD_000021;PRD_000022;PRD_000023;PRD_000026;PRD_000027;PRD_000028;PRD_000029;PRD_000030;PRD_000041;PRD_000042;PRD_000043;PRD_000044;PRD_000045;PRD_000046;PRD_000047;PRD_000049;PRD_000051;PRD_000108;PRD_000109;PRD_000110;PRD_000111;PRD_000112;PRD_000284;PRD_000285;PRD_000286;PRD_000287;PRD_000288;PRD_000289;PRD_000290;PRD_000291;PRD_000292
COMP_PRINT_DIGITAL_S1,PRICE_TYPE.01,(전사이즈),SIZ_000499|POPT_000002|PROC_000004,300,350,188460,175000,13460,25,PRD_000016;PRD_000017;PRD_000018;PRD_000019;PRD_000020;PRD_000021;PRD_000022;PRD_000023;PRD_000026;PRD_000027;PRD_000028;PRD_000029;PRD_000030;PRD_000041;PRD_000042;PRD_000043;PRD_000044;PRD_000045;PRD_000046;PRD_000047;PRD_000049;PRD_000051;PRD_000108;PRD_000109;PRD_000110;PRD_000111;PRD_000112;PRD_000284;PRD_000285;PRD_000286;PRD_000287;PRD_000288;PRD_000289;PRD_000290;PRD_000291;PRD_000292
COMP_PRINT_DIGITAL_S1,PRICE_TYPE.01,(전사이즈),SIZ_000499|POPT_000002|PROC_000004,350,400,199500,184000,15500,31,PRD_000016;PRD_000017;PRD_000018;PRD_000019;PRD_000020;PRD_000021;PRD_000022;PRD_000023;PRD_000026;PRD_000027;PRD_000028;PRD_000029;PRD_000030;PRD_000041;PRD_000042;PRD_000043;PRD_000044;PRD_000045;PRD_000046;PRD_000047;PRD_000049;PRD_000051;PRD_000108;PRD_000109;PRD_000110;PRD_000111;PRD_000112;PRD_000284;PRD_000285;PRD_000286;PRD_000287;PRD_000288;PRD_000289;PRD_000290;PRD_000291;PRD_000292
COMP_PRINT_DIGITAL_S1,PRICE_TYPE.01,(전사이즈),SIZ_000499|POPT_000002|PROC_000004,400,450,206540,189000,17540,39,PRD_000016;PRD_000017;PRD_000018;PRD_000019;PRD_000020;PRD_000021;PRD_000022;PRD_000023;PRD_000026;PRD_000027;PRD_000028;PRD_000029;PRD_000030;PRD_000041;PRD_000042;PRD_000043;PRD_000044;PRD_000045;PRD_000046;PRD_000047;PRD_000049;PRD_000051;PRD_000108;PRD_000109;PRD_000110;PRD_000111;PRD_000112;PRD_000284;PRD_000285;PRD_000286;PRD_000287;PRD_000288;PRD_000289;PRD_000290;PRD_000291;PRD_000292
COMP_PRINT_DIGITAL_S1,PRICE_TYPE.01,(전사이즈),SIZ_000499|POPT_000002|PROC_000004,450,500,209580,190000,19580,47,PRD_000016;PRD_000017;PRD_000018;PRD_000019;PRD_000020;PRD_000021;PRD_000022;PRD_000023;PRD_000026;PRD_000027;PRD_000028;PRD_000029;PRD_000030;PRD_000041;PRD_000042;PRD_000043;PRD_000044;PRD_000045;PRD_000046;PRD_000047;PRD_000049;PRD_000051;PRD_000108;PRD_000109;PRD_000110;PRD_000111;PRD_000112;PRD_000284;PRD_000285;PRD_000286;PRD_000287;PRD_000288;PRD_000289;PRD_000290;PRD_000291;PRD_000292
COMP_PRINT_DIGITAL_S1,PRICE_TYPE.01,(전사이즈),SIZ_000499|POPT_000002|PROC_000004,500,600,227620,222000,5620,15,PRD_000016;PRD_000017;PRD_000018;PRD_000019;PRD_000020;PRD_000021;PRD_000022;PRD_000023;PRD_000026;PRD_000027;PRD_000028;PRD_000029;PRD_000030;PRD_000041;PRD_000042;PRD_000043;PRD_000044;PRD_000045;PRD_000046;PRD_000047;PRD_000049;PRD_000051;PRD_000108;PRD_000109;PRD_000110;PRD_000111;PRD_000112;PRD_000284;PRD_000285;PRD_000286;PRD_000287;PRD_000288;PRD_000289;PRD_000290;PRD_000291;PRD_000292
COMP_PRINT_DIGITAL_S1,PRICE_TYPE.01,(전사이즈),SIZ_000499|POPT_000002|PROC_000004,600,700,258630,252000,6630,18,PRD_000016;PRD_000017;PRD_000018;PRD_000019;PRD_000020;PRD_000021;PRD_000022;PRD_000023;PRD_000026;PRD_000027;PRD_000028;PRD_000029;PRD_000030;PRD_000041;PRD_000042;PRD_000043;PRD_000044;PRD_000045;PRD_000046;PRD_000047;PRD_000049;PRD_000051;PRD_000108;PRD_000109;PRD_000110;PRD_000111;PRD_000112;PRD_000284;PRD_000285;PRD_000286;PRD_000287;PRD_000288;PRD_000289;PRD_000290;PRD_000291;PRD_000292
COMP_PRINT_DIGITAL_S1,PRICE_TYPE.01,(전사이즈),SIZ_000499|POPT_000002|PROC_000004,700,800,287640,280000,7640,22,PRD_000016;PRD_000017;PRD_000018;PRD_000019;PRD_000020;PRD_000021;PRD_000022;PRD_000023;PRD_000026;PRD_000027;PRD_000028;PRD_000029;PRD_000030;PRD_000041;PRD_000042;PRD_000043;PRD_000044;PRD_000045;PRD_000046;PRD_000047;PRD_000049;PRD_000051;PRD_000108;PRD_000109;PRD_000110;PRD_000111;PRD_000112;PRD_000284;PRD_000285;PRD_000286;PRD_000287;PRD_000288;PRD_000289;PRD_000290;PRD_000291;PRD_000292
COMP_PRINT_DIGITAL_S1,PRICE_TYPE.01,(전사이즈),SIZ_000499|POPT_000002|PROC_000004,800,900,314650,306000,8650,25,PRD_000016;PRD_000017;PRD_000018;PRD_000019;PRD_000020;PRD_000021;PRD_000022;PRD_000023;PRD_000026;PRD_000027;PRD_000028;PRD_000029;PRD_000030;PRD_000041;PRD_000042;PRD_000043;PRD_000044;PRD_000045;PRD_000046;PRD_000047;PRD_000049;PRD_000051;PRD_000108;PRD_000109;PRD_000110;PRD_000111;PRD_000112;PRD_000284;PRD_000285;PRD_000286;PRD_000287;PRD_000288;PRD_000289;PRD_000290;PRD_000291;PRD_000292
COMP_PRINT_DIGITAL_S1,PRICE_TYPE.01,(전사이즈),SIZ_000499|POPT_000002|PROC_000004,900,1000,339660,330000,9660,29,PRD_000016;PRD_000017;PRD_000018;PRD_000019;PRD_000020;PRD_000021;PRD_000022;PRD_000023;PRD_000026;PRD_000027;PRD_000028;PRD_000029;PRD_000030;PRD_000041;PRD_000042;PRD_000043;PRD_000044;PRD_000045;PRD_000046;PRD_000047;PRD_000049;PRD_000051;PRD_000108;PRD_000109;PRD_000110;PRD_000111;PRD_000112;PRD_000284;PRD_000285;PRD_000286;PRD_000287;PRD_000288;PRD_000289;PRD_000290;PRD_000291;PRD_000292
COMP_PRINT_DIGITAL_S1,PRICE_TYPE.01,(전사이즈),SIZ_000499|POPT_000002|PROC_000004,1000,1200,395670,391200,4470,14,PRD_000016;PRD_000017;PRD_000018;PRD_000019;PRD_000020;PRD_000021;PRD_000022;PRD_000023;PRD_000026;PRD_000027;PRD_000028;PRD_000029;PRD_000030;PRD_000041;PRD_000042;PRD_000043;PRD_000044;PRD_000045;PRD_000046;PRD_000047;PRD_000049;PRD_000051;PRD_000108;PRD_000109;PRD_000110;PRD_000111;PRD_000112;PRD_000284;PRD_000285;PRD_000286;PRD_000287;PRD_000288;PRD_000289;PRD_000290;PRD_000291;PRD_000292
COMP_PRINT_DIGITAL_S1,PRICE_TYPE.01,(전사이즈),SIZ_000499|POPT_000002|PROC_000004,1200,1400,456074,450800,5274,17,PRD_000016;PRD_000017;PRD_000018;PRD_000019;PRD_000020;PRD_000021;PRD_000022;PRD_000023;PRD_000026;PRD_000027;PRD_000028;PRD_000029;PRD_000030;PRD_000041;PRD_000042;PRD_000043;PRD_000044;PRD_000045;PRD_000046;PRD_000047;PRD_000049;PRD_000051;PRD_000108;PRD_000109;PRD_000110;PRD_000111;PRD_000112;PRD_000284;PRD_000285;PRD_000286;PRD_000287;PRD_000288;PRD_000289;PRD_000290;PRD_000291;PRD_000292
COMP_PRINT_DIGITAL_S1,PRICE_TYPE.01,(전사이즈),SIZ_000499|POPT_000002|PROC_000004,1400,1600,514878,508800,6078,19,PRD_000016;PRD_000017;PRD_000018;PRD_000019;PRD_000020;PRD_000021;PRD_000022;PRD_000023;PRD_000026;PRD_000027;PRD_000028;PRD_000029;PRD_000030;PRD_000041;PRD_000042;PRD_000043;PRD_000044;PRD_000045;PRD_000046;PRD_000047;PRD_000049;PRD_000051;PRD_000108;PRD_000109;PRD_000110;PRD_000111;PRD_000112;PRD_000284;PRD_000285;PRD_000286;PRD_000287;PRD_000288;PRD_000289;PRD_000290;PRD_000291;PRD_000292
COMP_PRINT_DIGITAL_S1,PRICE_TYPE.01,(전사이즈),SIZ_000499|POPT_000002|PROC_000004,1600,1800,572082,565200,6882,22,PRD_000016;PRD_000017;PRD_000018;PRD_000019;PRD_000020;PRD_000021;PRD_000022;PRD_000023;PRD_000026;PRD_000027;PRD_000028;PRD_000029;PRD_000030;PRD_000041;PRD_000042;PRD_000043;PRD_000044;PRD_000045;PRD_000046;PRD_000047;PRD_000049;PRD_000051;PRD_000108;PRD_000109;PRD_000110;PRD_000111;PRD_000112;PRD_000284;PRD_000285;PRD_000286;PRD_000287;PRD_000288;PRD_000289;PRD_000290;PRD_000291;PRD_000292
COMP_PRINT_DIGITAL_S1,PRICE_TYPE.01,(전사이즈),SIZ_000499|POPT_000002|PROC_000004,1800,2000,627686,620000,7686,25,PRD_000016;PRD_000017;PRD_000018;PRD_000019;PRD_000020;PRD_000021;PRD_000022;PRD_000023;PRD_000026;PRD_000027;PRD_000028;PRD_000029;PRD_000030;PRD_000041;PRD_000042;PRD_000043;PRD_000044;PRD_000045;PRD_000046;PRD_000047;PRD_000049;PRD_000051;PRD_000108;PRD_000109;PRD_000110;PRD_000111;PRD_000112;PRD_000284;PRD_000285;PRD_000286;PRD_000287;PRD_000288;PRD_000289;PRD_000290;PRD_000291;PRD_000292
COMP_PRINT_DIGITAL_S1,PRICE_TYPE.01,(전사이즈),SIZ_000499|POPT_000002|PROC_000004,2000,2500,774690,770000,4690,16,PRD_000016;PRD_000017;PRD_000018;PRD_000019;PRD_000020;PRD_000021;PRD_000022;PRD_000023;PRD_000026;PRD_000027;PRD_000028;PRD_000029;PRD_000030;PRD_000041;PRD_000042;PRD_000043;PRD_000044;PRD_000045;PRD_000046;PRD_000047;PRD_000049;PRD_000051;PRD_000108;PRD_000109;PRD_000110;PRD_000111;PRD_000112;PRD_000284;PRD_000285;PRD_000286;PRD_000287;PRD_000288;PRD_000289;PRD_000290;PRD_000291;PRD_000292
COMP_PRINT_DIGITAL_S1,PRICE_TYPE.01,(전사이즈),SIZ_000499|POPT_000002|PROC_000004,2500,3000,923692,918000,5692,19,PRD_000016;PRD_000017;PRD_000018;PRD_000019;PRD_000020;PRD_000021;PRD_000022;PRD_000023;PRD_000026;PRD_000027;PRD_000028;PRD_000029;PRD_000030;PRD_000041;PRD_000042;PRD_000043;PRD_000044;PRD_000045;PRD_000046;PRD_000047;PRD_000049;PRD_000051;PRD_000108;PRD_000109;PRD_000110;PRD_000111;PRD_000112;PRD_000284;PRD_000285;PRD_000286;PRD_000287;PRD_000288;PRD_000289;PRD_000290;PRD_000291;PRD_000292
COMP_PRINT_DIGITAL_S1,PRICE_TYPE.01,(전사이즈),SIZ_000499|POPT_000002|PROC_000004,3000,3500,1070694,1064000,6694,22,PRD_000016;PRD_000017;PRD_000018;PRD_000019;PRD_000020;PRD_000021;PRD_000022;PRD_000023;PRD_000026;PRD_000027;PRD_000028;PRD_000029;PRD_000030;PRD_000041;PRD_000042;PRD_000043;PRD_000044;PRD_000045;PRD_000046;PRD_000047;PRD_000049;PRD_000051;PRD_000108;PRD_000109;PRD_000110;PRD_000111;PRD_000112;PRD_000284;PRD_000285;PRD_000286;PRD_000287;PRD_000288;PRD_000289;PRD_000290;PRD_000291;PRD_000292
COMP_PRINT_DIGITAL_S1,PRICE_TYPE.01,(전사이즈),SIZ_000499|POPT_000002|PROC_000004,3500,4000,1215696,1208000,7696,26,PRD_000016;PRD_000017;PRD_000018;PRD_000019;PRD_000020;PRD_000021;PRD_000022;PRD_000023;PRD_000026;PRD_000027;PRD_000028;PRD_000029;PRD_000030;PRD_000041;PRD_000042;PRD_000043;PRD_000044;PRD_000045;PRD_000046;PRD_000047;PRD_000049;PRD_000051;PRD_000108;PRD_000109;PRD_000110;PRD_000111;PRD_000112;PRD_000284;PRD_000285;PRD_000286;PRD_000287;PRD_000288;PRD_000289;PRD_000290;PRD_000291;PRD_000292
COMP_PRINT_DIGITAL_S1,PRICE_TYPE.01,(전사이즈),SIZ_000499|POPT_000002|PROC_000004,4000,4500,1358698,1350000,8698,29,PRD_000016;PRD_000017;PRD_000018;PRD_000019;PRD_000020;PRD_000021;PRD_000022;PRD_000023;PRD_000026;PRD_000027;PRD_000028;PRD_000029;PRD_000030;PRD_000041;PRD_000042;PRD_000043;PRD_000044;PRD_000045;PRD_000046;PRD_000047;PRD_000049;PRD_000051;PRD_000108;PRD_000109;PRD_000110;PRD_000111;PRD_000112;PRD_000284;PRD_000285;PRD_000286;PRD_000287;PRD_000288;PRD_000289;PRD_000290;PRD_000291;PRD_000292
COMP_PRINT_DIGITAL_S1,PRICE_TYPE.01,(전사이즈),SIZ_000499|POPT_000002|PROC_000004,4500,5000,1499700,1490000,9700,33,PRD_000016;PRD_000017;PRD_000018;PRD_000019;PRD_000020;PRD_000021;PRD_000022;PRD_000023;PRD_000026;PRD_000027;PRD_000028;PRD_000029;PRD_000030;PRD_000041;PRD_000042;PRD_000043;PRD_000044;PRD_000045;PRD_000046;PRD_000047;PRD_000049;PRD_000051;PRD_000108;PRD_000109;PRD_000110;PRD_000111;PRD_000112;PRD_000284;PRD_000285;PRD_000286;PRD_000287;PRD_000288;PRD_000289;PRD_000290;PRD_000291;PRD_000292
COMP_PRINT_DIGITAL_S1,PRICE_TYPE.01,(전사이즈),SIZ_000499|POPT_000002|PROC_000004,5000,6000,1787702,1776000,11702,40,PRD_000016;PRD_000017;PRD_000018;PRD_000019;PRD_000020;PRD_000021;PRD_000022;PRD_000023;PRD_000026;PRD_000027;PRD_000028;PRD_000029;PRD_000030;PRD_000041;PRD_000042;PRD_000043;PRD_000044;PRD_000045;PRD_000046;PRD_000047;PRD_000049;PRD_000051;PRD_000108;PRD_000109;PRD_000110;PRD_000111;PRD_000112;PRD_000284;PRD_000285;PRD_000286;PRD_000287;PRD_000288;PRD_000289;PRD_000290;PRD_000291;PRD_000292
COMP_PRINT_DIGITAL_S1,PRICE_TYPE.01,(전사이즈),SIZ_000499|POPT_000002|PROC_000004,6000,7000,2071704,2058000,13704,47,PRD_000016;PRD_000017;PRD_000018;PRD_000019;PRD_000020;PRD_000021;PRD_000022;PRD_000023;PRD_000026;PRD_000027;PRD_000028;PRD_000029;PRD_000030;PRD_000041;PRD_000042;PRD_000043;PRD_000044;PRD_000045;PRD_000046;PRD_000047;PRD_000049;PRD_000051;PRD_000108;PRD_000109;PRD_000110;PRD_000111;PRD_000112;PRD_000284;PRD_000285;PRD_000286;PRD_000287;PRD_000288;PRD_000289;PRD_000290;PRD_000291;PRD_000292
COMP_PRINT_DIGITAL_S1,PRICE_TYPE.01,(전사이즈),SIZ_000499|POPT_000002|PROC_000004,7000,8000,2351706,2336000,15706,54,PRD_000016;PRD_000017;PRD_000018;PRD_000019;PRD_000020;PRD_000021;PRD_000022;PRD_000023;PRD_000026;PRD_000027;PRD_000028;PRD_000029;PRD_000030;PRD_000041;PRD_000042;PRD_000043;PRD_000044;PRD_000045;PRD_000046;PRD_000047;PRD_000049;PRD_000051;PRD_000108;PRD_000109;PRD_000110;PRD_000111;PRD_000112;PRD_000284;PRD_000285;PRD_000286;PRD_000287;PRD_000288;PRD_000289;PRD_000290;PRD_000291;PRD_000292
COMP_PRINT_DIGITAL_S1,PRICE_TYPE.01,(전사이즈),SIZ_000499|POPT_000002|PROC_000004,8000,9000,2627708,2610000,17708,61,PRD_000016;PRD_000017;PRD_000018;PRD_000019;PRD_000020;PRD_000021;PRD_000022;PRD_000023;PRD_000026;PRD_000027;PRD_000028;PRD_000029;PRD_000030;PRD_000041;PRD_000042;PRD_000043;PRD_000044;PRD_000045;PRD_000046;PRD_000047;PRD_000049;PRD_000051;PRD_000108;PRD_000109;PRD_000110;PRD_000111;PRD_000112;PRD_000284;PRD_000285;PRD_000286;PRD_000287;PRD_000288;PRD_000289;PRD_000290;PRD_000291;PRD_000292
COMP_PRINT_DIGITAL_S1,PRICE_TYPE.01,(전사이즈),SIZ_000077|POPT_000008|PROC_000004,4,5,7200,6000,1200,1,PRD_000016;PRD_000017;PRD_000018;PRD_000019;PRD_000020;PRD_000021;PRD_000022;PRD_000023;PRD_000026;PRD_000027;PRD_000028;PRD_000029;PRD_000030;PRD_000041;PRD_000042;PRD_000043;PRD_000044;PRD_000045;PRD_000046;PRD_000047;PRD_000049;PRD_000051;PRD_000108;PRD_000109;PRD_000110;PRD_000111;PRD_000112;PRD_000284;PRD_000285;PRD_000286;PRD_000287;PRD_000288;PRD_000289;PRD_000290;PRD_000291;PRD_000292
COMP_PRINT_DIGITAL_S1,PRICE_TYPE.01,(전사이즈),SIZ_000077|POPT_000008|PROC_000004,5,6,6000,5400,600,1,PRD_000016;PRD_000017;PRD_000018;PRD_000019;PRD_000020;PRD_000021;PRD_000022;PRD_000023;PRD_000026;PRD_000027;PRD_000028;PRD_000029;PRD_000030;PRD_000041;PRD_000042;PRD_000043;PRD_000044;PRD_000045;PRD_000046;PRD_000047;PRD_000049;PRD_000051;PRD_000108;PRD_000109;PRD_000110;PRD_000111;PRD_000112;PRD_000284;PRD_000285;PRD_000286;PRD_000287;PRD_000288;PRD_000289;PRD_000290;PRD_000291;PRD_000292
COMP_PRINT_DIGITAL_S1,PRICE_TYPE.01,(전사이즈),SIZ_000077|POPT_000008|PROC_000004,8,9,5600,5400,200,1,PRD_000016;PRD_000017;PRD_000018;PRD_000019;PRD_000020;PRD_000021;PRD_000022;PRD_000023;PRD_000026;PRD_000027;PRD_000028;PRD_000029;PRD_000030;PRD_000041;PRD_000042;PRD_000043;PRD_000044;PRD_000045;PRD_000046;PRD_000047;PRD_000049;PRD_000051;PRD_000108;PRD_000109;PRD_000110;PRD_000111;PRD_000112;PRD_000284;PRD_000285;PRD_000286;PRD_000287;PRD_000288;PRD_000289;PRD_000290;PRD_000291;PRD_000292
COMP_PRINT_DIGITAL_S1,PRICE_TYPE.01,(전사이즈),SIZ_000077|POPT_000008|PROC_000004,9,10,5400,5000,400,1,PRD_000016;PRD_000017;PRD_000018;PRD_000019;PRD_000020;PRD_000021;PRD_000022;PRD_000023;PRD_000026;PRD_000027;PRD_000028;PRD_000029;PRD_000030;PRD_000041;PRD_000042;PRD_000043;PRD_000044;PRD_000045;PRD_000046;PRD_000047;PRD_000049;PRD_000051;PRD_000108;PRD_000109;PRD_000110;PRD_000111;PRD_000112;PRD_000284;PRD_000285;PRD_000286;PRD_000287;PRD_000288;PRD_000289;PRD_000290;PRD_000291;PRD_000292
COMP_PRINT_DIGITAL_S1,PRICE_TYPE.01,(전사이즈),SIZ_000077|POPT_000008|PROC_000004,15,20,11590,10800,790,2,PRD_000016;PRD_000017;PRD_000018;PRD_000019;PRD_000020;PRD_000021;PRD_000022;PRD_000023;PRD_000026;PRD_000027;PRD_000028;PRD_000029;PRD_000030;PRD_000041;PRD_000042;PRD_000043;PRD_000044;PRD_000045;PRD_000046;PRD_000047;PRD_000049;PRD_000051;PRD_000108;PRD_000109;PRD_000110;PRD_000111;PRD_000112;PRD_000284;PRD_000285;PRD_000286;PRD_000287;PRD_000288;PRD_000289;PRD_000290;PRD_000291;PRD_000292
COMP_PRINT_DIGITAL_S1,PRICE_TYPE.01,(전사이즈),SIZ_000077|POPT_000008|PROC_000004,20,25,12960,11750,1210,3,PRD_000016;PRD_000017;PRD_000018;PRD_000019;PRD_000020;PRD_000021;PRD_000022;PRD_000023;PRD_000026;PRD_000027;PRD_000028;PRD_000029;PRD_000030;PRD_000041;PRD_000042;PRD_000043;PRD_000044;PRD_000045;PRD_000046;PRD_000047;PRD_000049;PRD_000051;PRD_000108;PRD_000109;PRD_000110;PRD_000111;PRD_000112;PRD_000284;PRD_000285;PRD_000286;PRD_000287;PRD_000288;PRD_000289;PRD_000290;PRD_000291;PRD_000292
COMP_PRINT_DIGITAL_S1,PRICE_TYPE.01,(전사이즈),SIZ_000077|POPT_000008|PROC_000004,25,30,13630,12300,1330,3,PRD_000016;PRD_000017;PRD_000018;PRD_000019;PRD_000020;PRD_000021;PRD_000022;PRD_000023;PRD_000026;PRD_000027;PRD_000028;PRD_000029;PRD_000030;PRD_000041;PRD_000042;PRD_000043;PRD_000044;PRD_000045;PRD_000046;PRD_000047;PRD_000049;PRD_000051;PRD_000108;PRD_000109;PRD_000110;PRD_000111;PRD_000112;PRD_000284;PRD_000285;PRD_000286;PRD_000287;PRD_000288;PRD_000289;PRD_000290;PRD_000291;PRD_000292
COMP_PRINT_DIGITAL_S1,PRICE_TYPE.01,(전사이즈),SIZ_000077|POPT_000008|PROC_000004,30,35,13940,13300,640,2,PRD_000016;PRD_000017;PRD_000018;PRD_000019;PRD_000020;PRD_000021;PRD_000022;PRD_000023;PRD_000026;PRD_000027;PRD_000028;PRD_000029;PRD_000030;PRD_000041;PRD_000042;PRD_000043;PRD_000044;PRD_000045;PRD_000046;PRD_000047;PRD_000049;PRD_000051;PRD_000108;PRD_000109;PRD_000110;PRD_000111;PRD_000112;PRD_000284;PRD_000285;PRD_000286;PRD_000287;PRD_000288;PRD_000289;PRD_000290;PRD_000291;PRD_000292
COMP_PRINT_DIGITAL_S1,PRICE_TYPE.01,(전사이즈),SIZ_000077|POPT_000008|PROC_000004,35,40,14820,13600,1220,4,PRD_000016;PRD_000017;PRD_000018;PRD_000019;PRD_000020;PRD_000021;PRD_000022;PRD_000023;PRD_000026;PRD_000027;PRD_000028;PRD_000029;PRD_000030;PRD_000041;PRD_000042;PRD_000043;PRD_000044;PRD_000045;PRD_000046;PRD_000047;PRD_000049;PRD_000051;PRD_000108;PRD_000109;PRD_000110;PRD_000111;PRD_000112;PRD_000284;PRD_000285;PRD_000286;PRD_000287;PRD_000288;PRD_000289;PRD_000290;PRD_000291;PRD_000292
COMP_PRINT_DIGITAL_S1,PRICE_TYPE.01,(전사이즈),SIZ_000077|POPT_000008|PROC_000004,50,60,20060,16200,3860,10,PRD_000016;PRD_000017;PRD_000018;PRD_000019;PRD_000020;PRD_000021;PRD_000022;PRD_000023;PRD_000026;PRD_000027;PRD_000028;PRD_000029;PRD_000030;PRD_000041;PRD_000042;PRD_000043;PRD_000044;PRD_000045;PRD_000046;PRD_000047;PRD_000049;PRD_000051;PRD_000108;PRD_000109;PRD_000110;PRD_000111;PRD_000112;PRD_000284;PRD_000285;PRD_000286;PRD_000287;PRD_000288;PRD_000289;PRD_000290;PRD_000291;PRD_000292
COMP_PRINT_DIGITAL_S1,PRICE_TYPE.01,(전사이즈),SIZ_000077|POPT_000008|PROC_000004,100,150,40230,28500,11730,44,PRD_000016;PRD_000017;PRD_000018;PRD_000019;PRD_000020;PRD_000021;PRD_000022;PRD_000023;PRD_000026;PRD_000027;PRD_000028;PRD_000029;PRD_000030;PRD_000041;PRD_000042;PRD_000043;PRD_000044;PRD_000045;PRD_000046;PRD_000047;PRD_000049;PRD_000051;PRD_000108;PRD_000109;PRD_000110;PRD_000111;PRD_000112;PRD_000284;PRD_000285;PRD_000286;PRD_000287;PRD_000288;PRD_000289;PRD_000290;PRD_000291;PRD_000292
COMP_PRINT_DIGITAL_S1,PRICE_TYPE.01,(전사이즈),SIZ_000077|POPT_000008|PROC_000004,150,200,37810,36000,1810,10,PRD_000016;PRD_000017;PRD_000018;PRD_000019;PRD_000020;PRD_000021;PRD_000022;PRD_000023;PRD_000026;PRD_000027;PRD_000028;PRD_000029;PRD_000030;PRD_000041;PRD_000042;PRD_000043;PRD_000044;PRD_000045;PRD_000046;PRD_000047;PRD_000049;PRD_000051;PRD_000108;PRD_000109;PRD_000110;PRD_000111;PRD_000112;PRD_000284;PRD_000285;PRD_000286;PRD_000287;PRD_000288;PRD_000289;PRD_000290;PRD_000291;PRD_000292
COMP_PRINT_DIGITAL_S1,PRICE_TYPE.01,(전사이즈),SIZ_000077|POPT_000008|PROC_000004,200,250,44820,40000,4820,27,PRD_000016;PRD_000017;PRD_000018;PRD_000019;PRD_000020;PRD_000021;PRD_000022;PRD_000023;PRD_000026;PRD_000027;PRD_000028;PRD_000029;PRD_000030;PRD_000041;PRD_000042;PRD_000043;PRD_000044;PRD_000045;PRD_000046;PRD_000047;PRD_000049;PRD_000051;PRD_000108;PRD_000109;PRD_000110;PRD_000111;PRD_000112;PRD_000284;PRD_000285;PRD_000286;PRD_000287;PRD_000288;PRD_000289;PRD_000290;PRD_000291;PRD_000292
COMP_PRINT_DIGITAL_S1,PRICE_TYPE.01,(전사이즈),SIZ_000077|POPT_000008|PROC_000004,250,300,47840,45000,2840,18,PRD_000016;PRD_000017;PRD_000018;PRD_000019;PRD_000020;PRD_000021;PRD_000022;PRD_000023;PRD_000026;PRD_000027;PRD_000028;PRD_000029;PRD_000030;PRD_000041;PRD_000042;PRD_000043;PRD_000044;PRD_000045;PRD_000046;PRD_000047;PRD_000049;PRD_000051;PRD_000108;PRD_000109;PRD_000110;PRD_000111;PRD_000112;PRD_000284;PRD_000285;PRD_000286;PRD_000287;PRD_000288;PRD_000289;PRD_000290;PRD_000291;PRD_000292
COMP_PRINT_DIGITAL_S1,PRICE_TYPE.01,(전사이즈),SIZ_000077|POPT_000008|PROC_000004,300,350,52350,49000,3350,23,PRD_000016;PRD_000017;PRD_000018;PRD_000019;PRD_000020;PRD_000021;PRD_000022;PRD_000023;PRD_000026;PRD_000027;PRD_000028;PRD_000029;PRD_000030;PRD_000041;PRD_000042;PRD_000043;PRD_000044;PRD_000045;PRD_000046;PRD_000047;PRD_000049;PRD_000051;PRD_000108;PRD_000109;PRD_000110;PRD_000111;PRD_000112;PRD_000284;PRD_000285;PRD_000286;PRD_000287;PRD_000288;PRD_000289;PRD_000290;PRD_000291;PRD_000292
COMP_PRINT_DIGITAL_S1,PRICE_TYPE.01,(전사이즈),SIZ_000077|POPT_000008|PROC_000004,350,400,55860,48000,7860,50,PRD_000016;PRD_000017;PRD_000018;PRD_000019;PRD_000020;PRD_000021;PRD_000022;PRD_000023;PRD_000026;PRD_000027;PRD_000028;PRD_000029;PRD_000030;PRD_000041;PRD_000042;PRD_000043;PRD_000044;PRD_000045;PRD_000046;PRD_000047;PRD_000049;PRD_000051;PRD_000108;PRD_000109;PRD_000110;PRD_000111;PRD_000112;PRD_000284;PRD_000285;PRD_000286;PRD_000287;PRD_000288;PRD_000289;PRD_000290;PRD_000291;PRD_000292
COMP_PRINT_DIGITAL_S1,PRICE_TYPE.01,(전사이즈),SIZ_000077|POPT_000008|PROC_000004,400,450,53880,49500,4380,37,PRD_000016;PRD_000017;PRD_000018;PRD_000019;PRD_000020;PRD_000021;PRD_000022;PRD_000023;PRD_000026;PRD_000027;PRD_000028;PRD_000029;PRD_000030;PRD_000041;PRD_000042;PRD_000043;PRD_000044;PRD_000045;PRD_000046;PRD_000047;PRD_000049;PRD_000051;PRD_000108;PRD_000109;PRD_000110;PRD_000111;PRD_000112;PRD_000284;PRD_000285;PRD_000286;PRD_000287;PRD_000288;PRD_000289;PRD_000290;PRD_000291;PRD_000292
COMP_PRINT_DIGITAL_S1,PRICE_TYPE.01,(전사이즈),SIZ_000077|POPT_000008|PROC_000004,450,500,54890,47500,7390,50,PRD_000016;PRD_000017;PRD_000018;PRD_000019;PRD_000020;PRD_000021;PRD_000022;PRD_000023;PRD_000026;PRD_000027;PRD_000028;PRD_000029;PRD_000030;PRD_000041;PRD_000042;PRD_000043;PRD_000044;PRD_000045;PRD_000046;PRD_000047;PRD_000049;PRD_000051;PRD_000108;PRD_000109;PRD_000110;PRD_000111;PRD_000112;PRD_000284;PRD_000285;PRD_000286;PRD_000287;PRD_000288;PRD_000289;PRD_000290;PRD_000291;PRD_000292
COMP_PRINT_DIGITAL_S1,PRICE_TYPE.01,(전사이즈),SIZ_000077|POPT_000008|PROC_000004,1200,1400,132905,123200,9705,103,PRD_000016;PRD_000017;PRD_000018;PRD_000019;PRD_000020;PRD_000021;PRD_000022;PRD_000023;PRD_000026;PRD_000027;PRD_000028;PRD_000029;PRD_000030;PRD_000041;PRD_000042;PRD_000043;PRD_000044;PRD_000045;PRD_000046;PRD_000047;PRD_000049;PRD_000051;PRD_000108;PRD_000109;PRD_000110;PRD_000111;PRD_000112;PRD_000284;PRD_000285;PRD_000286;PRD_000287;PRD_000288;PRD_000289;PRD_000290;PRD_000291;PRD_000292
COMP_PRINT_DIGITAL_S1,PRICE_TYPE.01,(전사이즈),SIZ_000077|POPT_000008|PROC_000004,1600,1800,158312,145800,12512,143,PRD_000016;PRD_000017;PRD_000018;PRD_000019;PRD_000020;PRD_000021;PRD_000022;PRD_000023;PRD_000026;PRD_000027;PRD_000028;PRD_000029;PRD_000030;PRD_000041;PRD_000042;PRD_000043;PRD_000044;PRD_000045;PRD_000046;PRD_000047;PRD_000049;PRD_000051;PRD_000108;PRD_000109;PRD_000110;PRD_000111;PRD_000112;PRD_000284;PRD_000285;PRD_000286;PRD_000287;PRD_000288;PRD_000289;PRD_000290;PRD_000291;PRD_000292
COMP_PRINT_DIGITAL_S1,PRICE_TYPE.01,(전사이즈),SIZ_000077|POPT_000008|PROC_000004,2000,2500,202419,187500,14919,185,PRD_000016;PRD_000017;PRD_000018;PRD_000019;PRD_000020;PRD_000021;PRD_000022;PRD_000023;PRD_000026;PRD_000027;PRD_000028;PRD_000029;PRD_000030;PRD_000041;PRD_000042;PRD_000043;PRD_000044;PRD_000045;PRD_000046;PRD_000047;PRD_000049;PRD_000051;PRD_000108;PRD_000109;PRD_000110;PRD_000111;PRD_000112;PRD_000284;PRD_000285;PRD_000286;PRD_000287;PRD_000288;PRD_000289;PRD_000290;PRD_000291;PRD_000292
COMP_PRINT_DIGITAL_S1,PRICE_TYPE.01,(전사이즈),SIZ_000077|POPT_000008|PROC_000004,3000,3500,262425,238000,24425,326,PRD_000016;PRD_000017;PRD_000018;PRD_000019;PRD_000020;PRD_000021;PRD_000022;PRD_000023;PRD_000026;PRD_000027;PRD_000028;PRD_000029;PRD_000030;PRD_000041;PRD_000042;PRD_000043;PRD_000044;PRD_000045;PRD_000046;PRD_000047;PRD_000049;PRD_000051;PRD_000108;PRD_000109;PRD_000110;PRD_000111;PRD_000112;PRD_000284;PRD_000285;PRD_000286;PRD_000287;PRD_000288;PRD_000289;PRD_000290;PRD_000291;PRD_000292
COMP_PRINT_DIGITAL_S1,PRICE_TYPE.01,(전사이즈),SIZ_000077|POPT_000008|PROC_000004,4000,4500,305932,274500,31432,463,PRD_000016;PRD_000017;PRD_000018;PRD_000019;PRD_000020;PRD_000021;PRD_000022;PRD_000023;PRD_000026;PRD_000027;PRD_000028;PRD_000029;PRD_000030;PRD_000041;PRD_000042;PRD_000043;PRD_000044;PRD_000045;PRD_000046;PRD_000047;PRD_000049;PRD_000051;PRD_000108;PRD_000109;PRD_000110;PRD_000111;PRD_000112;PRD_000284;PRD_000285;PRD_000286;PRD_000287;PRD_000288;PRD_000289;PRD_000290;PRD_000291;PRD_000292
COMP_PRINT_DIGITAL_S1,PRICE_TYPE.01,(전사이즈),SIZ_000077|POPT_000008|PROC_000004,5000,6000,365939,324000,41939,688,PRD_000016;PRD_000017;PRD_000018;PRD_000019;PRD_000020;PRD_000021;PRD_000022;PRD_000023;PRD_000026;PRD_000027;PRD_000028;PRD_000029;PRD_000030;PRD_000041;PRD_000042;PRD_000043;PRD_000044;PRD_000045;PRD_000046;PRD_000047;PRD_000049;PRD_000051;PRD_000108;PRD_000109;PRD_000110;PRD_000111;PRD_000112;PRD_000284;PRD_000285;PRD_000286;PRD_000287;PRD_000288;PRD_000289;PRD_000290;PRD_000291;PRD_000292
COMP_PRINT_DIGITAL_S1,PRICE_TYPE.01,(전사이즈),SIZ_000499|POPT_000008|PROC_000004,5,6,6000,5400,600,1,PRD_000016;PRD_000017;PRD_000018;PRD_000019;PRD_000020;PRD_000021;PRD_000022;PRD_000023;PRD_000026;PRD_000027;PRD_000028;PRD_000029;PRD_000030;PRD_000041;PRD_000042;PRD_000043;PRD_000044;PRD_000045;PRD_000046;PRD_000047;PRD_000049;PRD_000051;PRD_000108;PRD_000109;PRD_000110;PRD_000111;PRD_000112;PRD_000284;PRD_000285;PRD_000286;PRD_000287;PRD_000288;PRD_000289;PRD_000290;PRD_000291;PRD_000292
COMP_PRINT_DIGITAL_S1,PRICE_TYPE.01,(전사이즈),SIZ_000499|POPT_000008|PROC_000004,8,9,5600,5400,200,1,PRD_000016;PRD_000017;PRD_000018;PRD_000019;PRD_000020;PRD_000021;PRD_000022;PRD_000023;PRD_000026;PRD_000027;PRD_000028;PRD_000029;PRD_000030;PRD_000041;PRD_000042;PRD_000043;PRD_000044;PRD_000045;PRD_000046;PRD_000047;PRD_000049;PRD_000051;PRD_000108;PRD_000109;PRD_000110;PRD_000111;PRD_000112;PRD_000284;PRD_000285;PRD_000286;PRD_000287;PRD_000288;PRD_000289;PRD_000290;PRD_000291;PRD_000292
COMP_PRINT_DIGITAL_S1,PRICE_TYPE.01,(전사이즈),SIZ_000499|POPT_000008|PROC_000004,9,10,5400,5000,400,1,PRD_000016;PRD_000017;PRD_000018;PRD_000019;PRD_000020;PRD_000021;PRD_000022;PRD_000023;PRD_000026;PRD_000027;PRD_000028;PRD_000029;PRD_000030;PRD_000041;PRD_000042;PRD_000043;PRD_000044;PRD_000045;PRD_000046;PRD_000047;PRD_000049;PRD_000051;PRD_000108;PRD_000109;PRD_000110;PRD_000111;PRD_000112;PRD_000284;PRD_000285;PRD_000286;PRD_000287;PRD_000288;PRD_000289;PRD_000290;PRD_000291;PRD_000292
COMP_PRINT_DIGITAL_S1,PRICE_TYPE.01,(전사이즈),SIZ_000499|POPT_000008|PROC_000004,10,15,7000,6750,250,1,PRD_000016;PRD_000017;PRD_000018;PRD_000019;PRD_000020;PRD_000021;PRD_000022;PRD_000023;PRD_000026;PRD_000027;PRD_000028;PRD_000029;PRD_000030;PRD_000041;PRD_000042;PRD_000043;PRD_000044;PRD_000045;PRD_000046;PRD_000047;PRD_000049;PRD_000051;PRD_000108;PRD_000109;PRD_000110;PRD_000111;PRD_000112;PRD_000284;PRD_000285;PRD_000286;PRD_000287;PRD_000288;PRD_000289;PRD_000290;PRD_000291;PRD_000292
COMP_PRINT_DIGITAL_S1,PRICE_TYPE.01,(전사이즈),SIZ_000499|POPT_000008|PROC_000004,15,20,8550,8000,550,2,PRD_000016;PRD_000017;PRD_000018;PRD_000019;PRD_000020;PRD_000021;PRD_000022;PRD_000023;PRD_000026;PRD_000027;PRD_000028;PRD_000029;PRD_000030;PRD_000041;PRD_000042;PRD_000043;PRD_000044;PRD_000045;PRD_000046;PRD_000047;PRD_000049;PRD_000051;PRD_000108;PRD_000109;PRD_000110;PRD_000111;PRD_000112;PRD_000284;PRD_000285;PRD_000286;PRD_000287;PRD_000288;PRD_000289;PRD_000290;PRD_000291;PRD_000292
COMP_PRINT_DIGITAL_S1,PRICE_TYPE.01,(전사이즈),SIZ_000499|POPT_000008|PROC_000004,20,25,9600,8750,850,3,PRD_000016;PRD_000017;PRD_000018;PRD_000019;PRD_000020;PRD_000021;PRD_000022;PRD_000023;PRD_000026;PRD_000027;PRD_000028;PRD_000029;PRD_000030;PRD_000041;PRD_000042;PRD_000043;PRD_000044;PRD_000045;PRD_000046;PRD_000047;PRD_000049;PRD_000051;PRD_000108;PRD_000109;PRD_000110;PRD_000111;PRD_000112;PRD_000284;PRD_000285;PRD_000286;PRD_000287;PRD_000288;PRD_000289;PRD_000290;PRD_000291;PRD_000292
COMP_PRINT_DIGITAL_S1,PRICE_TYPE.01,(전사이즈),SIZ_000499|POPT_000008|PROC_000004,25,30,10150,9000,1150,4,PRD_000016;PRD_000017;PRD_000018;PRD_000019;PRD_000020;PRD_000021;PRD_000022;PRD_000023;PRD_000026;PRD_000027;PRD_000028;PRD_000029;PRD_000030;PRD_000041;PRD_000042;PRD_000043;PRD_000044;PRD_000045;PRD_000046;PRD_000047;PRD_000049;PRD_000051;PRD_000108;PRD_000109;PRD_000110;PRD_000111;PRD_000112;PRD_000284;PRD_000285;PRD_000286;PRD_000287;PRD_000288;PRD_000289;PRD_000290;PRD_000291;PRD_000292
COMP_PRINT_DIGITAL_S1,PRICE_TYPE.01,(전사이즈),SIZ_000499|POPT_000008|PROC_000004,30,35,10200,9800,400,2,PRD_000016;PRD_000017;PRD_000018;PRD_000019;PRD_000020;PRD_000021;PRD_000022;PRD_000023;PRD_000026;PRD_000027;PRD_000028;PRD_000029;PRD_000030;PRD_000041;PRD_000042;PRD_000043;PRD_000044;PRD_000045;PRD_000046;PRD_000047;PRD_000049;PRD_000051;PRD_000108;PRD_000109;PRD_000110;PRD_000111;PRD_000112;PRD_000284;PRD_000285;PRD_000286;PRD_000287;PRD_000288;PRD_000289;PRD_000290;PRD_000291;PRD_000292
COMP_PRINT_DIGITAL_S1,PRICE_TYPE.01,(전사이즈),SIZ_000499|POPT_000008|PROC_000004,35,40,10920,10000,920,4,PRD_000016;PRD_000017;PRD_000018;PRD_000019;PRD_000020;PRD_000021;PRD_000022;PRD_000023;PRD_000026;PRD_000027;PRD_000028;PRD_000029;PRD_000030;PRD_000041;PRD_000042;PRD_000043;PRD_000044;PRD_000045;PRD_000046;PRD_000047;PRD_000049;PRD_000051;PRD_000108;PRD_000109;PRD_000110;PRD_000111;PRD_000112;PRD_000284;PRD_000285;PRD_000286;PRD_000287;PRD_000288;PRD_000289;PRD_000290;PRD_000291;PRD_000292
COMP_PRINT_DIGITAL_S1,PRICE_TYPE.01,(전사이즈),SIZ_000499|POPT_000008|PROC_000004,50,60,14750,12000,2750,10,PRD_000016;PRD_000017;PRD_000018;PRD_000019;PRD_000020;PRD_000021;PRD_000022;PRD_000023;PRD_000026;PRD_000027;PRD_000028;PRD_000029;PRD_000030;PRD_000041;PRD_000042;PRD_000043;PRD_000044;PRD_000045;PRD_000046;PRD_000047;PRD_000049;PRD_000051;PRD_000108;PRD_000109;PRD_000110;PRD_000111;PRD_000112;PRD_000284;PRD_000285;PRD_000286;PRD_000287;PRD_000288;PRD_000289;PRD_000290;PRD_000291;PRD_000292
COMP_PRINT_DIGITAL_S1,PRICE_TYPE.01,(전사이즈),SIZ_000499|POPT_000008|PROC_000004,100,150,29800,21000,8800,44,PRD_000016;PRD_000017;PRD_000018;PRD_000019;PRD_000020;PRD_000021;PRD_000022;PRD_000023;PRD_000026;PRD_000027;PRD_000028;PRD_000029;PRD_000030;PRD_000041;PRD_000042;PRD_000043;PRD_000044;PRD_000045;PRD_000046;PRD_000047;PRD_000049;PRD_000051;PRD_000108;PRD_000109;PRD_000110;PRD_000111;PRD_000112;PRD_000284;PRD_000285;PRD_000286;PRD_000287;PRD_000288;PRD_000289;PRD_000290;PRD_000291;PRD_000292
COMP_PRINT_DIGITAL_S1,PRICE_TYPE.01,(전사이즈),SIZ_000499|POPT_000008|PROC_000004,150,200,27860,26000,1860,14,PRD_000016;PRD_000017;PRD_000018;PRD_000019;PRD_000020;PRD_000021;PRD_000022;PRD_000023;PRD_000026;PRD_000027;PRD_000028;PRD_000029;PRD_000030;PRD_000041;PRD_000042;PRD_000043;PRD_000044;PRD_000045;PRD_000046;PRD_000047;PRD_000049;PRD_000051;PRD_000108;PRD_000109;PRD_000110;PRD_000111;PRD_000112;PRD_000284;PRD_000285;PRD_000286;PRD_000287;PRD_000288;PRD_000289;PRD_000290;PRD_000291;PRD_000292
COMP_PRINT_DIGITAL_S1,PRICE_TYPE.01,(전사이즈),SIZ_000499|POPT_000008|PROC_000004,200,250,32370,30000,2370,19,PRD_000016;PRD_000017;PRD_000018;PRD_000019;PRD_000020;PRD_000021;PRD_000022;PRD_000023;PRD_000026;PRD_000027;PRD_000028;PRD_000029;PRD_000030;PRD_000041;PRD_000042;PRD_000043;PRD_000044;PRD_000045;PRD_000046;PRD_000047;PRD_000049;PRD_000051;PRD_000108;PRD_000109;PRD_000110;PRD_000111;PRD_000112;PRD_000284;PRD_000285;PRD_000286;PRD_000287;PRD_000288;PRD_000289;PRD_000290;PRD_000291;PRD_000292
COMP_PRINT_DIGITAL_S1,PRICE_TYPE.01,(전사이즈),SIZ_000499|POPT_000008|PROC_000004,250,300,35880,33000,2880,24,PRD_000016;PRD_000017;PRD_000018;PRD_000019;PRD_000020;PRD_000021;PRD_000022;PRD_000023;PRD_000026;PRD_000027;PRD_000028;PRD_000029;PRD_000030;PRD_000041;PRD_000042;PRD_000043;PRD_000044;PRD_000045;PRD_000046;PRD_000047;PRD_000049;PRD_000051;PRD_000108;PRD_000109;PRD_000110;PRD_000111;PRD_000112;PRD_000284;PRD_000285;PRD_000286;PRD_000287;PRD_000288;PRD_000289;PRD_000290;PRD_000291;PRD_000292
COMP_PRINT_DIGITAL_S1,PRICE_TYPE.01,(전사이즈),SIZ_000499|POPT_000008|PROC_000004,300,350,38390,35000,3390,31,PRD_000016;PRD_000017;PRD_000018;PRD_000019;PRD_000020;PRD_000021;PRD_000022;PRD_000023;PRD_000026;PRD_000027;PRD_000028;PRD_000029;PRD_000030;PRD_000041;PRD_000042;PRD_000043;PRD_000044;PRD_000045;PRD_000046;PRD_000047;PRD_000049;PRD_000051;PRD_000108;PRD_000109;PRD_000110;PRD_000111;PRD_000112;PRD_000284;PRD_000285;PRD_000286;PRD_000287;PRD_000288;PRD_000289;PRD_000290;PRD_000291;PRD_000292
COMP_PRINT_DIGITAL_S1,PRICE_TYPE.01,(전사이즈),SIZ_000499|POPT_000008|PROC_000004,350,400,39900,36000,3900,39,PRD_000016;PRD_000017;PRD_000018;PRD_000019;PRD_000020;PRD_000021;PRD_000022;PRD_000023;PRD_000026;PRD_000027;PRD_000028;PRD_000029;PRD_000030;PRD_000041;PRD_000042;PRD_000043;PRD_000044;PRD_000045;PRD_000046;PRD_000047;PRD_000049;PRD_000051;PRD_000108;PRD_000109;PRD_000110;PRD_000111;PRD_000112;PRD_000284;PRD_000285;PRD_000286;PRD_000287;PRD_000288;PRD_000289;PRD_000290;PRD_000291;PRD_000292
COMP_PRINT_DIGITAL_S1,PRICE_TYPE.01,(전사이즈),SIZ_000499|POPT_000008|PROC_000004,400,450,40410,36000,4410,49,PRD_000016;PRD_000017;PRD_000018;PRD_000019;PRD_000020;PRD_000021;PRD_000022;PRD_000023;PRD_000026;PRD_000027;PRD_000028;PRD_000029;PRD_000030;PRD_000041;PRD_000042;PRD_000043;PRD_000044;PRD_000045;PRD_000046;PRD_000047;PRD_000049;PRD_000051;PRD_000108;PRD_000109;PRD_000110;PRD_000111;PRD_000112;PRD_000284;PRD_000285;PRD_000286;PRD_000287;PRD_000288;PRD_000289;PRD_000290;PRD_000291;PRD_000292
COMP_PRINT_DIGITAL_S1,PRICE_TYPE.01,(전사이즈),SIZ_000499|POPT_000008|PROC_000004,450,500,39920,35000,4920,50,PRD_000016;PRD_000017;PRD_000018;PRD_000019;PRD_000020;PRD_000021;PRD_000022;PRD_000023;PRD_000026;PRD_000027;PRD_000028;PRD_000029;PRD_000030;PRD_000041;PRD_000042;PRD_000043;PRD_000044;PRD_000045;PRD_000046;PRD_000047;PRD_000049;PRD_000051;PRD_000108;PRD_000109;PRD_000110;PRD_000111;PRD_000112;PRD_000284;PRD_000285;PRD_000286;PRD_000287;PRD_000288;PRD_000289;PRD_000290;PRD_000291;PRD_000292
COMP_PRINT_DIGITAL_S1,PRICE_TYPE.01,(전사이즈),SIZ_000499|POPT_000008|PROC_000004,1200,1400,97930,91000,6930,99,PRD_000016;PRD_000017;PRD_000018;PRD_000019;PRD_000020;PRD_000021;PRD_000022;PRD_000023;PRD_000026;PRD_000027;PRD_000028;PRD_000029;PRD_000030;PRD_000041;PRD_000042;PRD_000043;PRD_000044;PRD_000045;PRD_000046;PRD_000047;PRD_000049;PRD_000051;PRD_000108;PRD_000109;PRD_000110;PRD_000111;PRD_000112;PRD_000284;PRD_000285;PRD_000286;PRD_000287;PRD_000288;PRD_000289;PRD_000290;PRD_000291;PRD_000292
COMP_PRINT_DIGITAL_S1,PRICE_TYPE.01,(전사이즈),SIZ_000499|POPT_000008|PROC_000004,1600,1800,116935,108000,8935,138,PRD_000016;PRD_000017;PRD_000018;PRD_000019;PRD_000020;PRD_000021;PRD_000022;PRD_000023;PRD_000026;PRD_000027;PRD_000028;PRD_000029;PRD_000030;PRD_000041;PRD_000042;PRD_000043;PRD_000044;PRD_000045;PRD_000046;PRD_000047;PRD_000049;PRD_000051;PRD_000108;PRD_000109;PRD_000110;PRD_000111;PRD_000112;PRD_000284;PRD_000285;PRD_000286;PRD_000287;PRD_000288;PRD_000289;PRD_000290;PRD_000291;PRD_000292
COMP_PRINT_DIGITAL_S1,PRICE_TYPE.01,(전사이즈),SIZ_000499|POPT_000008|PROC_000004,2000,2500,149940,137500,12440,208,PRD_000016;PRD_000017;PRD_000018;PRD_000019;PRD_000020;PRD_000021;PRD_000022;PRD_000023;PRD_000026;PRD_000027;PRD_000028;PRD_000029;PRD_000030;PRD_000041;PRD_000042;PRD_000043;PRD_000044;PRD_000045;PRD_000046;PRD_000047;PRD_000049;PRD_000051;PRD_000108;PRD_000109;PRD_000110;PRD_000111;PRD_000112;PRD_000284;PRD_000285;PRD_000286;PRD_000287;PRD_000288;PRD_000289;PRD_000290;PRD_000291;PRD_000292
COMP_PRINT_DIGITAL_S1,PRICE_TYPE.01,(전사이즈),SIZ_000499|POPT_000008|PROC_000004,3000,3500,192445,175000,17445,318,PRD_000016;PRD_000017;PRD_000018;PRD_000019;PRD_000020;PRD_000021;PRD_000022;PRD_000023;PRD_000026;PRD_000027;PRD_000028;PRD_000029;PRD_000030;PRD_000041;PRD_000042;PRD_000043;PRD_000044;PRD_000045;PRD_000046;PRD_000047;PRD_000049;PRD_000051;PRD_000108;PRD_000109;PRD_000110;PRD_000111;PRD_000112;PRD_000284;PRD_000285;PRD_000286;PRD_000287;PRD_000288;PRD_000289;PRD_000290;PRD_000291;PRD_000292
COMP_PRINT_DIGITAL_S1,PRICE_TYPE.01,(전사이즈),SIZ_000499|POPT_000008|PROC_000004,4000,4500,224950,202500,22450,449,PRD_000016;PRD_000017;PRD_000018;PRD_000019;PRD_000020;PRD_000021;PRD_000022;PRD_000023;PRD_000026;PRD_000027;PRD_000028;PRD_000029;PRD_000030;PRD_000041;PRD_000042;PRD_000043;PRD_000044;PRD_000045;PRD_000046;PRD_000047;PRD_000049;PRD_000051;PRD_000108;PRD_000109;PRD_000110;PRD_000111;PRD_000112;PRD_000284;PRD_000285;PRD_000286;PRD_000287;PRD_000288;PRD_000289;PRD_000290;PRD_000291;PRD_000292
COMP_PRINT_DIGITAL_S1,PRICE_TYPE.01,(전사이즈),SIZ_000499|POPT_000008|PROC_000004,5000,6000,269955,240000,29955,666,PRD_000016;PRD_000017;PRD_000018;PRD_000019;PRD_000020;PRD_000021;PRD_000022;PRD_000023;PRD_000026;PRD_000027;PRD_000028;PRD_000029;PRD_000030;PRD_000041;PRD_000042;PRD_000043;PRD_000044;PRD_000045;PRD_000046;PRD_000047;PRD_000049;PRD_000051;PRD_000108;PRD_000109;PRD_000110;PRD_000111;PRD_000112;PRD_000284;PRD_000285;PRD_000286;PRD_000287;PRD_000288;PRD_000289;PRD_000290;PRD_000291;PRD_000292
COMP_PRINT_DIGITAL_S1,PRICE_TYPE.01,(전사이즈),SIZ_000077|POPT_000009|PROC_000004,8,9,12000,11700,300,1,PRD_000016;PRD_000017;PRD_000018;PRD_000019;PRD_000020;PRD_000021;PRD_000022;PRD_000023;PRD_000026;PRD_000027;PRD_000028;PRD_000029;PRD_000030;PRD_000041;PRD_000042;PRD_000043;PRD_000044;PRD_000045;PRD_000046;PRD_000047;PRD_000049;PRD_000051;PRD_000108;PRD_000109;PRD_000110;PRD_000111;PRD_000112;PRD_000284;PRD_000285;PRD_000286;PRD_000287;PRD_000288;PRD_000289;PRD_000290;PRD_000291;PRD_000292
COMP_PRINT_DIGITAL_S1,PRICE_TYPE.01,(전사이즈),SIZ_000077|POPT_000009|PROC_000004,15,20,22800,21600,1200,1,PRD_000016;PRD_000017;PRD_000018;PRD_000019;PRD_000020;PRD_000021;PRD_000022;PRD_000023;PRD_000026;PRD_000027;PRD_000028;PRD_000029;PRD_000030;PRD_000041;PRD_000042;PRD_000043;PRD_000044;PRD_000045;PRD_000046;PRD_000047;PRD_000049;PRD_000051;PRD_000108;PRD_000109;PRD_000110;PRD_000111;PRD_000112;PRD_000284;PRD_000285;PRD_000286;PRD_000287;PRD_000288;PRD_000289;PRD_000290;PRD_000291;PRD_000292
COMP_PRINT_DIGITAL_S1,PRICE_TYPE.01,(전사이즈),SIZ_000077|POPT_000009|PROC_000004,20,25,25920,23750,2170,3,PRD_000016;PRD_000017;PRD_000018;PRD_000019;PRD_000020;PRD_000021;PRD_000022;PRD_000023;PRD_000026;PRD_000027;PRD_000028;PRD_000029;PRD_000030;PRD_000041;PRD_000042;PRD_000043;PRD_000044;PRD_000045;PRD_000046;PRD_000047;PRD_000049;PRD_000051;PRD_000108;PRD_000109;PRD_000110;PRD_000111;PRD_000112;PRD_000284;PRD_000285;PRD_000286;PRD_000287;PRD_000288;PRD_000289;PRD_000290;PRD_000291;PRD_000292
COMP_PRINT_DIGITAL_S1,PRICE_TYPE.01,(전사이즈),SIZ_000077|POPT_000009|PROC_000004,25,30,27550,24300,3250,4,PRD_000016;PRD_000017;PRD_000018;PRD_000019;PRD_000020;PRD_000021;PRD_000022;PRD_000023;PRD_000026;PRD_000027;PRD_000028;PRD_000029;PRD_000030;PRD_000041;PRD_000042;PRD_000043;PRD_000044;PRD_000045;PRD_000046;PRD_000047;PRD_000049;PRD_000051;PRD_000108;PRD_000109;PRD_000110;PRD_000111;PRD_000112;PRD_000284;PRD_000285;PRD_000286;PRD_000287;PRD_000288;PRD_000289;PRD_000290;PRD_000291;PRD_000292
COMP_PRINT_DIGITAL_S1,PRICE_TYPE.01,(전사이즈),SIZ_000077|POPT_000009|PROC_000004,30,35,27540,26600,940,2,PRD_000016;PRD_000017;PRD_000018;PRD_000019;PRD_000020;PRD_000021;PRD_000022;PRD_000023;PRD_000026;PRD_000027;PRD_000028;PRD_000029;PRD_000030;PRD_000041;PRD_000042;PRD_000043;PRD_000044;PRD_000045;PRD_000046;PRD_000047;PRD_000049;PRD_000051;PRD_000108;PRD_000109;PRD_000110;PRD_000111;PRD_000112;PRD_000284;PRD_000285;PRD_000286;PRD_000287;PRD_000288;PRD_000289;PRD_000290;PRD_000291;PRD_000292
COMP_PRINT_DIGITAL_S1,PRICE_TYPE.01,(전사이즈),SIZ_000077|POPT_000009|PROC_000004,35,40,29640,27200,2440,4,PRD_000016;PRD_000017;PRD_000018;PRD_000019;PRD_000020;PRD_000021;PRD_000022;PRD_000023;PRD_000026;PRD_000027;PRD_000028;PRD_000029;PRD_000030;PRD_000041;PRD_000042;PRD_000043;PRD_000044;PRD_000045;PRD_000046;PRD_000047;PRD_000049;PRD_000051;PRD_000108;PRD_000109;PRD_000110;PRD_000111;PRD_000112;PRD_000284;PRD_000285;PRD_000286;PRD_000287;PRD_000288;PRD_000289;PRD_000290;PRD_000291;PRD_000292
COMP_PRINT_DIGITAL_S1,PRICE_TYPE.01,(전사이즈),SIZ_000077|POPT_000009|PROC_000004,50,60,40120,32400,7720,10,PRD_000016;PRD_000017;PRD_000018;PRD_000019;PRD_000020;PRD_000021;PRD_000022;PRD_000023;PRD_000026;PRD_000027;PRD_000028;PRD_000029;PRD_000030;PRD_000041;PRD_000042;PRD_000043;PRD_000044;PRD_000045;PRD_000046;PRD_000047;PRD_000049;PRD_000051;PRD_000108;PRD_000109;PRD_000110;PRD_000111;PRD_000112;PRD_000284;PRD_000285;PRD_000286;PRD_000287;PRD_000288;PRD_000289;PRD_000290;PRD_000291;PRD_000292
COMP_PRINT_DIGITAL_S1,PRICE_TYPE.01,(전사이즈),SIZ_000077|POPT_000009|PROC_000004,100,150,80460,57000,23460,44,PRD_000016;PRD_000017;PRD_000018;PRD_000019;PRD_000020;PRD_000021;PRD_000022;PRD_000023;PRD_000026;PRD_000027;PRD_000028;PRD_000029;PRD_000030;PRD_000041;PRD_000042;PRD_000043;PRD_000044;PRD_000045;PRD_000046;PRD_000047;PRD_000049;PRD_000051;PRD_000108;PRD_000109;PRD_000110;PRD_000111;PRD_000112;PRD_000284;PRD_000285;PRD_000286;PRD_000287;PRD_000288;PRD_000289;PRD_000290;PRD_000291;PRD_000292
COMP_PRINT_DIGITAL_S1,PRICE_TYPE.01,(전사이즈),SIZ_000077|POPT_000009|PROC_000004,150,200,75620,70000,5620,15,PRD_000016;PRD_000017;PRD_000018;PRD_000019;PRD_000020;PRD_000021;PRD_000022;PRD_000023;PRD_000026;PRD_000027;PRD_000028;PRD_000029;PRD_000030;PRD_000041;PRD_000042;PRD_000043;PRD_000044;PRD_000045;PRD_000046;PRD_000047;PRD_000049;PRD_000051;PRD_000108;PRD_000109;PRD_000110;PRD_000111;PRD_000112;PRD_000284;PRD_000285;PRD_000286;PRD_000287;PRD_000288;PRD_000289;PRD_000290;PRD_000291;PRD_000292
COMP_PRINT_DIGITAL_S1,PRICE_TYPE.01,(전사이즈),SIZ_000077|POPT_000009|PROC_000004,200,250,87150,82500,4650,14,PRD_000016;PRD_000017;PRD_000018;PRD_000019;PRD_000020;PRD_000021;PRD_000022;PRD_000023;PRD_000026;PRD_000027;PRD_000028;PRD_000029;PRD_000030;PRD_000041;PRD_000042;PRD_000043;PRD_000044;PRD_000045;PRD_000046;PRD_000047;PRD_000049;PRD_000051;PRD_000108;PRD_000109;PRD_000110;PRD_000111;PRD_000112;PRD_000284;PRD_000285;PRD_000286;PRD_000287;PRD_000288;PRD_000289;PRD_000290;PRD_000291;PRD_000292
COMP_PRINT_DIGITAL_S1,PRICE_TYPE.01,(전사이즈),SIZ_000077|POPT_000009|PROC_000004,250,300,98670,90000,8670,27,PRD_000016;PRD_000017;PRD_000018;PRD_000019;PRD_000020;PRD_000021;PRD_000022;PRD_000023;PRD_000026;PRD_000027;PRD_000028;PRD_000029;PRD_000030;PRD_000041;PRD_000042;PRD_000043;PRD_000044;PRD_000045;PRD_000046;PRD_000047;PRD_000049;PRD_000051;PRD_000108;PRD_000109;PRD_000110;PRD_000111;PRD_000112;PRD_000284;PRD_000285;PRD_000286;PRD_000287;PRD_000288;PRD_000289;PRD_000290;PRD_000291;PRD_000292
COMP_PRINT_DIGITAL_S1,PRICE_TYPE.01,(전사이즈),SIZ_000077|POPT_000009|PROC_000004,300,350,104700,94500,10200,34,PRD_000016;PRD_000017;PRD_000018;PRD_000019;PRD_000020;PRD_000021;PRD_000022;PRD_000023;PRD_000026;PRD_000027;PRD_000028;PRD_000029;PRD_000030;PRD_000041;PRD_000042;PRD_000043;PRD_000044;PRD_000045;PRD_000046;PRD_000047;PRD_000049;PRD_000051;PRD_000108;PRD_000109;PRD_000110;PRD_000111;PRD_000112;PRD_000284;PRD_000285;PRD_000286;PRD_000287;PRD_000288;PRD_000289;PRD_000290;PRD_000291;PRD_000292
COMP_PRINT_DIGITAL_S1,PRICE_TYPE.01,(전사이즈),SIZ_000077|POPT_000009|PROC_000004,350,400,107730,100000,7730,29,PRD_000016;PRD_000017;PRD_000018;PRD_000019;PRD_000020;PRD_000021;PRD_000022;PRD_000023;PRD_000026;PRD_000027;PRD_000028;PRD_000029;PRD_000030;PRD_000041;PRD_000042;PRD_000043;PRD_000044;PRD_000045;PRD_000046;PRD_000047;PRD_000049;PRD_000051;PRD_000108;PRD_000109;PRD_000110;PRD_000111;PRD_000112;PRD_000284;PRD_000285;PRD_000286;PRD_000287;PRD_000288;PRD_000289;PRD_000290;PRD_000291;PRD_000292
COMP_PRINT_DIGITAL_S1,PRICE_TYPE.01,(전사이즈),SIZ_000077|POPT_000009|PROC_000004,400,450,112250,99000,13250,50,PRD_000016;PRD_000017;PRD_000018;PRD_000019;PRD_000020;PRD_000021;PRD_000022;PRD_000023;PRD_000026;PRD_000027;PRD_000028;PRD_000029;PRD_000030;PRD_000041;PRD_000042;PRD_000043;PRD_000044;PRD_000045;PRD_000046;PRD_000047;PRD_000049;PRD_000051;PRD_000108;PRD_000109;PRD_000110;PRD_000111;PRD_000112;PRD_000284;PRD_000285;PRD_000286;PRD_000287;PRD_000288;PRD_000289;PRD_000290;PRD_000291;PRD_000292
COMP_PRINT_DIGITAL_S1,PRICE_TYPE.01,(전사이즈),SIZ_000077|POPT_000009|PROC_000004,450,500,109780,95000,14780,50,PRD_000016;PRD_000017;PRD_000018;PRD_000019;PRD_000020;PRD_000021;PRD_000022;PRD_000023;PRD_000026;PRD_000027;PRD_000028;PRD_000029;PRD_000030;PRD_000041;PRD_000042;PRD_000043;PRD_000044;PRD_000045;PRD_000046;PRD_000047;PRD_000049;PRD_000051;PRD_000108;PRD_000109;PRD_000110;PRD_000111;PRD_000112;PRD_000284;PRD_000285;PRD_000286;PRD_000287;PRD_000288;PRD_000289;PRD_000290;PRD_000291;PRD_000292
COMP_PRINT_DIGITAL_S1,PRICE_TYPE.01,(전사이즈),SIZ_000077|POPT_000009|PROC_000004,1200,1400,265810,252000,13810,73,PRD_000016;PRD_000017;PRD_000018;PRD_000019;PRD_000020;PRD_000021;PRD_000022;PRD_000023;PRD_000026;PRD_000027;PRD_000028;PRD_000029;PRD_000030;PRD_000041;PRD_000042;PRD_000043;PRD_000044;PRD_000045;PRD_000046;PRD_000047;PRD_000049;PRD_000051;PRD_000108;PRD_000109;PRD_000110;PRD_000111;PRD_000112;PRD_000284;PRD_000285;PRD_000286;PRD_000287;PRD_000288;PRD_000289;PRD_000290;PRD_000291;PRD_000292
COMP_PRINT_DIGITAL_S1,PRICE_TYPE.01,(전사이즈),SIZ_000077|POPT_000009|PROC_000004,1600,1800,323820,288000,35820,199,PRD_000016;PRD_000017;PRD_000018;PRD_000019;PRD_000020;PRD_000021;PRD_000022;PRD_000023;PRD_000026;PRD_000027;PRD_000028;PRD_000029;PRD_000030;PRD_000041;PRD_000042;PRD_000043;PRD_000044;PRD_000045;PRD_000046;PRD_000047;PRD_000049;PRD_000051;PRD_000108;PRD_000109;PRD_000110;PRD_000111;PRD_000112;PRD_000284;PRD_000285;PRD_000286;PRD_000287;PRD_000288;PRD_000289;PRD_000290;PRD_000291;PRD_000292
COMP_PRINT_DIGITAL_S1,PRICE_TYPE.01,(전사이즈),SIZ_000077|POPT_000009|PROC_000004,2000,2500,399840,375000,24840,156,PRD_000016;PRD_000017;PRD_000018;PRD_000019;PRD_000020;PRD_000021;PRD_000022;PRD_000023;PRD_000026;PRD_000027;PRD_000028;PRD_000029;PRD_000030;PRD_000041;PRD_000042;PRD_000043;PRD_000044;PRD_000045;PRD_000046;PRD_000047;PRD_000049;PRD_000051;PRD_000108;PRD_000109;PRD_000110;PRD_000111;PRD_000112;PRD_000284;PRD_000285;PRD_000286;PRD_000287;PRD_000288;PRD_000289;PRD_000290;PRD_000291;PRD_000292
COMP_PRINT_DIGITAL_S1,PRICE_TYPE.01,(전사이즈),SIZ_000077|POPT_000009|PROC_000004,3000,3500,524850,472500,52350,349,PRD_000016;PRD_000017;PRD_000018;PRD_000019;PRD_000020;PRD_000021;PRD_000022;PRD_000023;PRD_000026;PRD_000027;PRD_000028;PRD_000029;PRD_000030;PRD_000041;PRD_000042;PRD_000043;PRD_000044;PRD_000045;PRD_000046;PRD_000047;PRD_000049;PRD_000051;PRD_000108;PRD_000109;PRD_000110;PRD_000111;PRD_000112;PRD_000284;PRD_000285;PRD_000286;PRD_000287;PRD_000288;PRD_000289;PRD_000290;PRD_000291;PRD_000292
COMP_PRINT_DIGITAL_S1,PRICE_TYPE.01,(전사이즈),SIZ_000077|POPT_000009|PROC_000004,4000,4500,607365,549000,58365,433,PRD_000016;PRD_000017;PRD_000018;PRD_000019;PRD_000020;PRD_000021;PRD_000022;PRD_000023;PRD_000026;PRD_000027;PRD_000028;PRD_000029;PRD_000030;PRD_000041;PRD_000042;PRD_000043;PRD_000044;PRD_000045;PRD_000046;PRD_000047;PRD_000049;PRD_000051;PRD_000108;PRD_000109;PRD_000110;PRD_000111;PRD_000112;PRD_000284;PRD_000285;PRD_000286;PRD_000287;PRD_000288;PRD_000289;PRD_000290;PRD_000291;PRD_000292
COMP_PRINT_DIGITAL_S1,PRICE_TYPE.01,(전사이즈),SIZ_000077|POPT_000009|PROC_000004,5000,6000,731878,648000,83878,688,PRD_000016;PRD_000017;PRD_000018;PRD_000019;PRD_000020;PRD_000021;PRD_000022;PRD_000023;PRD_000026;PRD_000027;PRD_000028;PRD_000029;PRD_000030;PRD_000041;PRD_000042;PRD_000043;PRD_000044;PRD_000045;PRD_000046;PRD_000047;PRD_000049;PRD_000051;PRD_000108;PRD_000109;PRD_000110;PRD_000111;PRD_000112;PRD_000284;PRD_000285;PRD_000286;PRD_000287;PRD_000288;PRD_000289;PRD_000290;PRD_000291;PRD_000292
COMP_PRINT_DIGITAL_S1,PRICE_TYPE.01,(전사이즈),SIZ_000499|POPT_000009|PROC_000004,8,9,12000,11700,300,1,PRD_000016;PRD_000017;PRD_000018;PRD_000019;PRD_000020;PRD_000021;PRD_000022;PRD_000023;PRD_000026;PRD_000027;PRD_000028;PRD_000029;PRD_000030;PRD_000041;PRD_000042;PRD_000043;PRD_000044;PRD_000045;PRD_000046;PRD_000047;PRD_000049;PRD_000051;PRD_000108;PRD_000109;PRD_000110;PRD_000111;PRD_000112;PRD_000284;PRD_000285;PRD_000286;PRD_000287;PRD_000288;PRD_000289;PRD_000290;PRD_000291;PRD_000292
COMP_PRINT_DIGITAL_S1,PRICE_TYPE.01,(전사이즈),SIZ_000499|POPT_000009|PROC_000004,10,15,16800,13500,3300,3,PRD_000016;PRD_000017;PRD_000018;PRD_000019;PRD_000020;PRD_000021;PRD_000022;PRD_000023;PRD_000026;PRD_000027;PRD_000028;PRD_000029;PRD_000030;PRD_000041;PRD_000042;PRD_000043;PRD_000044;PRD_000045;PRD_000046;PRD_000047;PRD_000049;PRD_000051;PRD_000108;PRD_000109;PRD_000110;PRD_000111;PRD_000112;PRD_000284;PRD_000285;PRD_000286;PRD_000287;PRD_000288;PRD_000289;PRD_000290;PRD_000291;PRD_000292
COMP_PRINT_DIGITAL_S1,PRICE_TYPE.01,(전사이즈),SIZ_000499|POPT_000009|PROC_000004,15,20,17100,16000,1100,2,PRD_000016;PRD_000017;PRD_000018;PRD_000019;PRD_000020;PRD_000021;PRD_000022;PRD_000023;PRD_000026;PRD_000027;PRD_000028;PRD_000029;PRD_000030;PRD_000041;PRD_000042;PRD_000043;PRD_000044;PRD_000045;PRD_000046;PRD_000047;PRD_000049;PRD_000051;PRD_000108;PRD_000109;PRD_000110;PRD_000111;PRD_000112;PRD_000284;PRD_000285;PRD_000286;PRD_000287;PRD_000288;PRD_000289;PRD_000290;PRD_000291;PRD_000292
COMP_PRINT_DIGITAL_S1,PRICE_TYPE.01,(전사이즈),SIZ_000499|POPT_000009|PROC_000004,20,25,19200,17500,1700,3,PRD_000016;PRD_000017;PRD_000018;PRD_000019;PRD_000020;PRD_000021;PRD_000022;PRD_000023;PRD_000026;PRD_000027;PRD_000028;PRD_000029;PRD_000030;PRD_000041;PRD_000042;PRD_000043;PRD_000044;PRD_000045;PRD_000046;PRD_000047;PRD_000049;PRD_000051;PRD_000108;PRD_000109;PRD_000110;PRD_000111;PRD_000112;PRD_000284;PRD_000285;PRD_000286;PRD_000287;PRD_000288;PRD_000289;PRD_000290;PRD_000291;PRD_000292
COMP_PRINT_DIGITAL_S1,PRICE_TYPE.01,(전사이즈),SIZ_000499|POPT_000009|PROC_000004,25,30,20300,18000,2300,4,PRD_000016;PRD_000017;PRD_000018;PRD_000019;PRD_000020;PRD_000021;PRD_000022;PRD_000023;PRD_000026;PRD_000027;PRD_000028;PRD_000029;PRD_000030;PRD_000041;PRD_000042;PRD_000043;PRD_000044;PRD_000045;PRD_000046;PRD_000047;PRD_000049;PRD_000051;PRD_000108;PRD_000109;PRD_000110;PRD_000111;PRD_000112;PRD_000284;PRD_000285;PRD_000286;PRD_000287;PRD_000288;PRD_000289;PRD_000290;PRD_000291;PRD_000292
COMP_PRINT_DIGITAL_S1,PRICE_TYPE.01,(전사이즈),SIZ_000499|POPT_000009|PROC_000004,30,35,20400,19600,800,2,PRD_000016;PRD_000017;PRD_000018;PRD_000019;PRD_000020;PRD_000021;PRD_000022;PRD_000023;PRD_000026;PRD_000027;PRD_000028;PRD_000029;PRD_000030;PRD_000041;PRD_000042;PRD_000043;PRD_000044;PRD_000045;PRD_000046;PRD_000047;PRD_000049;PRD_000051;PRD_000108;PRD_000109;PRD_000110;PRD_000111;PRD_000112;PRD_000284;PRD_000285;PRD_000286;PRD_000287;PRD_000288;PRD_000289;PRD_000290;PRD_000291;PRD_000292
COMP_PRINT_DIGITAL_S1,PRICE_TYPE.01,(전사이즈),SIZ_000499|POPT_000009|PROC_000004,35,40,21840,20000,1840,4,PRD_000016;PRD_000017;PRD_000018;PRD_000019;PRD_000020;PRD_000021;PRD_000022;PRD_000023;PRD_000026;PRD_000027;PRD_000028;PRD_000029;PRD_000030;PRD_000041;PRD_000042;PRD_000043;PRD_000044;PRD_000045;PRD_000046;PRD_000047;PRD_000049;PRD_000051;PRD_000108;PRD_000109;PRD_000110;PRD_000111;PRD_000112;PRD_000284;PRD_000285;PRD_000286;PRD_000287;PRD_000288;PRD_000289;PRD_000290;PRD_000291;PRD_000292
COMP_PRINT_DIGITAL_S1,PRICE_TYPE.01,(전사이즈),SIZ_000499|POPT_000009|PROC_000004,50,60,29500,24000,5500,10,PRD_000016;PRD_000017;PRD_000018;PRD_000019;PRD_000020;PRD_000021;PRD_000022;PRD_000023;PRD_000026;PRD_000027;PRD_000028;PRD_000029;PRD_000030;PRD_000041;PRD_000042;PRD_000043;PRD_000044;PRD_000045;PRD_000046;PRD_000047;PRD_000049;PRD_000051;PRD_000108;PRD_000109;PRD_000110;PRD_000111;PRD_000112;PRD_000284;PRD_000285;PRD_000286;PRD_000287;PRD_000288;PRD_000289;PRD_000290;PRD_000291;PRD_000292
COMP_PRINT_DIGITAL_S1,PRICE_TYPE.01,(전사이즈),SIZ_000499|POPT_000009|PROC_000004,100,150,59600,42000,17600,44,PRD_000016;PRD_000017;PRD_000018;PRD_000019;PRD_000020;PRD_000021;PRD_000022;PRD_000023;PRD_000026;PRD_000027;PRD_000028;PRD_000029;PRD_000030;PRD_000041;PRD_000042;PRD_000043;PRD_000044;PRD_000045;PRD_000046;PRD_000047;PRD_000049;PRD_000051;PRD_000108;PRD_000109;PRD_000110;PRD_000111;PRD_000112;PRD_000284;PRD_000285;PRD_000286;PRD_000287;PRD_000288;PRD_000289;PRD_000290;PRD_000291;PRD_000292
COMP_PRINT_DIGITAL_S1,PRICE_TYPE.01,(전사이즈),SIZ_000499|POPT_000009|PROC_000004,150,200,55720,52000,3720,14,PRD_000016;PRD_000017;PRD_000018;PRD_000019;PRD_000020;PRD_000021;PRD_000022;PRD_000023;PRD_000026;PRD_000027;PRD_000028;PRD_000029;PRD_000030;PRD_000041;PRD_000042;PRD_000043;PRD_000044;PRD_000045;PRD_000046;PRD_000047;PRD_000049;PRD_000051;PRD_000108;PRD_000109;PRD_000110;PRD_000111;PRD_000112;PRD_000284;PRD_000285;PRD_000286;PRD_000287;PRD_000288;PRD_000289;PRD_000290;PRD_000291;PRD_000292
COMP_PRINT_DIGITAL_S1,PRICE_TYPE.01,(전사이즈),SIZ_000499|POPT_000009|PROC_000004,200,250,64740,60000,4740,19,PRD_000016;PRD_000017;PRD_000018;PRD_000019;PRD_000020;PRD_000021;PRD_000022;PRD_000023;PRD_000026;PRD_000027;PRD_000028;PRD_000029;PRD_000030;PRD_000041;PRD_000042;PRD_000043;PRD_000044;PRD_000045;PRD_000046;PRD_000047;PRD_000049;PRD_000051;PRD_000108;PRD_000109;PRD_000110;PRD_000111;PRD_000112;PRD_000284;PRD_000285;PRD_000286;PRD_000287;PRD_000288;PRD_000289;PRD_000290;PRD_000291;PRD_000292
COMP_PRINT_DIGITAL_S1,PRICE_TYPE.01,(전사이즈),SIZ_000499|POPT_000009|PROC_000004,250,300,71760,66000,5760,24,PRD_000016;PRD_000017;PRD_000018;PRD_000019;PRD_000020;PRD_000021;PRD_000022;PRD_000023;PRD_000026;PRD_000027;PRD_000028;PRD_000029;PRD_000030;PRD_000041;PRD_000042;PRD_000043;PRD_000044;PRD_000045;PRD_000046;PRD_000047;PRD_000049;PRD_000051;PRD_000108;PRD_000109;PRD_000110;PRD_000111;PRD_000112;PRD_000284;PRD_000285;PRD_000286;PRD_000287;PRD_000288;PRD_000289;PRD_000290;PRD_000291;PRD_000292
COMP_PRINT_DIGITAL_S1,PRICE_TYPE.01,(전사이즈),SIZ_000499|POPT_000009|PROC_000004,300,350,76780,70000,6780,31,PRD_000016;PRD_000017;PRD_000018;PRD_000019;PRD_000020;PRD_000021;PRD_000022;PRD_000023;PRD_000026;PRD_000027;PRD_000028;PRD_000029;PRD_000030;PRD_000041;PRD_000042;PRD_000043;PRD_000044;PRD_000045;PRD_000046;PRD_000047;PRD_000049;PRD_000051;PRD_000108;PRD_000109;PRD_000110;PRD_000111;PRD_000112;PRD_000284;PRD_000285;PRD_000286;PRD_000287;PRD_000288;PRD_000289;PRD_000290;PRD_000291;PRD_000292
COMP_PRINT_DIGITAL_S1,PRICE_TYPE.01,(전사이즈),SIZ_000499|POPT_000009|PROC_000004,350,400,79800,72000,7800,39,PRD_000016;PRD_000017;PRD_000018;PRD_000019;PRD_000020;PRD_000021;PRD_000022;PRD_000023;PRD_000026;PRD_000027;PRD_000028;PRD_000029;PRD_000030;PRD_000041;PRD_000042;PRD_000043;PRD_000044;PRD_000045;PRD_000046;PRD_000047;PRD_000049;PRD_000051;PRD_000108;PRD_000109;PRD_000110;PRD_000111;PRD_000112;PRD_000284;PRD_000285;PRD_000286;PRD_000287;PRD_000288;PRD_000289;PRD_000290;PRD_000291;PRD_000292
COMP_PRINT_DIGITAL_S1,PRICE_TYPE.01,(전사이즈),SIZ_000499|POPT_000009|PROC_000004,400,450,80820,72000,8820,49,PRD_000016;PRD_000017;PRD_000018;PRD_000019;PRD_000020;PRD_000021;PRD_000022;PRD_000023;PRD_000026;PRD_000027;PRD_000028;PRD_000029;PRD_000030;PRD_000041;PRD_000042;PRD_000043;PRD_000044;PRD_000045;PRD_000046;PRD_000047;PRD_000049;PRD_000051;PRD_000108;PRD_000109;PRD_000110;PRD_000111;PRD_000112;PRD_000284;PRD_000285;PRD_000286;PRD_000287;PRD_000288;PRD_000289;PRD_000290;PRD_000291;PRD_000292
COMP_PRINT_DIGITAL_S1,PRICE_TYPE.01,(전사이즈),SIZ_000499|POPT_000009|PROC_000004,450,500,79840,70000,9840,50,PRD_000016;PRD_000017;PRD_000018;PRD_000019;PRD_000020;PRD_000021;PRD_000022;PRD_000023;PRD_000026;PRD_000027;PRD_000028;PRD_000029;PRD_000030;PRD_000041;PRD_000042;PRD_000043;PRD_000044;PRD_000045;PRD_000046;PRD_000047;PRD_000049;PRD_000051;PRD_000108;PRD_000109;PRD_000110;PRD_000111;PRD_000112;PRD_000284;PRD_000285;PRD_000286;PRD_000287;PRD_000288;PRD_000289;PRD_000290;PRD_000291;PRD_000292
COMP_PRINT_DIGITAL_S1,PRICE_TYPE.01,(전사이즈),SIZ_000499|POPT_000009|PROC_000004,1200,1400,195860,182000,13860,99,PRD_000016;PRD_000017;PRD_000018;PRD_000019;PRD_000020;PRD_000021;PRD_000022;PRD_000023;PRD_000026;PRD_000027;PRD_000028;PRD_000029;PRD_000030;PRD_000041;PRD_000042;PRD_000043;PRD_000044;PRD_000045;PRD_000046;PRD_000047;PRD_000049;PRD_000051;PRD_000108;PRD_000109;PRD_000110;PRD_000111;PRD_000112;PRD_000284;PRD_000285;PRD_000286;PRD_000287;PRD_000288;PRD_000289;PRD_000290;PRD_000291;PRD_000292
COMP_PRINT_DIGITAL_S1,PRICE_TYPE.01,(전사이즈),SIZ_000499|POPT_000009|PROC_000004,1600,1800,233870,216000,17870,138,PRD_000016;PRD_000017;PRD_000018;PRD_000019;PRD_000020;PRD_000021;PRD_000022;PRD_000023;PRD_000026;PRD_000027;PRD_000028;PRD_000029;PRD_000030;PRD_000041;PRD_000042;PRD_000043;PRD_000044;PRD_000045;PRD_000046;PRD_000047;PRD_000049;PRD_000051;PRD_000108;PRD_000109;PRD_000110;PRD_000111;PRD_000112;PRD_000284;PRD_000285;PRD_000286;PRD_000287;PRD_000288;PRD_000289;PRD_000290;PRD_000291;PRD_000292
COMP_PRINT_DIGITAL_S1,PRICE_TYPE.01,(전사이즈),SIZ_000499|POPT_000009|PROC_000004,2000,2500,299880,275000,24880,208,PRD_000016;PRD_000017;PRD_000018;PRD_000019;PRD_000020;PRD_000021;PRD_000022;PRD_000023;PRD_000026;PRD_000027;PRD_000028;PRD_000029;PRD_000030;PRD_000041;PRD_000042;PRD_000043;PRD_000044;PRD_000045;PRD_000046;PRD_000047;PRD_000049;PRD_000051;PRD_000108;PRD_000109;PRD_000110;PRD_000111;PRD_000112;PRD_000284;PRD_000285;PRD_000286;PRD_000287;PRD_000288;PRD_000289;PRD_000290;PRD_000291;PRD_000292
COMP_PRINT_DIGITAL_S1,PRICE_TYPE.01,(전사이즈),SIZ_000499|POPT_000009|PROC_000004,3000,3500,384890,350000,34890,318,PRD_000016;PRD_000017;PRD_000018;PRD_000019;PRD_000020;PRD_000021;PRD_000022;PRD_000023;PRD_000026;PRD_000027;PRD_000028;PRD_000029;PRD_000030;PRD_000041;PRD_000042;PRD_000043;PRD_000044;PRD_000045;PRD_000046;PRD_000047;PRD_000049;PRD_000051;PRD_000108;PRD_000109;PRD_000110;PRD_000111;PRD_000112;PRD_000284;PRD_000285;PRD_000286;PRD_000287;PRD_000288;PRD_000289;PRD_000290;PRD_000291;PRD_000292
COMP_PRINT_DIGITAL_S1,PRICE_TYPE.01,(전사이즈),SIZ_000499|POPT_000009|PROC_000004,4000,4500,449900,405000,44900,449,PRD_000016;PRD_000017;PRD_000018;PRD_000019;PRD_000020;PRD_000021;PRD_000022;PRD_000023;PRD_000026;PRD_000027;PRD_000028;PRD_000029;PRD_000030;PRD_000041;PRD_000042;PRD_000043;PRD_000044;PRD_000045;PRD_000046;PRD_000047;PRD_000049;PRD_000051;PRD_000108;PRD_000109;PRD_000110;PRD_000111;PRD_000112;PRD_000284;PRD_000285;PRD_000286;PRD_000287;PRD_000288;PRD_000289;PRD_000290;PRD_000291;PRD_000292
COMP_PRINT_DIGITAL_S1,PRICE_TYPE.01,(전사이즈),SIZ_000499|POPT_000009|PROC_000004,5000,6000,539910,480000,59910,666,PRD_000016;PRD_000017;PRD_000018;PRD_000019;PRD_000020;PRD_000021;PRD_000022;PRD_000023;PRD_000026;PRD_000027;PRD_000028;PRD_000029;PRD_000030;PRD_000041;PRD_000042;PRD_000043;PRD_000044;PRD_000045;PRD_000046;PRD_000047;PRD_000049;PRD_000051;PRD_000108;PRD_000109;PRD_000110;PRD_000111;PRD_000112;PRD_000284;PRD_000285;PRD_000286;PRD_000287;PRD_000288;PRD_000289;PRD_000290;PRD_000291;PRD_000292
COMP_PRINT_DIGITAL_S1,PRICE_TYPE.01,(전사이즈),SIZ_000535|POPT_000001|PROC_000004,20,25,27600,27000,600,1,PRD_000016;PRD_000017;PRD_000018;PRD_000019;PRD_000020;PRD_000021;PRD_000022;PRD_000023;PRD_000026;PRD_000027;PRD_000028;PRD_000029;PRD_000030;PRD_000041;PRD_000042;PRD_000043;PRD_000044;PRD_000045;PRD_000046;PRD_000047;PRD_000049;PRD_000051;PRD_000108;PRD_000109;PRD_000110;PRD_000111;PRD_000112;PRD_000284;PRD_000285;PRD_000286;PRD_000287;PRD_000288;PRD_000289;PRD_000290;PRD_000291;PRD_000292
COMP_PRINT_DIGITAL_S1,PRICE_TYPE.01,(전사이즈),SIZ_000535|POPT_000001|PROC_000004,25,30,31320,30300,1020,1,PRD_000016;PRD_000017;PRD_000018;PRD_000019;PRD_000020;PRD_000021;PRD_000022;PRD_000023;PRD_000026;PRD_000027;PRD_000028;PRD_000029;PRD_000030;PRD_000041;PRD_000042;PRD_000043;PRD_000044;PRD_000045;PRD_000046;PRD_000047;PRD_000049;PRD_000051;PRD_000108;PRD_000109;PRD_000110;PRD_000111;PRD_000112;PRD_000284;PRD_000285;PRD_000286;PRD_000287;PRD_000288;PRD_000289;PRD_000290;PRD_000291;PRD_000292
COMP_PRINT_DIGITAL_S1,PRICE_TYPE.01,(전사이즈),SIZ_000535|POPT_000001|PROC_000004,30,35,34340,33250,1090,2,PRD_000016;PRD_000017;PRD_000018;PRD_000019;PRD_000020;PRD_000021;PRD_000022;PRD_000023;PRD_000026;PRD_000027;PRD_000028;PRD_000029;PRD_000030;PRD_000041;PRD_000042;PRD_000043;PRD_000044;PRD_000045;PRD_000046;PRD_000047;PRD_000049;PRD_000051;PRD_000108;PRD_000109;PRD_000110;PRD_000111;PRD_000112;PRD_000284;PRD_000285;PRD_000286;PRD_000287;PRD_000288;PRD_000289;PRD_000290;PRD_000291;PRD_000292
COMP_PRINT_DIGITAL_S1,PRICE_TYPE.01,(전사이즈),SIZ_000535|POPT_000001|PROC_000004,35,40,37050,35200,1850,2,PRD_000016;PRD_000017;PRD_000018;PRD_000019;PRD_000020;PRD_000021;PRD_000022;PRD_000023;PRD_000026;PRD_000027;PRD_000028;PRD_000029;PRD_000030;PRD_000041;PRD_000042;PRD_000043;PRD_000044;PRD_000045;PRD_000046;PRD_000047;PRD_000049;PRD_000051;PRD_000108;PRD_000109;PRD_000110;PRD_000111;PRD_000112;PRD_000284;PRD_000285;PRD_000286;PRD_000287;PRD_000288;PRD_000289;PRD_000290;PRD_000291;PRD_000292
COMP_PRINT_DIGITAL_S1,PRICE_TYPE.01,(전사이즈),SIZ_000535|POPT_000001|PROC_000004,40,45,38720,36450,2270,3,PRD_000016;PRD_000017;PRD_000018;PRD_000019;PRD_000020;PRD_000021;PRD_000022;PRD_000023;PRD_000026;PRD_000027;PRD_000028;PRD_000029;PRD_000030;PRD_000041;PRD_000042;PRD_000043;PRD_000044;PRD_000045;PRD_000046;PRD_000047;PRD_000049;PRD_000051;PRD_000108;PRD_000109;PRD_000110;PRD_000111;PRD_000112;PRD_000284;PRD_000285;PRD_000286;PRD_000287;PRD_000288;PRD_000289;PRD_000290;PRD_000291;PRD_000292
COMP_PRINT_DIGITAL_S1,PRICE_TYPE.01,(전사이즈),SIZ_000535|POPT_000001|PROC_000004,45,50,39690,37500,2190,3,PRD_000016;PRD_000017;PRD_000018;PRD_000019;PRD_000020;PRD_000021;PRD_000022;PRD_000023;PRD_000026;PRD_000027;PRD_000028;PRD_000029;PRD_000030;PRD_000041;PRD_000042;PRD_000043;PRD_000044;PRD_000045;PRD_000046;PRD_000047;PRD_000049;PRD_000051;PRD_000108;PRD_000109;PRD_000110;PRD_000111;PRD_000112;PRD_000284;PRD_000285;PRD_000286;PRD_000287;PRD_000288;PRD_000289;PRD_000290;PRD_000291;PRD_000292
COMP_PRINT_DIGITAL_S1,PRICE_TYPE.01,(전사이즈),SIZ_000535|POPT_000001|PROC_000004,50,60,44250,40800,3450,5,PRD_000016;PRD_000017;PRD_000018;PRD_000019;PRD_000020;PRD_000021;PRD_000022;PRD_000023;PRD_000026;PRD_000027;PRD_000028;PRD_000029;PRD_000030;PRD_000041;PRD_000042;PRD_000043;PRD_000044;PRD_000045;PRD_000046;PRD_000047;PRD_000049;PRD_000051;PRD_000108;PRD_000109;PRD_000110;PRD_000111;PRD_000112;PRD_000284;PRD_000285;PRD_000286;PRD_000287;PRD_000288;PRD_000289;PRD_000290;PRD_000291;PRD_000292
COMP_PRINT_DIGITAL_S1,PRICE_TYPE.01,(전사이즈),SIZ_000535|POPT_000001|PROC_000004,60,70,46920,42700,4220,7,PRD_000016;PRD_000017;PRD_000018;PRD_000019;PRD_000020;PRD_000021;PRD_000022;PRD_000023;PRD_000026;PRD_000027;PRD_000028;PRD_000029;PRD_000030;PRD_000041;PRD_000042;PRD_000043;PRD_000044;PRD_000045;PRD_000046;PRD_000047;PRD_000049;PRD_000051;PRD_000108;PRD_000109;PRD_000110;PRD_000111;PRD_000112;PRD_000284;PRD_000285;PRD_000286;PRD_000287;PRD_000288;PRD_000289;PRD_000290;PRD_000291;PRD_000292
COMP_PRINT_DIGITAL_S1,PRICE_TYPE.01,(전사이즈),SIZ_000535|POPT_000001|PROC_000004,70,80,48190,43200,4990,9,PRD_000016;PRD_000017;PRD_000018;PRD_000019;PRD_000020;PRD_000021;PRD_000022;PRD_000023;PRD_000026;PRD_000027;PRD_000028;PRD_000029;PRD_000030;PRD_000041;PRD_000042;PRD_000043;PRD_000044;PRD_000045;PRD_000046;PRD_000047;PRD_000049;PRD_000051;PRD_000108;PRD_000109;PRD_000110;PRD_000111;PRD_000112;PRD_000284;PRD_000285;PRD_000286;PRD_000287;PRD_000288;PRD_000289;PRD_000290;PRD_000291;PRD_000292
COMP_PRINT_DIGITAL_S1,PRICE_TYPE.01,(전사이즈),SIZ_000535|POPT_000001|PROC_000004,80,90,48060,42300,5760,10,PRD_000016;PRD_000017;PRD_000018;PRD_000019;PRD_000020;PRD_000021;PRD_000022;PRD_000023;PRD_000026;PRD_000027;PRD_000028;PRD_000029;PRD_000030;PRD_000041;PRD_000042;PRD_000043;PRD_000044;PRD_000045;PRD_000046;PRD_000047;PRD_000049;PRD_000051;PRD_000108;PRD_000109;PRD_000110;PRD_000111;PRD_000112;PRD_000284;PRD_000285;PRD_000286;PRD_000287;PRD_000288;PRD_000289;PRD_000290;PRD_000291;PRD_000292
COMP_PRINT_DIGITAL_S1,PRICE_TYPE.01,(전사이즈),SIZ_000535|POPT_000001|PROC_000004,100,150,70030,67500,2530,6,PRD_000016;PRD_000017;PRD_000018;PRD_000019;PRD_000020;PRD_000021;PRD_000022;PRD_000023;PRD_000026;PRD_000027;PRD_000028;PRD_000029;PRD_000030;PRD_000041;PRD_000042;PRD_000043;PRD_000044;PRD_000045;PRD_000046;PRD_000047;PRD_000049;PRD_000051;PRD_000108;PRD_000109;PRD_000110;PRD_000111;PRD_000112;PRD_000284;PRD_000285;PRD_000286;PRD_000287;PRD_000288;PRD_000289;PRD_000290;PRD_000291;PRD_000292
COMP_PRINT_DIGITAL_S1,PRICE_TYPE.01,(전사이즈),SIZ_000535|POPT_000001|PROC_000004,150,200,89550,84000,5550,13,PRD_000016;PRD_000017;PRD_000018;PRD_000019;PRD_000020;PRD_000021;PRD_000022;PRD_000023;PRD_000026;PRD_000027;PRD_000028;PRD_000029;PRD_000030;PRD_000041;PRD_000042;PRD_000043;PRD_000044;PRD_000045;PRD_000046;PRD_000047;PRD_000049;PRD_000051;PRD_000108;PRD_000109;PRD_000110;PRD_000111;PRD_000112;PRD_000284;PRD_000285;PRD_000286;PRD_000287;PRD_000288;PRD_000289;PRD_000290;PRD_000291;PRD_000292
COMP_PRINT_DIGITAL_S1,PRICE_TYPE.01,(전사이즈),SIZ_000535|POPT_000001|PROC_000004,200,250,104580,97500,7080,17,PRD_000016;PRD_000017;PRD_000018;PRD_000019;PRD_000020;PRD_000021;PRD_000022;PRD_000023;PRD_000026;PRD_000027;PRD_000028;PRD_000029;PRD_000030;PRD_000041;PRD_000042;PRD_000043;PRD_000044;PRD_000045;PRD_000046;PRD_000047;PRD_000049;PRD_000051;PRD_000108;PRD_000109;PRD_000110;PRD_000111;PRD_000112;PRD_000284;PRD_000285;PRD_000286;PRD_000287;PRD_000288;PRD_000289;PRD_000290;PRD_000291;PRD_000292
COMP_PRINT_DIGITAL_S1,PRICE_TYPE.01,(전사이즈),SIZ_000535|POPT_000001|PROC_000004,250,300,116610,108000,8610,23,PRD_000016;PRD_000017;PRD_000018;PRD_000019;PRD_000020;PRD_000021;PRD_000022;PRD_000023;PRD_000026;PRD_000027;PRD_000028;PRD_000029;PRD_000030;PRD_000041;PRD_000042;PRD_000043;PRD_000044;PRD_000045;PRD_000046;PRD_000047;PRD_000049;PRD_000051;PRD_000108;PRD_000109;PRD_000110;PRD_000111;PRD_000112;PRD_000284;PRD_000285;PRD_000286;PRD_000287;PRD_000288;PRD_000289;PRD_000290;PRD_000291;PRD_000292
COMP_PRINT_DIGITAL_S1,PRICE_TYPE.01,(전사이즈),SIZ_000535|POPT_000001|PROC_000004,300,350,125640,119000,6640,19,PRD_000016;PRD_000017;PRD_000018;PRD_000019;PRD_000020;PRD_000021;PRD_000022;PRD_000023;PRD_000026;PRD_000027;PRD_000028;PRD_000029;PRD_000030;PRD_000041;PRD_000042;PRD_000043;PRD_000044;PRD_000045;PRD_000046;PRD_000047;PRD_000049;PRD_000051;PRD_000108;PRD_000109;PRD_000110;PRD_000111;PRD_000112;PRD_000284;PRD_000285;PRD_000286;PRD_000287;PRD_000288;PRD_000289;PRD_000290;PRD_000291;PRD_000292
COMP_PRINT_DIGITAL_S1,PRICE_TYPE.01,(전사이즈),SIZ_000535|POPT_000001|PROC_000004,350,400,135660,124000,11660,35,PRD_000016;PRD_000017;PRD_000018;PRD_000019;PRD_000020;PRD_000021;PRD_000022;PRD_000023;PRD_000026;PRD_000027;PRD_000028;PRD_000029;PRD_000030;PRD_000041;PRD_000042;PRD_000043;PRD_000044;PRD_000045;PRD_000046;PRD_000047;PRD_000049;PRD_000051;PRD_000108;PRD_000109;PRD_000110;PRD_000111;PRD_000112;PRD_000284;PRD_000285;PRD_000286;PRD_000287;PRD_000288;PRD_000289;PRD_000290;PRD_000291;PRD_000292
COMP_PRINT_DIGITAL_S1,PRICE_TYPE.01,(전사이즈),SIZ_000535|POPT_000001|PROC_000004,400,450,139190,126000,13190,43,PRD_000016;PRD_000017;PRD_000018;PRD_000019;PRD_000020;PRD_000021;PRD_000022;PRD_000023;PRD_000026;PRD_000027;PRD_000028;PRD_000029;PRD_000030;PRD_000041;PRD_000042;PRD_000043;PRD_000044;PRD_000045;PRD_000046;PRD_000047;PRD_000049;PRD_000051;PRD_000108;PRD_000109;PRD_000110;PRD_000111;PRD_000112;PRD_000284;PRD_000285;PRD_000286;PRD_000287;PRD_000288;PRD_000289;PRD_000290;PRD_000291;PRD_000292
COMP_PRINT_DIGITAL_S1,PRICE_TYPE.01,(전사이즈),SIZ_000535|POPT_000001|PROC_000004,450,500,139720,130000,9720,35,PRD_000016;PRD_000017;PRD_000018;PRD_000019;PRD_000020;PRD_000021;PRD_000022;PRD_000023;PRD_000026;PRD_000027;PRD_000028;PRD_000029;PRD_000030;PRD_000041;PRD_000042;PRD_000043;PRD_000044;PRD_000045;PRD_000046;PRD_000047;PRD_000049;PRD_000051;PRD_000108;PRD_000109;PRD_000110;PRD_000111;PRD_000112;PRD_000284;PRD_000285;PRD_000286;PRD_000287;PRD_000288;PRD_000289;PRD_000290;PRD_000291;PRD_000292
COMP_PRINT_DIGITAL_S1,PRICE_TYPE.01,(전사이즈),SIZ_000535|POPT_000001|PROC_000004,500,600,155740,150000,5740,23,PRD_000016;PRD_000017;PRD_000018;PRD_000019;PRD_000020;PRD_000021;PRD_000022;PRD_000023;PRD_000026;PRD_000027;PRD_000028;PRD_000029;PRD_000030;PRD_000041;PRD_000042;PRD_000043;PRD_000044;PRD_000045;PRD_000046;PRD_000047;PRD_000049;PRD_000051;PRD_000108;PRD_000109;PRD_000110;PRD_000111;PRD_000112;PRD_000284;PRD_000285;PRD_000286;PRD_000287;PRD_000288;PRD_000289;PRD_000290;PRD_000291;PRD_000292
COMP_PRINT_DIGITAL_S1,PRICE_TYPE.01,(전사이즈),SIZ_000535|POPT_000001|PROC_000004,600,700,174750,168000,6750,27,PRD_000016;PRD_000017;PRD_000018;PRD_000019;PRD_000020;PRD_000021;PRD_000022;PRD_000023;PRD_000026;PRD_000027;PRD_000028;PRD_000029;PRD_000030;PRD_000041;PRD_000042;PRD_000043;PRD_000044;PRD_000045;PRD_000046;PRD_000047;PRD_000049;PRD_000051;PRD_000108;PRD_000109;PRD_000110;PRD_000111;PRD_000112;PRD_000284;PRD_000285;PRD_000286;PRD_000287;PRD_000288;PRD_000289;PRD_000290;PRD_000291;PRD_000292
COMP_PRINT_DIGITAL_S1,PRICE_TYPE.01,(전사이즈),SIZ_000535|POPT_000001|PROC_000004,800,900,215760,207000,8760,37,PRD_000016;PRD_000017;PRD_000018;PRD_000019;PRD_000020;PRD_000021;PRD_000022;PRD_000023;PRD_000026;PRD_000027;PRD_000028;PRD_000029;PRD_000030;PRD_000041;PRD_000042;PRD_000043;PRD_000044;PRD_000045;PRD_000046;PRD_000047;PRD_000049;PRD_000051;PRD_000108;PRD_000109;PRD_000110;PRD_000111;PRD_000112;PRD_000284;PRD_000285;PRD_000286;PRD_000287;PRD_000288;PRD_000289;PRD_000290;PRD_000291;PRD_000292
COMP_PRINT_DIGITAL_S1,PRICE_TYPE.01,(전사이즈),SIZ_000535|POPT_000001|PROC_000004,900,1000,229770,220000,9770,43,PRD_000016;PRD_000017;PRD_000018;PRD_000019;PRD_000020;PRD_000021;PRD_000022;PRD_000023;PRD_000026;PRD_000027;PRD_000028;PRD_000029;PRD_000030;PRD_000041;PRD_000042;PRD_000043;PRD_000044;PRD_000045;PRD_000046;PRD_000047;PRD_000049;PRD_000051;PRD_000108;PRD_000109;PRD_000110;PRD_000111;PRD_000112;PRD_000284;PRD_000285;PRD_000286;PRD_000287;PRD_000288;PRD_000289;PRD_000290;PRD_000291;PRD_000292
COMP_PRINT_DIGITAL_S1,PRICE_TYPE.01,(전사이즈),SIZ_000535|POPT_000001|PROC_000004,1600,1800,395780,378000,17780,81,PRD_000016;PRD_000017;PRD_000018;PRD_000019;PRD_000020;PRD_000021;PRD_000022;PRD_000023;PRD_000026;PRD_000027;PRD_000028;PRD_000029;PRD_000030;PRD_000041;PRD_000042;PRD_000043;PRD_000044;PRD_000045;PRD_000046;PRD_000047;PRD_000049;PRD_000051;PRD_000108;PRD_000109;PRD_000110;PRD_000111;PRD_000112;PRD_000284;PRD_000285;PRD_000286;PRD_000287;PRD_000288;PRD_000289;PRD_000290;PRD_000291;PRD_000292
COMP_PRINT_DIGITAL_S1,PRICE_TYPE.01,(전사이즈),SIZ_000535|POPT_000001|PROC_000004,3500,4000,839790,800000,39790,190,PRD_000016;PRD_000017;PRD_000018;PRD_000019;PRD_000020;PRD_000021;PRD_000022;PRD_000023;PRD_000026;PRD_000027;PRD_000028;PRD_000029;PRD_000030;PRD_000041;PRD_000042;PRD_000043;PRD_000044;PRD_000045;PRD_000046;PRD_000047;PRD_000049;PRD_000051;PRD_000108;PRD_000109;PRD_000110;PRD_000111;PRD_000112;PRD_000284;PRD_000285;PRD_000286;PRD_000287;PRD_000288;PRD_000289;PRD_000290;PRD_000291;PRD_000292
COMP_PRINT_DIGITAL_S1,PRICE_TYPE.01,(전사이즈),SIZ_000535|POPT_000001|PROC_000004,8000,9000,1799800,1710000,89800,449,PRD_000016;PRD_000017;PRD_000018;PRD_000019;PRD_000020;PRD_000021;PRD_000022;PRD_000023;PRD_000026;PRD_000027;PRD_000028;PRD_000029;PRD_000030;PRD_000041;PRD_000042;PRD_000043;PRD_000044;PRD_000045;PRD_000046;PRD_000047;PRD_000049;PRD_000051;PRD_000108;PRD_000109;PRD_000110;PRD_000111;PRD_000112;PRD_000284;PRD_000285;PRD_000286;PRD_000287;PRD_000288;PRD_000289;PRD_000290;PRD_000291;PRD_000292
COMP_PRINT_DIGITAL_S1,PRICE_TYPE.01,(전사이즈),SIZ_000475|POPT_000009|PROC_000004,8,9,12000,11700,300,1,PRD_000016;PRD_000017;PRD_000018;PRD_000019;PRD_000020;PRD_000021;PRD_000022;PRD_000023;PRD_000026;PRD_000027;PRD_000028;PRD_000029;PRD_000030;PRD_000041;PRD_000042;PRD_000043;PRD_000044;PRD_000045;PRD_000046;PRD_000047;PRD_000049;PRD_000051;PRD_000108;PRD_000109;PRD_000110;PRD_000111;PRD_000112;PRD_000284;PRD_000285;PRD_000286;PRD_000287;PRD_000288;PRD_000289;PRD_000290;PRD_000291;PRD_000292
COMP_PRINT_DIGITAL_S1,PRICE_TYPE.01,(전사이즈),SIZ_000475|POPT_000009|PROC_000004,15,20,22800,21600,1200,1,PRD_000016;PRD_000017;PRD_000018;PRD_000019;PRD_000020;PRD_000021;PRD_000022;PRD_000023;PRD_000026;PRD_000027;PRD_000028;PRD_000029;PRD_000030;PRD_000041;PRD_000042;PRD_000043;PRD_000044;PRD_000045;PRD_000046;PRD_000047;PRD_000049;PRD_000051;PRD_000108;PRD_000109;PRD_000110;PRD_000111;PRD_000112;PRD_000284;PRD_000285;PRD_000286;PRD_000287;PRD_000288;PRD_000289;PRD_000290;PRD_000291;PRD_000292
COMP_PRINT_DIGITAL_S1,PRICE_TYPE.01,(전사이즈),SIZ_000475|POPT_000009|PROC_000004,20,25,25920,23750,2170,3,PRD_000016;PRD_000017;PRD_000018;PRD_000019;PRD_000020;PRD_000021;PRD_000022;PRD_000023;PRD_000026;PRD_000027;PRD_000028;PRD_000029;PRD_000030;PRD_000041;PRD_000042;PRD_000043;PRD_000044;PRD_000045;PRD_000046;PRD_000047;PRD_000049;PRD_000051;PRD_000108;PRD_000109;PRD_000110;PRD_000111;PRD_000112;PRD_000284;PRD_000285;PRD_000286;PRD_000287;PRD_000288;PRD_000289;PRD_000290;PRD_000291;PRD_000292
COMP_PRINT_DIGITAL_S1,PRICE_TYPE.01,(전사이즈),SIZ_000475|POPT_000009|PROC_000004,25,30,27550,24300,3250,4,PRD_000016;PRD_000017;PRD_000018;PRD_000019;PRD_000020;PRD_000021;PRD_000022;PRD_000023;PRD_000026;PRD_000027;PRD_000028;PRD_000029;PRD_000030;PRD_000041;PRD_000042;PRD_000043;PRD_000044;PRD_000045;PRD_000046;PRD_000047;PRD_000049;PRD_000051;PRD_000108;PRD_000109;PRD_000110;PRD_000111;PRD_000112;PRD_000284;PRD_000285;PRD_000286;PRD_000287;PRD_000288;PRD_000289;PRD_000290;PRD_000291;PRD_000292
COMP_PRINT_DIGITAL_S1,PRICE_TYPE.01,(전사이즈),SIZ_000475|POPT_000009|PROC_000004,30,35,27540,26600,940,2,PRD_000016;PRD_000017;PRD_000018;PRD_000019;PRD_000020;PRD_000021;PRD_000022;PRD_000023;PRD_000026;PRD_000027;PRD_000028;PRD_000029;PRD_000030;PRD_000041;PRD_000042;PRD_000043;PRD_000044;PRD_000045;PRD_000046;PRD_000047;PRD_000049;PRD_000051;PRD_000108;PRD_000109;PRD_000110;PRD_000111;PRD_000112;PRD_000284;PRD_000285;PRD_000286;PRD_000287;PRD_000288;PRD_000289;PRD_000290;PRD_000291;PRD_000292
COMP_PRINT_DIGITAL_S1,PRICE_TYPE.01,(전사이즈),SIZ_000475|POPT_000009|PROC_000004,35,40,29640,27200,2440,4,PRD_000016;PRD_000017;PRD_000018;PRD_000019;PRD_000020;PRD_000021;PRD_000022;PRD_000023;PRD_000026;PRD_000027;PRD_000028;PRD_000029;PRD_000030;PRD_000041;PRD_000042;PRD_000043;PRD_000044;PRD_000045;PRD_000046;PRD_000047;PRD_000049;PRD_000051;PRD_000108;PRD_000109;PRD_000110;PRD_000111;PRD_000112;PRD_000284;PRD_000285;PRD_000286;PRD_000287;PRD_000288;PRD_000289;PRD_000290;PRD_000291;PRD_000292
COMP_PRINT_DIGITAL_S1,PRICE_TYPE.01,(전사이즈),SIZ_000475|POPT_000009|PROC_000004,50,60,40120,32400,7720,10,PRD_000016;PRD_000017;PRD_000018;PRD_000019;PRD_000020;PRD_000021;PRD_000022;PRD_000023;PRD_000026;PRD_000027;PRD_000028;PRD_000029;PRD_000030;PRD_000041;PRD_000042;PRD_000043;PRD_000044;PRD_000045;PRD_000046;PRD_000047;PRD_000049;PRD_000051;PRD_000108;PRD_000109;PRD_000110;PRD_000111;PRD_000112;PRD_000284;PRD_000285;PRD_000286;PRD_000287;PRD_000288;PRD_000289;PRD_000290;PRD_000291;PRD_000292
COMP_PRINT_DIGITAL_S1,PRICE_TYPE.01,(전사이즈),SIZ_000475|POPT_000009|PROC_000004,100,150,80460,57000,23460,44,PRD_000016;PRD_000017;PRD_000018;PRD_000019;PRD_000020;PRD_000021;PRD_000022;PRD_000023;PRD_000026;PRD_000027;PRD_000028;PRD_000029;PRD_000030;PRD_000041;PRD_000042;PRD_000043;PRD_000044;PRD_000045;PRD_000046;PRD_000047;PRD_000049;PRD_000051;PRD_000108;PRD_000109;PRD_000110;PRD_000111;PRD_000112;PRD_000284;PRD_000285;PRD_000286;PRD_000287;PRD_000288;PRD_000289;PRD_000290;PRD_000291;PRD_000292
COMP_PRINT_DIGITAL_S1,PRICE_TYPE.01,(전사이즈),SIZ_000475|POPT_000009|PROC_000004,150,200,75620,70000,5620,15,PRD_000016;PRD_000017;PRD_000018;PRD_000019;PRD_000020;PRD_000021;PRD_000022;PRD_000023;PRD_000026;PRD_000027;PRD_000028;PRD_000029;PRD_000030;PRD_000041;PRD_000042;PRD_000043;PRD_000044;PRD_000045;PRD_000046;PRD_000047;PRD_000049;PRD_000051;PRD_000108;PRD_000109;PRD_000110;PRD_000111;PRD_000112;PRD_000284;PRD_000285;PRD_000286;PRD_000287;PRD_000288;PRD_000289;PRD_000290;PRD_000291;PRD_000292
COMP_PRINT_DIGITAL_S1,PRICE_TYPE.01,(전사이즈),SIZ_000475|POPT_000009|PROC_000004,200,250,87150,82500,4650,14,PRD_000016;PRD_000017;PRD_000018;PRD_000019;PRD_000020;PRD_000021;PRD_000022;PRD_000023;PRD_000026;PRD_000027;PRD_000028;PRD_000029;PRD_000030;PRD_000041;PRD_000042;PRD_000043;PRD_000044;PRD_000045;PRD_000046;PRD_000047;PRD_000049;PRD_000051;PRD_000108;PRD_000109;PRD_000110;PRD_000111;PRD_000112;PRD_000284;PRD_000285;PRD_000286;PRD_000287;PRD_000288;PRD_000289;PRD_000290;PRD_000291;PRD_000292
COMP_PRINT_DIGITAL_S1,PRICE_TYPE.01,(전사이즈),SIZ_000475|POPT_000009|PROC_000004,250,300,98670,90000,8670,27,PRD_000016;PRD_000017;PRD_000018;PRD_000019;PRD_000020;PRD_000021;PRD_000022;PRD_000023;PRD_000026;PRD_000027;PRD_000028;PRD_000029;PRD_000030;PRD_000041;PRD_000042;PRD_000043;PRD_000044;PRD_000045;PRD_000046;PRD_000047;PRD_000049;PRD_000051;PRD_000108;PRD_000109;PRD_000110;PRD_000111;PRD_000112;PRD_000284;PRD_000285;PRD_000286;PRD_000287;PRD_000288;PRD_000289;PRD_000290;PRD_000291;PRD_000292
COMP_PRINT_DIGITAL_S1,PRICE_TYPE.01,(전사이즈),SIZ_000475|POPT_000009|PROC_000004,300,350,104700,94500,10200,34,PRD_000016;PRD_000017;PRD_000018;PRD_000019;PRD_000020;PRD_000021;PRD_000022;PRD_000023;PRD_000026;PRD_000027;PRD_000028;PRD_000029;PRD_000030;PRD_000041;PRD_000042;PRD_000043;PRD_000044;PRD_000045;PRD_000046;PRD_000047;PRD_000049;PRD_000051;PRD_000108;PRD_000109;PRD_000110;PRD_000111;PRD_000112;PRD_000284;PRD_000285;PRD_000286;PRD_000287;PRD_000288;PRD_000289;PRD_000290;PRD_000291;PRD_000292
COMP_PRINT_DIGITAL_S1,PRICE_TYPE.01,(전사이즈),SIZ_000475|POPT_000009|PROC_000004,350,400,107730,100000,7730,29,PRD_000016;PRD_000017;PRD_000018;PRD_000019;PRD_000020;PRD_000021;PRD_000022;PRD_000023;PRD_000026;PRD_000027;PRD_000028;PRD_000029;PRD_000030;PRD_000041;PRD_000042;PRD_000043;PRD_000044;PRD_000045;PRD_000046;PRD_000047;PRD_000049;PRD_000051;PRD_000108;PRD_000109;PRD_000110;PRD_000111;PRD_000112;PRD_000284;PRD_000285;PRD_000286;PRD_000287;PRD_000288;PRD_000289;PRD_000290;PRD_000291;PRD_000292
COMP_PRINT_DIGITAL_S1,PRICE_TYPE.01,(전사이즈),SIZ_000475|POPT_000009|PROC_000004,400,450,112250,99000,13250,50,PRD_000016;PRD_000017;PRD_000018;PRD_000019;PRD_000020;PRD_000021;PRD_000022;PRD_000023;PRD_000026;PRD_000027;PRD_000028;PRD_000029;PRD_000030;PRD_000041;PRD_000042;PRD_000043;PRD_000044;PRD_000045;PRD_000046;PRD_000047;PRD_000049;PRD_000051;PRD_000108;PRD_000109;PRD_000110;PRD_000111;PRD_000112;PRD_000284;PRD_000285;PRD_000286;PRD_000287;PRD_000288;PRD_000289;PRD_000290;PRD_000291;PRD_000292
COMP_PRINT_DIGITAL_S1,PRICE_TYPE.01,(전사이즈),SIZ_000475|POPT_000009|PROC_000004,450,500,109780,95000,14780,50,PRD_000016;PRD_000017;PRD_000018;PRD_000019;PRD_000020;PRD_000021;PRD_000022;PRD_000023;PRD_000026;PRD_000027;PRD_000028;PRD_000029;PRD_000030;PRD_000041;PRD_000042;PRD_000043;PRD_000044;PRD_000045;PRD_000046;PRD_000047;PRD_000049;PRD_000051;PRD_000108;PRD_000109;PRD_000110;PRD_000111;PRD_000112;PRD_000284;PRD_000285;PRD_000286;PRD_000287;PRD_000288;PRD_000289;PRD_000290;PRD_000291;PRD_000292
COMP_PRINT_DIGITAL_S1,PRICE_TYPE.01,(전사이즈),SIZ_000475|POPT_000008|PROC_000004,4,5,7200,6000,1200,1,PRD_000016;PRD_000017;PRD_000018;PRD_000019;PRD_000020;PRD_000021;PRD_000022;PRD_000023;PRD_000026;PRD_000027;PRD_000028;PRD_000029;PRD_000030;PRD_000041;PRD_000042;PRD_000043;PRD_000044;PRD_000045;PRD_000046;PRD_000047;PRD_000049;PRD_000051;PRD_000108;PRD_000109;PRD_000110;PRD_000111;PRD_000112;PRD_000284;PRD_000285;PRD_000286;PRD_000287;PRD_000288;PRD_000289;PRD_000290;PRD_000291;PRD_000292
COMP_PRINT_DIGITAL_S1,PRICE_TYPE.01,(전사이즈),SIZ_000475|POPT_000008|PROC_000004,5,6,6000,5400,600,1,PRD_000016;PRD_000017;PRD_000018;PRD_000019;PRD_000020;PRD_000021;PRD_000022;PRD_000023;PRD_000026;PRD_000027;PRD_000028;PRD_000029;PRD_000030;PRD_000041;PRD_000042;PRD_000043;PRD_000044;PRD_000045;PRD_000046;PRD_000047;PRD_000049;PRD_000051;PRD_000108;PRD_000109;PRD_000110;PRD_000111;PRD_000112;PRD_000284;PRD_000285;PRD_000286;PRD_000287;PRD_000288;PRD_000289;PRD_000290;PRD_000291;PRD_000292
COMP_PRINT_DIGITAL_S1,PRICE_TYPE.01,(전사이즈),SIZ_000475|POPT_000008|PROC_000004,8,9,5600,5400,200,1,PRD_000016;PRD_000017;PRD_000018;PRD_000019;PRD_000020;PRD_000021;PRD_000022;PRD_000023;PRD_000026;PRD_000027;PRD_000028;PRD_000029;PRD_000030;PRD_000041;PRD_000042;PRD_000043;PRD_000044;PRD_000045;PRD_000046;PRD_000047;PRD_000049;PRD_000051;PRD_000108;PRD_000109;PRD_000110;PRD_000111;PRD_000112;PRD_000284;PRD_000285;PRD_000286;PRD_000287;PRD_000288;PRD_000289;PRD_000290;PRD_000291;PRD_000292
COMP_PRINT_DIGITAL_S1,PRICE_TYPE.01,(전사이즈),SIZ_000475|POPT_000008|PROC_000004,9,10,5400,5000,400,1,PRD_000016;PRD_000017;PRD_000018;PRD_000019;PRD_000020;PRD_000021;PRD_000022;PRD_000023;PRD_000026;PRD_000027;PRD_000028;PRD_000029;PRD_000030;PRD_000041;PRD_000042;PRD_000043;PRD_000044;PRD_000045;PRD_000046;PRD_000047;PRD_000049;PRD_000051;PRD_000108;PRD_000109;PRD_000110;PRD_000111;PRD_000112;PRD_000284;PRD_000285;PRD_000286;PRD_000287;PRD_000288;PRD_000289;PRD_000290;PRD_000291;PRD_000292
COMP_PRINT_DIGITAL_S1,PRICE_TYPE.01,(전사이즈),SIZ_000475|POPT_000008|PROC_000004,15,20,11590,10800,790,2,PRD_000016;PRD_000017;PRD_000018;PRD_000019;PRD_000020;PRD_000021;PRD_000022;PRD_000023;PRD_000026;PRD_000027;PRD_000028;PRD_000029;PRD_000030;PRD_000041;PRD_000042;PRD_000043;PRD_000044;PRD_000045;PRD_000046;PRD_000047;PRD_000049;PRD_000051;PRD_000108;PRD_000109;PRD_000110;PRD_000111;PRD_000112;PRD_000284;PRD_000285;PRD_000286;PRD_000287;PRD_000288;PRD_000289;PRD_000290;PRD_000291;PRD_000292
COMP_PRINT_DIGITAL_S1,PRICE_TYPE.01,(전사이즈),SIZ_000475|POPT_000008|PROC_000004,20,25,12960,11750,1210,3,PRD_000016;PRD_000017;PRD_000018;PRD_000019;PRD_000020;PRD_000021;PRD_000022;PRD_000023;PRD_000026;PRD_000027;PRD_000028;PRD_000029;PRD_000030;PRD_000041;PRD_000042;PRD_000043;PRD_000044;PRD_000045;PRD_000046;PRD_000047;PRD_000049;PRD_000051;PRD_000108;PRD_000109;PRD_000110;PRD_000111;PRD_000112;PRD_000284;PRD_000285;PRD_000286;PRD_000287;PRD_000288;PRD_000289;PRD_000290;PRD_000291;PRD_000292
COMP_PRINT_DIGITAL_S1,PRICE_TYPE.01,(전사이즈),SIZ_000475|POPT_000008|PROC_000004,25,30,13630,12300,1330,3,PRD_000016;PRD_000017;PRD_000018;PRD_000019;PRD_000020;PRD_000021;PRD_000022;PRD_000023;PRD_000026;PRD_000027;PRD_000028;PRD_000029;PRD_000030;PRD_000041;PRD_000042;PRD_000043;PRD_000044;PRD_000045;PRD_000046;PRD_000047;PRD_000049;PRD_000051;PRD_000108;PRD_000109;PRD_000110;PRD_000111;PRD_000112;PRD_000284;PRD_000285;PRD_000286;PRD_000287;PRD_000288;PRD_000289;PRD_000290;PRD_000291;PRD_000292
COMP_PRINT_DIGITAL_S1,PRICE_TYPE.01,(전사이즈),SIZ_000475|POPT_000008|PROC_000004,30,35,13940,13300,640,2,PRD_000016;PRD_000017;PRD_000018;PRD_000019;PRD_000020;PRD_000021;PRD_000022;PRD_000023;PRD_000026;PRD_000027;PRD_000028;PRD_000029;PRD_000030;PRD_000041;PRD_000042;PRD_000043;PRD_000044;PRD_000045;PRD_000046;PRD_000047;PRD_000049;PRD_000051;PRD_000108;PRD_000109;PRD_000110;PRD_000111;PRD_000112;PRD_000284;PRD_000285;PRD_000286;PRD_000287;PRD_000288;PRD_000289;PRD_000290;PRD_000291;PRD_000292
COMP_PRINT_DIGITAL_S1,PRICE_TYPE.01,(전사이즈),SIZ_000475|POPT_000008|PROC_000004,35,40,14820,13600,1220,4,PRD_000016;PRD_000017;PRD_000018;PRD_000019;PRD_000020;PRD_000021;PRD_000022;PRD_000023;PRD_000026;PRD_000027;PRD_000028;PRD_000029;PRD_000030;PRD_000041;PRD_000042;PRD_000043;PRD_000044;PRD_000045;PRD_000046;PRD_000047;PRD_000049;PRD_000051;PRD_000108;PRD_000109;PRD_000110;PRD_000111;PRD_000112;PRD_000284;PRD_000285;PRD_000286;PRD_000287;PRD_000288;PRD_000289;PRD_000290;PRD_000291;PRD_000292
COMP_PRINT_DIGITAL_S1,PRICE_TYPE.01,(전사이즈),SIZ_000475|POPT_000008|PROC_000004,50,60,20060,16200,3860,10,PRD_000016;PRD_000017;PRD_000018;PRD_000019;PRD_000020;PRD_000021;PRD_000022;PRD_000023;PRD_000026;PRD_000027;PRD_000028;PRD_000029;PRD_000030;PRD_000041;PRD_000042;PRD_000043;PRD_000044;PRD_000045;PRD_000046;PRD_000047;PRD_000049;PRD_000051;PRD_000108;PRD_000109;PRD_000110;PRD_000111;PRD_000112;PRD_000284;PRD_000285;PRD_000286;PRD_000287;PRD_000288;PRD_000289;PRD_000290;PRD_000291;PRD_000292
COMP_PRINT_DIGITAL_S1,PRICE_TYPE.01,(전사이즈),SIZ_000475|POPT_000008|PROC_000004,100,150,40230,28500,11730,44,PRD_000016;PRD_000017;PRD_000018;PRD_000019;PRD_000020;PRD_000021;PRD_000022;PRD_000023;PRD_000026;PRD_000027;PRD_000028;PRD_000029;PRD_000030;PRD_000041;PRD_000042;PRD_000043;PRD_000044;PRD_000045;PRD_000046;PRD_000047;PRD_000049;PRD_000051;PRD_000108;PRD_000109;PRD_000110;PRD_000111;PRD_000112;PRD_000284;PRD_000285;PRD_000286;PRD_000287;PRD_000288;PRD_000289;PRD_000290;PRD_000291;PRD_000292
COMP_PRINT_DIGITAL_S1,PRICE_TYPE.01,(전사이즈),SIZ_000475|POPT_000008|PROC_000004,150,200,37810,36000,1810,10,PRD_000016;PRD_000017;PRD_000018;PRD_000019;PRD_000020;PRD_000021;PRD_000022;PRD_000023;PRD_000026;PRD_000027;PRD_000028;PRD_000029;PRD_000030;PRD_000041;PRD_000042;PRD_000043;PRD_000044;PRD_000045;PRD_000046;PRD_000047;PRD_000049;PRD_000051;PRD_000108;PRD_000109;PRD_000110;PRD_000111;PRD_000112;PRD_000284;PRD_000285;PRD_000286;PRD_000287;PRD_000288;PRD_000289;PRD_000290;PRD_000291;PRD_000292
COMP_PRINT_DIGITAL_S1,PRICE_TYPE.01,(전사이즈),SIZ_000475|POPT_000008|PROC_000004,200,250,44820,40000,4820,27,PRD_000016;PRD_000017;PRD_000018;PRD_000019;PRD_000020;PRD_000021;PRD_000022;PRD_000023;PRD_000026;PRD_000027;PRD_000028;PRD_000029;PRD_000030;PRD_000041;PRD_000042;PRD_000043;PRD_000044;PRD_000045;PRD_000046;PRD_000047;PRD_000049;PRD_000051;PRD_000108;PRD_000109;PRD_000110;PRD_000111;PRD_000112;PRD_000284;PRD_000285;PRD_000286;PRD_000287;PRD_000288;PRD_000289;PRD_000290;PRD_000291;PRD_000292
COMP_PRINT_DIGITAL_S1,PRICE_TYPE.01,(전사이즈),SIZ_000475|POPT_000008|PROC_000004,250,300,47840,45000,2840,18,PRD_000016;PRD_000017;PRD_000018;PRD_000019;PRD_000020;PRD_000021;PRD_000022;PRD_000023;PRD_000026;PRD_000027;PRD_000028;PRD_000029;PRD_000030;PRD_000041;PRD_000042;PRD_000043;PRD_000044;PRD_000045;PRD_000046;PRD_000047;PRD_000049;PRD_000051;PRD_000108;PRD_000109;PRD_000110;PRD_000111;PRD_000112;PRD_000284;PRD_000285;PRD_000286;PRD_000287;PRD_000288;PRD_000289;PRD_000290;PRD_000291;PRD_000292
COMP_PRINT_DIGITAL_S1,PRICE_TYPE.01,(전사이즈),SIZ_000475|POPT_000008|PROC_000004,300,350,52350,49000,3350,23,PRD_000016;PRD_000017;PRD_000018;PRD_000019;PRD_000020;PRD_000021;PRD_000022;PRD_000023;PRD_000026;PRD_000027;PRD_000028;PRD_000029;PRD_000030;PRD_000041;PRD_000042;PRD_000043;PRD_000044;PRD_000045;PRD_000046;PRD_000047;PRD_000049;PRD_000051;PRD_000108;PRD_000109;PRD_000110;PRD_000111;PRD_000112;PRD_000284;PRD_000285;PRD_000286;PRD_000287;PRD_000288;PRD_000289;PRD_000290;PRD_000291;PRD_000292
COMP_PRINT_DIGITAL_S1,PRICE_TYPE.01,(전사이즈),SIZ_000475|POPT_000008|PROC_000004,350,400,55860,48000,7860,50,PRD_000016;PRD_000017;PRD_000018;PRD_000019;PRD_000020;PRD_000021;PRD_000022;PRD_000023;PRD_000026;PRD_000027;PRD_000028;PRD_000029;PRD_000030;PRD_000041;PRD_000042;PRD_000043;PRD_000044;PRD_000045;PRD_000046;PRD_000047;PRD_000049;PRD_000051;PRD_000108;PRD_000109;PRD_000110;PRD_000111;PRD_000112;PRD_000284;PRD_000285;PRD_000286;PRD_000287;PRD_000288;PRD_000289;PRD_000290;PRD_000291;PRD_000292
COMP_PRINT_DIGITAL_S1,PRICE_TYPE.01,(전사이즈),SIZ_000475|POPT_000008|PROC_000004,400,450,53880,49500,4380,37,PRD_000016;PRD_000017;PRD_000018;PRD_000019;PRD_000020;PRD_000021;PRD_000022;PRD_000023;PRD_000026;PRD_000027;PRD_000028;PRD_000029;PRD_000030;PRD_000041;PRD_000042;PRD_000043;PRD_000044;PRD_000045;PRD_000046;PRD_000047;PRD_000049;PRD_000051;PRD_000108;PRD_000109;PRD_000110;PRD_000111;PRD_000112;PRD_000284;PRD_000285;PRD_000286;PRD_000287;PRD_000288;PRD_000289;PRD_000290;PRD_000291;PRD_000292
COMP_PRINT_DIGITAL_S1,PRICE_TYPE.01,(전사이즈),SIZ_000475|POPT_000008|PROC_000004,450,500,54890,47500,7390,50,PRD_000016;PRD_000017;PRD_000018;PRD_000019;PRD_000020;PRD_000021;PRD_000022;PRD_000023;PRD_000026;PRD_000027;PRD_000028;PRD_000029;PRD_000030;PRD_000041;PRD_000042;PRD_000043;PRD_000044;PRD_000045;PRD_000046;PRD_000047;PRD_000049;PRD_000051;PRD_000108;PRD_000109;PRD_000110;PRD_000111;PRD_000112;PRD_000284;PRD_000285;PRD_000286;PRD_000287;PRD_000288;PRD_000289;PRD_000290;PRD_000291;PRD_000292
COMP_PRINT_DIGITAL_S1,PRICE_TYPE.01,(전사이즈),SIZ_000475|POPT_000002|PROC_000004,9,10,17100,16000,1100,1,PRD_000016;PRD_000017;PRD_000018;PRD_000019;PRD_000020;PRD_000021;PRD_000022;PRD_000023;PRD_000026;PRD_000027;PRD_000028;PRD_000029;PRD_000030;PRD_000041;PRD_000042;PRD_000043;PRD_000044;PRD_000045;PRD_000046;PRD_000047;PRD_000049;PRD_000051;PRD_000108;PRD_000109;PRD_000110;PRD_000111;PRD_000112;PRD_000284;PRD_000285;PRD_000286;PRD_000287;PRD_000288;PRD_000289;PRD_000290;PRD_000291;PRD_000292
COMP_PRINT_DIGITAL_S1,PRICE_TYPE.01,(전사이즈),SIZ_000475|POPT_000002|PROC_000004,15,20,46170,46000,170,1,PRD_000016;PRD_000017;PRD_000018;PRD_000019;PRD_000020;PRD_000021;PRD_000022;PRD_000023;PRD_000026;PRD_000027;PRD_000028;PRD_000029;PRD_000030;PRD_000041;PRD_000042;PRD_000043;PRD_000044;PRD_000045;PRD_000046;PRD_000047;PRD_000049;PRD_000051;PRD_000108;PRD_000109;PRD_000110;PRD_000111;PRD_000112;PRD_000284;PRD_000285;PRD_000286;PRD_000287;PRD_000288;PRD_000289;PRD_000290;PRD_000291;PRD_000292
COMP_PRINT_DIGITAL_S1,PRICE_TYPE.01,(전사이즈),SIZ_000475|POPT_000002|PROC_000004,20,25,55200,55000,200,1,PRD_000016;PRD_000017;PRD_000018;PRD_000019;PRD_000020;PRD_000021;PRD_000022;PRD_000023;PRD_000026;PRD_000027;PRD_000028;PRD_000029;PRD_000030;PRD_000041;PRD_000042;PRD_000043;PRD_000044;PRD_000045;PRD_000046;PRD_000047;PRD_000049;PRD_000051;PRD_000108;PRD_000109;PRD_000110;PRD_000111;PRD_000112;PRD_000284;PRD_000285;PRD_000286;PRD_000287;PRD_000288;PRD_000289;PRD_000290;PRD_000291;PRD_000292
COMP_PRINT_DIGITAL_S1,PRICE_TYPE.01,(전사이즈),SIZ_000475|POPT_000002|PROC_000004,25,30,63800,60900,2900,2,PRD_000016;PRD_000017;PRD_000018;PRD_000019;PRD_000020;PRD_000021;PRD_000022;PRD_000023;PRD_000026;PRD_000027;PRD_000028;PRD_000029;PRD_000030;PRD_000041;PRD_000042;PRD_000043;PRD_000044;PRD_000045;PRD_000046;PRD_000047;PRD_000049;PRD_000051;PRD_000108;PRD_000109;PRD_000110;PRD_000111;PRD_000112;PRD_000284;PRD_000285;PRD_000286;PRD_000287;PRD_000288;PRD_000289;PRD_000290;PRD_000291;PRD_000292
COMP_PRINT_DIGITAL_S1,PRICE_TYPE.01,(전사이즈),SIZ_000475|POPT_000002|PROC_000004,30,35,69020,66150,2870,2,PRD_000016;PRD_000017;PRD_000018;PRD_000019;PRD_000020;PRD_000021;PRD_000022;PRD_000023;PRD_000026;PRD_000027;PRD_000028;PRD_000029;PRD_000030;PRD_000041;PRD_000042;PRD_000043;PRD_000044;PRD_000045;PRD_000046;PRD_000047;PRD_000049;PRD_000051;PRD_000108;PRD_000109;PRD_000110;PRD_000111;PRD_000112;PRD_000284;PRD_000285;PRD_000286;PRD_000287;PRD_000288;PRD_000289;PRD_000290;PRD_000291;PRD_000292
COMP_PRINT_DIGITAL_S1,PRICE_TYPE.01,(전사이즈),SIZ_000475|POPT_000002|PROC_000004,35,40,73710,70400,3310,2,PRD_000016;PRD_000017;PRD_000018;PRD_000019;PRD_000020;PRD_000021;PRD_000022;PRD_000023;PRD_000026;PRD_000027;PRD_000028;PRD_000029;PRD_000030;PRD_000041;PRD_000042;PRD_000043;PRD_000044;PRD_000045;PRD_000046;PRD_000047;PRD_000049;PRD_000051;PRD_000108;PRD_000109;PRD_000110;PRD_000111;PRD_000112;PRD_000284;PRD_000285;PRD_000286;PRD_000287;PRD_000288;PRD_000289;PRD_000290;PRD_000291;PRD_000292
COMP_PRINT_DIGITAL_S1,PRICE_TYPE.01,(전사이즈),SIZ_000475|POPT_000002|PROC_000004,40,45,77440,72900,4540,3,PRD_000016;PRD_000017;PRD_000018;PRD_000019;PRD_000020;PRD_000021;PRD_000022;PRD_000023;PRD_000026;PRD_000027;PRD_000028;PRD_000029;PRD_000030;PRD_000041;PRD_000042;PRD_000043;PRD_000044;PRD_000045;PRD_000046;PRD_000047;PRD_000049;PRD_000051;PRD_000108;PRD_000109;PRD_000110;PRD_000111;PRD_000112;PRD_000284;PRD_000285;PRD_000286;PRD_000287;PRD_000288;PRD_000289;PRD_000290;PRD_000291;PRD_000292
COMP_PRINT_DIGITAL_S1,PRICE_TYPE.01,(전사이즈),SIZ_000475|POPT_000002|PROC_000004,45,50,79380,74500,4880,4,PRD_000016;PRD_000017;PRD_000018;PRD_000019;PRD_000020;PRD_000021;PRD_000022;PRD_000023;PRD_000026;PRD_000027;PRD_000028;PRD_000029;PRD_000030;PRD_000041;PRD_000042;PRD_000043;PRD_000044;PRD_000045;PRD_000046;PRD_000047;PRD_000049;PRD_000051;PRD_000108;PRD_000109;PRD_000110;PRD_000111;PRD_000112;PRD_000284;PRD_000285;PRD_000286;PRD_000287;PRD_000288;PRD_000289;PRD_000290;PRD_000291;PRD_000292
COMP_PRINT_DIGITAL_S1,PRICE_TYPE.01,(전사이즈),SIZ_000475|POPT_000002|PROC_000004,50,60,87910,81000,6910,5,PRD_000016;PRD_000017;PRD_000018;PRD_000019;PRD_000020;PRD_000021;PRD_000022;PRD_000023;PRD_000026;PRD_000027;PRD_000028;PRD_000029;PRD_000030;PRD_000041;PRD_000042;PRD_000043;PRD_000044;PRD_000045;PRD_000046;PRD_000047;PRD_000049;PRD_000051;PRD_000108;PRD_000109;PRD_000110;PRD_000111;PRD_000112;PRD_000284;PRD_000285;PRD_000286;PRD_000287;PRD_000288;PRD_000289;PRD_000290;PRD_000291;PRD_000292
COMP_PRINT_DIGITAL_S1,PRICE_TYPE.01,(전사이즈),SIZ_000475|POPT_000002|PROC_000004,60,70,93150,84000,9150,7,PRD_000016;PRD_000017;PRD_000018;PRD_000019;PRD_000020;PRD_000021;PRD_000022;PRD_000023;PRD_000026;PRD_000027;PRD_000028;PRD_000029;PRD_000030;PRD_000041;PRD_000042;PRD_000043;PRD_000044;PRD_000045;PRD_000046;PRD_000047;PRD_000049;PRD_000051;PRD_000108;PRD_000109;PRD_000110;PRD_000111;PRD_000112;PRD_000284;PRD_000285;PRD_000286;PRD_000287;PRD_000288;PRD_000289;PRD_000290;PRD_000291;PRD_000292
COMP_PRINT_DIGITAL_S1,PRICE_TYPE.01,(전사이즈),SIZ_000475|POPT_000002|PROC_000004,70,80,94800,86400,8400,7,PRD_000016;PRD_000017;PRD_000018;PRD_000019;PRD_000020;PRD_000021;PRD_000022;PRD_000023;PRD_000026;PRD_000027;PRD_000028;PRD_000029;PRD_000030;PRD_000041;PRD_000042;PRD_000043;PRD_000044;PRD_000045;PRD_000046;PRD_000047;PRD_000049;PRD_000051;PRD_000108;PRD_000109;PRD_000110;PRD_000111;PRD_000112;PRD_000284;PRD_000285;PRD_000286;PRD_000287;PRD_000288;PRD_000289;PRD_000290;PRD_000291;PRD_000292
COMP_PRINT_DIGITAL_S1,PRICE_TYPE.01,(전사이즈),SIZ_000475|POPT_000002|PROC_000004,80,90,96120,85500,10620,10,PRD_000016;PRD_000017;PRD_000018;PRD_000019;PRD_000020;PRD_000021;PRD_000022;PRD_000023;PRD_000026;PRD_000027;PRD_000028;PRD_000029;PRD_000030;PRD_000041;PRD_000042;PRD_000043;PRD_000044;PRD_000045;PRD_000046;PRD_000047;PRD_000049;PRD_000051;PRD_000108;PRD_000109;PRD_000110;PRD_000111;PRD_000112;PRD_000284;PRD_000285;PRD_000286;PRD_000287;PRD_000288;PRD_000289;PRD_000290;PRD_000291;PRD_000292
COMP_PRINT_DIGITAL_S1,PRICE_TYPE.01,(전사이즈),SIZ_000475|POPT_000002|PROC_000004,100,150,141550,133500,8050,9,PRD_000016;PRD_000017;PRD_000018;PRD_000019;PRD_000020;PRD_000021;PRD_000022;PRD_000023;PRD_000026;PRD_000027;PRD_000028;PRD_000029;PRD_000030;PRD_000041;PRD_000042;PRD_000043;PRD_000044;PRD_000045;PRD_000046;PRD_000047;PRD_000049;PRD_000051;PRD_000108;PRD_000109;PRD_000110;PRD_000111;PRD_000112;PRD_000284;PRD_000285;PRD_000286;PRD_000287;PRD_000288;PRD_000289;PRD_000290;PRD_000291;PRD_000292
COMP_PRINT_DIGITAL_S1,PRICE_TYPE.01,(전사이즈),SIZ_000475|POPT_000002|PROC_000004,150,200,177110,168000,9110,11,PRD_000016;PRD_000017;PRD_000018;PRD_000019;PRD_000020;PRD_000021;PRD_000022;PRD_000023;PRD_000026;PRD_000027;PRD_000028;PRD_000029;PRD_000030;PRD_000041;PRD_000042;PRD_000043;PRD_000044;PRD_000045;PRD_000046;PRD_000047;PRD_000049;PRD_000051;PRD_000108;PRD_000109;PRD_000110;PRD_000111;PRD_000112;PRD_000284;PRD_000285;PRD_000286;PRD_000287;PRD_000288;PRD_000289;PRD_000290;PRD_000291;PRD_000292
COMP_PRINT_DIGITAL_S1,PRICE_TYPE.01,(전사이즈),SIZ_000475|POPT_000002|PROC_000004,200,250,209160,195000,14160,17,PRD_000016;PRD_000017;PRD_000018;PRD_000019;PRD_000020;PRD_000021;PRD_000022;PRD_000023;PRD_000026;PRD_000027;PRD_000028;PRD_000029;PRD_000030;PRD_000041;PRD_000042;PRD_000043;PRD_000044;PRD_000045;PRD_000046;PRD_000047;PRD_000049;PRD_000051;PRD_000108;PRD_000109;PRD_000110;PRD_000111;PRD_000112;PRD_000284;PRD_000285;PRD_000286;PRD_000287;PRD_000288;PRD_000289;PRD_000290;PRD_000291;PRD_000292
COMP_PRINT_DIGITAL_S1,PRICE_TYPE.01,(전사이즈),SIZ_000475|POPT_000002|PROC_000004,250,300,233220,219000,14220,19,PRD_000016;PRD_000017;PRD_000018;PRD_000019;PRD_000020;PRD_000021;PRD_000022;PRD_000023;PRD_000026;PRD_000027;PRD_000028;PRD_000029;PRD_000030;PRD_000041;PRD_000042;PRD_000043;PRD_000044;PRD_000045;PRD_000046;PRD_000047;PRD_000049;PRD_000051;PRD_000108;PRD_000109;PRD_000110;PRD_000111;PRD_000112;PRD_000284;PRD_000285;PRD_000286;PRD_000287;PRD_000288;PRD_000289;PRD_000290;PRD_000291;PRD_000292
COMP_PRINT_DIGITAL_S1,PRICE_TYPE.01,(전사이즈),SIZ_000475|POPT_000002|PROC_000004,300,350,254770,238000,16770,23,PRD_000016;PRD_000017;PRD_000018;PRD_000019;PRD_000020;PRD_000021;PRD_000022;PRD_000023;PRD_000026;PRD_000027;PRD_000028;PRD_000029;PRD_000030;PRD_000041;PRD_000042;PRD_000043;PRD_000044;PRD_000045;PRD_000046;PRD_000047;PRD_000049;PRD_000051;PRD_000108;PRD_000109;PRD_000110;PRD_000111;PRD_000112;PRD_000284;PRD_000285;PRD_000286;PRD_000287;PRD_000288;PRD_000289;PRD_000290;PRD_000291;PRD_000292
COMP_PRINT_DIGITAL_S1,PRICE_TYPE.01,(전사이즈),SIZ_000475|POPT_000002|PROC_000004,350,400,271320,248000,23320,35,PRD_000016;PRD_000017;PRD_000018;PRD_000019;PRD_000020;PRD_000021;PRD_000022;PRD_000023;PRD_000026;PRD_000027;PRD_000028;PRD_000029;PRD_000030;PRD_000041;PRD_000042;PRD_000043;PRD_000044;PRD_000045;PRD_000046;PRD_000047;PRD_000049;PRD_000051;PRD_000108;PRD_000109;PRD_000110;PRD_000111;PRD_000112;PRD_000284;PRD_000285;PRD_000286;PRD_000287;PRD_000288;PRD_000289;PRD_000290;PRD_000291;PRD_000292
COMP_PRINT_DIGITAL_S1,PRICE_TYPE.01,(전사이즈),SIZ_000475|POPT_000002|PROC_000004,400,450,278380,252000,26380,43,PRD_000016;PRD_000017;PRD_000018;PRD_000019;PRD_000020;PRD_000021;PRD_000022;PRD_000023;PRD_000026;PRD_000027;PRD_000028;PRD_000029;PRD_000030;PRD_000041;PRD_000042;PRD_000043;PRD_000044;PRD_000045;PRD_000046;PRD_000047;PRD_000049;PRD_000051;PRD_000108;PRD_000109;PRD_000110;PRD_000111;PRD_000112;PRD_000284;PRD_000285;PRD_000286;PRD_000287;PRD_000288;PRD_000289;PRD_000290;PRD_000291;PRD_000292
COMP_PRINT_DIGITAL_S1,PRICE_TYPE.01,(전사이즈),SIZ_000475|POPT_000002|PROC_000004,450,500,279440,260000,19440,35,PRD_000016;PRD_000017;PRD_000018;PRD_000019;PRD_000020;PRD_000021;PRD_000022;PRD_000023;PRD_000026;PRD_000027;PRD_000028;PRD_000029;PRD_000030;PRD_000041;PRD_000042;PRD_000043;PRD_000044;PRD_000045;PRD_000046;PRD_000047;PRD_000049;PRD_000051;PRD_000108;PRD_000109;PRD_000110;PRD_000111;PRD_000112;PRD_000284;PRD_000285;PRD_000286;PRD_000287;PRD_000288;PRD_000289;PRD_000290;PRD_000291;PRD_000292
COMP_PRINT_DIGITAL_S1,PRICE_TYPE.01,(전사이즈),SIZ_000475|POPT_000002|PROC_000004,500,600,311480,300000,11480,23,PRD_000016;PRD_000017;PRD_000018;PRD_000019;PRD_000020;PRD_000021;PRD_000022;PRD_000023;PRD_000026;PRD_000027;PRD_000028;PRD_000029;PRD_000030;PRD_000041;PRD_000042;PRD_000043;PRD_000044;PRD_000045;PRD_000046;PRD_000047;PRD_000049;PRD_000051;PRD_000108;PRD_000109;PRD_000110;PRD_000111;PRD_000112;PRD_000284;PRD_000285;PRD_000286;PRD_000287;PRD_000288;PRD_000289;PRD_000290;PRD_000291;PRD_000292
COMP_PRINT_DIGITAL_S1,PRICE_TYPE.01,(전사이즈),SIZ_000475|POPT_000002|PROC_000004,600,700,349500,343000,6500,13,PRD_000016;PRD_000017;PRD_000018;PRD_000019;PRD_000020;PRD_000021;PRD_000022;PRD_000023;PRD_000026;PRD_000027;PRD_000028;PRD_000029;PRD_000030;PRD_000041;PRD_000042;PRD_000043;PRD_000044;PRD_000045;PRD_000046;PRD_000047;PRD_000049;PRD_000051;PRD_000108;PRD_000109;PRD_000110;PRD_000111;PRD_000112;PRD_000284;PRD_000285;PRD_000286;PRD_000287;PRD_000288;PRD_000289;PRD_000290;PRD_000291;PRD_000292
COMP_PRINT_DIGITAL_S1,PRICE_TYPE.01,(전사이즈),SIZ_000475|POPT_000002|PROC_000004,700,800,391510,384000,7510,16,PRD_000016;PRD_000017;PRD_000018;PRD_000019;PRD_000020;PRD_000021;PRD_000022;PRD_000023;PRD_000026;PRD_000027;PRD_000028;PRD_000029;PRD_000030;PRD_000041;PRD_000042;PRD_000043;PRD_000044;PRD_000045;PRD_000046;PRD_000047;PRD_000049;PRD_000051;PRD_000108;PRD_000109;PRD_000110;PRD_000111;PRD_000112;PRD_000284;PRD_000285;PRD_000286;PRD_000287;PRD_000288;PRD_000289;PRD_000290;PRD_000291;PRD_000292
COMP_PRINT_DIGITAL_S1,PRICE_TYPE.01,(전사이즈),SIZ_000475|POPT_000002|PROC_000004,800,900,431520,414000,17520,37,PRD_000016;PRD_000017;PRD_000018;PRD_000019;PRD_000020;PRD_000021;PRD_000022;PRD_000023;PRD_000026;PRD_000027;PRD_000028;PRD_000029;PRD_000030;PRD_000041;PRD_000042;PRD_000043;PRD_000044;PRD_000045;PRD_000046;PRD_000047;PRD_000049;PRD_000051;PRD_000108;PRD_000109;PRD_000110;PRD_000111;PRD_000112;PRD_000284;PRD_000285;PRD_000286;PRD_000287;PRD_000288;PRD_000289;PRD_000290;PRD_000291;PRD_000292
COMP_PRINT_DIGITAL_S1,PRICE_TYPE.01,(전사이즈),SIZ_000475|POPT_000002|PROC_000004,900,1000,459540,450000,9540,21,PRD_000016;PRD_000017;PRD_000018;PRD_000019;PRD_000020;PRD_000021;PRD_000022;PRD_000023;PRD_000026;PRD_000027;PRD_000028;PRD_000029;PRD_000030;PRD_000041;PRD_000042;PRD_000043;PRD_000044;PRD_000045;PRD_000046;PRD_000047;PRD_000049;PRD_000051;PRD_000108;PRD_000109;PRD_000110;PRD_000111;PRD_000112;PRD_000284;PRD_000285;PRD_000286;PRD_000287;PRD_000288;PRD_000289;PRD_000290;PRD_000291;PRD_000292
COMP_PRINT_DIGITAL_S1,PRICE_TYPE.01,(전사이즈),SIZ_000475|POPT_000002|PROC_000004,1000,1200,539550,528000,11550,26,PRD_000016;PRD_000017;PRD_000018;PRD_000019;PRD_000020;PRD_000021;PRD_000022;PRD_000023;PRD_000026;PRD_000027;PRD_000028;PRD_000029;PRD_000030;PRD_000041;PRD_000042;PRD_000043;PRD_000044;PRD_000045;PRD_000046;PRD_000047;PRD_000049;PRD_000051;PRD_000108;PRD_000109;PRD_000110;PRD_000111;PRD_000112;PRD_000284;PRD_000285;PRD_000286;PRD_000287;PRD_000288;PRD_000289;PRD_000290;PRD_000291;PRD_000292
COMP_PRINT_DIGITAL_S1,PRICE_TYPE.01,(전사이즈),SIZ_000475|POPT_000001|PROC_000004,20,25,27600,27000,600,1,PRD_000016;PRD_000017;PRD_000018;PRD_000019;PRD_000020;PRD_000021;PRD_000022;PRD_000023;PRD_000026;PRD_000027;PRD_000028;PRD_000029;PRD_000030;PRD_000041;PRD_000042;PRD_000043;PRD_000044;PRD_000045;PRD_000046;PRD_000047;PRD_000049;PRD_000051;PRD_000108;PRD_000109;PRD_000110;PRD_000111;PRD_000112;PRD_000284;PRD_000285;PRD_000286;PRD_000287;PRD_000288;PRD_000289;PRD_000290;PRD_000291;PRD_000292
COMP_PRINT_DIGITAL_S1,PRICE_TYPE.01,(전사이즈),SIZ_000475|POPT_000001|PROC_000004,25,30,31320,30300,1020,1,PRD_000016;PRD_000017;PRD_000018;PRD_000019;PRD_000020;PRD_000021;PRD_000022;PRD_000023;PRD_000026;PRD_000027;PRD_000028;PRD_000029;PRD_000030;PRD_000041;PRD_000042;PRD_000043;PRD_000044;PRD_000045;PRD_000046;PRD_000047;PRD_000049;PRD_000051;PRD_000108;PRD_000109;PRD_000110;PRD_000111;PRD_000112;PRD_000284;PRD_000285;PRD_000286;PRD_000287;PRD_000288;PRD_000289;PRD_000290;PRD_000291;PRD_000292
COMP_PRINT_DIGITAL_S1,PRICE_TYPE.01,(전사이즈),SIZ_000475|POPT_000001|PROC_000004,30,35,34340,33250,1090,2,PRD_000016;PRD_000017;PRD_000018;PRD_000019;PRD_000020;PRD_000021;PRD_000022;PRD_000023;PRD_000026;PRD_000027;PRD_000028;PRD_000029;PRD_000030;PRD_000041;PRD_000042;PRD_000043;PRD_000044;PRD_000045;PRD_000046;PRD_000047;PRD_000049;PRD_000051;PRD_000108;PRD_000109;PRD_000110;PRD_000111;PRD_000112;PRD_000284;PRD_000285;PRD_000286;PRD_000287;PRD_000288;PRD_000289;PRD_000290;PRD_000291;PRD_000292
COMP_PRINT_DIGITAL_S1,PRICE_TYPE.01,(전사이즈),SIZ_000475|POPT_000001|PROC_000004,35,40,37050,35200,1850,2,PRD_000016;PRD_000017;PRD_000018;PRD_000019;PRD_000020;PRD_000021;PRD_000022;PRD_000023;PRD_000026;PRD_000027;PRD_000028;PRD_000029;PRD_000030;PRD_000041;PRD_000042;PRD_000043;PRD_000044;PRD_000045;PRD_000046;PRD_000047;PRD_000049;PRD_000051;PRD_000108;PRD_000109;PRD_000110;PRD_000111;PRD_000112;PRD_000284;PRD_000285;PRD_000286;PRD_000287;PRD_000288;PRD_000289;PRD_000290;PRD_000291;PRD_000292
COMP_PRINT_DIGITAL_S1,PRICE_TYPE.01,(전사이즈),SIZ_000475|POPT_000001|PROC_000004,40,45,38720,36450,2270,3,PRD_000016;PRD_000017;PRD_000018;PRD_000019;PRD_000020;PRD_000021;PRD_000022;PRD_000023;PRD_000026;PRD_000027;PRD_000028;PRD_000029;PRD_000030;PRD_000041;PRD_000042;PRD_000043;PRD_000044;PRD_000045;PRD_000046;PRD_000047;PRD_000049;PRD_000051;PRD_000108;PRD_000109;PRD_000110;PRD_000111;PRD_000112;PRD_000284;PRD_000285;PRD_000286;PRD_000287;PRD_000288;PRD_000289;PRD_000290;PRD_000291;PRD_000292
COMP_PRINT_DIGITAL_S1,PRICE_TYPE.01,(전사이즈),SIZ_000475|POPT_000001|PROC_000004,45,50,39690,37500,2190,3,PRD_000016;PRD_000017;PRD_000018;PRD_000019;PRD_000020;PRD_000021;PRD_000022;PRD_000023;PRD_000026;PRD_000027;PRD_000028;PRD_000029;PRD_000030;PRD_000041;PRD_000042;PRD_000043;PRD_000044;PRD_000045;PRD_000046;PRD_000047;PRD_000049;PRD_000051;PRD_000108;PRD_000109;PRD_000110;PRD_000111;PRD_000112;PRD_000284;PRD_000285;PRD_000286;PRD_000287;PRD_000288;PRD_000289;PRD_000290;PRD_000291;PRD_000292
COMP_PRINT_DIGITAL_S1,PRICE_TYPE.01,(전사이즈),SIZ_000475|POPT_000001|PROC_000004,50,60,44250,40800,3450,5,PRD_000016;PRD_000017;PRD_000018;PRD_000019;PRD_000020;PRD_000021;PRD_000022;PRD_000023;PRD_000026;PRD_000027;PRD_000028;PRD_000029;PRD_000030;PRD_000041;PRD_000042;PRD_000043;PRD_000044;PRD_000045;PRD_000046;PRD_000047;PRD_000049;PRD_000051;PRD_000108;PRD_000109;PRD_000110;PRD_000111;PRD_000112;PRD_000284;PRD_000285;PRD_000286;PRD_000287;PRD_000288;PRD_000289;PRD_000290;PRD_000291;PRD_000292
COMP_PRINT_DIGITAL_S1,PRICE_TYPE.01,(전사이즈),SIZ_000475|POPT_000001|PROC_000004,60,70,46920,42700,4220,7,PRD_000016;PRD_000017;PRD_000018;PRD_000019;PRD_000020;PRD_000021;PRD_000022;PRD_000023;PRD_000026;PRD_000027;PRD_000028;PRD_000029;PRD_000030;PRD_000041;PRD_000042;PRD_000043;PRD_000044;PRD_000045;PRD_000046;PRD_000047;PRD_000049;PRD_000051;PRD_000108;PRD_000109;PRD_000110;PRD_000111;PRD_000112;PRD_000284;PRD_000285;PRD_000286;PRD_000287;PRD_000288;PRD_000289;PRD_000290;PRD_000291;PRD_000292
COMP_PRINT_DIGITAL_S1,PRICE_TYPE.01,(전사이즈),SIZ_000475|POPT_000001|PROC_000004,70,80,48190,43200,4990,9,PRD_000016;PRD_000017;PRD_000018;PRD_000019;PRD_000020;PRD_000021;PRD_000022;PRD_000023;PRD_000026;PRD_000027;PRD_000028;PRD_000029;PRD_000030;PRD_000041;PRD_000042;PRD_000043;PRD_000044;PRD_000045;PRD_000046;PRD_000047;PRD_000049;PRD_000051;PRD_000108;PRD_000109;PRD_000110;PRD_000111;PRD_000112;PRD_000284;PRD_000285;PRD_000286;PRD_000287;PRD_000288;PRD_000289;PRD_000290;PRD_000291;PRD_000292
COMP_PRINT_DIGITAL_S1,PRICE_TYPE.01,(전사이즈),SIZ_000475|POPT_000001|PROC_000004,80,90,48060,42300,5760,10,PRD_000016;PRD_000017;PRD_000018;PRD_000019;PRD_000020;PRD_000021;PRD_000022;PRD_000023;PRD_000026;PRD_000027;PRD_000028;PRD_000029;PRD_000030;PRD_000041;PRD_000042;PRD_000043;PRD_000044;PRD_000045;PRD_000046;PRD_000047;PRD_000049;PRD_000051;PRD_000108;PRD_000109;PRD_000110;PRD_000111;PRD_000112;PRD_000284;PRD_000285;PRD_000286;PRD_000287;PRD_000288;PRD_000289;PRD_000290;PRD_000291;PRD_000292
COMP_PRINT_DIGITAL_S1,PRICE_TYPE.01,(전사이즈),SIZ_000475|POPT_000001|PROC_000004,100,150,70030,67500,2530,6,PRD_000016;PRD_000017;PRD_000018;PRD_000019;PRD_000020;PRD_000021;PRD_000022;PRD_000023;PRD_000026;PRD_000027;PRD_000028;PRD_000029;PRD_000030;PRD_000041;PRD_000042;PRD_000043;PRD_000044;PRD_000045;PRD_000046;PRD_000047;PRD_000049;PRD_000051;PRD_000108;PRD_000109;PRD_000110;PRD_000111;PRD_000112;PRD_000284;PRD_000285;PRD_000286;PRD_000287;PRD_000288;PRD_000289;PRD_000290;PRD_000291;PRD_000292
COMP_PRINT_DIGITAL_S1,PRICE_TYPE.01,(전사이즈),SIZ_000475|POPT_000001|PROC_000004,150,200,89550,84000,5550,13,PRD_000016;PRD_000017;PRD_000018;PRD_000019;PRD_000020;PRD_000021;PRD_000022;PRD_000023;PRD_000026;PRD_000027;PRD_000028;PRD_000029;PRD_000030;PRD_000041;PRD_000042;PRD_000043;PRD_000044;PRD_000045;PRD_000046;PRD_000047;PRD_000049;PRD_000051;PRD_000108;PRD_000109;PRD_000110;PRD_000111;PRD_000112;PRD_000284;PRD_000285;PRD_000286;PRD_000287;PRD_000288;PRD_000289;PRD_000290;PRD_000291;PRD_000292
COMP_PRINT_DIGITAL_S1,PRICE_TYPE.01,(전사이즈),SIZ_000475|POPT_000001|PROC_000004,200,250,104580,97500,7080,17,PRD_000016;PRD_000017;PRD_000018;PRD_000019;PRD_000020;PRD_000021;PRD_000022;PRD_000023;PRD_000026;PRD_000027;PRD_000028;PRD_000029;PRD_000030;PRD_000041;PRD_000042;PRD_000043;PRD_000044;PRD_000045;PRD_000046;PRD_000047;PRD_000049;PRD_000051;PRD_000108;PRD_000109;PRD_000110;PRD_000111;PRD_000112;PRD_000284;PRD_000285;PRD_000286;PRD_000287;PRD_000288;PRD_000289;PRD_000290;PRD_000291;PRD_000292
COMP_PRINT_DIGITAL_S1,PRICE_TYPE.01,(전사이즈),SIZ_000475|POPT_000001|PROC_000004,250,300,116610,108000,8610,23,PRD_000016;PRD_000017;PRD_000018;PRD_000019;PRD_000020;PRD_000021;PRD_000022;PRD_000023;PRD_000026;PRD_000027;PRD_000028;PRD_000029;PRD_000030;PRD_000041;PRD_000042;PRD_000043;PRD_000044;PRD_000045;PRD_000046;PRD_000047;PRD_000049;PRD_000051;PRD_000108;PRD_000109;PRD_000110;PRD_000111;PRD_000112;PRD_000284;PRD_000285;PRD_000286;PRD_000287;PRD_000288;PRD_000289;PRD_000290;PRD_000291;PRD_000292
COMP_PRINT_DIGITAL_S1,PRICE_TYPE.01,(전사이즈),SIZ_000475|POPT_000001|PROC_000004,300,350,125640,119000,6640,19,PRD_000016;PRD_000017;PRD_000018;PRD_000019;PRD_000020;PRD_000021;PRD_000022;PRD_000023;PRD_000026;PRD_000027;PRD_000028;PRD_000029;PRD_000030;PRD_000041;PRD_000042;PRD_000043;PRD_000044;PRD_000045;PRD_000046;PRD_000047;PRD_000049;PRD_000051;PRD_000108;PRD_000109;PRD_000110;PRD_000111;PRD_000112;PRD_000284;PRD_000285;PRD_000286;PRD_000287;PRD_000288;PRD_000289;PRD_000290;PRD_000291;PRD_000292
COMP_PRINT_DIGITAL_S1,PRICE_TYPE.01,(전사이즈),SIZ_000475|POPT_000001|PROC_000004,350,400,135660,124000,11660,35,PRD_000016;PRD_000017;PRD_000018;PRD_000019;PRD_000020;PRD_000021;PRD_000022;PRD_000023;PRD_000026;PRD_000027;PRD_000028;PRD_000029;PRD_000030;PRD_000041;PRD_000042;PRD_000043;PRD_000044;PRD_000045;PRD_000046;PRD_000047;PRD_000049;PRD_000051;PRD_000108;PRD_000109;PRD_000110;PRD_000111;PRD_000112;PRD_000284;PRD_000285;PRD_000286;PRD_000287;PRD_000288;PRD_000289;PRD_000290;PRD_000291;PRD_000292
COMP_PRINT_DIGITAL_S1,PRICE_TYPE.01,(전사이즈),SIZ_000475|POPT_000001|PROC_000004,400,450,139190,126000,13190,43,PRD_000016;PRD_000017;PRD_000018;PRD_000019;PRD_000020;PRD_000021;PRD_000022;PRD_000023;PRD_000026;PRD_000027;PRD_000028;PRD_000029;PRD_000030;PRD_000041;PRD_000042;PRD_000043;PRD_000044;PRD_000045;PRD_000046;PRD_000047;PRD_000049;PRD_000051;PRD_000108;PRD_000109;PRD_000110;PRD_000111;PRD_000112;PRD_000284;PRD_000285;PRD_000286;PRD_000287;PRD_000288;PRD_000289;PRD_000290;PRD_000291;PRD_000292
COMP_PRINT_DIGITAL_S1,PRICE_TYPE.01,(전사이즈),SIZ_000475|POPT_000001|PROC_000004,450,500,139720,130000,9720,35,PRD_000016;PRD_000017;PRD_000018;PRD_000019;PRD_000020;PRD_000021;PRD_000022;PRD_000023;PRD_000026;PRD_000027;PRD_000028;PRD_000029;PRD_000030;PRD_000041;PRD_000042;PRD_000043;PRD_000044;PRD_000045;PRD_000046;PRD_000047;PRD_000049;PRD_000051;PRD_000108;PRD_000109;PRD_000110;PRD_000111;PRD_000112;PRD_000284;PRD_000285;PRD_000286;PRD_000287;PRD_000288;PRD_000289;PRD_000290;PRD_000291;PRD_000292
COMP_PRINT_DIGITAL_S1,PRICE_TYPE.01,(전사이즈),SIZ_000475|POPT_000001|PROC_000004,500,600,155740,150000,5740,23,PRD_000016;PRD_000017;PRD_000018;PRD_000019;PRD_000020;PRD_000021;PRD_000022;PRD_000023;PRD_000026;PRD_000027;PRD_000028;PRD_000029;PRD_000030;PRD_000041;PRD_000042;PRD_000043;PRD_000044;PRD_000045;PRD_000046;PRD_000047;PRD_000049;PRD_000051;PRD_000108;PRD_000109;PRD_000110;PRD_000111;PRD_000112;PRD_000284;PRD_000285;PRD_000286;PRD_000287;PRD_000288;PRD_000289;PRD_000290;PRD_000291;PRD_000292
COMP_PRINT_DIGITAL_S1,PRICE_TYPE.01,(전사이즈),SIZ_000475|POPT_000001|PROC_000004,600,700,174750,168000,6750,27,PRD_000016;PRD_000017;PRD_000018;PRD_000019;PRD_000020;PRD_000021;PRD_000022;PRD_000023;PRD_000026;PRD_000027;PRD_000028;PRD_000029;PRD_000030;PRD_000041;PRD_000042;PRD_000043;PRD_000044;PRD_000045;PRD_000046;PRD_000047;PRD_000049;PRD_000051;PRD_000108;PRD_000109;PRD_000110;PRD_000111;PRD_000112;PRD_000284;PRD_000285;PRD_000286;PRD_000287;PRD_000288;PRD_000289;PRD_000290;PRD_000291;PRD_000292
COMP_PRINT_DIGITAL_S1,PRICE_TYPE.01,(전사이즈),SIZ_000475|POPT_000001|PROC_000004,800,900,215760,207000,8760,37,PRD_000016;PRD_000017;PRD_000018;PRD_000019;PRD_000020;PRD_000021;PRD_000022;PRD_000023;PRD_000026;PRD_000027;PRD_000028;PRD_000029;PRD_000030;PRD_000041;PRD_000042;PRD_000043;PRD_000044;PRD_000045;PRD_000046;PRD_000047;PRD_000049;PRD_000051;PRD_000108;PRD_000109;PRD_000110;PRD_000111;PRD_000112;PRD_000284;PRD_000285;PRD_000286;PRD_000287;PRD_000288;PRD_000289;PRD_000290;PRD_000291;PRD_000292
COMP_PRINT_DIGITAL_S1,PRICE_TYPE.01,(전사이즈),SIZ_000475|POPT_000001|PROC_000004,900,1000,229770,220000,9770,43,PRD_000016;PRD_000017;PRD_000018;PRD_000019;PRD_000020;PRD_000021;PRD_000022;PRD_000023;PRD_000026;PRD_000027;PRD_000028;PRD_000029;PRD_000030;PRD_000041;PRD_000042;PRD_000043;PRD_000044;PRD_000045;PRD_000046;PRD_000047;PRD_000049;PRD_000051;PRD_000108;PRD_000109;PRD_000110;PRD_000111;PRD_000112;PRD_000284;PRD_000285;PRD_000286;PRD_000287;PRD_000288;PRD_000289;PRD_000290;PRD_000291;PRD_000292
COMP_PRINT_SPOT_WHITE_S1,PRICE_TYPE.01,(전사이즈),SIZ_000499|POPT_000001|PROC_000008,25,30,36250,36000,250,1,PRD_000016;PRD_000017;PRD_000018;PRD_000019;PRD_000020;PRD_000021;PRD_000022;PRD_000026;PRD_000041;PRD_000042
COMP_PRINT_SPOT_WHITE_S1,PRICE_TYPE.01,(전사이즈),SIZ_000499|POPT_000001|PROC_000008,30,35,40800,40250,550,1,PRD_000016;PRD_000017;PRD_000018;PRD_000019;PRD_000020;PRD_000021;PRD_000022;PRD_000026;PRD_000041;PRD_000042
COMP_PRINT_SPOT_WHITE_S1,PRICE_TYPE.01,(전사이즈),SIZ_000499|POPT_000001|PROC_000008,35,40,44850,44000,850,1,PRD_000016;PRD_000017;PRD_000018;PRD_000019;PRD_000020;PRD_000021;PRD_000022;PRD_000026;PRD_000041;PRD_000042
COMP_PRINT_SPOT_WHITE_S1,PRICE_TYPE.01,(전사이즈),SIZ_000499|POPT_000001|PROC_000008,40,45,48400,47250,1150,2,PRD_000016;PRD_000017;PRD_000018;PRD_000019;PRD_000020;PRD_000021;PRD_000022;PRD_000026;PRD_000041;PRD_000042
COMP_PRINT_SPOT_WHITE_S1,PRICE_TYPE.01,(전사이즈),SIZ_000499|POPT_000001|PROC_000008,45,50,51450,50000,1450,2,PRD_000016;PRD_000017;PRD_000018;PRD_000019;PRD_000020;PRD_000021;PRD_000022;PRD_000026;PRD_000041;PRD_000042
COMP_PRINT_SPOT_WHITE_S1,PRICE_TYPE.01,(전사이즈),SIZ_000499|POPT_000001|PROC_000008,60,70,69000,66500,2500,3,PRD_000016;PRD_000017;PRD_000018;PRD_000019;PRD_000020;PRD_000021;PRD_000022;PRD_000026;PRD_000041;PRD_000042
COMP_PRINT_SPOT_WHITE_S1,PRICE_TYPE.01,(전사이즈),SIZ_000499|POPT_000001|PROC_000008,70,80,75050,72000,3050,4,PRD_000016;PRD_000017;PRD_000018;PRD_000019;PRD_000020;PRD_000021;PRD_000022;PRD_000026;PRD_000041;PRD_000042
COMP_PRINT_SPOT_WHITE_S1,PRICE_TYPE.01,(전사이즈),SIZ_000499|POPT_000001|PROC_000008,80,90,80100,76500,3600,4,PRD_000016;PRD_000017;PRD_000018;PRD_000019;PRD_000020;PRD_000021;PRD_000022;PRD_000026;PRD_000041;PRD_000042
COMP_PRINT_SPOT_WHITE_S1,PRICE_TYPE.01,(전사이즈),SIZ_000499|POPT_000001|PROC_000008,90,100,84150,80000,4150,5,PRD_000016;PRD_000017;PRD_000018;PRD_000019;PRD_000020;PRD_000021;PRD_000022;PRD_000026;PRD_000041;PRD_000042
COMP_PRINT_SPOT_WHITE_S1,PRICE_TYPE.01,(전사이즈),SIZ_000499|POPT_000001|PROC_000008,100,150,119200,112500,6700,9,PRD_000016;PRD_000017;PRD_000018;PRD_000019;PRD_000020;PRD_000021;PRD_000022;PRD_000026;PRD_000041;PRD_000042
COMP_PRINT_SPOT_WHITE_S1,PRICE_TYPE.01,(전사이즈),SIZ_000499|POPT_000001|PROC_000008,150,200,149250,140000,9250,13,PRD_000016;PRD_000017;PRD_000018;PRD_000019;PRD_000020;PRD_000021;PRD_000022;PRD_000026;PRD_000041;PRD_000042
COMP_PRINT_SPOT_WHITE_S1,PRICE_TYPE.01,(전사이즈),SIZ_000499|POPT_000001|PROC_000008,200,250,174300,165000,9300,14,PRD_000016;PRD_000017;PRD_000018;PRD_000019;PRD_000020;PRD_000021;PRD_000022;PRD_000026;PRD_000041;PRD_000042
COMP_PRINT_SPOT_WHITE_S1,PRICE_TYPE.01,(전사이즈),SIZ_000499|POPT_000001|PROC_000008,250,300,197340,186000,11340,18,PRD_000016;PRD_000017;PRD_000018;PRD_000019;PRD_000020;PRD_000021;PRD_000022;PRD_000026;PRD_000041;PRD_000042
COMP_PRINT_SPOT_WHITE_S1,PRICE_TYPE.01,(전사이즈),SIZ_000499|POPT_000001|PROC_000008,300,350,216380,203000,13380,22,PRD_000016;PRD_000017;PRD_000018;PRD_000019;PRD_000020;PRD_000021;PRD_000022;PRD_000026;PRD_000041;PRD_000042
COMP_PRINT_SPOT_WHITE_S1,PRICE_TYPE.01,(전사이즈),SIZ_000499|POPT_000001|PROC_000008,350,400,231420,216000,15420,27,PRD_000016;PRD_000017;PRD_000018;PRD_000019;PRD_000020;PRD_000021;PRD_000022;PRD_000026;PRD_000041;PRD_000042
COMP_PRINT_SPOT_WHITE_S1,PRICE_TYPE.01,(전사이즈),SIZ_000499|POPT_000001|PROC_000008,400,450,242460,225000,17460,33,PRD_000016;PRD_000017;PRD_000018;PRD_000019;PRD_000020;PRD_000021;PRD_000022;PRD_000026;PRD_000041;PRD_000042
COMP_PRINT_SPOT_WHITE_S1,PRICE_TYPE.01,(전사이즈),SIZ_000499|POPT_000001|PROC_000008,450,500,249500,230000,19500,39,PRD_000016;PRD_000017;PRD_000018;PRD_000019;PRD_000020;PRD_000021;PRD_000022;PRD_000026;PRD_000041;PRD_000042
COMP_PRINT_SPOT_WHITE_S1,PRICE_TYPE.01,(전사이즈),SIZ_000499|POPT_000001|PROC_000008,500,600,275540,264000,11540,26,PRD_000016;PRD_000017;PRD_000018;PRD_000019;PRD_000020;PRD_000021;PRD_000022;PRD_000026;PRD_000041;PRD_000042
COMP_PRINT_SPOT_WHITE_S1,PRICE_TYPE.01,(전사이즈),SIZ_000499|POPT_000001|PROC_000008,600,700,307560,294000,13560,31,PRD_000016;PRD_000017;PRD_000018;PRD_000019;PRD_000020;PRD_000021;PRD_000022;PRD_000026;PRD_000041;PRD_000042
COMP_PRINT_SPOT_WHITE_S1,PRICE_TYPE.01,(전사이즈),SIZ_000499|POPT_000001|PROC_000008,700,800,335580,320000,15580,38,PRD_000016;PRD_000017;PRD_000018;PRD_000019;PRD_000020;PRD_000021;PRD_000022;PRD_000026;PRD_000041;PRD_000042
COMP_PRINT_SPOT_WHITE_S1,PRICE_TYPE.01,(전사이즈),SIZ_000499|POPT_000001|PROC_000008,800,900,359600,342000,17600,44,PRD_000016;PRD_000017;PRD_000018;PRD_000019;PRD_000020;PRD_000021;PRD_000022;PRD_000026;PRD_000041;PRD_000042
COMP_PRINT_SPOT_WHITE_S1,PRICE_TYPE.01,(전사이즈),SIZ_000499|POPT_000001|PROC_000008,900,1000,379620,360000,19620,52,PRD_000016;PRD_000017;PRD_000018;PRD_000019;PRD_000020;PRD_000021;PRD_000022;PRD_000026;PRD_000041;PRD_000042
COMP_PRINT_SPOT_WHITE_S1,PRICE_TYPE.01,(전사이즈),SIZ_000499|POPT_000001|PROC_000008,1000,1200,431640,420000,11640,33,PRD_000016;PRD_000017;PRD_000018;PRD_000019;PRD_000020;PRD_000021;PRD_000022;PRD_000026;PRD_000041;PRD_000042
COMP_PRINT_SPOT_WHITE_S1,PRICE_TYPE.01,(전사이즈),SIZ_000499|POPT_000001|PROC_000008,1400,1600,559650,544000,15650,45,PRD_000016;PRD_000017;PRD_000018;PRD_000019;PRD_000020;PRD_000021;PRD_000022;PRD_000026;PRD_000041;PRD_000042
COMP_PRINT_SPOT_WHITE_S1,PRICE_TYPE.01,(전사이즈),SIZ_000499|POPT_000001|PROC_000008,1800,2000,679660,660000,19660,58,PRD_000016;PRD_000017;PRD_000018;PRD_000019;PRD_000020;PRD_000021;PRD_000022;PRD_000026;PRD_000041;PRD_000042
COMP_PRINT_SPOT_WHITE_S1,PRICE_TYPE.01,(전사이즈),SIZ_000499|POPT_000001|PROC_000008,2500,3000,989670,960000,29670,90,PRD_000016;PRD_000017;PRD_000018;PRD_000019;PRD_000020;PRD_000021;PRD_000022;PRD_000026;PRD_000041;PRD_000042
COMP_PRINT_SPOT_WHITE_S1,PRICE_TYPE.01,(전사이즈),SIZ_000499|POPT_000001|PROC_000008,3500,4000,1279680,1240000,39680,124,PRD_000016;PRD_000017;PRD_000018;PRD_000019;PRD_000020;PRD_000021;PRD_000022;PRD_000026;PRD_000041;PRD_000042
COMP_PRINT_SPOT_WHITE_S1,PRICE_TYPE.01,(전사이즈),SIZ_000499|POPT_000001|PROC_000008,4500,5000,1549690,1500000,49690,161,PRD_000016;PRD_000017;PRD_000018;PRD_000019;PRD_000020;PRD_000021;PRD_000022;PRD_000026;PRD_000041;PRD_000042
COMP_PRINT_SPOT_WHITE_S1,PRICE_TYPE.01,(전사이즈),SIZ_000499|POPT_000002|PROC_000008,25,30,72500,72000,500,1,PRD_000016;PRD_000017;PRD_000018;PRD_000019;PRD_000020;PRD_000021;PRD_000022;PRD_000026;PRD_000041;PRD_000042
COMP_PRINT_SPOT_WHITE_S1,PRICE_TYPE.01,(전사이즈),SIZ_000499|POPT_000002|PROC_000008,30,35,81600,80500,1100,1,PRD_000016;PRD_000017;PRD_000018;PRD_000019;PRD_000020;PRD_000021;PRD_000022;PRD_000026;PRD_000041;PRD_000042
COMP_PRINT_SPOT_WHITE_S1,PRICE_TYPE.01,(전사이즈),SIZ_000499|POPT_000002|PROC_000008,35,40,89700,88000,1700,1,PRD_000016;PRD_000017;PRD_000018;PRD_000019;PRD_000020;PRD_000021;PRD_000022;PRD_000026;PRD_000041;PRD_000042
COMP_PRINT_SPOT_WHITE_S1,PRICE_TYPE.01,(전사이즈),SIZ_000499|POPT_000002|PROC_000008,40,45,96800,94500,2300,2,PRD_000016;PRD_000017;PRD_000018;PRD_000019;PRD_000020;PRD_000021;PRD_000022;PRD_000026;PRD_000041;PRD_000042
COMP_PRINT_SPOT_WHITE_S1,PRICE_TYPE.01,(전사이즈),SIZ_000499|POPT_000002|PROC_000008,45,50,102900,100000,2900,2,PRD_000016;PRD_000017;PRD_000018;PRD_000019;PRD_000020;PRD_000021;PRD_000022;PRD_000026;PRD_000041;PRD_000042
COMP_PRINT_SPOT_WHITE_S1,PRICE_TYPE.01,(전사이즈),SIZ_000499|POPT_000002|PROC_000008,60,70,138000,133000,5000,3,PRD_000016;PRD_000017;PRD_000018;PRD_000019;PRD_000020;PRD_000021;PRD_000022;PRD_000026;PRD_000041;PRD_000042
COMP_PRINT_SPOT_WHITE_S1,PRICE_TYPE.01,(전사이즈),SIZ_000499|POPT_000002|PROC_000008,70,80,150100,144000,6100,4,PRD_000016;PRD_000017;PRD_000018;PRD_000019;PRD_000020;PRD_000021;PRD_000022;PRD_000026;PRD_000041;PRD_000042
COMP_PRINT_SPOT_WHITE_S1,PRICE_TYPE.01,(전사이즈),SIZ_000499|POPT_000002|PROC_000008,80,90,160200,153000,7200,4,PRD_000016;PRD_000017;PRD_000018;PRD_000019;PRD_000020;PRD_000021;PRD_000022;PRD_000026;PRD_000041;PRD_000042
COMP_PRINT_SPOT_WHITE_S1,PRICE_TYPE.01,(전사이즈),SIZ_000499|POPT_000002|PROC_000008,90,100,168300,160000,8300,5,PRD_000016;PRD_000017;PRD_000018;PRD_000019;PRD_000020;PRD_000021;PRD_000022;PRD_000026;PRD_000041;PRD_000042
COMP_PRINT_SPOT_WHITE_S1,PRICE_TYPE.01,(전사이즈),SIZ_000499|POPT_000002|PROC_000008,100,150,238400,225000,13400,9,PRD_000016;PRD_000017;PRD_000018;PRD_000019;PRD_000020;PRD_000021;PRD_000022;PRD_000026;PRD_000041;PRD_000042
COMP_PRINT_SPOT_WHITE_S1,PRICE_TYPE.01,(전사이즈),SIZ_000499|POPT_000002|PROC_000008,150,200,298500,280000,18500,13,PRD_000016;PRD_000017;PRD_000018;PRD_000019;PRD_000020;PRD_000021;PRD_000022;PRD_000026;PRD_000041;PRD_000042
COMP_PRINT_SPOT_WHITE_S1,PRICE_TYPE.01,(전사이즈),SIZ_000499|POPT_000002|PROC_000008,200,250,348600,330000,18600,14,PRD_000016;PRD_000017;PRD_000018;PRD_000019;PRD_000020;PRD_000021;PRD_000022;PRD_000026;PRD_000041;PRD_000042
COMP_PRINT_SPOT_WHITE_S1,PRICE_TYPE.01,(전사이즈),SIZ_000499|POPT_000002|PROC_000008,250,300,394680,372000,22680,18,PRD_000016;PRD_000017;PRD_000018;PRD_000019;PRD_000020;PRD_000021;PRD_000022;PRD_000026;PRD_000041;PRD_000042
COMP_PRINT_SPOT_WHITE_S1,PRICE_TYPE.01,(전사이즈),SIZ_000499|POPT_000002|PROC_000008,300,350,432760,406000,26760,22,PRD_000016;PRD_000017;PRD_000018;PRD_000019;PRD_000020;PRD_000021;PRD_000022;PRD_000026;PRD_000041;PRD_000042
COMP_PRINT_SPOT_WHITE_S1,PRICE_TYPE.01,(전사이즈),SIZ_000499|POPT_000002|PROC_000008,350,400,462840,432000,30840,27,PRD_000016;PRD_000017;PRD_000018;PRD_000019;PRD_000020;PRD_000021;PRD_000022;PRD_000026;PRD_000041;PRD_000042
COMP_PRINT_SPOT_WHITE_S1,PRICE_TYPE.01,(전사이즈),SIZ_000499|POPT_000002|PROC_000008,400,450,484920,450000,34920,33,PRD_000016;PRD_000017;PRD_000018;PRD_000019;PRD_000020;PRD_000021;PRD_000022;PRD_000026;PRD_000041;PRD_000042
COMP_PRINT_SPOT_WHITE_S1,PRICE_TYPE.01,(전사이즈),SIZ_000499|POPT_000002|PROC_000008,450,500,499000,460000,39000,39,PRD_000016;PRD_000017;PRD_000018;PRD_000019;PRD_000020;PRD_000021;PRD_000022;PRD_000026;PRD_000041;PRD_000042
COMP_PRINT_SPOT_WHITE_S1,PRICE_TYPE.01,(전사이즈),SIZ_000499|POPT_000002|PROC_000008,500,600,551080,528000,23080,26,PRD_000016;PRD_000017;PRD_000018;PRD_000019;PRD_000020;PRD_000021;PRD_000022;PRD_000026;PRD_000041;PRD_000042
COMP_PRINT_SPOT_WHITE_S1,PRICE_TYPE.01,(전사이즈),SIZ_000499|POPT_000002|PROC_000008,600,700,615120,588000,27120,31,PRD_000016;PRD_000017;PRD_000018;PRD_000019;PRD_000020;PRD_000021;PRD_000022;PRD_000026;PRD_000041;PRD_000042
COMP_PRINT_SPOT_WHITE_S1,PRICE_TYPE.01,(전사이즈),SIZ_000499|POPT_000002|PROC_000008,700,800,671160,640000,31160,38,PRD_000016;PRD_000017;PRD_000018;PRD_000019;PRD_000020;PRD_000021;PRD_000022;PRD_000026;PRD_000041;PRD_000042
COMP_PRINT_SPOT_WHITE_S1,PRICE_TYPE.01,(전사이즈),SIZ_000499|POPT_000002|PROC_000008,800,900,719200,684000,35200,44,PRD_000016;PRD_000017;PRD_000018;PRD_000019;PRD_000020;PRD_000021;PRD_000022;PRD_000026;PRD_000041;PRD_000042
COMP_PRINT_SPOT_WHITE_S1,PRICE_TYPE.01,(전사이즈),SIZ_000499|POPT_000002|PROC_000008,900,1000,759240,720000,39240,52,PRD_000016;PRD_000017;PRD_000018;PRD_000019;PRD_000020;PRD_000021;PRD_000022;PRD_000026;PRD_000041;PRD_000042
COMP_PRINT_SPOT_WHITE_S1,PRICE_TYPE.01,(전사이즈),SIZ_000499|POPT_000002|PROC_000008,1000,1200,863280,840000,23280,33,PRD_000016;PRD_000017;PRD_000018;PRD_000019;PRD_000020;PRD_000021;PRD_000022;PRD_000026;PRD_000041;PRD_000042
COMP_PRINT_SPOT_WHITE_S1,PRICE_TYPE.01,(전사이즈),SIZ_000499|POPT_000002|PROC_000008,1400,1600,1119300,1088000,31300,45,PRD_000016;PRD_000017;PRD_000018;PRD_000019;PRD_000020;PRD_000021;PRD_000022;PRD_000026;PRD_000041;PRD_000042
COMP_PRINT_SPOT_WHITE_S1,PRICE_TYPE.01,(전사이즈),SIZ_000499|POPT_000002|PROC_000008,1800,2000,1359320,1320000,39320,58,PRD_000016;PRD_000017;PRD_000018;PRD_000019;PRD_000020;PRD_000021;PRD_000022;PRD_000026;PRD_000041;PRD_000042
COMP_PRINT_SPOT_WHITE_S1,PRICE_TYPE.01,(전사이즈),SIZ_000499|POPT_000002|PROC_000008,2500,3000,1979340,1920000,59340,90,PRD_000016;PRD_000017;PRD_000018;PRD_000019;PRD_000020;PRD_000021;PRD_000022;PRD_000026;PRD_000041;PRD_000042
COMP_PRINT_SPOT_WHITE_S1,PRICE_TYPE.01,(전사이즈),SIZ_000499|POPT_000002|PROC_000008,3500,4000,2559360,2480000,79360,124,PRD_000016;PRD_000017;PRD_000018;PRD_000019;PRD_000020;PRD_000021;PRD_000022;PRD_000026;PRD_000041;PRD_000042
COMP_PRINT_SPOT_WHITE_S1,PRICE_TYPE.01,(전사이즈),SIZ_000499|POPT_000002|PROC_000008,4500,5000,3099380,3000000,99380,161,PRD_000016;PRD_000017;PRD_000018;PRD_000019;PRD_000020;PRD_000021;PRD_000022;PRD_000026;PRD_000041;PRD_000042
COMP_PRINT_SPOT_WHITE_S1,PRICE_TYPE.01,(전사이즈),SIZ_000499|POPT_000001|PROC_000012,25,30,40600,40500,100,1,PRD_000016;PRD_000017;PRD_000018;PRD_000019;PRD_000020;PRD_000021;PRD_000022;PRD_000026;PRD_000041;PRD_000042
COMP_PRINT_SPOT_WHITE_S1,PRICE_TYPE.01,(전사이즈),SIZ_000499|POPT_000001|PROC_000012,30,35,45900,45500,400,1,PRD_000016;PRD_000017;PRD_000018;PRD_000019;PRD_000020;PRD_000021;PRD_000022;PRD_000026;PRD_000041;PRD_000042
COMP_PRINT_SPOT_WHITE_S1,PRICE_TYPE.01,(전사이즈),SIZ_000499|POPT_000001|PROC_000012,35,40,50700,50000,700,1,PRD_000016;PRD_000017;PRD_000018;PRD_000019;PRD_000020;PRD_000021;PRD_000022;PRD_000026;PRD_000041;PRD_000042
COMP_PRINT_SPOT_WHITE_S1,PRICE_TYPE.01,(전사이즈),SIZ_000499|POPT_000001|PROC_000012,40,45,55000,54000,1000,1,PRD_000016;PRD_000017;PRD_000018;PRD_000019;PRD_000020;PRD_000021;PRD_000022;PRD_000026;PRD_000041;PRD_000042
COMP_PRINT_SPOT_WHITE_S1,PRICE_TYPE.01,(전사이즈),SIZ_000499|POPT_000001|PROC_000012,45,50,58800,57500,1300,2,PRD_000016;PRD_000017;PRD_000018;PRD_000019;PRD_000020;PRD_000021;PRD_000022;PRD_000026;PRD_000041;PRD_000042
COMP_PRINT_SPOT_WHITE_S1,PRICE_TYPE.01,(전사이즈),SIZ_000499|POPT_000001|PROC_000012,60,70,79350,77000,2350,3,PRD_000016;PRD_000017;PRD_000018;PRD_000019;PRD_000020;PRD_000021;PRD_000022;PRD_000026;PRD_000041;PRD_000042
COMP_PRINT_SPOT_WHITE_S1,PRICE_TYPE.01,(전사이즈),SIZ_000499|POPT_000001|PROC_000012,70,80,86900,84000,2900,3,PRD_000016;PRD_000017;PRD_000018;PRD_000019;PRD_000020;PRD_000021;PRD_000022;PRD_000026;PRD_000041;PRD_000042
COMP_PRINT_SPOT_WHITE_S1,PRICE_TYPE.01,(전사이즈),SIZ_000499|POPT_000001|PROC_000012,80,90,93450,90000,3450,4,PRD_000016;PRD_000017;PRD_000018;PRD_000019;PRD_000020;PRD_000021;PRD_000022;PRD_000026;PRD_000041;PRD_000042
COMP_PRINT_SPOT_WHITE_S1,PRICE_TYPE.01,(전사이즈),SIZ_000499|POPT_000001|PROC_000012,90,100,99000,95000,4000,4,PRD_000016;PRD_000017;PRD_000018;PRD_000019;PRD_000020;PRD_000021;PRD_000022;PRD_000026;PRD_000041;PRD_000042
COMP_PRINT_SPOT_WHITE_S1,PRICE_TYPE.01,(전사이즈),SIZ_000499|POPT_000001|PROC_000012,100,150,141550,135000,6550,7,PRD_000016;PRD_000017;PRD_000018;PRD_000019;PRD_000020;PRD_000021;PRD_000022;PRD_000026;PRD_000041;PRD_000042
COMP_PRINT_SPOT_WHITE_S1,PRICE_TYPE.01,(전사이즈),SIZ_000499|POPT_000001|PROC_000012,150,200,179100,170000,9100,11,PRD_000016;PRD_000017;PRD_000018;PRD_000019;PRD_000020;PRD_000021;PRD_000022;PRD_000026;PRD_000041;PRD_000042
COMP_PRINT_SPOT_WHITE_S1,PRICE_TYPE.01,(전사이즈),SIZ_000499|POPT_000001|PROC_000012,200,250,211650,202500,9150,11,PRD_000016;PRD_000017;PRD_000018;PRD_000019;PRD_000020;PRD_000021;PRD_000022;PRD_000026;PRD_000041;PRD_000042
COMP_PRINT_SPOT_WHITE_S1,PRICE_TYPE.01,(전사이즈),SIZ_000499|POPT_000001|PROC_000012,250,300,242190,231000,11190,14,PRD_000016;PRD_000017;PRD_000018;PRD_000019;PRD_000020;PRD_000021;PRD_000022;PRD_000026;PRD_000041;PRD_000042
COMP_PRINT_SPOT_WHITE_S1,PRICE_TYPE.01,(전사이즈),SIZ_000499|POPT_000001|PROC_000012,300,350,268730,255500,13230,18,PRD_000016;PRD_000017;PRD_000018;PRD_000019;PRD_000020;PRD_000021;PRD_000022;PRD_000026;PRD_000041;PRD_000042
COMP_PRINT_SPOT_WHITE_S1,PRICE_TYPE.01,(전사이즈),SIZ_000499|POPT_000001|PROC_000012,350,400,291270,276000,15270,21,PRD_000016;PRD_000017;PRD_000018;PRD_000019;PRD_000020;PRD_000021;PRD_000022;PRD_000026;PRD_000041;PRD_000042
COMP_PRINT_SPOT_WHITE_S1,PRICE_TYPE.01,(전사이즈),SIZ_000499|POPT_000001|PROC_000012,400,450,309810,292500,17310,26,PRD_000016;PRD_000017;PRD_000018;PRD_000019;PRD_000020;PRD_000021;PRD_000022;PRD_000026;PRD_000041;PRD_000042
COMP_PRINT_SPOT_WHITE_S1,PRICE_TYPE.01,(전사이즈),SIZ_000499|POPT_000001|PROC_000012,450,500,324350,305000,19350,30,PRD_000016;PRD_000017;PRD_000018;PRD_000019;PRD_000020;PRD_000021;PRD_000022;PRD_000026;PRD_000041;PRD_000042
COMP_PRINT_SPOT_WHITE_S1,PRICE_TYPE.01,(전사이즈),SIZ_000499|POPT_000001|PROC_000012,500,600,365390,354000,11390,19,PRD_000016;PRD_000017;PRD_000018;PRD_000019;PRD_000020;PRD_000021;PRD_000022;PRD_000026;PRD_000041;PRD_000042
COMP_PRINT_SPOT_WHITE_S1,PRICE_TYPE.01,(전사이즈),SIZ_000499|POPT_000001|PROC_000012,600,700,412410,399000,13410,23,PRD_000016;PRD_000017;PRD_000018;PRD_000019;PRD_000020;PRD_000021;PRD_000022;PRD_000026;PRD_000041;PRD_000042
COMP_PRINT_SPOT_WHITE_S1,PRICE_TYPE.01,(전사이즈),SIZ_000499|POPT_000001|PROC_000012,700,800,455430,440000,15430,28,PRD_000016;PRD_000017;PRD_000018;PRD_000019;PRD_000020;PRD_000021;PRD_000022;PRD_000026;PRD_000041;PRD_000042
COMP_PRINT_SPOT_WHITE_S1,PRICE_TYPE.01,(전사이즈),SIZ_000499|POPT_000001|PROC_000012,800,900,494450,477000,17450,32,PRD_000016;PRD_000017;PRD_000018;PRD_000019;PRD_000020;PRD_000021;PRD_000022;PRD_000026;PRD_000041;PRD_000042
COMP_PRINT_SPOT_WHITE_S1,PRICE_TYPE.01,(전사이즈),SIZ_000499|POPT_000001|PROC_000012,900,1000,529470,510000,19470,37,PRD_000016;PRD_000017;PRD_000018;PRD_000019;PRD_000020;PRD_000021;PRD_000022;PRD_000026;PRD_000041;PRD_000042
COMP_PRINT_SPOT_WHITE_S1,PRICE_TYPE.01,(전사이즈),SIZ_000499|POPT_000001|PROC_000012,1000,1200,611490,600000,11490,23,PRD_000016;PRD_000017;PRD_000018;PRD_000019;PRD_000020;PRD_000021;PRD_000022;PRD_000026;PRD_000041;PRD_000042
COMP_PRINT_SPOT_WHITE_S1,PRICE_TYPE.01,(전사이즈),SIZ_000499|POPT_000001|PROC_000012,1400,1600,799500,784000,15500,31,PRD_000016;PRD_000017;PRD_000018;PRD_000019;PRD_000020;PRD_000021;PRD_000022;PRD_000026;PRD_000041;PRD_000042
COMP_PRINT_SPOT_WHITE_S1,PRICE_TYPE.01,(전사이즈),SIZ_000499|POPT_000001|PROC_000012,1800,2000,979510,960000,19510,40,PRD_000016;PRD_000017;PRD_000018;PRD_000019;PRD_000020;PRD_000021;PRD_000022;PRD_000026;PRD_000041;PRD_000042
COMP_PRINT_SPOT_WHITE_S1,PRICE_TYPE.01,(전사이즈),SIZ_000499|POPT_000001|PROC_000012,2500,3000,1439520,1410000,29520,62,PRD_000016;PRD_000017;PRD_000018;PRD_000019;PRD_000020;PRD_000021;PRD_000022;PRD_000026;PRD_000041;PRD_000042
COMP_PRINT_SPOT_WHITE_S1,PRICE_TYPE.01,(전사이즈),SIZ_000499|POPT_000001|PROC_000012,3500,4000,1879530,1840000,39530,85,PRD_000016;PRD_000017;PRD_000018;PRD_000019;PRD_000020;PRD_000021;PRD_000022;PRD_000026;PRD_000041;PRD_000042
COMP_PRINT_SPOT_WHITE_S1,PRICE_TYPE.01,(전사이즈),SIZ_000499|POPT_000001|PROC_000012,4500,5000,2299540,2250000,49540,108,PRD_000016;PRD_000017;PRD_000018;PRD_000019;PRD_000020;PRD_000021;PRD_000022;PRD_000026;PRD_000041;PRD_000042
COMP_PRINT_SPOT_WHITE_S1,PRICE_TYPE.01,(전사이즈),SIZ_000499|POPT_000002|PROC_000012,25,30,81200,81000,200,1,PRD_000016;PRD_000017;PRD_000018;PRD_000019;PRD_000020;PRD_000021;PRD_000022;PRD_000026;PRD_000041;PRD_000042
COMP_PRINT_SPOT_WHITE_S1,PRICE_TYPE.01,(전사이즈),SIZ_000499|POPT_000002|PROC_000012,30,35,91800,91000,800,1,PRD_000016;PRD_000017;PRD_000018;PRD_000019;PRD_000020;PRD_000021;PRD_000022;PRD_000026;PRD_000041;PRD_000042
COMP_PRINT_SPOT_WHITE_S1,PRICE_TYPE.01,(전사이즈),SIZ_000499|POPT_000002|PROC_000012,35,40,101400,100000,1400,1,PRD_000016;PRD_000017;PRD_000018;PRD_000019;PRD_000020;PRD_000021;PRD_000022;PRD_000026;PRD_000041;PRD_000042
COMP_PRINT_SPOT_WHITE_S1,PRICE_TYPE.01,(전사이즈),SIZ_000499|POPT_000002|PROC_000012,40,45,110000,108000,2000,1,PRD_000016;PRD_000017;PRD_000018;PRD_000019;PRD_000020;PRD_000021;PRD_000022;PRD_000026;PRD_000041;PRD_000042
COMP_PRINT_SPOT_WHITE_S1,PRICE_TYPE.01,(전사이즈),SIZ_000499|POPT_000002|PROC_000012,45,50,117600,115000,2600,2,PRD_000016;PRD_000017;PRD_000018;PRD_000019;PRD_000020;PRD_000021;PRD_000022;PRD_000026;PRD_000041;PRD_000042
COMP_PRINT_SPOT_WHITE_S1,PRICE_TYPE.01,(전사이즈),SIZ_000499|POPT_000002|PROC_000012,60,70,158700,154000,4700,3,PRD_000016;PRD_000017;PRD_000018;PRD_000019;PRD_000020;PRD_000021;PRD_000022;PRD_000026;PRD_000041;PRD_000042
COMP_PRINT_SPOT_WHITE_S1,PRICE_TYPE.01,(전사이즈),SIZ_000499|POPT_000002|PROC_000012,70,80,173800,168000,5800,3,PRD_000016;PRD_000017;PRD_000018;PRD_000019;PRD_000020;PRD_000021;PRD_000022;PRD_000026;PRD_000041;PRD_000042
COMP_PRINT_SPOT_WHITE_S1,PRICE_TYPE.01,(전사이즈),SIZ_000499|POPT_000002|PROC_000012,80,90,186900,180000,6900,4,PRD_000016;PRD_000017;PRD_000018;PRD_000019;PRD_000020;PRD_000021;PRD_000022;PRD_000026;PRD_000041;PRD_000042
COMP_PRINT_SPOT_WHITE_S1,PRICE_TYPE.01,(전사이즈),SIZ_000499|POPT_000002|PROC_000012,90,100,198000,190000,8000,4,PRD_000016;PRD_000017;PRD_000018;PRD_000019;PRD_000020;PRD_000021;PRD_000022;PRD_000026;PRD_000041;PRD_000042
COMP_PRINT_SPOT_WHITE_S1,PRICE_TYPE.01,(전사이즈),SIZ_000499|POPT_000002|PROC_000012,100,150,283100,270000,13100,7,PRD_000016;PRD_000017;PRD_000018;PRD_000019;PRD_000020;PRD_000021;PRD_000022;PRD_000026;PRD_000041;PRD_000042
COMP_PRINT_SPOT_WHITE_S1,PRICE_TYPE.01,(전사이즈),SIZ_000499|POPT_000002|PROC_000012,150,200,358200,340000,18200,11,PRD_000016;PRD_000017;PRD_000018;PRD_000019;PRD_000020;PRD_000021;PRD_000022;PRD_000026;PRD_000041;PRD_000042
COMP_PRINT_SPOT_WHITE_S1,PRICE_TYPE.01,(전사이즈),SIZ_000499|POPT_000002|PROC_000012,200,250,423300,405000,18300,11,PRD_000016;PRD_000017;PRD_000018;PRD_000019;PRD_000020;PRD_000021;PRD_000022;PRD_000026;PRD_000041;PRD_000042
COMP_PRINT_SPOT_WHITE_S1,PRICE_TYPE.01,(전사이즈),SIZ_000499|POPT_000002|PROC_000012,250,300,484380,462000,22380,14,PRD_000016;PRD_000017;PRD_000018;PRD_000019;PRD_000020;PRD_000021;PRD_000022;PRD_000026;PRD_000041;PRD_000042
COMP_PRINT_SPOT_WHITE_S1,PRICE_TYPE.01,(전사이즈),SIZ_000499|POPT_000002|PROC_000012,300,350,537460,511000,26460,18,PRD_000016;PRD_000017;PRD_000018;PRD_000019;PRD_000020;PRD_000021;PRD_000022;PRD_000026;PRD_000041;PRD_000042
COMP_PRINT_SPOT_WHITE_S1,PRICE_TYPE.01,(전사이즈),SIZ_000499|POPT_000002|PROC_000012,350,400,582540,552000,30540,21,PRD_000016;PRD_000017;PRD_000018;PRD_000019;PRD_000020;PRD_000021;PRD_000022;PRD_000026;PRD_000041;PRD_000042
COMP_PRINT_SPOT_WHITE_S1,PRICE_TYPE.01,(전사이즈),SIZ_000499|POPT_000002|PROC_000012,400,450,619620,585000,34620,26,PRD_000016;PRD_000017;PRD_000018;PRD_000019;PRD_000020;PRD_000021;PRD_000022;PRD_000026;PRD_000041;PRD_000042
COMP_PRINT_SPOT_WHITE_S1,PRICE_TYPE.01,(전사이즈),SIZ_000499|POPT_000002|PROC_000012,450,500,648700,610000,38700,30,PRD_000016;PRD_000017;PRD_000018;PRD_000019;PRD_000020;PRD_000021;PRD_000022;PRD_000026;PRD_000041;PRD_000042
COMP_PRINT_SPOT_WHITE_S1,PRICE_TYPE.01,(전사이즈),SIZ_000499|POPT_000002|PROC_000012,500,600,730780,708000,22780,19,PRD_000016;PRD_000017;PRD_000018;PRD_000019;PRD_000020;PRD_000021;PRD_000022;PRD_000026;PRD_000041;PRD_000042
COMP_PRINT_SPOT_WHITE_S1,PRICE_TYPE.01,(전사이즈),SIZ_000499|POPT_000002|PROC_000012,600,700,824820,798000,26820,23,PRD_000016;PRD_000017;PRD_000018;PRD_000019;PRD_000020;PRD_000021;PRD_000022;PRD_000026;PRD_000041;PRD_000042
COMP_PRINT_SPOT_WHITE_S1,PRICE_TYPE.01,(전사이즈),SIZ_000499|POPT_000002|PROC_000012,700,800,910860,880000,30860,28,PRD_000016;PRD_000017;PRD_000018;PRD_000019;PRD_000020;PRD_000021;PRD_000022;PRD_000026;PRD_000041;PRD_000042
COMP_PRINT_SPOT_WHITE_S1,PRICE_TYPE.01,(전사이즈),SIZ_000499|POPT_000002|PROC_000012,800,900,988900,954000,34900,32,PRD_000016;PRD_000017;PRD_000018;PRD_000019;PRD_000020;PRD_000021;PRD_000022;PRD_000026;PRD_000041;PRD_000042
COMP_PRINT_SPOT_WHITE_S1,PRICE_TYPE.01,(전사이즈),SIZ_000499|POPT_000002|PROC_000012,900,1000,1058940,1020000,38940,37,PRD_000016;PRD_000017;PRD_000018;PRD_000019;PRD_000020;PRD_000021;PRD_000022;PRD_000026;PRD_000041;PRD_000042
COMP_PRINT_SPOT_WHITE_S1,PRICE_TYPE.01,(전사이즈),SIZ_000499|POPT_000002|PROC_000012,1000,1200,1222980,1200000,22980,23,PRD_000016;PRD_000017;PRD_000018;PRD_000019;PRD_000020;PRD_000021;PRD_000022;PRD_000026;PRD_000041;PRD_000042
COMP_PRINT_SPOT_WHITE_S1,PRICE_TYPE.01,(전사이즈),SIZ_000499|POPT_000002|PROC_000012,1400,1600,1599000,1568000,31000,31,PRD_000016;PRD_000017;PRD_000018;PRD_000019;PRD_000020;PRD_000021;PRD_000022;PRD_000026;PRD_000041;PRD_000042
COMP_PRINT_SPOT_WHITE_S1,PRICE_TYPE.01,(전사이즈),SIZ_000499|POPT_000002|PROC_000012,1800,2000,1959020,1920000,39020,40,PRD_000016;PRD_000017;PRD_000018;PRD_000019;PRD_000020;PRD_000021;PRD_000022;PRD_000026;PRD_000041;PRD_000042
COMP_PRINT_SPOT_WHITE_S1,PRICE_TYPE.01,(전사이즈),SIZ_000499|POPT_000002|PROC_000012,2500,3000,2879040,2820000,59040,62,PRD_000016;PRD_000017;PRD_000018;PRD_000019;PRD_000020;PRD_000021;PRD_000022;PRD_000026;PRD_000041;PRD_000042
COMP_PRINT_SPOT_WHITE_S1,PRICE_TYPE.01,(전사이즈),SIZ_000499|POPT_000002|PROC_000012,3500,4000,3759060,3680000,79060,85,PRD_000016;PRD_000017;PRD_000018;PRD_000019;PRD_000020;PRD_000021;PRD_000022;PRD_000026;PRD_000041;PRD_000042
COMP_PRINT_SPOT_WHITE_S1,PRICE_TYPE.01,(전사이즈),SIZ_000499|POPT_000002|PROC_000012,4500,5000,4599080,4500000,99080,108,PRD_000016;PRD_000017;PRD_000018;PRD_000019;PRD_000020;PRD_000021;PRD_000022;PRD_000026;PRD_000041;PRD_000042
COMP_PRINT_SPOT_WHITE_S1,PRICE_TYPE.01,(전사이즈),SIZ_000499|POPT_000001|PROC_000010,25,30,40600,40500,100,1,PRD_000016;PRD_000017;PRD_000018;PRD_000019;PRD_000020;PRD_000021;PRD_000022;PRD_000026;PRD_000041;PRD_000042
COMP_PRINT_SPOT_WHITE_S1,PRICE_TYPE.01,(전사이즈),SIZ_000499|POPT_000001|PROC_000010,30,35,45900,45500,400,1,PRD_000016;PRD_000017;PRD_000018;PRD_000019;PRD_000020;PRD_000021;PRD_000022;PRD_000026;PRD_000041;PRD_000042
COMP_PRINT_SPOT_WHITE_S1,PRICE_TYPE.01,(전사이즈),SIZ_000499|POPT_000001|PROC_000010,35,40,50700,50000,700,1,PRD_000016;PRD_000017;PRD_000018;PRD_000019;PRD_000020;PRD_000021;PRD_000022;PRD_000026;PRD_000041;PRD_000042
COMP_PRINT_SPOT_WHITE_S1,PRICE_TYPE.01,(전사이즈),SIZ_000499|POPT_000001|PROC_000010,40,45,55000,54000,1000,1,PRD_000016;PRD_000017;PRD_000018;PRD_000019;PRD_000020;PRD_000021;PRD_000022;PRD_000026;PRD_000041;PRD_000042
COMP_PRINT_SPOT_WHITE_S1,PRICE_TYPE.01,(전사이즈),SIZ_000499|POPT_000001|PROC_000010,45,50,58800,57500,1300,2,PRD_000016;PRD_000017;PRD_000018;PRD_000019;PRD_000020;PRD_000021;PRD_000022;PRD_000026;PRD_000041;PRD_000042
COMP_PRINT_SPOT_WHITE_S1,PRICE_TYPE.01,(전사이즈),SIZ_000499|POPT_000001|PROC_000010,60,70,79350,77000,2350,3,PRD_000016;PRD_000017;PRD_000018;PRD_000019;PRD_000020;PRD_000021;PRD_000022;PRD_000026;PRD_000041;PRD_000042
COMP_PRINT_SPOT_WHITE_S1,PRICE_TYPE.01,(전사이즈),SIZ_000499|POPT_000001|PROC_000010,70,80,86900,84000,2900,3,PRD_000016;PRD_000017;PRD_000018;PRD_000019;PRD_000020;PRD_000021;PRD_000022;PRD_000026;PRD_000041;PRD_000042
COMP_PRINT_SPOT_WHITE_S1,PRICE_TYPE.01,(전사이즈),SIZ_000499|POPT_000001|PROC_000010,80,90,93450,90000,3450,4,PRD_000016;PRD_000017;PRD_000018;PRD_000019;PRD_000020;PRD_000021;PRD_000022;PRD_000026;PRD_000041;PRD_000042
COMP_PRINT_SPOT_WHITE_S1,PRICE_TYPE.01,(전사이즈),SIZ_000499|POPT_000001|PROC_000010,90,100,99000,95000,4000,4,PRD_000016;PRD_000017;PRD_000018;PRD_000019;PRD_000020;PRD_000021;PRD_000022;PRD_000026;PRD_000041;PRD_000042
COMP_PRINT_SPOT_WHITE_S1,PRICE_TYPE.01,(전사이즈),SIZ_000499|POPT_000001|PROC_000010,100,150,141550,135000,6550,7,PRD_000016;PRD_000017;PRD_000018;PRD_000019;PRD_000020;PRD_000021;PRD_000022;PRD_000026;PRD_000041;PRD_000042
COMP_PRINT_SPOT_WHITE_S1,PRICE_TYPE.01,(전사이즈),SIZ_000499|POPT_000001|PROC_000010,150,200,179100,170000,9100,11,PRD_000016;PRD_000017;PRD_000018;PRD_000019;PRD_000020;PRD_000021;PRD_000022;PRD_000026;PRD_000041;PRD_000042
COMP_PRINT_SPOT_WHITE_S1,PRICE_TYPE.01,(전사이즈),SIZ_000499|POPT_000001|PROC_000010,200,250,211650,202500,9150,11,PRD_000016;PRD_000017;PRD_000018;PRD_000019;PRD_000020;PRD_000021;PRD_000022;PRD_000026;PRD_000041;PRD_000042
COMP_PRINT_SPOT_WHITE_S1,PRICE_TYPE.01,(전사이즈),SIZ_000499|POPT_000001|PROC_000010,250,300,242190,231000,11190,14,PRD_000016;PRD_000017;PRD_000018;PRD_000019;PRD_000020;PRD_000021;PRD_000022;PRD_000026;PRD_000041;PRD_000042
COMP_PRINT_SPOT_WHITE_S1,PRICE_TYPE.01,(전사이즈),SIZ_000499|POPT_000001|PROC_000010,300,350,268730,255500,13230,18,PRD_000016;PRD_000017;PRD_000018;PRD_000019;PRD_000020;PRD_000021;PRD_000022;PRD_000026;PRD_000041;PRD_000042
COMP_PRINT_SPOT_WHITE_S1,PRICE_TYPE.01,(전사이즈),SIZ_000499|POPT_000001|PROC_000010,350,400,291270,276000,15270,21,PRD_000016;PRD_000017;PRD_000018;PRD_000019;PRD_000020;PRD_000021;PRD_000022;PRD_000026;PRD_000041;PRD_000042
COMP_PRINT_SPOT_WHITE_S1,PRICE_TYPE.01,(전사이즈),SIZ_000499|POPT_000001|PROC_000010,400,450,309810,292500,17310,26,PRD_000016;PRD_000017;PRD_000018;PRD_000019;PRD_000020;PRD_000021;PRD_000022;PRD_000026;PRD_000041;PRD_000042
COMP_PRINT_SPOT_WHITE_S1,PRICE_TYPE.01,(전사이즈),SIZ_000499|POPT_000001|PROC_000010,450,500,324350,305000,19350,30,PRD_000016;PRD_000017;PRD_000018;PRD_000019;PRD_000020;PRD_000021;PRD_000022;PRD_000026;PRD_000041;PRD_000042
COMP_PRINT_SPOT_WHITE_S1,PRICE_TYPE.01,(전사이즈),SIZ_000499|POPT_000001|PROC_000010,500,600,365390,354000,11390,19,PRD_000016;PRD_000017;PRD_000018;PRD_000019;PRD_000020;PRD_000021;PRD_000022;PRD_000026;PRD_000041;PRD_000042
COMP_PRINT_SPOT_WHITE_S1,PRICE_TYPE.01,(전사이즈),SIZ_000499|POPT_000001|PROC_000010,600,700,412410,399000,13410,23,PRD_000016;PRD_000017;PRD_000018;PRD_000019;PRD_000020;PRD_000021;PRD_000022;PRD_000026;PRD_000041;PRD_000042
COMP_PRINT_SPOT_WHITE_S1,PRICE_TYPE.01,(전사이즈),SIZ_000499|POPT_000001|PROC_000010,700,800,455430,440000,15430,28,PRD_000016;PRD_000017;PRD_000018;PRD_000019;PRD_000020;PRD_000021;PRD_000022;PRD_000026;PRD_000041;PRD_000042
COMP_PRINT_SPOT_WHITE_S1,PRICE_TYPE.01,(전사이즈),SIZ_000499|POPT_000001|PROC_000010,800,900,494450,477000,17450,32,PRD_000016;PRD_000017;PRD_000018;PRD_000019;PRD_000020;PRD_000021;PRD_000022;PRD_000026;PRD_000041;PRD_000042
COMP_PRINT_SPOT_WHITE_S1,PRICE_TYPE.01,(전사이즈),SIZ_000499|POPT_000001|PROC_000010,900,1000,529470,510000,19470,37,PRD_000016;PRD_000017;PRD_000018;PRD_000019;PRD_000020;PRD_000021;PRD_000022;PRD_000026;PRD_000041;PRD_000042
COMP_PRINT_SPOT_WHITE_S1,PRICE_TYPE.01,(전사이즈),SIZ_000499|POPT_000001|PROC_000010,1000,1200,611490,600000,11490,23,PRD_000016;PRD_000017;PRD_000018;PRD_000019;PRD_000020;PRD_000021;PRD_000022;PRD_000026;PRD_000041;PRD_000042
COMP_PRINT_SPOT_WHITE_S1,PRICE_TYPE.01,(전사이즈),SIZ_000499|POPT_000001|PROC_000010,1400,1600,799500,784000,15500,31,PRD_000016;PRD_000017;PRD_000018;PRD_000019;PRD_000020;PRD_000021;PRD_000022;PRD_000026;PRD_000041;PRD_000042
COMP_PRINT_SPOT_WHITE_S1,PRICE_TYPE.01,(전사이즈),SIZ_000499|POPT_000001|PROC_000010,1800,2000,979510,960000,19510,40,PRD_000016;PRD_000017;PRD_000018;PRD_000019;PRD_000020;PRD_000021;PRD_000022;PRD_000026;PRD_000041;PRD_000042
COMP_PRINT_SPOT_WHITE_S1,PRICE_TYPE.01,(전사이즈),SIZ_000499|POPT_000001|PROC_000010,2500,3000,1439520,1410000,29520,62,PRD_000016;PRD_000017;PRD_000018;PRD_000019;PRD_000020;PRD_000021;PRD_000022;PRD_000026;PRD_000041;PRD_000042
COMP_PRINT_SPOT_WHITE_S1,PRICE_TYPE.01,(전사이즈),SIZ_000499|POPT_000001|PROC_000010,3500,4000,1879530,1840000,39530,85,PRD_000016;PRD_000017;PRD_000018;PRD_000019;PRD_000020;PRD_000021;PRD_000022;PRD_000026;PRD_000041;PRD_000042
COMP_PRINT_SPOT_WHITE_S1,PRICE_TYPE.01,(전사이즈),SIZ_000499|POPT_000001|PROC_000010,4500,5000,2299540,2250000,49540,108,PRD_000016;PRD_000017;PRD_000018;PRD_000019;PRD_000020;PRD_000021;PRD_000022;PRD_000026;PRD_000041;PRD_000042
COMP_PRINT_SPOT_WHITE_S1,PRICE_TYPE.01,(전사이즈),SIZ_000499|POPT_000002|PROC_000010,25,30,81200,81000,200,1,PRD_000016;PRD_000017;PRD_000018;PRD_000019;PRD_000020;PRD_000021;PRD_000022;PRD_000026;PRD_000041;PRD_000042
COMP_PRINT_SPOT_WHITE_S1,PRICE_TYPE.01,(전사이즈),SIZ_000499|POPT_000002|PROC_000010,30,35,91800,91000,800,1,PRD_000016;PRD_000017;PRD_000018;PRD_000019;PRD_000020;PRD_000021;PRD_000022;PRD_000026;PRD_000041;PRD_000042
COMP_PRINT_SPOT_WHITE_S1,PRICE_TYPE.01,(전사이즈),SIZ_000499|POPT_000002|PROC_000010,35,40,101400,100000,1400,1,PRD_000016;PRD_000017;PRD_000018;PRD_000019;PRD_000020;PRD_000021;PRD_000022;PRD_000026;PRD_000041;PRD_000042
COMP_PRINT_SPOT_WHITE_S1,PRICE_TYPE.01,(전사이즈),SIZ_000499|POPT_000002|PROC_000010,40,45,110000,108000,2000,1,PRD_000016;PRD_000017;PRD_000018;PRD_000019;PRD_000020;PRD_000021;PRD_000022;PRD_000026;PRD_000041;PRD_000042
COMP_PRINT_SPOT_WHITE_S1,PRICE_TYPE.01,(전사이즈),SIZ_000499|POPT_000002|PROC_000010,45,50,117600,115000,2600,2,PRD_000016;PRD_000017;PRD_000018;PRD_000019;PRD_000020;PRD_000021;PRD_000022;PRD_000026;PRD_000041;PRD_000042
COMP_PRINT_SPOT_WHITE_S1,PRICE_TYPE.01,(전사이즈),SIZ_000499|POPT_000002|PROC_000010,60,70,158700,154000,4700,3,PRD_000016;PRD_000017;PRD_000018;PRD_000019;PRD_000020;PRD_000021;PRD_000022;PRD_000026;PRD_000041;PRD_000042
COMP_PRINT_SPOT_WHITE_S1,PRICE_TYPE.01,(전사이즈),SIZ_000499|POPT_000002|PROC_000010,70,80,173800,168000,5800,3,PRD_000016;PRD_000017;PRD_000018;PRD_000019;PRD_000020;PRD_000021;PRD_000022;PRD_000026;PRD_000041;PRD_000042
COMP_PRINT_SPOT_WHITE_S1,PRICE_TYPE.01,(전사이즈),SIZ_000499|POPT_000002|PROC_000010,80,90,186900,180000,6900,4,PRD_000016;PRD_000017;PRD_000018;PRD_000019;PRD_000020;PRD_000021;PRD_000022;PRD_000026;PRD_000041;PRD_000042
COMP_PRINT_SPOT_WHITE_S1,PRICE_TYPE.01,(전사이즈),SIZ_000499|POPT_000002|PROC_000010,90,100,198000,190000,8000,4,PRD_000016;PRD_000017;PRD_000018;PRD_000019;PRD_000020;PRD_000021;PRD_000022;PRD_000026;PRD_000041;PRD_000042
COMP_PRINT_SPOT_WHITE_S1,PRICE_TYPE.01,(전사이즈),SIZ_000499|POPT_000002|PROC_000010,100,150,283100,270000,13100,7,PRD_000016;PRD_000017;PRD_000018;PRD_000019;PRD_000020;PRD_000021;PRD_000022;PRD_000026;PRD_000041;PRD_000042
COMP_PRINT_SPOT_WHITE_S1,PRICE_TYPE.01,(전사이즈),SIZ_000499|POPT_000002|PROC_000010,150,200,358200,340000,18200,11,PRD_000016;PRD_000017;PRD_000018;PRD_000019;PRD_000020;PRD_000021;PRD_000022;PRD_000026;PRD_000041;PRD_000042
COMP_PRINT_SPOT_WHITE_S1,PRICE_TYPE.01,(전사이즈),SIZ_000499|POPT_000002|PROC_000010,200,250,423300,405000,18300,11,PRD_000016;PRD_000017;PRD_000018;PRD_000019;PRD_000020;PRD_000021;PRD_000022;PRD_000026;PRD_000041;PRD_000042
COMP_PRINT_SPOT_WHITE_S1,PRICE_TYPE.01,(전사이즈),SIZ_000499|POPT_000002|PROC_000010,250,300,484380,462000,22380,14,PRD_000016;PRD_000017;PRD_000018;PRD_000019;PRD_000020;PRD_000021;PRD_000022;PRD_000026;PRD_000041;PRD_000042
COMP_PRINT_SPOT_WHITE_S1,PRICE_TYPE.01,(전사이즈),SIZ_000499|POPT_000002|PROC_000010,300,350,537460,511000,26460,18,PRD_000016;PRD_000017;PRD_000018;PRD_000019;PRD_000020;PRD_000021;PRD_000022;PRD_000026;PRD_000041;PRD_000042
COMP_PRINT_SPOT_WHITE_S1,PRICE_TYPE.01,(전사이즈),SIZ_000499|POPT_000002|PROC_000010,350,400,582540,552000,30540,21,PRD_000016;PRD_000017;PRD_000018;PRD_000019;PRD_000020;PRD_000021;PRD_000022;PRD_000026;PRD_000041;PRD_000042
COMP_PRINT_SPOT_WHITE_S1,PRICE_TYPE.01,(전사이즈),SIZ_000499|POPT_000002|PROC_000010,400,450,619620,585000,34620,26,PRD_000016;PRD_000017;PRD_000018;PRD_000019;PRD_000020;PRD_000021;PRD_000022;PRD_000026;PRD_000041;PRD_000042
COMP_PRINT_SPOT_WHITE_S1,PRICE_TYPE.01,(전사이즈),SIZ_000499|POPT_000002|PROC_000010,450,500,648700,610000,38700,30,PRD_000016;PRD_000017;PRD_000018;PRD_000019;PRD_000020;PRD_000021;PRD_000022;PRD_000026;PRD_000041;PRD_000042
COMP_PRINT_SPOT_WHITE_S1,PRICE_TYPE.01,(전사이즈),SIZ_000499|POPT_000002|PROC_000010,500,600,730780,708000,22780,19,PRD_000016;PRD_000017;PRD_000018;PRD_000019;PRD_000020;PRD_000021;PRD_000022;PRD_000026;PRD_000041;PRD_000042
COMP_PRINT_SPOT_WHITE_S1,PRICE_TYPE.01,(전사이즈),SIZ_000499|POPT_000002|PROC_000010,600,700,824820,798000,26820,23,PRD_000016;PRD_000017;PRD_000018;PRD_000019;PRD_000020;PRD_000021;PRD_000022;PRD_000026;PRD_000041;PRD_000042
COMP_PRINT_SPOT_WHITE_S1,PRICE_TYPE.01,(전사이즈),SIZ_000499|POPT_000002|PROC_000010,700,800,910860,880000,30860,28,PRD_000016;PRD_000017;PRD_000018;PRD_000019;PRD_000020;PRD_000021;PRD_000022;PRD_000026;PRD_000041;PRD_000042
COMP_PRINT_SPOT_WHITE_S1,PRICE_TYPE.01,(전사이즈),SIZ_000499|POPT_000002|PROC_000010,800,900,988900,954000,34900,32,PRD_000016;PRD_000017;PRD_000018;PRD_000019;PRD_000020;PRD_000021;PRD_000022;PRD_000026;PRD_000041;PRD_000042
COMP_PRINT_SPOT_WHITE_S1,PRICE_TYPE.01,(전사이즈),SIZ_000499|POPT_000002|PROC_000010,900,1000,1058940,1020000,38940,37,PRD_000016;PRD_000017;PRD_000018;PRD_000019;PRD_000020;PRD_000021;PRD_000022;PRD_000026;PRD_000041;PRD_000042
COMP_PRINT_SPOT_WHITE_S1,PRICE_TYPE.01,(전사이즈),SIZ_000499|POPT_000002|PROC_000010,1000,1200,1222980,1200000,22980,23,PRD_000016;PRD_000017;PRD_000018;PRD_000019;PRD_000020;PRD_000021;PRD_000022;PRD_000026;PRD_000041;PRD_000042
COMP_PRINT_SPOT_WHITE_S1,PRICE_TYPE.01,(전사이즈),SIZ_000499|POPT_000002|PROC_000010,1400,1600,1599000,1568000,31000,31,PRD_000016;PRD_000017;PRD_000018;PRD_000019;PRD_000020;PRD_000021;PRD_000022;PRD_000026;PRD_000041;PRD_000042
COMP_PRINT_SPOT_WHITE_S1,PRICE_TYPE.01,(전사이즈),SIZ_000499|POPT_000002|PROC_000010,1800,2000,1959020,1920000,39020,40,PRD_000016;PRD_000017;PRD_000018;PRD_000019;PRD_000020;PRD_000021;PRD_000022;PRD_000026;PRD_000041;PRD_000042
COMP_PRINT_SPOT_WHITE_S1,PRICE_TYPE.01,(전사이즈),SIZ_000499|POPT_000002|PROC_000010,2500,3000,2879040,2820000,59040,62,PRD_000016;PRD_000017;PRD_000018;PRD_000019;PRD_000020;PRD_000021;PRD_000022;PRD_000026;PRD_000041;PRD_000042
COMP_PRINT_SPOT_WHITE_S1,PRICE_TYPE.01,(전사이즈),SIZ_000499|POPT_000002|PROC_000010,3500,4000,3759060,3680000,79060,85,PRD_000016;PRD_000017;PRD_000018;PRD_000019;PRD_000020;PRD_000021;PRD_000022;PRD_000026;PRD_000041;PRD_000042
COMP_PRINT_SPOT_WHITE_S1,PRICE_TYPE.01,(전사이즈),SIZ_000499|POPT_000002|PROC_000010,4500,5000,4599080,4500000,99080,108,PRD_000016;PRD_000017;PRD_000018;PRD_000019;PRD_000020;PRD_000021;PRD_000022;PRD_000026;PRD_000041;PRD_000042
COMP_PRINT_SPOT_WHITE_S1,PRICE_TYPE.01,(전사이즈),SIZ_000499|POPT_000001|PROC_000011,25,30,40600,40500,100,1,PRD_000016;PRD_000017;PRD_000018;PRD_000019;PRD_000020;PRD_000021;PRD_000022;PRD_000026;PRD_000041;PRD_000042
COMP_PRINT_SPOT_WHITE_S1,PRICE_TYPE.01,(전사이즈),SIZ_000499|POPT_000001|PROC_000011,30,35,45900,45500,400,1,PRD_000016;PRD_000017;PRD_000018;PRD_000019;PRD_000020;PRD_000021;PRD_000022;PRD_000026;PRD_000041;PRD_000042
COMP_PRINT_SPOT_WHITE_S1,PRICE_TYPE.01,(전사이즈),SIZ_000499|POPT_000001|PROC_000011,35,40,50700,50000,700,1,PRD_000016;PRD_000017;PRD_000018;PRD_000019;PRD_000020;PRD_000021;PRD_000022;PRD_000026;PRD_000041;PRD_000042
COMP_PRINT_SPOT_WHITE_S1,PRICE_TYPE.01,(전사이즈),SIZ_000499|POPT_000001|PROC_000011,40,45,55000,54000,1000,1,PRD_000016;PRD_000017;PRD_000018;PRD_000019;PRD_000020;PRD_000021;PRD_000022;PRD_000026;PRD_000041;PRD_000042
COMP_PRINT_SPOT_WHITE_S1,PRICE_TYPE.01,(전사이즈),SIZ_000499|POPT_000001|PROC_000011,45,50,58800,57500,1300,2,PRD_000016;PRD_000017;PRD_000018;PRD_000019;PRD_000020;PRD_000021;PRD_000022;PRD_000026;PRD_000041;PRD_000042
COMP_PRINT_SPOT_WHITE_S1,PRICE_TYPE.01,(전사이즈),SIZ_000499|POPT_000001|PROC_000011,60,70,79350,77000,2350,3,PRD_000016;PRD_000017;PRD_000018;PRD_000019;PRD_000020;PRD_000021;PRD_000022;PRD_000026;PRD_000041;PRD_000042
COMP_PRINT_SPOT_WHITE_S1,PRICE_TYPE.01,(전사이즈),SIZ_000499|POPT_000001|PROC_000011,70,80,86900,84000,2900,3,PRD_000016;PRD_000017;PRD_000018;PRD_000019;PRD_000020;PRD_000021;PRD_000022;PRD_000026;PRD_000041;PRD_000042
COMP_PRINT_SPOT_WHITE_S1,PRICE_TYPE.01,(전사이즈),SIZ_000499|POPT_000001|PROC_000011,80,90,93450,90000,3450,4,PRD_000016;PRD_000017;PRD_000018;PRD_000019;PRD_000020;PRD_000021;PRD_000022;PRD_000026;PRD_000041;PRD_000042
COMP_PRINT_SPOT_WHITE_S1,PRICE_TYPE.01,(전사이즈),SIZ_000499|POPT_000001|PROC_000011,90,100,99000,95000,4000,4,PRD_000016;PRD_000017;PRD_000018;PRD_000019;PRD_000020;PRD_000021;PRD_000022;PRD_000026;PRD_000041;PRD_000042
COMP_PRINT_SPOT_WHITE_S1,PRICE_TYPE.01,(전사이즈),SIZ_000499|POPT_000001|PROC_000011,100,150,141550,135000,6550,7,PRD_000016;PRD_000017;PRD_000018;PRD_000019;PRD_000020;PRD_000021;PRD_000022;PRD_000026;PRD_000041;PRD_000042
COMP_PRINT_SPOT_WHITE_S1,PRICE_TYPE.01,(전사이즈),SIZ_000499|POPT_000001|PROC_000011,150,200,179100,170000,9100,11,PRD_000016;PRD_000017;PRD_000018;PRD_000019;PRD_000020;PRD_000021;PRD_000022;PRD_000026;PRD_000041;PRD_000042
COMP_PRINT_SPOT_WHITE_S1,PRICE_TYPE.01,(전사이즈),SIZ_000499|POPT_000001|PROC_000011,200,250,211650,202500,9150,11,PRD_000016;PRD_000017;PRD_000018;PRD_000019;PRD_000020;PRD_000021;PRD_000022;PRD_000026;PRD_000041;PRD_000042
COMP_PRINT_SPOT_WHITE_S1,PRICE_TYPE.01,(전사이즈),SIZ_000499|POPT_000001|PROC_000011,250,300,242190,231000,11190,14,PRD_000016;PRD_000017;PRD_000018;PRD_000019;PRD_000020;PRD_000021;PRD_000022;PRD_000026;PRD_000041;PRD_000042
COMP_PRINT_SPOT_WHITE_S1,PRICE_TYPE.01,(전사이즈),SIZ_000499|POPT_000001|PROC_000011,300,350,268730,255500,13230,18,PRD_000016;PRD_000017;PRD_000018;PRD_000019;PRD_000020;PRD_000021;PRD_000022;PRD_000026;PRD_000041;PRD_000042
COMP_PRINT_SPOT_WHITE_S1,PRICE_TYPE.01,(전사이즈),SIZ_000499|POPT_000001|PROC_000011,350,400,291270,276000,15270,21,PRD_000016;PRD_000017;PRD_000018;PRD_000019;PRD_000020;PRD_000021;PRD_000022;PRD_000026;PRD_000041;PRD_000042
COMP_PRINT_SPOT_WHITE_S1,PRICE_TYPE.01,(전사이즈),SIZ_000499|POPT_000001|PROC_000011,400,450,309810,292500,17310,26,PRD_000016;PRD_000017;PRD_000018;PRD_000019;PRD_000020;PRD_000021;PRD_000022;PRD_000026;PRD_000041;PRD_000042
COMP_PRINT_SPOT_WHITE_S1,PRICE_TYPE.01,(전사이즈),SIZ_000499|POPT_000001|PROC_000011,450,500,324350,305000,19350,30,PRD_000016;PRD_000017;PRD_000018;PRD_000019;PRD_000020;PRD_000021;PRD_000022;PRD_000026;PRD_000041;PRD_000042
COMP_PRINT_SPOT_WHITE_S1,PRICE_TYPE.01,(전사이즈),SIZ_000499|POPT_000001|PROC_000011,500,600,365390,354000,11390,19,PRD_000016;PRD_000017;PRD_000018;PRD_000019;PRD_000020;PRD_000021;PRD_000022;PRD_000026;PRD_000041;PRD_000042
COMP_PRINT_SPOT_WHITE_S1,PRICE_TYPE.01,(전사이즈),SIZ_000499|POPT_000001|PROC_000011,600,700,412410,399000,13410,23,PRD_000016;PRD_000017;PRD_000018;PRD_000019;PRD_000020;PRD_000021;PRD_000022;PRD_000026;PRD_000041;PRD_000042
COMP_PRINT_SPOT_WHITE_S1,PRICE_TYPE.01,(전사이즈),SIZ_000499|POPT_000001|PROC_000011,700,800,455430,440000,15430,28,PRD_000016;PRD_000017;PRD_000018;PRD_000019;PRD_000020;PRD_000021;PRD_000022;PRD_000026;PRD_000041;PRD_000042
COMP_PRINT_SPOT_WHITE_S1,PRICE_TYPE.01,(전사이즈),SIZ_000499|POPT_000001|PROC_000011,800,900,494450,477000,17450,32,PRD_000016;PRD_000017;PRD_000018;PRD_000019;PRD_000020;PRD_000021;PRD_000022;PRD_000026;PRD_000041;PRD_000042
COMP_PRINT_SPOT_WHITE_S1,PRICE_TYPE.01,(전사이즈),SIZ_000499|POPT_000001|PROC_000011,900,1000,529470,510000,19470,37,PRD_000016;PRD_000017;PRD_000018;PRD_000019;PRD_000020;PRD_000021;PRD_000022;PRD_000026;PRD_000041;PRD_000042
COMP_PRINT_SPOT_WHITE_S1,PRICE_TYPE.01,(전사이즈),SIZ_000499|POPT_000001|PROC_000011,1000,1200,611490,600000,11490,23,PRD_000016;PRD_000017;PRD_000018;PRD_000019;PRD_000020;PRD_000021;PRD_000022;PRD_000026;PRD_000041;PRD_000042
COMP_PRINT_SPOT_WHITE_S1,PRICE_TYPE.01,(전사이즈),SIZ_000499|POPT_000001|PROC_000011,1400,1600,799500,784000,15500,31,PRD_000016;PRD_000017;PRD_000018;PRD_000019;PRD_000020;PRD_000021;PRD_000022;PRD_000026;PRD_000041;PRD_000042
COMP_PRINT_SPOT_WHITE_S1,PRICE_TYPE.01,(전사이즈),SIZ_000499|POPT_000001|PROC_000011,1800,2000,979510,960000,19510,40,PRD_000016;PRD_000017;PRD_000018;PRD_000019;PRD_000020;PRD_000021;PRD_000022;PRD_000026;PRD_000041;PRD_000042
COMP_PRINT_SPOT_WHITE_S1,PRICE_TYPE.01,(전사이즈),SIZ_000499|POPT_000001|PROC_000011,2500,3000,1439520,1410000,29520,62,PRD_000016;PRD_000017;PRD_000018;PRD_000019;PRD_000020;PRD_000021;PRD_000022;PRD_000026;PRD_000041;PRD_000042
COMP_PRINT_SPOT_WHITE_S1,PRICE_TYPE.01,(전사이즈),SIZ_000499|POPT_000001|PROC_000011,3500,4000,1879530,1840000,39530,85,PRD_000016;PRD_000017;PRD_000018;PRD_000019;PRD_000020;PRD_000021;PRD_000022;PRD_000026;PRD_000041;PRD_000042
COMP_PRINT_SPOT_WHITE_S1,PRICE_TYPE.01,(전사이즈),SIZ_000499|POPT_000001|PROC_000011,4500,5000,2299540,2250000,49540,108,PRD_000016;PRD_000017;PRD_000018;PRD_000019;PRD_000020;PRD_000021;PRD_000022;PRD_000026;PRD_000041;PRD_000042
COMP_PRINT_SPOT_WHITE_S1,PRICE_TYPE.01,(전사이즈),SIZ_000499|POPT_000002|PROC_000011,25,30,81200,81000,200,1,PRD_000016;PRD_000017;PRD_000018;PRD_000019;PRD_000020;PRD_000021;PRD_000022;PRD_000026;PRD_000041;PRD_000042
COMP_PRINT_SPOT_WHITE_S1,PRICE_TYPE.01,(전사이즈),SIZ_000499|POPT_000002|PROC_000011,30,35,91800,91000,800,1,PRD_000016;PRD_000017;PRD_000018;PRD_000019;PRD_000020;PRD_000021;PRD_000022;PRD_000026;PRD_000041;PRD_000042
COMP_PRINT_SPOT_WHITE_S1,PRICE_TYPE.01,(전사이즈),SIZ_000499|POPT_000002|PROC_000011,35,40,101400,100000,1400,1,PRD_000016;PRD_000017;PRD_000018;PRD_000019;PRD_000020;PRD_000021;PRD_000022;PRD_000026;PRD_000041;PRD_000042
COMP_PRINT_SPOT_WHITE_S1,PRICE_TYPE.01,(전사이즈),SIZ_000499|POPT_000002|PROC_000011,40,45,110000,108000,2000,1,PRD_000016;PRD_000017;PRD_000018;PRD_000019;PRD_000020;PRD_000021;PRD_000022;PRD_000026;PRD_000041;PRD_000042
COMP_PRINT_SPOT_WHITE_S1,PRICE_TYPE.01,(전사이즈),SIZ_000499|POPT_000002|PROC_000011,45,50,117600,115000,2600,2,PRD_000016;PRD_000017;PRD_000018;PRD_000019;PRD_000020;PRD_000021;PRD_000022;PRD_000026;PRD_000041;PRD_000042
COMP_PRINT_SPOT_WHITE_S1,PRICE_TYPE.01,(전사이즈),SIZ_000499|POPT_000002|PROC_000011,60,70,158700,154000,4700,3,PRD_000016;PRD_000017;PRD_000018;PRD_000019;PRD_000020;PRD_000021;PRD_000022;PRD_000026;PRD_000041;PRD_000042
COMP_PRINT_SPOT_WHITE_S1,PRICE_TYPE.01,(전사이즈),SIZ_000499|POPT_000002|PROC_000011,70,80,173800,168000,5800,3,PRD_000016;PRD_000017;PRD_000018;PRD_000019;PRD_000020;PRD_000021;PRD_000022;PRD_000026;PRD_000041;PRD_000042
COMP_PRINT_SPOT_WHITE_S1,PRICE_TYPE.01,(전사이즈),SIZ_000499|POPT_000002|PROC_000011,80,90,186900,180000,6900,4,PRD_000016;PRD_000017;PRD_000018;PRD_000019;PRD_000020;PRD_000021;PRD_000022;PRD_000026;PRD_000041;PRD_000042
COMP_PRINT_SPOT_WHITE_S1,PRICE_TYPE.01,(전사이즈),SIZ_000499|POPT_000002|PROC_000011,90,100,198000,190000,8000,4,PRD_000016;PRD_000017;PRD_000018;PRD_000019;PRD_000020;PRD_000021;PRD_000022;PRD_000026;PRD_000041;PRD_000042
COMP_PRINT_SPOT_WHITE_S1,PRICE_TYPE.01,(전사이즈),SIZ_000499|POPT_000002|PROC_000011,100,150,283100,270000,13100,7,PRD_000016;PRD_000017;PRD_000018;PRD_000019;PRD_000020;PRD_000021;PRD_000022;PRD_000026;PRD_000041;PRD_000042
COMP_PRINT_SPOT_WHITE_S1,PRICE_TYPE.01,(전사이즈),SIZ_000499|POPT_000002|PROC_000011,150,200,358200,340000,18200,11,PRD_000016;PRD_000017;PRD_000018;PRD_000019;PRD_000020;PRD_000021;PRD_000022;PRD_000026;PRD_000041;PRD_000042
COMP_PRINT_SPOT_WHITE_S1,PRICE_TYPE.01,(전사이즈),SIZ_000499|POPT_000002|PROC_000011,200,250,423300,405000,18300,11,PRD_000016;PRD_000017;PRD_000018;PRD_000019;PRD_000020;PRD_000021;PRD_000022;PRD_000026;PRD_000041;PRD_000042
COMP_PRINT_SPOT_WHITE_S1,PRICE_TYPE.01,(전사이즈),SIZ_000499|POPT_000002|PROC_000011,250,300,484380,462000,22380,14,PRD_000016;PRD_000017;PRD_000018;PRD_000019;PRD_000020;PRD_000021;PRD_000022;PRD_000026;PRD_000041;PRD_000042
COMP_PRINT_SPOT_WHITE_S1,PRICE_TYPE.01,(전사이즈),SIZ_000499|POPT_000002|PROC_000011,300,350,537460,511000,26460,18,PRD_000016;PRD_000017;PRD_000018;PRD_000019;PRD_000020;PRD_000021;PRD_000022;PRD_000026;PRD_000041;PRD_000042
COMP_PRINT_SPOT_WHITE_S1,PRICE_TYPE.01,(전사이즈),SIZ_000499|POPT_000002|PROC_000011,350,400,582540,552000,30540,21,PRD_000016;PRD_000017;PRD_000018;PRD_000019;PRD_000020;PRD_000021;PRD_000022;PRD_000026;PRD_000041;PRD_000042
COMP_PRINT_SPOT_WHITE_S1,PRICE_TYPE.01,(전사이즈),SIZ_000499|POPT_000002|PROC_000011,400,450,619620,585000,34620,26,PRD_000016;PRD_000017;PRD_000018;PRD_000019;PRD_000020;PRD_000021;PRD_000022;PRD_000026;PRD_000041;PRD_000042
COMP_PRINT_SPOT_WHITE_S1,PRICE_TYPE.01,(전사이즈),SIZ_000499|POPT_000002|PROC_000011,450,500,648700,610000,38700,30,PRD_000016;PRD_000017;PRD_000018;PRD_000019;PRD_000020;PRD_000021;PRD_000022;PRD_000026;PRD_000041;PRD_000042
COMP_PRINT_SPOT_WHITE_S1,PRICE_TYPE.01,(전사이즈),SIZ_000499|POPT_000002|PROC_000011,500,600,730780,708000,22780,19,PRD_000016;PRD_000017;PRD_000018;PRD_000019;PRD_000020;PRD_000021;PRD_000022;PRD_000026;PRD_000041;PRD_000042
COMP_PRINT_SPOT_WHITE_S1,PRICE_TYPE.01,(전사이즈),SIZ_000499|POPT_000002|PROC_000011,600,700,824820,798000,26820,23,PRD_000016;PRD_000017;PRD_000018;PRD_000019;PRD_000020;PRD_000021;PRD_000022;PRD_000026;PRD_000041;PRD_000042
COMP_PRINT_SPOT_WHITE_S1,PRICE_TYPE.01,(전사이즈),SIZ_000499|POPT_000002|PROC_000011,700,800,910860,880000,30860,28,PRD_000016;PRD_000017;PRD_000018;PRD_000019;PRD_000020;PRD_000021;PRD_000022;PRD_000026;PRD_000041;PRD_000042
COMP_PRINT_SPOT_WHITE_S1,PRICE_TYPE.01,(전사이즈),SIZ_000499|POPT_000002|PROC_000011,800,900,988900,954000,34900,32,PRD_000016;PRD_000017;PRD_000018;PRD_000019;PRD_000020;PRD_000021;PRD_000022;PRD_000026;PRD_000041;PRD_000042
COMP_PRINT_SPOT_WHITE_S1,PRICE_TYPE.01,(전사이즈),SIZ_000499|POPT_000002|PROC_000011,900,1000,1058940,1020000,38940,37,PRD_000016;PRD_000017;PRD_000018;PRD_000019;PRD_000020;PRD_000021;PRD_000022;PRD_000026;PRD_000041;PRD_000042
COMP_PRINT_SPOT_WHITE_S1,PRICE_TYPE.01,(전사이즈),SIZ_000499|POPT_000002|PROC_000011,1000,1200,1222980,1200000,22980,23,PRD_000016;PRD_000017;PRD_000018;PRD_000019;PRD_000020;PRD_000021;PRD_000022;PRD_000026;PRD_000041;PRD_000042
COMP_PRINT_SPOT_WHITE_S1,PRICE_TYPE.01,(전사이즈),SIZ_000499|POPT_000002|PROC_000011,1400,1600,1599000,1568000,31000,31,PRD_000016;PRD_000017;PRD_000018;PRD_000019;PRD_000020;PRD_000021;PRD_000022;PRD_000026;PRD_000041;PRD_000042
COMP_PRINT_SPOT_WHITE_S1,PRICE_TYPE.01,(전사이즈),SIZ_000499|POPT_000002|PROC_000011,1800,2000,1959020,1920000,39020,40,PRD_000016;PRD_000017;PRD_000018;PRD_000019;PRD_000020;PRD_000021;PRD_000022;PRD_000026;PRD_000041;PRD_000042
COMP_PRINT_SPOT_WHITE_S1,PRICE_TYPE.01,(전사이즈),SIZ_000499|POPT_000002|PROC_000011,2500,3000,2879040,2820000,59040,62,PRD_000016;PRD_000017;PRD_000018;PRD_000019;PRD_000020;PRD_000021;PRD_000022;PRD_000026;PRD_000041;PRD_000042
COMP_PRINT_SPOT_WHITE_S1,PRICE_TYPE.01,(전사이즈),SIZ_000499|POPT_000002|PROC_000011,3500,4000,3759060,3680000,79060,85,PRD_000016;PRD_000017;PRD_000018;PRD_000019;PRD_000020;PRD_000021;PRD_000022;PRD_000026;PRD_000041;PRD_000042
COMP_PRINT_SPOT_WHITE_S1,PRICE_TYPE.01,(전사이즈),SIZ_000499|POPT_000002|PROC_000011,4500,5000,4599080,4500000,99080,108,PRD_000016;PRD_000017;PRD_000018;PRD_000019;PRD_000020;PRD_000021;PRD_000022;PRD_000026;PRD_000041;PRD_000042
COMP_PRINT_SPOT_WHITE_S1,PRICE_TYPE.01,(전사이즈),SIZ_000499|POPT_000001|PROC_000009,25,30,36250,36000,250,1,PRD_000016;PRD_000017;PRD_000018;PRD_000019;PRD_000020;PRD_000021;PRD_000022;PRD_000026;PRD_000041;PRD_000042
COMP_PRINT_SPOT_WHITE_S1,PRICE_TYPE.01,(전사이즈),SIZ_000499|POPT_000001|PROC_000009,30,35,40800,40250,550,1,PRD_000016;PRD_000017;PRD_000018;PRD_000019;PRD_000020;PRD_000021;PRD_000022;PRD_000026;PRD_000041;PRD_000042
COMP_PRINT_SPOT_WHITE_S1,PRICE_TYPE.01,(전사이즈),SIZ_000499|POPT_000001|PROC_000009,35,40,44850,44000,850,1,PRD_000016;PRD_000017;PRD_000018;PRD_000019;PRD_000020;PRD_000021;PRD_000022;PRD_000026;PRD_000041;PRD_000042
COMP_PRINT_SPOT_WHITE_S1,PRICE_TYPE.01,(전사이즈),SIZ_000499|POPT_000001|PROC_000009,40,45,48400,47250,1150,2,PRD_000016;PRD_000017;PRD_000018;PRD_000019;PRD_000020;PRD_000021;PRD_000022;PRD_000026;PRD_000041;PRD_000042
COMP_PRINT_SPOT_WHITE_S1,PRICE_TYPE.01,(전사이즈),SIZ_000499|POPT_000001|PROC_000009,45,50,51450,50000,1450,2,PRD_000016;PRD_000017;PRD_000018;PRD_000019;PRD_000020;PRD_000021;PRD_000022;PRD_000026;PRD_000041;PRD_000042
COMP_PRINT_SPOT_WHITE_S1,PRICE_TYPE.01,(전사이즈),SIZ_000499|POPT_000001|PROC_000009,60,70,69000,66500,2500,3,PRD_000016;PRD_000017;PRD_000018;PRD_000019;PRD_000020;PRD_000021;PRD_000022;PRD_000026;PRD_000041;PRD_000042
COMP_PRINT_SPOT_WHITE_S1,PRICE_TYPE.01,(전사이즈),SIZ_000499|POPT_000001|PROC_000009,70,80,75050,72000,3050,4,PRD_000016;PRD_000017;PRD_000018;PRD_000019;PRD_000020;PRD_000021;PRD_000022;PRD_000026;PRD_000041;PRD_000042
COMP_PRINT_SPOT_WHITE_S1,PRICE_TYPE.01,(전사이즈),SIZ_000499|POPT_000001|PROC_000009,80,90,80100,76500,3600,4,PRD_000016;PRD_000017;PRD_000018;PRD_000019;PRD_000020;PRD_000021;PRD_000022;PRD_000026;PRD_000041;PRD_000042
COMP_PRINT_SPOT_WHITE_S1,PRICE_TYPE.01,(전사이즈),SIZ_000499|POPT_000001|PROC_000009,90,100,84150,80000,4150,5,PRD_000016;PRD_000017;PRD_000018;PRD_000019;PRD_000020;PRD_000021;PRD_000022;PRD_000026;PRD_000041;PRD_000042
COMP_PRINT_SPOT_WHITE_S1,PRICE_TYPE.01,(전사이즈),SIZ_000499|POPT_000001|PROC_000009,100,150,119200,112500,6700,9,PRD_000016;PRD_000017;PRD_000018;PRD_000019;PRD_000020;PRD_000021;PRD_000022;PRD_000026;PRD_000041;PRD_000042
COMP_PRINT_SPOT_WHITE_S1,PRICE_TYPE.01,(전사이즈),SIZ_000499|POPT_000001|PROC_000009,150,200,149250,140000,9250,13,PRD_000016;PRD_000017;PRD_000018;PRD_000019;PRD_000020;PRD_000021;PRD_000022;PRD_000026;PRD_000041;PRD_000042
COMP_PRINT_SPOT_WHITE_S1,PRICE_TYPE.01,(전사이즈),SIZ_000499|POPT_000001|PROC_000009,200,250,174300,165000,9300,14,PRD_000016;PRD_000017;PRD_000018;PRD_000019;PRD_000020;PRD_000021;PRD_000022;PRD_000026;PRD_000041;PRD_000042
COMP_PRINT_SPOT_WHITE_S1,PRICE_TYPE.01,(전사이즈),SIZ_000499|POPT_000001|PROC_000009,250,300,197340,186000,11340,18,PRD_000016;PRD_000017;PRD_000018;PRD_000019;PRD_000020;PRD_000021;PRD_000022;PRD_000026;PRD_000041;PRD_000042
COMP_PRINT_SPOT_WHITE_S1,PRICE_TYPE.01,(전사이즈),SIZ_000499|POPT_000001|PROC_000009,300,350,216380,203000,13380,22,PRD_000016;PRD_000017;PRD_000018;PRD_000019;PRD_000020;PRD_000021;PRD_000022;PRD_000026;PRD_000041;PRD_000042
COMP_PRINT_SPOT_WHITE_S1,PRICE_TYPE.01,(전사이즈),SIZ_000499|POPT_000001|PROC_000009,350,400,231420,216000,15420,27,PRD_000016;PRD_000017;PRD_000018;PRD_000019;PRD_000020;PRD_000021;PRD_000022;PRD_000026;PRD_000041;PRD_000042
COMP_PRINT_SPOT_WHITE_S1,PRICE_TYPE.01,(전사이즈),SIZ_000499|POPT_000001|PROC_000009,400,450,242460,225000,17460,33,PRD_000016;PRD_000017;PRD_000018;PRD_000019;PRD_000020;PRD_000021;PRD_000022;PRD_000026;PRD_000041;PRD_000042
COMP_PRINT_SPOT_WHITE_S1,PRICE_TYPE.01,(전사이즈),SIZ_000499|POPT_000001|PROC_000009,450,500,249500,230000,19500,39,PRD_000016;PRD_000017;PRD_000018;PRD_000019;PRD_000020;PRD_000021;PRD_000022;PRD_000026;PRD_000041;PRD_000042
COMP_PRINT_SPOT_WHITE_S1,PRICE_TYPE.01,(전사이즈),SIZ_000499|POPT_000001|PROC_000009,500,600,275540,264000,11540,26,PRD_000016;PRD_000017;PRD_000018;PRD_000019;PRD_000020;PRD_000021;PRD_000022;PRD_000026;PRD_000041;PRD_000042
COMP_PRINT_SPOT_WHITE_S1,PRICE_TYPE.01,(전사이즈),SIZ_000499|POPT_000001|PROC_000009,600,700,307560,294000,13560,31,PRD_000016;PRD_000017;PRD_000018;PRD_000019;PRD_000020;PRD_000021;PRD_000022;PRD_000026;PRD_000041;PRD_000042
COMP_PRINT_SPOT_WHITE_S1,PRICE_TYPE.01,(전사이즈),SIZ_000499|POPT_000001|PROC_000009,700,800,335580,320000,15580,38,PRD_000016;PRD_000017;PRD_000018;PRD_000019;PRD_000020;PRD_000021;PRD_000022;PRD_000026;PRD_000041;PRD_000042
COMP_PRINT_SPOT_WHITE_S1,PRICE_TYPE.01,(전사이즈),SIZ_000499|POPT_000001|PROC_000009,800,900,359600,342000,17600,44,PRD_000016;PRD_000017;PRD_000018;PRD_000019;PRD_000020;PRD_000021;PRD_000022;PRD_000026;PRD_000041;PRD_000042
COMP_PRINT_SPOT_WHITE_S1,PRICE_TYPE.01,(전사이즈),SIZ_000499|POPT_000001|PROC_000009,900,1000,379620,360000,19620,52,PRD_000016;PRD_000017;PRD_000018;PRD_000019;PRD_000020;PRD_000021;PRD_000022;PRD_000026;PRD_000041;PRD_000042
COMP_PRINT_SPOT_WHITE_S1,PRICE_TYPE.01,(전사이즈),SIZ_000499|POPT_000001|PROC_000009,1000,1200,431640,420000,11640,33,PRD_000016;PRD_000017;PRD_000018;PRD_000019;PRD_000020;PRD_000021;PRD_000022;PRD_000026;PRD_000041;PRD_000042
COMP_PRINT_SPOT_WHITE_S1,PRICE_TYPE.01,(전사이즈),SIZ_000499|POPT_000001|PROC_000009,1400,1600,559650,544000,15650,45,PRD_000016;PRD_000017;PRD_000018;PRD_000019;PRD_000020;PRD_000021;PRD_000022;PRD_000026;PRD_000041;PRD_000042
COMP_PRINT_SPOT_WHITE_S1,PRICE_TYPE.01,(전사이즈),SIZ_000499|POPT_000001|PROC_000009,1800,2000,679660,660000,19660,58,PRD_000016;PRD_000017;PRD_000018;PRD_000019;PRD_000020;PRD_000021;PRD_000022;PRD_000026;PRD_000041;PRD_000042
COMP_PRINT_SPOT_WHITE_S1,PRICE_TYPE.01,(전사이즈),SIZ_000499|POPT_000001|PROC_000009,2500,3000,989670,960000,29670,90,PRD_000016;PRD_000017;PRD_000018;PRD_000019;PRD_000020;PRD_000021;PRD_000022;PRD_000026;PRD_000041;PRD_000042
COMP_PRINT_SPOT_WHITE_S1,PRICE_TYPE.01,(전사이즈),SIZ_000499|POPT_000001|PROC_000009,3500,4000,1279680,1240000,39680,124,PRD_000016;PRD_000017;PRD_000018;PRD_000019;PRD_000020;PRD_000021;PRD_000022;PRD_000026;PRD_000041;PRD_000042
COMP_PRINT_SPOT_WHITE_S1,PRICE_TYPE.01,(전사이즈),SIZ_000499|POPT_000001|PROC_000009,4500,5000,1549690,1500000,49690,161,PRD_000016;PRD_000017;PRD_000018;PRD_000019;PRD_000020;PRD_000021;PRD_000022;PRD_000026;PRD_000041;PRD_000042
COMP_PRINT_SPOT_WHITE_S1,PRICE_TYPE.01,(전사이즈),SIZ_000499|POPT_000002|PROC_000009,25,30,72500,72000,500,1,PRD_000016;PRD_000017;PRD_000018;PRD_000019;PRD_000020;PRD_000021;PRD_000022;PRD_000026;PRD_000041;PRD_000042
COMP_PRINT_SPOT_WHITE_S1,PRICE_TYPE.01,(전사이즈),SIZ_000499|POPT_000002|PROC_000009,30,35,81600,80500,1100,1,PRD_000016;PRD_000017;PRD_000018;PRD_000019;PRD_000020;PRD_000021;PRD_000022;PRD_000026;PRD_000041;PRD_000042
COMP_PRINT_SPOT_WHITE_S1,PRICE_TYPE.01,(전사이즈),SIZ_000499|POPT_000002|PROC_000009,35,40,89700,88000,1700,1,PRD_000016;PRD_000017;PRD_000018;PRD_000019;PRD_000020;PRD_000021;PRD_000022;PRD_000026;PRD_000041;PRD_000042
COMP_PRINT_SPOT_WHITE_S1,PRICE_TYPE.01,(전사이즈),SIZ_000499|POPT_000002|PROC_000009,40,45,96800,94500,2300,2,PRD_000016;PRD_000017;PRD_000018;PRD_000019;PRD_000020;PRD_000021;PRD_000022;PRD_000026;PRD_000041;PRD_000042
COMP_PRINT_SPOT_WHITE_S1,PRICE_TYPE.01,(전사이즈),SIZ_000499|POPT_000002|PROC_000009,45,50,102900,100000,2900,2,PRD_000016;PRD_000017;PRD_000018;PRD_000019;PRD_000020;PRD_000021;PRD_000022;PRD_000026;PRD_000041;PRD_000042
COMP_PRINT_SPOT_WHITE_S1,PRICE_TYPE.01,(전사이즈),SIZ_000499|POPT_000002|PROC_000009,60,70,138000,133000,5000,3,PRD_000016;PRD_000017;PRD_000018;PRD_000019;PRD_000020;PRD_000021;PRD_000022;PRD_000026;PRD_000041;PRD_000042
COMP_PRINT_SPOT_WHITE_S1,PRICE_TYPE.01,(전사이즈),SIZ_000499|POPT_000002|PROC_000009,70,80,150100,144000,6100,4,PRD_000016;PRD_000017;PRD_000018;PRD_000019;PRD_000020;PRD_000021;PRD_000022;PRD_000026;PRD_000041;PRD_000042
COMP_PRINT_SPOT_WHITE_S1,PRICE_TYPE.01,(전사이즈),SIZ_000499|POPT_000002|PROC_000009,80,90,160200,153000,7200,4,PRD_000016;PRD_000017;PRD_000018;PRD_000019;PRD_000020;PRD_000021;PRD_000022;PRD_000026;PRD_000041;PRD_000042
COMP_PRINT_SPOT_WHITE_S1,PRICE_TYPE.01,(전사이즈),SIZ_000499|POPT_000002|PROC_000009,90,100,168300,160000,8300,5,PRD_000016;PRD_000017;PRD_000018;PRD_000019;PRD_000020;PRD_000021;PRD_000022;PRD_000026;PRD_000041;PRD_000042
COMP_PRINT_SPOT_WHITE_S1,PRICE_TYPE.01,(전사이즈),SIZ_000499|POPT_000002|PROC_000009,100,150,238400,225000,13400,9,PRD_000016;PRD_000017;PRD_000018;PRD_000019;PRD_000020;PRD_000021;PRD_000022;PRD_000026;PRD_000041;PRD_000042
COMP_PRINT_SPOT_WHITE_S1,PRICE_TYPE.01,(전사이즈),SIZ_000499|POPT_000002|PROC_000009,150,200,298500,280000,18500,13,PRD_000016;PRD_000017;PRD_000018;PRD_000019;PRD_000020;PRD_000021;PRD_000022;PRD_000026;PRD_000041;PRD_000042
COMP_PRINT_SPOT_WHITE_S1,PRICE_TYPE.01,(전사이즈),SIZ_000499|POPT_000002|PROC_000009,200,250,348600,330000,18600,14,PRD_000016;PRD_000017;PRD_000018;PRD_000019;PRD_000020;PRD_000021;PRD_000022;PRD_000026;PRD_000041;PRD_000042
COMP_PRINT_SPOT_WHITE_S1,PRICE_TYPE.01,(전사이즈),SIZ_000499|POPT_000002|PROC_000009,250,300,394680,372000,22680,18,PRD_000016;PRD_000017;PRD_000018;PRD_000019;PRD_000020;PRD_000021;PRD_000022;PRD_000026;PRD_000041;PRD_000042
COMP_PRINT_SPOT_WHITE_S1,PRICE_TYPE.01,(전사이즈),SIZ_000499|POPT_000002|PROC_000009,300,350,432760,406000,26760,22,PRD_000016;PRD_000017;PRD_000018;PRD_000019;PRD_000020;PRD_000021;PRD_000022;PRD_000026;PRD_000041;PRD_000042
COMP_PRINT_SPOT_WHITE_S1,PRICE_TYPE.01,(전사이즈),SIZ_000499|POPT_000002|PROC_000009,350,400,462840,432000,30840,27,PRD_000016;PRD_000017;PRD_000018;PRD_000019;PRD_000020;PRD_000021;PRD_000022;PRD_000026;PRD_000041;PRD_000042
COMP_PRINT_SPOT_WHITE_S1,PRICE_TYPE.01,(전사이즈),SIZ_000499|POPT_000002|PROC_000009,400,450,484920,450000,34920,33,PRD_000016;PRD_000017;PRD_000018;PRD_000019;PRD_000020;PRD_000021;PRD_000022;PRD_000026;PRD_000041;PRD_000042
COMP_PRINT_SPOT_WHITE_S1,PRICE_TYPE.01,(전사이즈),SIZ_000499|POPT_000002|PROC_000009,450,500,499000,460000,39000,39,PRD_000016;PRD_000017;PRD_000018;PRD_000019;PRD_000020;PRD_000021;PRD_000022;PRD_000026;PRD_000041;PRD_000042
COMP_PRINT_SPOT_WHITE_S1,PRICE_TYPE.01,(전사이즈),SIZ_000499|POPT_000002|PROC_000009,500,600,551080,528000,23080,26,PRD_000016;PRD_000017;PRD_000018;PRD_000019;PRD_000020;PRD_000021;PRD_000022;PRD_000026;PRD_000041;PRD_000042
COMP_PRINT_SPOT_WHITE_S1,PRICE_TYPE.01,(전사이즈),SIZ_000499|POPT_000002|PROC_000009,600,700,615120,588000,27120,31,PRD_000016;PRD_000017;PRD_000018;PRD_000019;PRD_000020;PRD_000021;PRD_000022;PRD_000026;PRD_000041;PRD_000042
COMP_PRINT_SPOT_WHITE_S1,PRICE_TYPE.01,(전사이즈),SIZ_000499|POPT_000002|PROC_000009,700,800,671160,640000,31160,38,PRD_000016;PRD_000017;PRD_000018;PRD_000019;PRD_000020;PRD_000021;PRD_000022;PRD_000026;PRD_000041;PRD_000042
COMP_PRINT_SPOT_WHITE_S1,PRICE_TYPE.01,(전사이즈),SIZ_000499|POPT_000002|PROC_000009,800,900,719200,684000,35200,44,PRD_000016;PRD_000017;PRD_000018;PRD_000019;PRD_000020;PRD_000021;PRD_000022;PRD_000026;PRD_000041;PRD_000042
COMP_PRINT_SPOT_WHITE_S1,PRICE_TYPE.01,(전사이즈),SIZ_000499|POPT_000002|PROC_000009,900,1000,759240,720000,39240,52,PRD_000016;PRD_000017;PRD_000018;PRD_000019;PRD_000020;PRD_000021;PRD_000022;PRD_000026;PRD_000041;PRD_000042
COMP_PRINT_SPOT_WHITE_S1,PRICE_TYPE.01,(전사이즈),SIZ_000499|POPT_000002|PROC_000009,1000,1200,863280,840000,23280,33,PRD_000016;PRD_000017;PRD_000018;PRD_000019;PRD_000020;PRD_000021;PRD_000022;PRD_000026;PRD_000041;PRD_000042
COMP_PRINT_SPOT_WHITE_S1,PRICE_TYPE.01,(전사이즈),SIZ_000499|POPT_000002|PROC_000009,1400,1600,1119300,1088000,31300,45,PRD_000016;PRD_000017;PRD_000018;PRD_000019;PRD_000020;PRD_000021;PRD_000022;PRD_000026;PRD_000041;PRD_000042
COMP_PRINT_SPOT_WHITE_S1,PRICE_TYPE.01,(전사이즈),SIZ_000499|POPT_000002|PROC_000009,1800,2000,1359320,1320000,39320,58,PRD_000016;PRD_000017;PRD_000018;PRD_000019;PRD_000020;PRD_000021;PRD_000022;PRD_000026;PRD_000041;PRD_000042
COMP_PRINT_SPOT_WHITE_S1,PRICE_TYPE.01,(전사이즈),SIZ_000499|POPT_000002|PROC_000009,2500,3000,1979340,1920000,59340,90,PRD_000016;PRD_000017;PRD_000018;PRD_000019;PRD_000020;PRD_000021;PRD_000022;PRD_000026;PRD_000041;PRD_000042
COMP_PRINT_SPOT_WHITE_S1,PRICE_TYPE.01,(전사이즈),SIZ_000499|POPT_000002|PROC_000009,3500,4000,2559360,2480000,79360,124,PRD_000016;PRD_000017;PRD_000018;PRD_000019;PRD_000020;PRD_000021;PRD_000022;PRD_000026;PRD_000041;PRD_000042
COMP_PRINT_SPOT_WHITE_S1,PRICE_TYPE.01,(전사이즈),SIZ_000499|POPT_000002|PROC_000009,4500,5000,3099380,3000000,99380,161,PRD_000016;PRD_000017;PRD_000018;PRD_000019;PRD_000020;PRD_000021;PRD_000022;PRD_000026;PRD_000041;PRD_000042
COMP_STK_PRINT,PRICE_TYPE.01,SIZ_000059,MAT_000153,50,60,312700,312000,700,1,PRD_000052;PRD_000053;PRD_000054;PRD_000055;PRD_000056;PRD_000057;PRD_000058;PRD_000059;PRD_000060;PRD_000061;PRD_000062;PRD_000063;PRD_000064
COMP_STK_PRINT,PRICE_TYPE.01,SIZ_000059,MAT_000153,100,120,618800,612000,6800,2,PRD_000052;PRD_000053;PRD_000054;PRD_000055;PRD_000056;PRD_000057;PRD_000058;PRD_000059;PRD_000060;PRD_000061;PRD_000062;PRD_000063;PRD_000064
COMP_STK_PRINT,PRICE_TYPE.01,SIZ_000059,MAT_000153,125,140,708900,700000,8900,2,PRD_000052;PRD_000053;PRD_000054;PRD_000055;PRD_000056;PRD_000057;PRD_000058;PRD_000059;PRD_000060;PRD_000061;PRD_000062;PRD_000063;PRD_000064
COMP_STK_PRINT,PRICE_TYPE.01,SIZ_000059,MAT_000153,150,160,795000,768000,27000,6,PRD_000052;PRD_000053;PRD_000054;PRD_000055;PRD_000056;PRD_000057;PRD_000058;PRD_000059;PRD_000060;PRD_000061;PRD_000062;PRD_000063;PRD_000064
COMP_STK_PRINT,PRICE_TYPE.01,SIZ_000059,MAT_000153,200,250,1195200,1150000,45200,10,PRD_000052;PRD_000053;PRD_000054;PRD_000055;PRD_000056;PRD_000057;PRD_000058;PRD_000059;PRD_000060;PRD_000061;PRD_000062;PRD_000063;PRD_000064
COMP_STK_PRINT,PRICE_TYPE.01,SIZ_000059,MAT_000153,250,300,1375400,1320000,55400,13,PRD_000052;PRD_000053;PRD_000054;PRD_000055;PRD_000056;PRD_000057;PRD_000058;PRD_000059;PRD_000060;PRD_000061;PRD_000062;PRD_000063;PRD_000064
COMP_STK_PRINT,PRICE_TYPE.01,SIZ_000059,MAT_000153,300,350,1535600,1470000,65600,15,PRD_000052;PRD_000053;PRD_000054;PRD_000055;PRD_000056;PRD_000057;PRD_000058;PRD_000059;PRD_000060;PRD_000061;PRD_000062;PRD_000063;PRD_000064
COMP_STK_PRINT,PRICE_TYPE.01,SIZ_000059,MAT_000153,350,400,1675800,1600000,75800,19,PRD_000052;PRD_000053;PRD_000054;PRD_000055;PRD_000056;PRD_000057;PRD_000058;PRD_000059;PRD_000060;PRD_000061;PRD_000062;PRD_000063;PRD_000064
COMP_STK_PRINT,PRICE_TYPE.01,SIZ_000059,MAT_000155,100,120,737800,732000,5800,1,PRD_000052;PRD_000053;PRD_000054;PRD_000055;PRD_000056;PRD_000057;PRD_000058;PRD_000059;PRD_000060;PRD_000061;PRD_000062;PRD_000063;PRD_000064
COMP_STK_PRINT,PRICE_TYPE.01,SIZ_000059,MAT_000155,125,140,847900,840000,7900,2,PRD_000052;PRD_000053;PRD_000054;PRD_000055;PRD_000056;PRD_000057;PRD_000058;PRD_000059;PRD_000060;PRD_000061;PRD_000062;PRD_000063;PRD_000064
COMP_STK_PRINT,PRICE_TYPE.01,SIZ_000059,MAT_000155,150,160,954000,928000,26000,5,PRD_000052;PRD_000053;PRD_000054;PRD_000055;PRD_000056;PRD_000057;PRD_000058;PRD_000059;PRD_000060;PRD_000061;PRD_000062;PRD_000063;PRD_000064
COMP_STK_PRINT,PRICE_TYPE.01,SIZ_000059,MAT_000155,200,250,1444200,1400000,44200,8,PRD_000052;PRD_000053;PRD_000054;PRD_000055;PRD_000056;PRD_000057;PRD_000058;PRD_000059;PRD_000060;PRD_000061;PRD_000062;PRD_000063;PRD_000064
COMP_STK_PRINT,PRICE_TYPE.01,SIZ_000059,MAT_000155,250,300,1674400,1620000,54400,10,PRD_000052;PRD_000053;PRD_000054;PRD_000055;PRD_000056;PRD_000057;PRD_000058;PRD_000059;PRD_000060;PRD_000061;PRD_000062;PRD_000063;PRD_000064
COMP_STK_PRINT,PRICE_TYPE.01,SIZ_000059,MAT_000155,300,350,1884600,1820000,64600,12,PRD_000052;PRD_000053;PRD_000054;PRD_000055;PRD_000056;PRD_000057;PRD_000058;PRD_000059;PRD_000060;PRD_000061;PRD_000062;PRD_000063;PRD_000064
COMP_STK_PRINT,PRICE_TYPE.01,SIZ_000059,MAT_000155,350,400,2074800,2000000,74800,15,PRD_000052;PRD_000053;PRD_000054;PRD_000055;PRD_000056;PRD_000057;PRD_000058;PRD_000059;PRD_000060;PRD_000061;PRD_000062;PRD_000063;PRD_000064
COMP_STK_PRINT,PRICE_TYPE.01,SIZ_000059,MAT_000162,100,120,737800,732000,5800,1,PRD_000052;PRD_000053;PRD_000054;PRD_000055;PRD_000056;PRD_000057;PRD_000058;PRD_000059;PRD_000060;PRD_000061;PRD_000062;PRD_000063;PRD_000064
COMP_STK_PRINT,PRICE_TYPE.01,SIZ_000059,MAT_000162,125,140,847900,840000,7900,2,PRD_000052;PRD_000053;PRD_000054;PRD_000055;PRD_000056;PRD_000057;PRD_000058;PRD_000059;PRD_000060;PRD_000061;PRD_000062;PRD_000063;PRD_000064
COMP_STK_PRINT,PRICE_TYPE.01,SIZ_000059,MAT_000162,150,160,954000,928000,26000,5,PRD_000052;PRD_000053;PRD_000054;PRD_000055;PRD_000056;PRD_000057;PRD_000058;PRD_000059;PRD_000060;PRD_000061;PRD_000062;PRD_000063;PRD_000064
COMP_STK_PRINT,PRICE_TYPE.01,SIZ_000059,MAT_000162,200,250,1444200,1400000,44200,8,PRD_000052;PRD_000053;PRD_000054;PRD_000055;PRD_000056;PRD_000057;PRD_000058;PRD_000059;PRD_000060;PRD_000061;PRD_000062;PRD_000063;PRD_000064
COMP_STK_PRINT,PRICE_TYPE.01,SIZ_000059,MAT_000162,250,300,1674400,1620000,54400,10,PRD_000052;PRD_000053;PRD_000054;PRD_000055;PRD_000056;PRD_000057;PRD_000058;PRD_000059;PRD_000060;PRD_000061;PRD_000062;PRD_000063;PRD_000064
COMP_STK_PRINT,PRICE_TYPE.01,SIZ_000059,MAT_000162,300,350,1884600,1820000,64600,12,PRD_000052;PRD_000053;PRD_000054;PRD_000055;PRD_000056;PRD_000057;PRD_000058;PRD_000059;PRD_000060;PRD_000061;PRD_000062;PRD_000063;PRD_000064
COMP_STK_PRINT,PRICE_TYPE.01,SIZ_000059,MAT_000162,350,400,2074800,2000000,74800,15,PRD_000052;PRD_000053;PRD_000054;PRD_000055;PRD_000056;PRD_000057;PRD_000058;PRD_000059;PRD_000060;PRD_000061;PRD_000062;PRD_000063;PRD_000064
COMP_STK_PRINT,PRICE_TYPE.01,SIZ_000060,MAT_000153,70,75,392200,390000,2200,1,PRD_000052;PRD_000053;PRD_000054;PRD_000055;PRD_000056;PRD_000057;PRD_000058;PRD_000059;PRD_000060;PRD_000061;PRD_000062;PRD_000063;PRD_000064
COMP_STK_PRINT,PRICE_TYPE.01,SIZ_000060,MAT_000153,120,125,644800,625000,19800,4,PRD_000052;PRD_000053;PRD_000054;PRD_000055;PRD_000056;PRD_000057;PRD_000058;PRD_000059;PRD_000060;PRD_000061;PRD_000062;PRD_000063;PRD_000064
COMP_STK_PRINT,PRICE_TYPE.01,SIZ_000060,MAT_000153,150,160,795000,768000,27000,6,PRD_000052;PRD_000053;PRD_000054;PRD_000055;PRD_000056;PRD_000057;PRD_000058;PRD_000059;PRD_000060;PRD_000061;PRD_000062;PRD_000063;PRD_000064
COMP_STK_PRINT,PRICE_TYPE.01,SIZ_000060,MAT_000153,200,250,1195200,1150000,45200,10,PRD_000052;PRD_000053;PRD_000054;PRD_000055;PRD_000056;PRD_000057;PRD_000058;PRD_000059;PRD_000060;PRD_000061;PRD_000062;PRD_000063;PRD_000064
COMP_STK_PRINT,PRICE_TYPE.01,SIZ_000060,MAT_000153,250,300,1375400,1320000,55400,13,PRD_000052;PRD_000053;PRD_000054;PRD_000055;PRD_000056;PRD_000057;PRD_000058;PRD_000059;PRD_000060;PRD_000061;PRD_000062;PRD_000063;PRD_000064
COMP_STK_PRINT,PRICE_TYPE.01,SIZ_000060,MAT_000153,300,350,1535600,1470000,65600,15,PRD_000052;PRD_000053;PRD_000054;PRD_000055;PRD_000056;PRD_000057;PRD_000058;PRD_000059;PRD_000060;PRD_000061;PRD_000062;PRD_000063;PRD_000064
COMP_STK_PRINT,PRICE_TYPE.01,SIZ_000060,MAT_000153,350,400,1675800,1600000,75800,19,PRD_000052;PRD_000053;PRD_000054;PRD_000055;PRD_000056;PRD_000057;PRD_000058;PRD_000059;PRD_000060;PRD_000061;PRD_000062;PRD_000063;PRD_000064
COMP_STK_PRINT,PRICE_TYPE.01,SIZ_000060,MAT_000155,70,75,466200,465000,1200,1,PRD_000052;PRD_000053;PRD_000054;PRD_000055;PRD_000056;PRD_000057;PRD_000058;PRD_000059;PRD_000060;PRD_000061;PRD_000062;PRD_000063;PRD_000064
COMP_STK_PRINT,PRICE_TYPE.01,SIZ_000060,MAT_000155,120,125,768800,750000,18800,4,PRD_000052;PRD_000053;PRD_000054;PRD_000055;PRD_000056;PRD_000057;PRD_000058;PRD_000059;PRD_000060;PRD_000061;PRD_000062;PRD_000063;PRD_000064
COMP_STK_PRINT,PRICE_TYPE.01,SIZ_000060,MAT_000155,150,160,954000,928000,26000,5,PRD_000052;PRD_000053;PRD_000054;PRD_000055;PRD_000056;PRD_000057;PRD_000058;PRD_000059;PRD_000060;PRD_000061;PRD_000062;PRD_000063;PRD_000064
COMP_STK_PRINT,PRICE_TYPE.01,SIZ_000060,MAT_000155,200,250,1444200,1400000,44200,8,PRD_000052;PRD_000053;PRD_000054;PRD_000055;PRD_000056;PRD_000057;PRD_000058;PRD_000059;PRD_000060;PRD_000061;PRD_000062;PRD_000063;PRD_000064
COMP_STK_PRINT,PRICE_TYPE.01,SIZ_000060,MAT_000155,250,300,1674400,1620000,54400,10,PRD_000052;PRD_000053;PRD_000054;PRD_000055;PRD_000056;PRD_000057;PRD_000058;PRD_000059;PRD_000060;PRD_000061;PRD_000062;PRD_000063;PRD_000064
COMP_STK_PRINT,PRICE_TYPE.01,SIZ_000060,MAT_000155,300,350,1884600,1820000,64600,12,PRD_000052;PRD_000053;PRD_000054;PRD_000055;PRD_000056;PRD_000057;PRD_000058;PRD_000059;PRD_000060;PRD_000061;PRD_000062;PRD_000063;PRD_000064
COMP_STK_PRINT,PRICE_TYPE.01,SIZ_000060,MAT_000155,350,400,2074800,2000000,74800,15,PRD_000052;PRD_000053;PRD_000054;PRD_000055;PRD_000056;PRD_000057;PRD_000058;PRD_000059;PRD_000060;PRD_000061;PRD_000062;PRD_000063;PRD_000064
COMP_STK_PRINT,PRICE_TYPE.01,SIZ_000060,MAT_000162,70,75,466200,465000,1200,1,PRD_000052;PRD_000053;PRD_000054;PRD_000055;PRD_000056;PRD_000057;PRD_000058;PRD_000059;PRD_000060;PRD_000061;PRD_000062;PRD_000063;PRD_000064
COMP_STK_PRINT,PRICE_TYPE.01,SIZ_000060,MAT_000162,120,125,768800,750000,18800,4,PRD_000052;PRD_000053;PRD_000054;PRD_000055;PRD_000056;PRD_000057;PRD_000058;PRD_000059;PRD_000060;PRD_000061;PRD_000062;PRD_000063;PRD_000064
COMP_STK_PRINT,PRICE_TYPE.01,SIZ_000060,MAT_000162,150,160,954000,928000,26000,5,PRD_000052;PRD_000053;PRD_000054;PRD_000055;PRD_000056;PRD_000057;PRD_000058;PRD_000059;PRD_000060;PRD_000061;PRD_000062;PRD_000063;PRD_000064
COMP_STK_PRINT,PRICE_TYPE.01,SIZ_000060,MAT_000162,200,250,1444200,1400000,44200,8,PRD_000052;PRD_000053;PRD_000054;PRD_000055;PRD_000056;PRD_000057;PRD_000058;PRD_000059;PRD_000060;PRD_000061;PRD_000062;PRD_000063;PRD_000064
COMP_STK_PRINT,PRICE_TYPE.01,SIZ_000060,MAT_000162,250,300,1674400,1620000,54400,10,PRD_000052;PRD_000053;PRD_000054;PRD_000055;PRD_000056;PRD_000057;PRD_000058;PRD_000059;PRD_000060;PRD_000061;PRD_000062;PRD_000063;PRD_000064
COMP_STK_PRINT,PRICE_TYPE.01,SIZ_000060,MAT_000162,300,350,1884600,1820000,64600,12,PRD_000052;PRD_000053;PRD_000054;PRD_000055;PRD_000056;PRD_000057;PRD_000058;PRD_000059;PRD_000060;PRD_000061;PRD_000062;PRD_000063;PRD_000064
COMP_STK_PRINT,PRICE_TYPE.01,SIZ_000060,MAT_000162,350,400,2074800,2000000,74800,15,PRD_000052;PRD_000053;PRD_000054;PRD_000055;PRD_000056;PRD_000057;PRD_000058;PRD_000059;PRD_000060;PRD_000061;PRD_000062;PRD_000063;PRD_000064
COMP_STK_PRINT,PRICE_TYPE.01,SIZ_000172,MAT_000153,20,50,190120,190000,120,1,PRD_000052;PRD_000053;PRD_000054;PRD_000055;PRD_000056;PRD_000057;PRD_000058;PRD_000059;PRD_000060;PRD_000061;PRD_000062;PRD_000063;PRD_000064
COMP_STK_PRINT,PRICE_TYPE.01,SIZ_000172,MAT_000153,50,100,376200,360000,16200,5,PRD_000052;PRD_000053;PRD_000054;PRD_000055;PRD_000056;PRD_000057;PRD_000058;PRD_000059;PRD_000060;PRD_000061;PRD_000062;PRD_000063;PRD_000064
COMP_STK_PRINT,PRICE_TYPE.01,SIZ_000172,MAT_000153,100,200,716400,680000,36400,11,PRD_000052;PRD_000053;PRD_000054;PRD_000055;PRD_000056;PRD_000057;PRD_000058;PRD_000059;PRD_000060;PRD_000061;PRD_000062;PRD_000063;PRD_000064
COMP_STK_PRINT,PRICE_TYPE.01,SIZ_000172,MAT_000153,200,300,1016600,960000,56600,17,PRD_000052;PRD_000053;PRD_000054;PRD_000055;PRD_000056;PRD_000057;PRD_000058;PRD_000059;PRD_000060;PRD_000061;PRD_000062;PRD_000063;PRD_000064
COMP_STK_PRINT,PRICE_TYPE.01,SIZ_000174,MAT_000153,20,50,380240,380000,240,1,PRD_000052;PRD_000053;PRD_000054;PRD_000055;PRD_000056;PRD_000057;PRD_000058;PRD_000059;PRD_000060;PRD_000061;PRD_000062;PRD_000063;PRD_000064
COMP_STK_PRINT,PRICE_TYPE.01,SIZ_000174,MAT_000153,50,100,752400,720000,32400,5,PRD_000052;PRD_000053;PRD_000054;PRD_000055;PRD_000056;PRD_000057;PRD_000058;PRD_000059;PRD_000060;PRD_000061;PRD_000062;PRD_000063;PRD_000064
COMP_STK_PRINT,PRICE_TYPE.01,SIZ_000174,MAT_000153,100,200,1432800,1360000,72800,11,PRD_000052;PRD_000053;PRD_000054;PRD_000055;PRD_000056;PRD_000057;PRD_000058;PRD_000059;PRD_000060;PRD_000061;PRD_000062;PRD_000063;PRD_000064
COMP_STK_PRINT,PRICE_TYPE.01,SIZ_000174,MAT_000153,200,300,2033200,1920000,113200,17,PRD_000052;PRD_000053;PRD_000054;PRD_000055;PRD_000056;PRD_000057;PRD_000058;PRD_000059;PRD_000060;PRD_000061;PRD_000062;PRD_000063;PRD_000064
COMP_STK_PRINT,PRICE_TYPE.01,SIZ_000197,MAT_000153,20,50,760480,760000,480,1,PRD_000052;PRD_000053;PRD_000054;PRD_000055;PRD_000056;PRD_000057;PRD_000058;PRD_000059;PRD_000060;PRD_000061;PRD_000062;PRD_000063;PRD_000064
COMP_STK_PRINT,PRICE_TYPE.01,SIZ_000197,MAT_000153,50,100,1504800,1440000,64800,5,PRD_000052;PRD_000053;PRD_000054;PRD_000055;PRD_000056;PRD_000057;PRD_000058;PRD_000059;PRD_000060;PRD_000061;PRD_000062;PRD_000063;PRD_000064
COMP_STK_PRINT,PRICE_TYPE.01,SIZ_000197,MAT_000153,100,200,2865600,2720000,145600,11,PRD_000052;PRD_000053;PRD_000054;PRD_000055;PRD_000056;PRD_000057;PRD_000058;PRD_000059;PRD_000060;PRD_000061;PRD_000062;PRD_000063;PRD_000064
COMP_STK_PRINT,PRICE_TYPE.01,SIZ_000197,MAT_000153,200,300,4066400,3840000,226400,17,PRD_000052;PRD_000053;PRD_000054;PRD_000055;PRD_000056;PRD_000057;PRD_000058;PRD_000059;PRD_000060;PRD_000061;PRD_000062;PRD_000063;PRD_000064
COMP_STK_PRINT,PRICE_TYPE.01,SIZ_000172,MAT_000162,20,50,332710,332500,210,1,PRD_000052;PRD_000053;PRD_000054;PRD_000055;PRD_000056;PRD_000057;PRD_000058;PRD_000059;PRD_000060;PRD_000061;PRD_000062;PRD_000063;PRD_000064
COMP_STK_PRINT,PRICE_TYPE.01,SIZ_000172,MAT_000162,50,100,658350,630000,28350,5,PRD_000052;PRD_000053;PRD_000054;PRD_000055;PRD_000056;PRD_000057;PRD_000058;PRD_000059;PRD_000060;PRD_000061;PRD_000062;PRD_000063;PRD_000064
COMP_STK_PRINT,PRICE_TYPE.01,SIZ_000172,MAT_000162,100,200,1253700,1190000,63700,11,PRD_000052;PRD_000053;PRD_000054;PRD_000055;PRD_000056;PRD_000057;PRD_000058;PRD_000059;PRD_000060;PRD_000061;PRD_000062;PRD_000063;PRD_000064
COMP_STK_PRINT,PRICE_TYPE.01,SIZ_000172,MAT_000162,200,300,1779050,1680000,99050,17,PRD_000052;PRD_000053;PRD_000054;PRD_000055;PRD_000056;PRD_000057;PRD_000058;PRD_000059;PRD_000060;PRD_000061;PRD_000062;PRD_000063;PRD_000064
COMP_STK_PRINT,PRICE_TYPE.01,SIZ_000174,MAT_000162,20,50,665420,665000,420,1,PRD_000052;PRD_000053;PRD_000054;PRD_000055;PRD_000056;PRD_000057;PRD_000058;PRD_000059;PRD_000060;PRD_000061;PRD_000062;PRD_000063;PRD_000064
COMP_STK_PRINT,PRICE_TYPE.01,SIZ_000174,MAT_000162,50,100,1316700,1260000,56700,5,PRD_000052;PRD_000053;PRD_000054;PRD_000055;PRD_000056;PRD_000057;PRD_000058;PRD_000059;PRD_000060;PRD_000061;PRD_000062;PRD_000063;PRD_000064
COMP_STK_PRINT,PRICE_TYPE.01,SIZ_000174,MAT_000162,100,200,2507400,2380000,127400,11,PRD_000052;PRD_000053;PRD_000054;PRD_000055;PRD_000056;PRD_000057;PRD_000058;PRD_000059;PRD_000060;PRD_000061;PRD_000062;PRD_000063;PRD_000064
COMP_STK_PRINT,PRICE_TYPE.01,SIZ_000174,MAT_000162,200,300,3558100,3360000,198100,17,PRD_000052;PRD_000053;PRD_000054;PRD_000055;PRD_000056;PRD_000057;PRD_000058;PRD_000059;PRD_000060;PRD_000061;PRD_000062;PRD_000063;PRD_000064
COMP_STK_PRINT,PRICE_TYPE.01,SIZ_000197,MAT_000162,20,50,1330840,1330000,840,1,PRD_000052;PRD_000053;PRD_000054;PRD_000055;PRD_000056;PRD_000057;PRD_000058;PRD_000059;PRD_000060;PRD_000061;PRD_000062;PRD_000063;PRD_000064
COMP_STK_PRINT,PRICE_TYPE.01,SIZ_000197,MAT_000162,50,100,2633400,2520000,113400,5,PRD_000052;PRD_000053;PRD_000054;PRD_000055;PRD_000056;PRD_000057;PRD_000058;PRD_000059;PRD_000060;PRD_000061;PRD_000062;PRD_000063;PRD_000064
COMP_STK_PRINT,PRICE_TYPE.01,SIZ_000197,MAT_000162,100,200,5014800,4760000,254800,11,PRD_000052;PRD_000053;PRD_000054;PRD_000055;PRD_000056;PRD_000057;PRD_000058;PRD_000059;PRD_000060;PRD_000061;PRD_000062;PRD_000063;PRD_000064
COMP_STK_PRINT,PRICE_TYPE.01,SIZ_000197,MAT_000162,200,300,7116200,6720000,396200,17,PRD_000052;PRD_000053;PRD_000054;PRD_000055;PRD_000056;PRD_000057;PRD_000058;PRD_000059;PRD_000060;PRD_000061;PRD_000062;PRD_000063;PRD_000064
COMP_STK_PRINT,PRICE_TYPE.01,SIZ_000199,MAT_000153,20,50,760480,760000,480,1,PRD_000052;PRD_000053;PRD_000054;PRD_000055;PRD_000056;PRD_000057;PRD_000058;PRD_000059;PRD_000060;PRD_000061;PRD_000062;PRD_000063;PRD_000064
COMP_STK_PRINT,PRICE_TYPE.01,SIZ_000199,MAT_000153,50,100,1504800,1440000,64800,5,PRD_000052;PRD_000053;PRD_000054;PRD_000055;PRD_000056;PRD_000057;PRD_000058;PRD_000059;PRD_000060;PRD_000061;PRD_000062;PRD_000063;PRD_000064
COMP_STK_PRINT,PRICE_TYPE.01,SIZ_000199,MAT_000153,100,200,2865600,2720000,145600,11,PRD_000052;PRD_000053;PRD_000054;PRD_000055;PRD_000056;PRD_000057;PRD_000058;PRD_000059;PRD_000060;PRD_000061;PRD_000062;PRD_000063;PRD_000064
COMP_STK_PRINT,PRICE_TYPE.01,SIZ_000199,MAT_000153,200,300,4066400,3840000,226400,17,PRD_000052;PRD_000053;PRD_000054;PRD_000055;PRD_000056;PRD_000057;PRD_000058;PRD_000059;PRD_000060;PRD_000061;PRD_000062;PRD_000063;PRD_000064
COMP_STK_PRINT,PRICE_TYPE.01,SIZ_000060,MAT_000084,70,75,392200,390000,2200,1,PRD_000052;PRD_000053;PRD_000054;PRD_000055;PRD_000056;PRD_000057;PRD_000058;PRD_000059;PRD_000060;PRD_000061;PRD_000062;PRD_000063;PRD_000064
COMP_STK_PRINT,PRICE_TYPE.01,SIZ_000060,MAT_000084,120,125,644800,625000,19800,4,PRD_000052;PRD_000053;PRD_000054;PRD_000055;PRD_000056;PRD_000057;PRD_000058;PRD_000059;PRD_000060;PRD_000061;PRD_000062;PRD_000063;PRD_000064
COMP_STK_PRINT,PRICE_TYPE.01,SIZ_000060,MAT_000084,150,160,795000,768000,27000,6,PRD_000052;PRD_000053;PRD_000054;PRD_000055;PRD_000056;PRD_000057;PRD_000058;PRD_000059;PRD_000060;PRD_000061;PRD_000062;PRD_000063;PRD_000064
COMP_STK_PRINT,PRICE_TYPE.01,SIZ_000060,MAT_000084,200,250,1195200,1150000,45200,10,PRD_000052;PRD_000053;PRD_000054;PRD_000055;PRD_000056;PRD_000057;PRD_000058;PRD_000059;PRD_000060;PRD_000061;PRD_000062;PRD_000063;PRD_000064
COMP_STK_PRINT,PRICE_TYPE.01,SIZ_000060,MAT_000084,250,300,1375400,1320000,55400,13,PRD_000052;PRD_000053;PRD_000054;PRD_000055;PRD_000056;PRD_000057;PRD_000058;PRD_000059;PRD_000060;PRD_000061;PRD_000062;PRD_000063;PRD_000064
COMP_STK_PRINT,PRICE_TYPE.01,SIZ_000060,MAT_000084,300,350,1535600,1470000,65600,15,PRD_000052;PRD_000053;PRD_000054;PRD_000055;PRD_000056;PRD_000057;PRD_000058;PRD_000059;PRD_000060;PRD_000061;PRD_000062;PRD_000063;PRD_000064
COMP_STK_PRINT,PRICE_TYPE.01,SIZ_000060,MAT_000084,350,400,1675800,1600000,75800,19,PRD_000052;PRD_000053;PRD_000054;PRD_000055;PRD_000056;PRD_000057;PRD_000058;PRD_000059;PRD_000060;PRD_000061;PRD_000062;PRD_000063;PRD_000064
COMP_STK_PRINT,PRICE_TYPE.01,SIZ_000059,MAT_000084,50,60,312700,312000,700,1,PRD_000052;PRD_000053;PRD_000054;PRD_000055;PRD_000056;PRD_000057;PRD_000058;PRD_000059;PRD_000060;PRD_000061;PRD_000062;PRD_000063;PRD_000064
COMP_STK_PRINT,PRICE_TYPE.01,SIZ_000059,MAT_000084,100,120,618800,612000,6800,2,PRD_000052;PRD_000053;PRD_000054;PRD_000055;PRD_000056;PRD_000057;PRD_000058;PRD_000059;PRD_000060;PRD_000061;PRD_000062;PRD_000063;PRD_000064
COMP_STK_PRINT,PRICE_TYPE.01,SIZ_000059,MAT_000084,125,140,708900,700000,8900,2,PRD_000052;PRD_000053;PRD_000054;PRD_000055;PRD_000056;PRD_000057;PRD_000058;PRD_000059;PRD_000060;PRD_000061;PRD_000062;PRD_000063;PRD_000064
COMP_STK_PRINT,PRICE_TYPE.01,SIZ_000059,MAT_000084,150,160,795000,768000,27000,6,PRD_000052;PRD_000053;PRD_000054;PRD_000055;PRD_000056;PRD_000057;PRD_000058;PRD_000059;PRD_000060;PRD_000061;PRD_000062;PRD_000063;PRD_000064
COMP_STK_PRINT,PRICE_TYPE.01,SIZ_000059,MAT_000084,200,250,1195200,1150000,45200,10,PRD_000052;PRD_000053;PRD_000054;PRD_000055;PRD_000056;PRD_000057;PRD_000058;PRD_000059;PRD_000060;PRD_000061;PRD_000062;PRD_000063;PRD_000064
COMP_STK_PRINT,PRICE_TYPE.01,SIZ_000059,MAT_000084,250,300,1375400,1320000,55400,13,PRD_000052;PRD_000053;PRD_000054;PRD_000055;PRD_000056;PRD_000057;PRD_000058;PRD_000059;PRD_000060;PRD_000061;PRD_000062;PRD_000063;PRD_000064
COMP_STK_PRINT,PRICE_TYPE.01,SIZ_000059,MAT_000084,300,350,1535600,1470000,65600,15,PRD_000052;PRD_000053;PRD_000054;PRD_000055;PRD_000056;PRD_000057;PRD_000058;PRD_000059;PRD_000060;PRD_000061;PRD_000062;PRD_000063;PRD_000064
COMP_STK_PRINT,PRICE_TYPE.01,SIZ_000059,MAT_000084,350,400,1675800,1600000,75800,19,PRD_000052;PRD_000053;PRD_000054;PRD_000055;PRD_000056;PRD_000057;PRD_000058;PRD_000059;PRD_000060;PRD_000061;PRD_000062;PRD_000063;PRD_000064
COMP_STK_PRINT,PRICE_TYPE.01,SIZ_000059,MAT_000242,50,60,312700,312000,700,1,PRD_000052;PRD_000053;PRD_000054;PRD_000055;PRD_000056;PRD_000057;PRD_000058;PRD_000059;PRD_000060;PRD_000061;PRD_000062;PRD_000063;PRD_000064
COMP_STK_PRINT,PRICE_TYPE.01,SIZ_000059,MAT_000242,100,120,618800,612000,6800,2,PRD_000052;PRD_000053;PRD_000054;PRD_000055;PRD_000056;PRD_000057;PRD_000058;PRD_000059;PRD_000060;PRD_000061;PRD_000062;PRD_000063;PRD_000064
COMP_STK_PRINT,PRICE_TYPE.01,SIZ_000059,MAT_000242,125,140,708900,700000,8900,2,PRD_000052;PRD_000053;PRD_000054;PRD_000055;PRD_000056;PRD_000057;PRD_000058;PRD_000059;PRD_000060;PRD_000061;PRD_000062;PRD_000063;PRD_000064
COMP_STK_PRINT,PRICE_TYPE.01,SIZ_000059,MAT_000242,150,160,795000,768000,27000,6,PRD_000052;PRD_000053;PRD_000054;PRD_000055;PRD_000056;PRD_000057;PRD_000058;PRD_000059;PRD_000060;PRD_000061;PRD_000062;PRD_000063;PRD_000064
COMP_STK_PRINT,PRICE_TYPE.01,SIZ_000059,MAT_000242,200,250,1195200,1150000,45200,10,PRD_000052;PRD_000053;PRD_000054;PRD_000055;PRD_000056;PRD_000057;PRD_000058;PRD_000059;PRD_000060;PRD_000061;PRD_000062;PRD_000063;PRD_000064
COMP_STK_PRINT,PRICE_TYPE.01,SIZ_000059,MAT_000242,250,300,1375400,1320000,55400,13,PRD_000052;PRD_000053;PRD_000054;PRD_000055;PRD_000056;PRD_000057;PRD_000058;PRD_000059;PRD_000060;PRD_000061;PRD_000062;PRD_000063;PRD_000064
COMP_STK_PRINT,PRICE_TYPE.01,SIZ_000059,MAT_000242,300,350,1535600,1470000,65600,15,PRD_000052;PRD_000053;PRD_000054;PRD_000055;PRD_000056;PRD_000057;PRD_000058;PRD_000059;PRD_000060;PRD_000061;PRD_000062;PRD_000063;PRD_000064
COMP_STK_PRINT,PRICE_TYPE.01,SIZ_000059,MAT_000242,350,400,1675800,1600000,75800,19,PRD_000052;PRD_000053;PRD_000054;PRD_000055;PRD_000056;PRD_000057;PRD_000058;PRD_000059;PRD_000060;PRD_000061;PRD_000062;PRD_000063;PRD_000064
COMP_STK_PRINT,PRICE_TYPE.01,SIZ_000060,MAT_000242,70,75,392200,390000,2200,1,PRD_000052;PRD_000053;PRD_000054;PRD_000055;PRD_000056;PRD_000057;PRD_000058;PRD_000059;PRD_000060;PRD_000061;PRD_000062;PRD_000063;PRD_000064
COMP_STK_PRINT,PRICE_TYPE.01,SIZ_000060,MAT_000242,120,125,644800,625000,19800,4,PRD_000052;PRD_000053;PRD_000054;PRD_000055;PRD_000056;PRD_000057;PRD_000058;PRD_000059;PRD_000060;PRD_000061;PRD_000062;PRD_000063;PRD_000064
COMP_STK_PRINT,PRICE_TYPE.01,SIZ_000060,MAT_000242,150,160,795000,768000,27000,6,PRD_000052;PRD_000053;PRD_000054;PRD_000055;PRD_000056;PRD_000057;PRD_000058;PRD_000059;PRD_000060;PRD_000061;PRD_000062;PRD_000063;PRD_000064
COMP_STK_PRINT,PRICE_TYPE.01,SIZ_000060,MAT_000242,200,250,1195200,1150000,45200,10,PRD_000052;PRD_000053;PRD_000054;PRD_000055;PRD_000056;PRD_000057;PRD_000058;PRD_000059;PRD_000060;PRD_000061;PRD_000062;PRD_000063;PRD_000064
COMP_STK_PRINT,PRICE_TYPE.01,SIZ_000060,MAT_000242,250,300,1375400,1320000,55400,13,PRD_000052;PRD_000053;PRD_000054;PRD_000055;PRD_000056;PRD_000057;PRD_000058;PRD_000059;PRD_000060;PRD_000061;PRD_000062;PRD_000063;PRD_000064
COMP_STK_PRINT,PRICE_TYPE.01,SIZ_000060,MAT_000242,300,350,1535600,1470000,65600,15,PRD_000052;PRD_000053;PRD_000054;PRD_000055;PRD_000056;PRD_000057;PRD_000058;PRD_000059;PRD_000060;PRD_000061;PRD_000062;PRD_000063;PRD_000064
COMP_STK_PRINT,PRICE_TYPE.01,SIZ_000060,MAT_000242,350,400,1675800,1600000,75800,19,PRD_000052;PRD_000053;PRD_000054;PRD_000055;PRD_000056;PRD_000057;PRD_000058;PRD_000059;PRD_000060;PRD_000061;PRD_000062;PRD_000063;PRD_000064
COMP_STK_PRINT,PRICE_TYPE.01,SIZ_000060,MAT_000156,70,75,466200,465000,1200,1,PRD_000052;PRD_000053;PRD_000054;PRD_000055;PRD_000056;PRD_000057;PRD_000058;PRD_000059;PRD_000060;PRD_000061;PRD_000062;PRD_000063;PRD_000064
COMP_STK_PRINT,PRICE_TYPE.01,SIZ_000060,MAT_000156,120,125,768800,750000,18800,4,PRD_000052;PRD_000053;PRD_000054;PRD_000055;PRD_000056;PRD_000057;PRD_000058;PRD_000059;PRD_000060;PRD_000061;PRD_000062;PRD_000063;PRD_000064
COMP_STK_PRINT,PRICE_TYPE.01,SIZ_000060,MAT_000156,150,160,954000,928000,26000,5,PRD_000052;PRD_000053;PRD_000054;PRD_000055;PRD_000056;PRD_000057;PRD_000058;PRD_000059;PRD_000060;PRD_000061;PRD_000062;PRD_000063;PRD_000064
COMP_STK_PRINT,PRICE_TYPE.01,SIZ_000060,MAT_000156,200,250,1444200,1400000,44200,8,PRD_000052;PRD_000053;PRD_000054;PRD_000055;PRD_000056;PRD_000057;PRD_000058;PRD_000059;PRD_000060;PRD_000061;PRD_000062;PRD_000063;PRD_000064
COMP_STK_PRINT,PRICE_TYPE.01,SIZ_000060,MAT_000156,250,300,1674400,1620000,54400,10,PRD_000052;PRD_000053;PRD_000054;PRD_000055;PRD_000056;PRD_000057;PRD_000058;PRD_000059;PRD_000060;PRD_000061;PRD_000062;PRD_000063;PRD_000064
COMP_STK_PRINT,PRICE_TYPE.01,SIZ_000060,MAT_000156,300,350,1884600,1820000,64600,12,PRD_000052;PRD_000053;PRD_000054;PRD_000055;PRD_000056;PRD_000057;PRD_000058;PRD_000059;PRD_000060;PRD_000061;PRD_000062;PRD_000063;PRD_000064
COMP_STK_PRINT,PRICE_TYPE.01,SIZ_000060,MAT_000156,350,400,2074800,2000000,74800,15,PRD_000052;PRD_000053;PRD_000054;PRD_000055;PRD_000056;PRD_000057;PRD_000058;PRD_000059;PRD_000060;PRD_000061;PRD_000062;PRD_000063;PRD_000064
COMP_STK_PRINT,PRICE_TYPE.01,SIZ_000059,MAT_000156,100,120,737800,732000,5800,1,PRD_000052;PRD_000053;PRD_000054;PRD_000055;PRD_000056;PRD_000057;PRD_000058;PRD_000059;PRD_000060;PRD_000061;PRD_000062;PRD_000063;PRD_000064
COMP_STK_PRINT,PRICE_TYPE.01,SIZ_000059,MAT_000156,125,140,847900,840000,7900,2,PRD_000052;PRD_000053;PRD_000054;PRD_000055;PRD_000056;PRD_000057;PRD_000058;PRD_000059;PRD_000060;PRD_000061;PRD_000062;PRD_000063;PRD_000064
COMP_STK_PRINT,PRICE_TYPE.01,SIZ_000059,MAT_000156,150,160,954000,928000,26000,5,PRD_000052;PRD_000053;PRD_000054;PRD_000055;PRD_000056;PRD_000057;PRD_000058;PRD_000059;PRD_000060;PRD_000061;PRD_000062;PRD_000063;PRD_000064
COMP_STK_PRINT,PRICE_TYPE.01,SIZ_000059,MAT_000156,200,250,1444200,1400000,44200,8,PRD_000052;PRD_000053;PRD_000054;PRD_000055;PRD_000056;PRD_000057;PRD_000058;PRD_000059;PRD_000060;PRD_000061;PRD_000062;PRD_000063;PRD_000064
COMP_STK_PRINT,PRICE_TYPE.01,SIZ_000059,MAT_000156,250,300,1674400,1620000,54400,10,PRD_000052;PRD_000053;PRD_000054;PRD_000055;PRD_000056;PRD_000057;PRD_000058;PRD_000059;PRD_000060;PRD_000061;PRD_000062;PRD_000063;PRD_000064
COMP_STK_PRINT,PRICE_TYPE.01,SIZ_000059,MAT_000156,300,350,1884600,1820000,64600,12,PRD_000052;PRD_000053;PRD_000054;PRD_000055;PRD_000056;PRD_000057;PRD_000058;PRD_000059;PRD_000060;PRD_000061;PRD_000062;PRD_000063;PRD_000064
COMP_STK_PRINT,PRICE_TYPE.01,SIZ_000059,MAT_000156,350,400,2074800,2000000,74800,15,PRD_000052;PRD_000053;PRD_000054;PRD_000055;PRD_000056;PRD_000057;PRD_000058;PRD_000059;PRD_000060;PRD_000061;PRD_000062;PRD_000063;PRD_000064
COMP_STK_PRINT,PRICE_TYPE.01,SIZ_000059,MAT_000163,100,120,737800,732000,5800,1,PRD_000052;PRD_000053;PRD_000054;PRD_000055;PRD_000056;PRD_000057;PRD_000058;PRD_000059;PRD_000060;PRD_000061;PRD_000062;PRD_000063;PRD_000064
COMP_STK_PRINT,PRICE_TYPE.01,SIZ_000059,MAT_000163,125,140,847900,840000,7900,2,PRD_000052;PRD_000053;PRD_000054;PRD_000055;PRD_000056;PRD_000057;PRD_000058;PRD_000059;PRD_000060;PRD_000061;PRD_000062;PRD_000063;PRD_000064
COMP_STK_PRINT,PRICE_TYPE.01,SIZ_000059,MAT_000163,150,160,954000,928000,26000,5,PRD_000052;PRD_000053;PRD_000054;PRD_000055;PRD_000056;PRD_000057;PRD_000058;PRD_000059;PRD_000060;PRD_000061;PRD_000062;PRD_000063;PRD_000064
COMP_STK_PRINT,PRICE_TYPE.01,SIZ_000059,MAT_000163,200,250,1444200,1400000,44200,8,PRD_000052;PRD_000053;PRD_000054;PRD_000055;PRD_000056;PRD_000057;PRD_000058;PRD_000059;PRD_000060;PRD_000061;PRD_000062;PRD_000063;PRD_000064
COMP_STK_PRINT,PRICE_TYPE.01,SIZ_000059,MAT_000163,250,300,1674400,1620000,54400,10,PRD_000052;PRD_000053;PRD_000054;PRD_000055;PRD_000056;PRD_000057;PRD_000058;PRD_000059;PRD_000060;PRD_000061;PRD_000062;PRD_000063;PRD_000064
COMP_STK_PRINT,PRICE_TYPE.01,SIZ_000059,MAT_000163,300,350,1884600,1820000,64600,12,PRD_000052;PRD_000053;PRD_000054;PRD_000055;PRD_000056;PRD_000057;PRD_000058;PRD_000059;PRD_000060;PRD_000061;PRD_000062;PRD_000063;PRD_000064
COMP_STK_PRINT,PRICE_TYPE.01,SIZ_000059,MAT_000163,350,400,2074800,2000000,74800,15,PRD_000052;PRD_000053;PRD_000054;PRD_000055;PRD_000056;PRD_000057;PRD_000058;PRD_000059;PRD_000060;PRD_000061;PRD_000062;PRD_000063;PRD_000064
COMP_STK_PRINT,PRICE_TYPE.01,SIZ_000060,MAT_000163,70,75,466200,465000,1200,1,PRD_000052;PRD_000053;PRD_000054;PRD_000055;PRD_000056;PRD_000057;PRD_000058;PRD_000059;PRD_000060;PRD_000061;PRD_000062;PRD_000063;PRD_000064
COMP_STK_PRINT,PRICE_TYPE.01,SIZ_000060,MAT_000163,120,125,768800,750000,18800,4,PRD_000052;PRD_000053;PRD_000054;PRD_000055;PRD_000056;PRD_000057;PRD_000058;PRD_000059;PRD_000060;PRD_000061;PRD_000062;PRD_000063;PRD_000064
COMP_STK_PRINT,PRICE_TYPE.01,SIZ_000060,MAT_000163,150,160,954000,928000,26000,5,PRD_000052;PRD_000053;PRD_000054;PRD_000055;PRD_000056;PRD_000057;PRD_000058;PRD_000059;PRD_000060;PRD_000061;PRD_000062;PRD_000063;PRD_000064
COMP_STK_PRINT,PRICE_TYPE.01,SIZ_000060,MAT_000163,200,250,1444200,1400000,44200,8,PRD_000052;PRD_000053;PRD_000054;PRD_000055;PRD_000056;PRD_000057;PRD_000058;PRD_000059;PRD_000060;PRD_000061;PRD_000062;PRD_000063;PRD_000064
COMP_STK_PRINT,PRICE_TYPE.01,SIZ_000060,MAT_000163,250,300,1674400,1620000,54400,10,PRD_000052;PRD_000053;PRD_000054;PRD_000055;PRD_000056;PRD_000057;PRD_000058;PRD_000059;PRD_000060;PRD_000061;PRD_000062;PRD_000063;PRD_000064
COMP_STK_PRINT,PRICE_TYPE.01,SIZ_000060,MAT_000163,300,350,1884600,1820000,64600,12,PRD_000052;PRD_000053;PRD_000054;PRD_000055;PRD_000056;PRD_000057;PRD_000058;PRD_000059;PRD_000060;PRD_000061;PRD_000062;PRD_000063;PRD_000064
COMP_STK_PRINT,PRICE_TYPE.01,SIZ_000060,MAT_000163,350,400,2074800,2000000,74800,15,PRD_000052;PRD_000053;PRD_000054;PRD_000055;PRD_000056;PRD_000057;PRD_000058;PRD_000059;PRD_000060;PRD_000061;PRD_000062;PRD_000063;PRD_000064
COMP_STK_PRINT,PRICE_TYPE.01,SIZ_000514,MAT_000162,20,50,998130,997500,630,1,PRD_000052;PRD_000053;PRD_000054;PRD_000055;PRD_000056;PRD_000057;PRD_000058;PRD_000059;PRD_000060;PRD_000061;PRD_000062;PRD_000063;PRD_000064
COMP_STK_PRINT,PRICE_TYPE.01,SIZ_000514,MAT_000162,50,100,1975050,1890000,85050,5,PRD_000052;PRD_000053;PRD_000054;PRD_000055;PRD_000056;PRD_000057;PRD_000058;PRD_000059;PRD_000060;PRD_000061;PRD_000062;PRD_000063;PRD_000064
COMP_STK_PRINT,PRICE_TYPE.01,SIZ_000514,MAT_000162,100,200,3761100,3570000,191100,11,PRD_000052;PRD_000053;PRD_000054;PRD_000055;PRD_000056;PRD_000057;PRD_000058;PRD_000059;PRD_000060;PRD_000061;PRD_000062;PRD_000063;PRD_000064
COMP_STK_PRINT,PRICE_TYPE.01,SIZ_000514,MAT_000162,200,300,5337150,5040000,297150,17,PRD_000052;PRD_000053;PRD_000054;PRD_000055;PRD_000056;PRD_000057;PRD_000058;PRD_000059;PRD_000060;PRD_000061;PRD_000062;PRD_000063;PRD_000064
COMP_STK_PRINT,PRICE_TYPE.01,SIZ_000514,MAT_000153,20,50,570360,570000,360,1,PRD_000052;PRD_000053;PRD_000054;PRD_000055;PRD_000056;PRD_000057;PRD_000058;PRD_000059;PRD_000060;PRD_000061;PRD_000062;PRD_000063;PRD_000064
COMP_STK_PRINT,PRICE_TYPE.01,SIZ_000514,MAT_000153,50,100,1128600,1080000,48600,5,PRD_000052;PRD_000053;PRD_000054;PRD_000055;PRD_000056;PRD_000057;PRD_000058;PRD_000059;PRD_000060;PRD_000061;PRD_000062;PRD_000063;PRD_000064
COMP_STK_PRINT,PRICE_TYPE.01,SIZ_000514,MAT_000153,100,200,2149200,2040000,109200,11,PRD_000052;PRD_000053;PRD_000054;PRD_000055;PRD_000056;PRD_000057;PRD_000058;PRD_000059;PRD_000060;PRD_000061;PRD_000062;PRD_000063;PRD_000064
COMP_STK_PRINT,PRICE_TYPE.01,SIZ_000514,MAT_000153,200,300,3049800,2880000,169800,17,PRD_000052;PRD_000053;PRD_000054;PRD_000055;PRD_000056;PRD_000057;PRD_000058;PRD_000059;PRD_000060;PRD_000061;PRD_000062;PRD_000063;PRD_000064
COMP_STK_PRINT,PRICE_TYPE.01,SIZ_000515,MAT_000153,20,50,285180,285000,180,1,PRD_000052;PRD_000053;PRD_000054;PRD_000055;PRD_000056;PRD_000057;PRD_000058;PRD_000059;PRD_000060;PRD_000061;PRD_000062;PRD_000063;PRD_000064
COMP_STK_PRINT,PRICE_TYPE.01,SIZ_000515,MAT_000153,50,100,564300,540000,24300,5,PRD_000052;PRD_000053;PRD_000054;PRD_000055;PRD_000056;PRD_000057;PRD_000058;PRD_000059;PRD_000060;PRD_000061;PRD_000062;PRD_000063;PRD_000064
COMP_STK_PRINT,PRICE_TYPE.01,SIZ_000515,MAT_000153,100,200,1074600,1020000,54600,11,PRD_000052;PRD_000053;PRD_000054;PRD_000055;PRD_000056;PRD_000057;PRD_000058;PRD_000059;PRD_000060;PRD_000061;PRD_000062;PRD_000063;PRD_000064
COMP_STK_PRINT,PRICE_TYPE.01,SIZ_000515,MAT_000153,200,300,1524900,1440000,84900,17,PRD_000052;PRD_000053;PRD_000054;PRD_000055;PRD_000056;PRD_000057;PRD_000058;PRD_000059;PRD_000060;PRD_000061;PRD_000062;PRD_000063;PRD_000064
COMP_STK_PRINT,PRICE_TYPE.01,SIZ_000515,MAT_000162,20,50,499065,498750,315,1,PRD_000052;PRD_000053;PRD_000054;PRD_000055;PRD_000056;PRD_000057;PRD_000058;PRD_000059;PRD_000060;PRD_000061;PRD_000062;PRD_000063;PRD_000064
COMP_STK_PRINT,PRICE_TYPE.01,SIZ_000515,MAT_000162,50,100,987525,945000,42525,5,PRD_000052;PRD_000053;PRD_000054;PRD_000055;PRD_000056;PRD_000057;PRD_000058;PRD_000059;PRD_000060;PRD_000061;PRD_000062;PRD_000063;PRD_000064
COMP_STK_PRINT,PRICE_TYPE.01,SIZ_000515,MAT_000162,100,200,1880550,1785000,95550,11,PRD_000052;PRD_000053;PRD_000054;PRD_000055;PRD_000056;PRD_000057;PRD_000058;PRD_000059;PRD_000060;PRD_000061;PRD_000062;PRD_000063;PRD_000064
COMP_STK_PRINT,PRICE_TYPE.01,SIZ_000515,MAT_000162,200,300,2668575,2520000,148575,17,PRD_000052;PRD_000053;PRD_000054;PRD_000055;PRD_000056;PRD_000057;PRD_000058;PRD_000059;PRD_000060;PRD_000061;PRD_000062;PRD_000063;PRD_000064
COMP_STK_PRINT,PRICE_TYPE.01,SIZ_000518,MAT_000155,70,75,510600,502500,8100,2,PRD_000052;PRD_000053;PRD_000054;PRD_000055;PRD_000056;PRD_000057;PRD_000058;PRD_000059;PRD_000060;PRD_000061;PRD_000062;PRD_000063;PRD_000064
COMP_STK_PRINT,PRICE_TYPE.01,SIZ_000518,MAT_000155,160,175,1165800,1137500,28300,5,PRD_000052;PRD_000053;PRD_000054;PRD_000055;PRD_000056;PRD_000057;PRD_000058;PRD_000059;PRD_000060;PRD_000061;PRD_000062;PRD_000063;PRD_000064
COMP_STK_PRINT,PRICE_TYPE.01,SIZ_000518,MAT_000155,180,200,1293500,1260000,33500,6,PRD_000052;PRD_000053;PRD_000054;PRD_000055;PRD_000056;PRD_000057;PRD_000058;PRD_000059;PRD_000060;PRD_000061;PRD_000062;PRD_000063;PRD_000064
COMP_STK_PRINT,PRICE_TYPE.01,SIZ_000518,MAT_000155,200,250,1568700,1525000,43700,7,PRD_000052;PRD_000053;PRD_000054;PRD_000055;PRD_000056;PRD_000057;PRD_000058;PRD_000059;PRD_000060;PRD_000061;PRD_000062;PRD_000063;PRD_000064
COMP_STK_PRINT,PRICE_TYPE.01,SIZ_000518,MAT_000155,250,300,1823900,1770000,53900,9,PRD_000052;PRD_000053;PRD_000054;PRD_000055;PRD_000056;PRD_000057;PRD_000058;PRD_000059;PRD_000060;PRD_000061;PRD_000062;PRD_000063;PRD_000064
COMP_STK_PRINT,PRICE_TYPE.01,SIZ_000518,MAT_000155,300,350,2059100,1995000,64100,11,PRD_000052;PRD_000053;PRD_000054;PRD_000055;PRD_000056;PRD_000057;PRD_000058;PRD_000059;PRD_000060;PRD_000061;PRD_000062;PRD_000063;PRD_000064
COMP_STK_PRINT,PRICE_TYPE.01,SIZ_000518,MAT_000155,350,400,2274300,2200000,74300,14,PRD_000052;PRD_000053;PRD_000054;PRD_000055;PRD_000056;PRD_000057;PRD_000058;PRD_000059;PRD_000060;PRD_000061;PRD_000062;PRD_000063;PRD_000064
COMP_STK_PRINT,PRICE_TYPE.01,SIZ_000518,MAT_000242,70,75,436600,427500,9100,2,PRD_000052;PRD_000053;PRD_000054;PRD_000055;PRD_000056;PRD_000057;PRD_000058;PRD_000059;PRD_000060;PRD_000061;PRD_000062;PRD_000063;PRD_000064
COMP_STK_PRINT,PRICE_TYPE.01,SIZ_000518,MAT_000242,160,175,991800,962500,29300,6,PRD_000052;PRD_000053;PRD_000054;PRD_000055;PRD_000056;PRD_000057;PRD_000058;PRD_000059;PRD_000060;PRD_000061;PRD_000062;PRD_000063;PRD_000064
COMP_STK_PRINT,PRICE_TYPE.01,SIZ_000518,MAT_000242,180,200,1094500,1060000,34500,7,PRD_000052;PRD_000053;PRD_000054;PRD_000055;PRD_000056;PRD_000057;PRD_000058;PRD_000059;PRD_000060;PRD_000061;PRD_000062;PRD_000063;PRD_000064
COMP_STK_PRINT,PRICE_TYPE.01,SIZ_000518,MAT_000242,200,250,1319700,1275000,44700,9,PRD_000052;PRD_000053;PRD_000054;PRD_000055;PRD_000056;PRD_000057;PRD_000058;PRD_000059;PRD_000060;PRD_000061;PRD_000062;PRD_000063;PRD_000064
COMP_STK_PRINT,PRICE_TYPE.01,SIZ_000518,MAT_000242,250,300,1524900,1470000,54900,11,PRD_000052;PRD_000053;PRD_000054;PRD_000055;PRD_000056;PRD_000057;PRD_000058;PRD_000059;PRD_000060;PRD_000061;PRD_000062;PRD_000063;PRD_000064
COMP_STK_PRINT,PRICE_TYPE.01,SIZ_000518,MAT_000242,300,350,1710100,1645000,65100,14,PRD_000052;PRD_000053;PRD_000054;PRD_000055;PRD_000056;PRD_000057;PRD_000058;PRD_000059;PRD_000060;PRD_000061;PRD_000062;PRD_000063;PRD_000064
COMP_STK_PRINT,PRICE_TYPE.01,SIZ_000518,MAT_000242,350,400,1875300,1800000,75300,17,PRD_000052;PRD_000053;PRD_000054;PRD_000055;PRD_000056;PRD_000057;PRD_000058;PRD_000059;PRD_000060;PRD_000061;PRD_000062;PRD_000063;PRD_000064
COMP_STK_PRINT,PRICE_TYPE.01,SIZ_000519,MAT_000156,80,90,614100,603000,11100,2,PRD_000052;PRD_000053;PRD_000054;PRD_000055;PRD_000056;PRD_000057;PRD_000058;PRD_000059;PRD_000060;PRD_000061;PRD_000062;PRD_000063;PRD_000064
COMP_STK_PRINT,PRICE_TYPE.01,SIZ_000519,MAT_000156,160,175,1165800,1137500,28300,5,PRD_000052;PRD_000053;PRD_000054;PRD_000055;PRD_000056;PRD_000057;PRD_000058;PRD_000059;PRD_000060;PRD_000061;PRD_000062;PRD_000063;PRD_000064
COMP_STK_PRINT,PRICE_TYPE.01,SIZ_000519,MAT_000156,180,200,1293500,1260000,33500,6,PRD_000052;PRD_000053;PRD_000054;PRD_000055;PRD_000056;PRD_000057;PRD_000058;PRD_000059;PRD_000060;PRD_000061;PRD_000062;PRD_000063;PRD_000064
COMP_STK_PRINT,PRICE_TYPE.01,SIZ_000519,MAT_000156,200,250,1568700,1525000,43700,7,PRD_000052;PRD_000053;PRD_000054;PRD_000055;PRD_000056;PRD_000057;PRD_000058;PRD_000059;PRD_000060;PRD_000061;PRD_000062;PRD_000063;PRD_000064
COMP_STK_PRINT,PRICE_TYPE.01,SIZ_000519,MAT_000156,250,300,1823900,1770000,53900,9,PRD_000052;PRD_000053;PRD_000054;PRD_000055;PRD_000056;PRD_000057;PRD_000058;PRD_000059;PRD_000060;PRD_000061;PRD_000062;PRD_000063;PRD_000064
COMP_STK_PRINT,PRICE_TYPE.01,SIZ_000519,MAT_000156,300,350,2059100,1995000,64100,11,PRD_000052;PRD_000053;PRD_000054;PRD_000055;PRD_000056;PRD_000057;PRD_000058;PRD_000059;PRD_000060;PRD_000061;PRD_000062;PRD_000063;PRD_000064
COMP_STK_PRINT,PRICE_TYPE.01,SIZ_000519,MAT_000156,350,400,2274300,2200000,74300,14,PRD_000052;PRD_000053;PRD_000054;PRD_000055;PRD_000056;PRD_000057;PRD_000058;PRD_000059;PRD_000060;PRD_000061;PRD_000062;PRD_000063;PRD_000064
COMP_STK_PRINT,PRICE_TYPE.01,SIZ_000518,MAT_000156,70,75,510600,502500,8100,2,PRD_000052;PRD_000053;PRD_000054;PRD_000055;PRD_000056;PRD_000057;PRD_000058;PRD_000059;PRD_000060;PRD_000061;PRD_000062;PRD_000063;PRD_000064
COMP_STK_PRINT,PRICE_TYPE.01,SIZ_000518,MAT_000156,160,175,1165800,1137500,28300,5,PRD_000052;PRD_000053;PRD_000054;PRD_000055;PRD_000056;PRD_000057;PRD_000058;PRD_000059;PRD_000060;PRD_000061;PRD_000062;PRD_000063;PRD_000064
COMP_STK_PRINT,PRICE_TYPE.01,SIZ_000518,MAT_000156,180,200,1293500,1260000,33500,6,PRD_000052;PRD_000053;PRD_000054;PRD_000055;PRD_000056;PRD_000057;PRD_000058;PRD_000059;PRD_000060;PRD_000061;PRD_000062;PRD_000063;PRD_000064
COMP_STK_PRINT,PRICE_TYPE.01,SIZ_000518,MAT_000156,200,250,1568700,1525000,43700,7,PRD_000052;PRD_000053;PRD_000054;PRD_000055;PRD_000056;PRD_000057;PRD_000058;PRD_000059;PRD_000060;PRD_000061;PRD_000062;PRD_000063;PRD_000064
COMP_STK_PRINT,PRICE_TYPE.01,SIZ_000518,MAT_000156,250,300,1823900,1770000,53900,9,PRD_000052;PRD_000053;PRD_000054;PRD_000055;PRD_000056;PRD_000057;PRD_000058;PRD_000059;PRD_000060;PRD_000061;PRD_000062;PRD_000063;PRD_000064
COMP_STK_PRINT,PRICE_TYPE.01,SIZ_000518,MAT_000156,300,350,2059100,1995000,64100,11,PRD_000052;PRD_000053;PRD_000054;PRD_000055;PRD_000056;PRD_000057;PRD_000058;PRD_000059;PRD_000060;PRD_000061;PRD_000062;PRD_000063;PRD_000064
COMP_STK_PRINT,PRICE_TYPE.01,SIZ_000518,MAT_000156,350,400,2274300,2200000,74300,14,PRD_000052;PRD_000053;PRD_000054;PRD_000055;PRD_000056;PRD_000057;PRD_000058;PRD_000059;PRD_000060;PRD_000061;PRD_000062;PRD_000063;PRD_000064
COMP_STK_PRINT,PRICE_TYPE.01,SIZ_000519,MAT_000242,80,90,525100,513000,12100,3,PRD_000052;PRD_000053;PRD_000054;PRD_000055;PRD_000056;PRD_000057;PRD_000058;PRD_000059;PRD_000060;PRD_000061;PRD_000062;PRD_000063;PRD_000064
COMP_STK_PRINT,PRICE_TYPE.01,SIZ_000519,MAT_000242,160,175,991800,962500,29300,6,PRD_000052;PRD_000053;PRD_000054;PRD_000055;PRD_000056;PRD_000057;PRD_000058;PRD_000059;PRD_000060;PRD_000061;PRD_000062;PRD_000063;PRD_000064
COMP_STK_PRINT,PRICE_TYPE.01,SIZ_000519,MAT_000242,180,200,1094500,1060000,34500,7,PRD_000052;PRD_000053;PRD_000054;PRD_000055;PRD_000056;PRD_000057;PRD_000058;PRD_000059;PRD_000060;PRD_000061;PRD_000062;PRD_000063;PRD_000064
COMP_STK_PRINT,PRICE_TYPE.01,SIZ_000519,MAT_000242,200,250,1319700,1275000,44700,9,PRD_000052;PRD_000053;PRD_000054;PRD_000055;PRD_000056;PRD_000057;PRD_000058;PRD_000059;PRD_000060;PRD_000061;PRD_000062;PRD_000063;PRD_000064
COMP_STK_PRINT,PRICE_TYPE.01,SIZ_000519,MAT_000242,250,300,1524900,1470000,54900,11,PRD_000052;PRD_000053;PRD_000054;PRD_000055;PRD_000056;PRD_000057;PRD_000058;PRD_000059;PRD_000060;PRD_000061;PRD_000062;PRD_000063;PRD_000064
COMP_STK_PRINT,PRICE_TYPE.01,SIZ_000519,MAT_000242,300,350,1710100,1645000,65100,14,PRD_000052;PRD_000053;PRD_000054;PRD_000055;PRD_000056;PRD_000057;PRD_000058;PRD_000059;PRD_000060;PRD_000061;PRD_000062;PRD_000063;PRD_000064
COMP_STK_PRINT,PRICE_TYPE.01,SIZ_000519,MAT_000242,350,400,1875300,1800000,75300,17,PRD_000052;PRD_000053;PRD_000054;PRD_000055;PRD_000056;PRD_000057;PRD_000058;PRD_000059;PRD_000060;PRD_000061;PRD_000062;PRD_000063;PRD_000064
COMP_STK_PRINT,PRICE_TYPE.01,SIZ_000519,MAT_000155,80,90,614100,603000,11100,2,PRD_000052;PRD_000053;PRD_000054;PRD_000055;PRD_000056;PRD_000057;PRD_000058;PRD_000059;PRD_000060;PRD_000061;PRD_000062;PRD_000063;PRD_000064
COMP_STK_PRINT,PRICE_TYPE.01,SIZ_000519,MAT_000155,160,175,1165800,1137500,28300,5,PRD_000052;PRD_000053;PRD_000054;PRD_000055;PRD_000056;PRD_000057;PRD_000058;PRD_000059;PRD_000060;PRD_000061;PRD_000062;PRD_000063;PRD_000064
COMP_STK_PRINT,PRICE_TYPE.01,SIZ_000519,MAT_000155,180,200,1293500,1260000,33500,6,PRD_000052;PRD_000053;PRD_000054;PRD_000055;PRD_000056;PRD_000057;PRD_000058;PRD_000059;PRD_000060;PRD_000061;PRD_000062;PRD_000063;PRD_000064
COMP_STK_PRINT,PRICE_TYPE.01,SIZ_000519,MAT_000155,200,250,1568700,1525000,43700,7,PRD_000052;PRD_000053;PRD_000054;PRD_000055;PRD_000056;PRD_000057;PRD_000058;PRD_000059;PRD_000060;PRD_000061;PRD_000062;PRD_000063;PRD_000064
COMP_STK_PRINT,PRICE_TYPE.01,SIZ_000519,MAT_000155,250,300,1823900,1770000,53900,9,PRD_000052;PRD_000053;PRD_000054;PRD_000055;PRD_000056;PRD_000057;PRD_000058;PRD_000059;PRD_000060;PRD_000061;PRD_000062;PRD_000063;PRD_000064
COMP_STK_PRINT,PRICE_TYPE.01,SIZ_000519,MAT_000155,300,350,2059100,1995000,64100,11,PRD_000052;PRD_000053;PRD_000054;PRD_000055;PRD_000056;PRD_000057;PRD_000058;PRD_000059;PRD_000060;PRD_000061;PRD_000062;PRD_000063;PRD_000064
COMP_STK_PRINT,PRICE_TYPE.01,SIZ_000519,MAT_000155,350,400,2274300,2200000,74300,14,PRD_000052;PRD_000053;PRD_000054;PRD_000055;PRD_000056;PRD_000057;PRD_000058;PRD_000059;PRD_000060;PRD_000061;PRD_000062;PRD_000063;PRD_000064
COMP_STK_PRINT,PRICE_TYPE.01,SIZ_000519,MAT_000084,80,90,525100,513000,12100,3,PRD_000052;PRD_000053;PRD_000054;PRD_000055;PRD_000056;PRD_000057;PRD_000058;PRD_000059;PRD_000060;PRD_000061;PRD_000062;PRD_000063;PRD_000064
COMP_STK_PRINT,PRICE_TYPE.01,SIZ_000519,MAT_000084,160,175,991800,962500,29300,6,PRD_000052;PRD_000053;PRD_000054;PRD_000055;PRD_000056;PRD_000057;PRD_000058;PRD_000059;PRD_000060;PRD_000061;PRD_000062;PRD_000063;PRD_000064
COMP_STK_PRINT,PRICE_TYPE.01,SIZ_000519,MAT_000084,180,200,1094500,1060000,34500,7,PRD_000052;PRD_000053;PRD_000054;PRD_000055;PRD_000056;PRD_000057;PRD_000058;PRD_000059;PRD_000060;PRD_000061;PRD_000062;PRD_000063;PRD_000064
COMP_STK_PRINT,PRICE_TYPE.01,SIZ_000519,MAT_000084,200,250,1319700,1275000,44700,9,PRD_000052;PRD_000053;PRD_000054;PRD_000055;PRD_000056;PRD_000057;PRD_000058;PRD_000059;PRD_000060;PRD_000061;PRD_000062;PRD_000063;PRD_000064
COMP_STK_PRINT,PRICE_TYPE.01,SIZ_000519,MAT_000084,250,300,1524900,1470000,54900,11,PRD_000052;PRD_000053;PRD_000054;PRD_000055;PRD_000056;PRD_000057;PRD_000058;PRD_000059;PRD_000060;PRD_000061;PRD_000062;PRD_000063;PRD_000064
COMP_STK_PRINT,PRICE_TYPE.01,SIZ_000519,MAT_000084,300,350,1710100,1645000,65100,14,PRD_000052;PRD_000053;PRD_000054;PRD_000055;PRD_000056;PRD_000057;PRD_000058;PRD_000059;PRD_000060;PRD_000061;PRD_000062;PRD_000063;PRD_000064
COMP_STK_PRINT,PRICE_TYPE.01,SIZ_000519,MAT_000084,350,400,1875300,1800000,75300,17,PRD_000052;PRD_000053;PRD_000054;PRD_000055;PRD_000056;PRD_000057;PRD_000058;PRD_000059;PRD_000060;PRD_000061;PRD_000062;PRD_000063;PRD_000064
COMP_STK_PRINT,PRICE_TYPE.01,SIZ_000518,MAT_000163,70,75,510600,502500,8100,2,PRD_000052;PRD_000053;PRD_000054;PRD_000055;PRD_000056;PRD_000057;PRD_000058;PRD_000059;PRD_000060;PRD_000061;PRD_000062;PRD_000063;PRD_000064
COMP_STK_PRINT,PRICE_TYPE.01,SIZ_000518,MAT_000163,160,175,1165800,1137500,28300,5,PRD_000052;PRD_000053;PRD_000054;PRD_000055;PRD_000056;PRD_000057;PRD_000058;PRD_000059;PRD_000060;PRD_000061;PRD_000062;PRD_000063;PRD_000064
COMP_STK_PRINT,PRICE_TYPE.01,SIZ_000518,MAT_000163,180,200,1293500,1260000,33500,6,PRD_000052;PRD_000053;PRD_000054;PRD_000055;PRD_000056;PRD_000057;PRD_000058;PRD_000059;PRD_000060;PRD_000061;PRD_000062;PRD_000063;PRD_000064
COMP_STK_PRINT,PRICE_TYPE.01,SIZ_000518,MAT_000163,200,250,1568700,1525000,43700,7,PRD_000052;PRD_000053;PRD_000054;PRD_000055;PRD_000056;PRD_000057;PRD_000058;PRD_000059;PRD_000060;PRD_000061;PRD_000062;PRD_000063;PRD_000064
COMP_STK_PRINT,PRICE_TYPE.01,SIZ_000518,MAT_000163,250,300,1823900,1770000,53900,9,PRD_000052;PRD_000053;PRD_000054;PRD_000055;PRD_000056;PRD_000057;PRD_000058;PRD_000059;PRD_000060;PRD_000061;PRD_000062;PRD_000063;PRD_000064
COMP_STK_PRINT,PRICE_TYPE.01,SIZ_000518,MAT_000163,300,350,2059100,1995000,64100,11,PRD_000052;PRD_000053;PRD_000054;PRD_000055;PRD_000056;PRD_000057;PRD_000058;PRD_000059;PRD_000060;PRD_000061;PRD_000062;PRD_000063;PRD_000064
COMP_STK_PRINT,PRICE_TYPE.01,SIZ_000518,MAT_000163,350,400,2274300,2200000,74300,14,PRD_000052;PRD_000053;PRD_000054;PRD_000055;PRD_000056;PRD_000057;PRD_000058;PRD_000059;PRD_000060;PRD_000061;PRD_000062;PRD_000063;PRD_000064
COMP_STK_PRINT,PRICE_TYPE.01,SIZ_000518,MAT_000153,70,75,436600,427500,9100,2,PRD_000052;PRD_000053;PRD_000054;PRD_000055;PRD_000056;PRD_000057;PRD_000058;PRD_000059;PRD_000060;PRD_000061;PRD_000062;PRD_000063;PRD_000064
COMP_STK_PRINT,PRICE_TYPE.01,SIZ_000518,MAT_000153,160,175,991800,962500,29300,6,PRD_000052;PRD_000053;PRD_000054;PRD_000055;PRD_000056;PRD_000057;PRD_000058;PRD_000059;PRD_000060;PRD_000061;PRD_000062;PRD_000063;PRD_000064
COMP_STK_PRINT,PRICE_TYPE.01,SIZ_000518,MAT_000153,180,200,1094500,1060000,34500,7,PRD_000052;PRD_000053;PRD_000054;PRD_000055;PRD_000056;PRD_000057;PRD_000058;PRD_000059;PRD_000060;PRD_000061;PRD_000062;PRD_000063;PRD_000064
COMP_STK_PRINT,PRICE_TYPE.01,SIZ_000518,MAT_000153,200,250,1319700,1275000,44700,9,PRD_000052;PRD_000053;PRD_000054;PRD_000055;PRD_000056;PRD_000057;PRD_000058;PRD_000059;PRD_000060;PRD_000061;PRD_000062;PRD_000063;PRD_000064
COMP_STK_PRINT,PRICE_TYPE.01,SIZ_000518,MAT_000153,250,300,1524900,1470000,54900,11,PRD_000052;PRD_000053;PRD_000054;PRD_000055;PRD_000056;PRD_000057;PRD_000058;PRD_000059;PRD_000060;PRD_000061;PRD_000062;PRD_000063;PRD_000064
COMP_STK_PRINT,PRICE_TYPE.01,SIZ_000518,MAT_000153,300,350,1710100,1645000,65100,14,PRD_000052;PRD_000053;PRD_000054;PRD_000055;PRD_000056;PRD_000057;PRD_000058;PRD_000059;PRD_000060;PRD_000061;PRD_000062;PRD_000063;PRD_000064
COMP_STK_PRINT,PRICE_TYPE.01,SIZ_000518,MAT_000153,350,400,1875300,1800000,75300,17,PRD_000052;PRD_000053;PRD_000054;PRD_000055;PRD_000056;PRD_000057;PRD_000058;PRD_000059;PRD_000060;PRD_000061;PRD_000062;PRD_000063;PRD_000064
COMP_STK_PRINT,PRICE_TYPE.01,SIZ_000519,MAT_000153,80,90,525100,513000,12100,3,PRD_000052;PRD_000053;PRD_000054;PRD_000055;PRD_000056;PRD_000057;PRD_000058;PRD_000059;PRD_000060;PRD_000061;PRD_000062;PRD_000063;PRD_000064
COMP_STK_PRINT,PRICE_TYPE.01,SIZ_000519,MAT_000153,160,175,991800,962500,29300,6,PRD_000052;PRD_000053;PRD_000054;PRD_000055;PRD_000056;PRD_000057;PRD_000058;PRD_000059;PRD_000060;PRD_000061;PRD_000062;PRD_000063;PRD_000064
COMP_STK_PRINT,PRICE_TYPE.01,SIZ_000519,MAT_000153,180,200,1094500,1060000,34500,7,PRD_000052;PRD_000053;PRD_000054;PRD_000055;PRD_000056;PRD_000057;PRD_000058;PRD_000059;PRD_000060;PRD_000061;PRD_000062;PRD_000063;PRD_000064
COMP_STK_PRINT,PRICE_TYPE.01,SIZ_000519,MAT_000153,200,250,1319700,1275000,44700,9,PRD_000052;PRD_000053;PRD_000054;PRD_000055;PRD_000056;PRD_000057;PRD_000058;PRD_000059;PRD_000060;PRD_000061;PRD_000062;PRD_000063;PRD_000064
COMP_STK_PRINT,PRICE_TYPE.01,SIZ_000519,MAT_000153,250,300,1524900,1470000,54900,11,PRD_000052;PRD_000053;PRD_000054;PRD_000055;PRD_000056;PRD_000057;PRD_000058;PRD_000059;PRD_000060;PRD_000061;PRD_000062;PRD_000063;PRD_000064
COMP_STK_PRINT,PRICE_TYPE.01,SIZ_000519,MAT_000153,300,350,1710100,1645000,65100,14,PRD_000052;PRD_000053;PRD_000054;PRD_000055;PRD_000056;PRD_000057;PRD_000058;PRD_000059;PRD_000060;PRD_000061;PRD_000062;PRD_000063;PRD_000064
COMP_STK_PRINT,PRICE_TYPE.01,SIZ_000519,MAT_000153,350,400,1875300,1800000,75300,17,PRD_000052;PRD_000053;PRD_000054;PRD_000055;PRD_000056;PRD_000057;PRD_000058;PRD_000059;PRD_000060;PRD_000061;PRD_000062;PRD_000063;PRD_000064
COMP_STK_PRINT,PRICE_TYPE.01,SIZ_000519,MAT_000163,80,90,614100,603000,11100,2,PRD_000052;PRD_000053;PRD_000054;PRD_000055;PRD_000056;PRD_000057;PRD_000058;PRD_000059;PRD_000060;PRD_000061;PRD_000062;PRD_000063;PRD_000064
COMP_STK_PRINT,PRICE_TYPE.01,SIZ_000519,MAT_000163,160,175,1165800,1137500,28300,5,PRD_000052;PRD_000053;PRD_000054;PRD_000055;PRD_000056;PRD_000057;PRD_000058;PRD_000059;PRD_000060;PRD_000061;PRD_000062;PRD_000063;PRD_000064
COMP_STK_PRINT,PRICE_TYPE.01,SIZ_000519,MAT_000163,180,200,1293500,1260000,33500,6,PRD_000052;PRD_000053;PRD_000054;PRD_000055;PRD_000056;PRD_000057;PRD_000058;PRD_000059;PRD_000060;PRD_000061;PRD_000062;PRD_000063;PRD_000064
COMP_STK_PRINT,PRICE_TYPE.01,SIZ_000519,MAT_000163,200,250,1568700,1525000,43700,7,PRD_000052;PRD_000053;PRD_000054;PRD_000055;PRD_000056;PRD_000057;PRD_000058;PRD_000059;PRD_000060;PRD_000061;PRD_000062;PRD_000063;PRD_000064
COMP_STK_PRINT,PRICE_TYPE.01,SIZ_000519,MAT_000163,250,300,1823900,1770000,53900,9,PRD_000052;PRD_000053;PRD_000054;PRD_000055;PRD_000056;PRD_000057;PRD_000058;PRD_000059;PRD_000060;PRD_000061;PRD_000062;PRD_000063;PRD_000064
COMP_STK_PRINT,PRICE_TYPE.01,SIZ_000519,MAT_000163,300,350,2059100,1995000,64100,11,PRD_000052;PRD_000053;PRD_000054;PRD_000055;PRD_000056;PRD_000057;PRD_000058;PRD_000059;PRD_000060;PRD_000061;PRD_000062;PRD_000063;PRD_000064
COMP_STK_PRINT,PRICE_TYPE.01,SIZ_000519,MAT_000163,350,400,2274300,2200000,74300,14,PRD_000052;PRD_000053;PRD_000054;PRD_000055;PRD_000056;PRD_000057;PRD_000058;PRD_000059;PRD_000060;PRD_000061;PRD_000062;PRD_000063;PRD_000064
COMP_STK_PRINT,PRICE_TYPE.01,SIZ_000518,MAT_000084,70,75,436600,427500,9100,2,PRD_000052;PRD_000053;PRD_000054;PRD_000055;PRD_000056;PRD_000057;PRD_000058;PRD_000059;PRD_000060;PRD_000061;PRD_000062;PRD_000063;PRD_000064
COMP_STK_PRINT,PRICE_TYPE.01,SIZ_000518,MAT_000084,160,175,991800,962500,29300,6,PRD_000052;PRD_000053;PRD_000054;PRD_000055;PRD_000056;PRD_000057;PRD_000058;PRD_000059;PRD_000060;PRD_000061;PRD_000062;PRD_000063;PRD_000064
COMP_STK_PRINT,PRICE_TYPE.01,SIZ_000518,MAT_000084,180,200,1094500,1060000,34500,7,PRD_000052;PRD_000053;PRD_000054;PRD_000055;PRD_000056;PRD_000057;PRD_000058;PRD_000059;PRD_000060;PRD_000061;PRD_000062;PRD_000063;PRD_000064
COMP_STK_PRINT,PRICE_TYPE.01,SIZ_000518,MAT_000084,200,250,1319700,1275000,44700,9,PRD_000052;PRD_000053;PRD_000054;PRD_000055;PRD_000056;PRD_000057;PRD_000058;PRD_000059;PRD_000060;PRD_000061;PRD_000062;PRD_000063;PRD_000064
COMP_STK_PRINT,PRICE_TYPE.01,SIZ_000518,MAT_000084,250,300,1524900,1470000,54900,11,PRD_000052;PRD_000053;PRD_000054;PRD_000055;PRD_000056;PRD_000057;PRD_000058;PRD_000059;PRD_000060;PRD_000061;PRD_000062;PRD_000063;PRD_000064
COMP_STK_PRINT,PRICE_TYPE.01,SIZ_000518,MAT_000084,300,350,1710100,1645000,65100,14,PRD_000052;PRD_000053;PRD_000054;PRD_000055;PRD_000056;PRD_000057;PRD_000058;PRD_000059;PRD_000060;PRD_000061;PRD_000062;PRD_000063;PRD_000064
COMP_STK_PRINT,PRICE_TYPE.01,SIZ_000518,MAT_000084,350,400,1875300,1800000,75300,17,PRD_000052;PRD_000053;PRD_000054;PRD_000055;PRD_000056;PRD_000057;PRD_000058;PRD_000059;PRD_000060;PRD_000061;PRD_000062;PRD_000063;PRD_000064
COMP_STK_PRINT,PRICE_TYPE.01,SIZ_000518,MAT_000162,70,75,510600,502500,8100,2,PRD_000052;PRD_000053;PRD_000054;PRD_000055;PRD_000056;PRD_000057;PRD_000058;PRD_000059;PRD_000060;PRD_000061;PRD_000062;PRD_000063;PRD_000064
COMP_STK_PRINT,PRICE_TYPE.01,SIZ_000518,MAT_000162,160,175,1165800,1137500,28300,5,PRD_000052;PRD_000053;PRD_000054;PRD_000055;PRD_000056;PRD_000057;PRD_000058;PRD_000059;PRD_000060;PRD_000061;PRD_000062;PRD_000063;PRD_000064
COMP_STK_PRINT,PRICE_TYPE.01,SIZ_000518,MAT_000162,180,200,1293500,1260000,33500,6,PRD_000052;PRD_000053;PRD_000054;PRD_000055;PRD_000056;PRD_000057;PRD_000058;PRD_000059;PRD_000060;PRD_000061;PRD_000062;PRD_000063;PRD_000064
COMP_STK_PRINT,PRICE_TYPE.01,SIZ_000518,MAT_000162,200,250,1568700,1525000,43700,7,PRD_000052;PRD_000053;PRD_000054;PRD_000055;PRD_000056;PRD_000057;PRD_000058;PRD_000059;PRD_000060;PRD_000061;PRD_000062;PRD_000063;PRD_000064
COMP_STK_PRINT,PRICE_TYPE.01,SIZ_000518,MAT_000162,250,300,1823900,1770000,53900,9,PRD_000052;PRD_000053;PRD_000054;PRD_000055;PRD_000056;PRD_000057;PRD_000058;PRD_000059;PRD_000060;PRD_000061;PRD_000062;PRD_000063;PRD_000064
COMP_STK_PRINT,PRICE_TYPE.01,SIZ_000518,MAT_000162,300,350,2059100,1995000,64100,11,PRD_000052;PRD_000053;PRD_000054;PRD_000055;PRD_000056;PRD_000057;PRD_000058;PRD_000059;PRD_000060;PRD_000061;PRD_000062;PRD_000063;PRD_000064
COMP_STK_PRINT,PRICE_TYPE.01,SIZ_000518,MAT_000162,350,400,2274300,2200000,74300,14,PRD_000052;PRD_000053;PRD_000054;PRD_000055;PRD_000056;PRD_000057;PRD_000058;PRD_000059;PRD_000060;PRD_000061;PRD_000062;PRD_000063;PRD_000064
COMP_STK_PRINT,PRICE_TYPE.01,SIZ_000519,MAT_000162,80,90,614100,603000,11100,2,PRD_000052;PRD_000053;PRD_000054;PRD_000055;PRD_000056;PRD_000057;PRD_000058;PRD_000059;PRD_000060;PRD_000061;PRD_000062;PRD_000063;PRD_000064
COMP_STK_PRINT,PRICE_TYPE.01,SIZ_000519,MAT_000162,160,175,1165800,1137500,28300,5,PRD_000052;PRD_000053;PRD_000054;PRD_000055;PRD_000056;PRD_000057;PRD_000058;PRD_000059;PRD_000060;PRD_000061;PRD_000062;PRD_000063;PRD_000064
COMP_STK_PRINT,PRICE_TYPE.01,SIZ_000519,MAT_000162,180,200,1293500,1260000,33500,6,PRD_000052;PRD_000053;PRD_000054;PRD_000055;PRD_000056;PRD_000057;PRD_000058;PRD_000059;PRD_000060;PRD_000061;PRD_000062;PRD_000063;PRD_000064
COMP_STK_PRINT,PRICE_TYPE.01,SIZ_000519,MAT_000162,200,250,1568700,1525000,43700,7,PRD_000052;PRD_000053;PRD_000054;PRD_000055;PRD_000056;PRD_000057;PRD_000058;PRD_000059;PRD_000060;PRD_000061;PRD_000062;PRD_000063;PRD_000064
COMP_STK_PRINT,PRICE_TYPE.01,SIZ_000519,MAT_000162,250,300,1823900,1770000,53900,9,PRD_000052;PRD_000053;PRD_000054;PRD_000055;PRD_000056;PRD_000057;PRD_000058;PRD_000059;PRD_000060;PRD_000061;PRD_000062;PRD_000063;PRD_000064
COMP_STK_PRINT,PRICE_TYPE.01,SIZ_000519,MAT_000162,300,350,2059100,1995000,64100,11,PRD_000052;PRD_000053;PRD_000054;PRD_000055;PRD_000056;PRD_000057;PRD_000058;PRD_000059;PRD_000060;PRD_000061;PRD_000062;PRD_000063;PRD_000064
COMP_STK_PRINT,PRICE_TYPE.01,SIZ_000519,MAT_000162,350,400,2274300,2200000,74300,14,PRD_000052;PRD_000053;PRD_000054;PRD_000055;PRD_000056;PRD_000057;PRD_000058;PRD_000059;PRD_000060;PRD_000061;PRD_000062;PRD_000063;PRD_000064
COMP_STK_PRINT,PRICE_TYPE.01,SIZ_000170,MAT_000242,50,60,312700,312000,700,1,PRD_000052;PRD_000053;PRD_000054;PRD_000055;PRD_000056;PRD_000057;PRD_000058;PRD_000059;PRD_000060;PRD_000061;PRD_000062;PRD_000063;PRD_000064
COMP_STK_PRINT,PRICE_TYPE.01,SIZ_000170,MAT_000242,100,120,618800,612000,6800,2,PRD_000052;PRD_000053;PRD_000054;PRD_000055;PRD_000056;PRD_000057;PRD_000058;PRD_000059;PRD_000060;PRD_000061;PRD_000062;PRD_000063;PRD_000064
COMP_STK_PRINT,PRICE_TYPE.01,SIZ_000170,MAT_000242,125,140,708900,700000,8900,2,PRD_000052;PRD_000053;PRD_000054;PRD_000055;PRD_000056;PRD_000057;PRD_000058;PRD_000059;PRD_000060;PRD_000061;PRD_000062;PRD_000063;PRD_000064
COMP_STK_PRINT,PRICE_TYPE.01,SIZ_000170,MAT_000242,150,160,795000,768000,27000,6,PRD_000052;PRD_000053;PRD_000054;PRD_000055;PRD_000056;PRD_000057;PRD_000058;PRD_000059;PRD_000060;PRD_000061;PRD_000062;PRD_000063;PRD_000064
COMP_STK_PRINT,PRICE_TYPE.01,SIZ_000170,MAT_000242,200,250,1195200,1150000,45200,10,PRD_000052;PRD_000053;PRD_000054;PRD_000055;PRD_000056;PRD_000057;PRD_000058;PRD_000059;PRD_000060;PRD_000061;PRD_000062;PRD_000063;PRD_000064
COMP_STK_PRINT,PRICE_TYPE.01,SIZ_000170,MAT_000242,250,300,1375400,1320000,55400,13,PRD_000052;PRD_000053;PRD_000054;PRD_000055;PRD_000056;PRD_000057;PRD_000058;PRD_000059;PRD_000060;PRD_000061;PRD_000062;PRD_000063;PRD_000064
COMP_STK_PRINT,PRICE_TYPE.01,SIZ_000170,MAT_000242,300,350,1535600,1470000,65600,15,PRD_000052;PRD_000053;PRD_000054;PRD_000055;PRD_000056;PRD_000057;PRD_000058;PRD_000059;PRD_000060;PRD_000061;PRD_000062;PRD_000063;PRD_000064
COMP_STK_PRINT,PRICE_TYPE.01,SIZ_000170,MAT_000242,350,400,1675800,1600000,75800,19,PRD_000052;PRD_000053;PRD_000054;PRD_000055;PRD_000056;PRD_000057;PRD_000058;PRD_000059;PRD_000060;PRD_000061;PRD_000062;PRD_000063;PRD_000064
COMP_STK_PRINT,PRICE_TYPE.01,SIZ_000170,MAT_000153,50,60,312700,312000,700,1,PRD_000052;PRD_000053;PRD_000054;PRD_000055;PRD_000056;PRD_000057;PRD_000058;PRD_000059;PRD_000060;PRD_000061;PRD_000062;PRD_000063;PRD_000064
COMP_STK_PRINT,PRICE_TYPE.01,SIZ_000170,MAT_000153,100,120,618800,612000,6800,2,PRD_000052;PRD_000053;PRD_000054;PRD_000055;PRD_000056;PRD_000057;PRD_000058;PRD_000059;PRD_000060;PRD_000061;PRD_000062;PRD_000063;PRD_000064
COMP_STK_PRINT,PRICE_TYPE.01,SIZ_000170,MAT_000153,125,140,708900,700000,8900,2,PRD_000052;PRD_000053;PRD_000054;PRD_000055;PRD_000056;PRD_000057;PRD_000058;PRD_000059;PRD_000060;PRD_000061;PRD_000062;PRD_000063;PRD_000064
COMP_STK_PRINT,PRICE_TYPE.01,SIZ_000170,MAT_000153,150,160,795000,768000,27000,6,PRD_000052;PRD_000053;PRD_000054;PRD_000055;PRD_000056;PRD_000057;PRD_000058;PRD_000059;PRD_000060;PRD_000061;PRD_000062;PRD_000063;PRD_000064
COMP_STK_PRINT,PRICE_TYPE.01,SIZ_000170,MAT_000153,200,250,1195200,1150000,45200,10,PRD_000052;PRD_000053;PRD_000054;PRD_000055;PRD_000056;PRD_000057;PRD_000058;PRD_000059;PRD_000060;PRD_000061;PRD_000062;PRD_000063;PRD_000064
COMP_STK_PRINT,PRICE_TYPE.01,SIZ_000170,MAT_000153,250,300,1375400,1320000,55400,13,PRD_000052;PRD_000053;PRD_000054;PRD_000055;PRD_000056;PRD_000057;PRD_000058;PRD_000059;PRD_000060;PRD_000061;PRD_000062;PRD_000063;PRD_000064
COMP_STK_PRINT,PRICE_TYPE.01,SIZ_000170,MAT_000153,300,350,1535600,1470000,65600,15,PRD_000052;PRD_000053;PRD_000054;PRD_000055;PRD_000056;PRD_000057;PRD_000058;PRD_000059;PRD_000060;PRD_000061;PRD_000062;PRD_000063;PRD_000064
COMP_STK_PRINT,PRICE_TYPE.01,SIZ_000170,MAT_000153,350,400,1675800,1600000,75800,19,PRD_000052;PRD_000053;PRD_000054;PRD_000055;PRD_000056;PRD_000057;PRD_000058;PRD_000059;PRD_000060;PRD_000061;PRD_000062;PRD_000063;PRD_000064
COMP_STK_PRINT,PRICE_TYPE.01,SIZ_000170,MAT_000155,100,120,737800,732000,5800,1,PRD_000052;PRD_000053;PRD_000054;PRD_000055;PRD_000056;PRD_000057;PRD_000058;PRD_000059;PRD_000060;PRD_000061;PRD_000062;PRD_000063;PRD_000064
COMP_STK_PRINT,PRICE_TYPE.01,SIZ_000170,MAT_000155,125,140,847900,840000,7900,2,PRD_000052;PRD_000053;PRD_000054;PRD_000055;PRD_000056;PRD_000057;PRD_000058;PRD_000059;PRD_000060;PRD_000061;PRD_000062;PRD_000063;PRD_000064
COMP_STK_PRINT,PRICE_TYPE.01,SIZ_000170,MAT_000155,150,160,954000,928000,26000,5,PRD_000052;PRD_000053;PRD_000054;PRD_000055;PRD_000056;PRD_000057;PRD_000058;PRD_000059;PRD_000060;PRD_000061;PRD_000062;PRD_000063;PRD_000064
COMP_STK_PRINT,PRICE_TYPE.01,SIZ_000170,MAT_000155,200,250,1444200,1400000,44200,8,PRD_000052;PRD_000053;PRD_000054;PRD_000055;PRD_000056;PRD_000057;PRD_000058;PRD_000059;PRD_000060;PRD_000061;PRD_000062;PRD_000063;PRD_000064
COMP_STK_PRINT,PRICE_TYPE.01,SIZ_000170,MAT_000155,250,300,1674400,1620000,54400,10,PRD_000052;PRD_000053;PRD_000054;PRD_000055;PRD_000056;PRD_000057;PRD_000058;PRD_000059;PRD_000060;PRD_000061;PRD_000062;PRD_000063;PRD_000064
COMP_STK_PRINT,PRICE_TYPE.01,SIZ_000170,MAT_000155,300,350,1884600,1820000,64600,12,PRD_000052;PRD_000053;PRD_000054;PRD_000055;PRD_000056;PRD_000057;PRD_000058;PRD_000059;PRD_000060;PRD_000061;PRD_000062;PRD_000063;PRD_000064
COMP_STK_PRINT,PRICE_TYPE.01,SIZ_000170,MAT_000155,350,400,2074800,2000000,74800,15,PRD_000052;PRD_000053;PRD_000054;PRD_000055;PRD_000056;PRD_000057;PRD_000058;PRD_000059;PRD_000060;PRD_000061;PRD_000062;PRD_000063;PRD_000064
COMP_STK_PRINT,PRICE_TYPE.01,SIZ_000170,MAT_000156,100,120,737800,732000,5800,1,PRD_000052;PRD_000053;PRD_000054;PRD_000055;PRD_000056;PRD_000057;PRD_000058;PRD_000059;PRD_000060;PRD_000061;PRD_000062;PRD_000063;PRD_000064
COMP_STK_PRINT,PRICE_TYPE.01,SIZ_000170,MAT_000156,125,140,847900,840000,7900,2,PRD_000052;PRD_000053;PRD_000054;PRD_000055;PRD_000056;PRD_000057;PRD_000058;PRD_000059;PRD_000060;PRD_000061;PRD_000062;PRD_000063;PRD_000064
COMP_STK_PRINT,PRICE_TYPE.01,SIZ_000170,MAT_000156,150,160,954000,928000,26000,5,PRD_000052;PRD_000053;PRD_000054;PRD_000055;PRD_000056;PRD_000057;PRD_000058;PRD_000059;PRD_000060;PRD_000061;PRD_000062;PRD_000063;PRD_000064
COMP_STK_PRINT,PRICE_TYPE.01,SIZ_000170,MAT_000156,200,250,1444200,1400000,44200,8,PRD_000052;PRD_000053;PRD_000054;PRD_000055;PRD_000056;PRD_000057;PRD_000058;PRD_000059;PRD_000060;PRD_000061;PRD_000062;PRD_000063;PRD_000064
COMP_STK_PRINT,PRICE_TYPE.01,SIZ_000170,MAT_000156,250,300,1674400,1620000,54400,10,PRD_000052;PRD_000053;PRD_000054;PRD_000055;PRD_000056;PRD_000057;PRD_000058;PRD_000059;PRD_000060;PRD_000061;PRD_000062;PRD_000063;PRD_000064
COMP_STK_PRINT,PRICE_TYPE.01,SIZ_000170,MAT_000156,300,350,1884600,1820000,64600,12,PRD_000052;PRD_000053;PRD_000054;PRD_000055;PRD_000056;PRD_000057;PRD_000058;PRD_000059;PRD_000060;PRD_000061;PRD_000062;PRD_000063;PRD_000064
COMP_STK_PRINT,PRICE_TYPE.01,SIZ_000170,MAT_000156,350,400,2074800,2000000,74800,15,PRD_000052;PRD_000053;PRD_000054;PRD_000055;PRD_000056;PRD_000057;PRD_000058;PRD_000059;PRD_000060;PRD_000061;PRD_000062;PRD_000063;PRD_000064
COMP_STK_PRINT,PRICE_TYPE.01,SIZ_000170,MAT_000084,50,60,312700,312000,700,1,PRD_000052;PRD_000053;PRD_000054;PRD_000055;PRD_000056;PRD_000057;PRD_000058;PRD_000059;PRD_000060;PRD_000061;PRD_000062;PRD_000063;PRD_000064
COMP_STK_PRINT,PRICE_TYPE.01,SIZ_000170,MAT_000084,100,120,618800,612000,6800,2,PRD_000052;PRD_000053;PRD_000054;PRD_000055;PRD_000056;PRD_000057;PRD_000058;PRD_000059;PRD_000060;PRD_000061;PRD_000062;PRD_000063;PRD_000064
COMP_STK_PRINT,PRICE_TYPE.01,SIZ_000170,MAT_000084,125,140,708900,700000,8900,2,PRD_000052;PRD_000053;PRD_000054;PRD_000055;PRD_000056;PRD_000057;PRD_000058;PRD_000059;PRD_000060;PRD_000061;PRD_000062;PRD_000063;PRD_000064
COMP_STK_PRINT,PRICE_TYPE.01,SIZ_000170,MAT_000084,150,160,795000,768000,27000,6,PRD_000052;PRD_000053;PRD_000054;PRD_000055;PRD_000056;PRD_000057;PRD_000058;PRD_000059;PRD_000060;PRD_000061;PRD_000062;PRD_000063;PRD_000064
COMP_STK_PRINT,PRICE_TYPE.01,SIZ_000170,MAT_000084,200,250,1195200,1150000,45200,10,PRD_000052;PRD_000053;PRD_000054;PRD_000055;PRD_000056;PRD_000057;PRD_000058;PRD_000059;PRD_000060;PRD_000061;PRD_000062;PRD_000063;PRD_000064
COMP_STK_PRINT,PRICE_TYPE.01,SIZ_000170,MAT_000084,250,300,1375400,1320000,55400,13,PRD_000052;PRD_000053;PRD_000054;PRD_000055;PRD_000056;PRD_000057;PRD_000058;PRD_000059;PRD_000060;PRD_000061;PRD_000062;PRD_000063;PRD_000064
COMP_STK_PRINT,PRICE_TYPE.01,SIZ_000170,MAT_000084,300,350,1535600,1470000,65600,15,PRD_000052;PRD_000053;PRD_000054;PRD_000055;PRD_000056;PRD_000057;PRD_000058;PRD_000059;PRD_000060;PRD_000061;PRD_000062;PRD_000063;PRD_000064
COMP_STK_PRINT,PRICE_TYPE.01,SIZ_000170,MAT_000084,350,400,1675800,1600000,75800,19,PRD_000052;PRD_000053;PRD_000054;PRD_000055;PRD_000056;PRD_000057;PRD_000058;PRD_000059;PRD_000060;PRD_000061;PRD_000062;PRD_000063;PRD_000064
COMP_STK_PRINT,PRICE_TYPE.01,SIZ_000520,MAT_000242,75,80,371300,368000,3300,1,PRD_000052;PRD_000053;PRD_000054;PRD_000055;PRD_000056;PRD_000057;PRD_000058;PRD_000059;PRD_000060;PRD_000061;PRD_000062;PRD_000063;PRD_000064
COMP_STK_PRINT,PRICE_TYPE.01,SIZ_000520,MAT_000242,125,140,639400,630000,9400,3,PRD_000052;PRD_000053;PRD_000054;PRD_000055;PRD_000056;PRD_000057;PRD_000058;PRD_000059;PRD_000060;PRD_000061;PRD_000062;PRD_000063;PRD_000064
COMP_STK_PRINT,PRICE_TYPE.01,SIZ_000520,MAT_000242,175,180,805500,792000,13500,3,PRD_000052;PRD_000053;PRD_000054;PRD_000055;PRD_000056;PRD_000057;PRD_000058;PRD_000059;PRD_000060;PRD_000061;PRD_000062;PRD_000063;PRD_000064
COMP_STK_PRINT,PRICE_TYPE.01,SIZ_000520,MAT_000242,200,250,1095600,1050000,45600,11,PRD_000052;PRD_000053;PRD_000054;PRD_000055;PRD_000056;PRD_000057;PRD_000058;PRD_000059;PRD_000060;PRD_000061;PRD_000062;PRD_000063;PRD_000064
COMP_STK_PRINT,PRICE_TYPE.01,SIZ_000520,MAT_000242,250,300,1255800,1200000,55800,14,PRD_000052;PRD_000053;PRD_000054;PRD_000055;PRD_000056;PRD_000057;PRD_000058;PRD_000059;PRD_000060;PRD_000061;PRD_000062;PRD_000063;PRD_000064
COMP_STK_PRINT,PRICE_TYPE.01,SIZ_000520,MAT_000242,300,350,1396000,1330000,66000,17,PRD_000052;PRD_000053;PRD_000054;PRD_000055;PRD_000056;PRD_000057;PRD_000058;PRD_000059;PRD_000060;PRD_000061;PRD_000062;PRD_000063;PRD_000064
COMP_STK_PRINT,PRICE_TYPE.01,SIZ_000520,MAT_000242,350,400,1516200,1480000,36200,10,PRD_000052;PRD_000053;PRD_000054;PRD_000055;PRD_000056;PRD_000057;PRD_000058;PRD_000059;PRD_000060;PRD_000061;PRD_000062;PRD_000063;PRD_000064
COMP_STK_PRINT,PRICE_TYPE.01,SIZ_000520,MAT_000242,400,450,1661300,1620000,41300,12,PRD_000052;PRD_000053;PRD_000054;PRD_000055;PRD_000056;PRD_000057;PRD_000058;PRD_000059;PRD_000060;PRD_000061;PRD_000062;PRD_000063;PRD_000064
COMP_STK_PRINT,PRICE_TYPE.01,SIZ_000520,MAT_000156,75,80,450300,448000,2300,1,PRD_000052;PRD_000053;PRD_000054;PRD_000055;PRD_000056;PRD_000057;PRD_000058;PRD_000059;PRD_000060;PRD_000061;PRD_000062;PRD_000063;PRD_000064
COMP_STK_PRINT,PRICE_TYPE.01,SIZ_000520,MAT_000156,125,140,778400,770000,8400,2,PRD_000052;PRD_000053;PRD_000054;PRD_000055;PRD_000056;PRD_000057;PRD_000058;PRD_000059;PRD_000060;PRD_000061;PRD_000062;PRD_000063;PRD_000064
COMP_STK_PRINT,PRICE_TYPE.01,SIZ_000520,MAT_000156,175,180,984500,972000,12500,3,PRD_000052;PRD_000053;PRD_000054;PRD_000055;PRD_000056;PRD_000057;PRD_000058;PRD_000059;PRD_000060;PRD_000061;PRD_000062;PRD_000063;PRD_000064
COMP_STK_PRINT,PRICE_TYPE.01,SIZ_000520,MAT_000156,200,250,1344600,1300000,44600,9,PRD_000052;PRD_000053;PRD_000054;PRD_000055;PRD_000056;PRD_000057;PRD_000058;PRD_000059;PRD_000060;PRD_000061;PRD_000062;PRD_000063;PRD_000064
COMP_STK_PRINT,PRICE_TYPE.01,SIZ_000520,MAT_000156,250,300,1554800,1500000,54800,11,PRD_000052;PRD_000053;PRD_000054;PRD_000055;PRD_000056;PRD_000057;PRD_000058;PRD_000059;PRD_000060;PRD_000061;PRD_000062;PRD_000063;PRD_000064
COMP_STK_PRINT,PRICE_TYPE.01,SIZ_000520,MAT_000156,300,350,1745000,1680000,65000,13,PRD_000052;PRD_000053;PRD_000054;PRD_000055;PRD_000056;PRD_000057;PRD_000058;PRD_000059;PRD_000060;PRD_000061;PRD_000062;PRD_000063;PRD_000064
COMP_STK_PRINT,PRICE_TYPE.01,SIZ_000520,MAT_000156,350,400,1915200,1880000,35200,8,PRD_000052;PRD_000053;PRD_000054;PRD_000055;PRD_000056;PRD_000057;PRD_000058;PRD_000059;PRD_000060;PRD_000061;PRD_000062;PRD_000063;PRD_000064
COMP_STK_PRINT,PRICE_TYPE.01,SIZ_000520,MAT_000156,400,450,2110300,2070000,40300,9,PRD_000052;PRD_000053;PRD_000054;PRD_000055;PRD_000056;PRD_000057;PRD_000058;PRD_000059;PRD_000060;PRD_000061;PRD_000062;PRD_000063;PRD_000064
COMP_STK_PRINT,PRICE_TYPE.01,SIZ_000520,MAT_000155,75,80,450300,448000,2300,1,PRD_000052;PRD_000053;PRD_000054;PRD_000055;PRD_000056;PRD_000057;PRD_000058;PRD_000059;PRD_000060;PRD_000061;PRD_000062;PRD_000063;PRD_000064
COMP_STK_PRINT,PRICE_TYPE.01,SIZ_000520,MAT_000155,125,140,778400,770000,8400,2,PRD_000052;PRD_000053;PRD_000054;PRD_000055;PRD_000056;PRD_000057;PRD_000058;PRD_000059;PRD_000060;PRD_000061;PRD_000062;PRD_000063;PRD_000064
COMP_STK_PRINT,PRICE_TYPE.01,SIZ_000520,MAT_000155,175,180,984500,972000,12500,3,PRD_000052;PRD_000053;PRD_000054;PRD_000055;PRD_000056;PRD_000057;PRD_000058;PRD_000059;PRD_000060;PRD_000061;PRD_000062;PRD_000063;PRD_000064
COMP_STK_PRINT,PRICE_TYPE.01,SIZ_000520,MAT_000155,200,250,1344600,1300000,44600,9,PRD_000052;PRD_000053;PRD_000054;PRD_000055;PRD_000056;PRD_000057;PRD_000058;PRD_000059;PRD_000060;PRD_000061;PRD_000062;PRD_000063;PRD_000064
COMP_STK_PRINT,PRICE_TYPE.01,SIZ_000520,MAT_000155,250,300,1554800,1500000,54800,11,PRD_000052;PRD_000053;PRD_000054;PRD_000055;PRD_000056;PRD_000057;PRD_000058;PRD_000059;PRD_000060;PRD_000061;PRD_000062;PRD_000063;PRD_000064
COMP_STK_PRINT,PRICE_TYPE.01,SIZ_000520,MAT_000155,300,350,1745000,1680000,65000,13,PRD_000052;PRD_000053;PRD_000054;PRD_000055;PRD_000056;PRD_000057;PRD_000058;PRD_000059;PRD_000060;PRD_000061;PRD_000062;PRD_000063;PRD_000064
COMP_STK_PRINT,PRICE_TYPE.01,SIZ_000520,MAT_000155,350,400,1915200,1880000,35200,8,PRD_000052;PRD_000053;PRD_000054;PRD_000055;PRD_000056;PRD_000057;PRD_000058;PRD_000059;PRD_000060;PRD_000061;PRD_000062;PRD_000063;PRD_000064
COMP_STK_PRINT,PRICE_TYPE.01,SIZ_000520,MAT_000155,400,450,2110300,2070000,40300,9,PRD_000052;PRD_000053;PRD_000054;PRD_000055;PRD_000056;PRD_000057;PRD_000058;PRD_000059;PRD_000060;PRD_000061;PRD_000062;PRD_000063;PRD_000064
COMP_STK_PRINT,PRICE_TYPE.01,SIZ_000520,MAT_000084,75,80,371300,368000,3300,1,PRD_000052;PRD_000053;PRD_000054;PRD_000055;PRD_000056;PRD_000057;PRD_000058;PRD_000059;PRD_000060;PRD_000061;PRD_000062;PRD_000063;PRD_000064
COMP_STK_PRINT,PRICE_TYPE.01,SIZ_000520,MAT_000084,125,140,639400,630000,9400,3,PRD_000052;PRD_000053;PRD_000054;PRD_000055;PRD_000056;PRD_000057;PRD_000058;PRD_000059;PRD_000060;PRD_000061;PRD_000062;PRD_000063;PRD_000064
COMP_STK_PRINT,PRICE_TYPE.01,SIZ_000520,MAT_000084,175,180,805500,792000,13500,3,PRD_000052;PRD_000053;PRD_000054;PRD_000055;PRD_000056;PRD_000057;PRD_000058;PRD_000059;PRD_000060;PRD_000061;PRD_000062;PRD_000063;PRD_000064
COMP_STK_PRINT,PRICE_TYPE.01,SIZ_000520,MAT_000084,200,250,1095600,1050000,45600,11,PRD_000052;PRD_000053;PRD_000054;PRD_000055;PRD_000056;PRD_000057;PRD_000058;PRD_000059;PRD_000060;PRD_000061;PRD_000062;PRD_000063;PRD_000064
COMP_STK_PRINT,PRICE_TYPE.01,SIZ_000520,MAT_000084,250,300,1255800,1200000,55800,14,PRD_000052;PRD_000053;PRD_000054;PRD_000055;PRD_000056;PRD_000057;PRD_000058;PRD_000059;PRD_000060;PRD_000061;PRD_000062;PRD_000063;PRD_000064
COMP_STK_PRINT,PRICE_TYPE.01,SIZ_000520,MAT_000084,300,350,1396000,1330000,66000,17,PRD_000052;PRD_000053;PRD_000054;PRD_000055;PRD_000056;PRD_000057;PRD_000058;PRD_000059;PRD_000060;PRD_000061;PRD_000062;PRD_000063;PRD_000064
COMP_STK_PRINT,PRICE_TYPE.01,SIZ_000520,MAT_000084,350,400,1516200,1480000,36200,10,PRD_000052;PRD_000053;PRD_000054;PRD_000055;PRD_000056;PRD_000057;PRD_000058;PRD_000059;PRD_000060;PRD_000061;PRD_000062;PRD_000063;PRD_000064
COMP_STK_PRINT,PRICE_TYPE.01,SIZ_000520,MAT_000084,400,450,1661300,1620000,41300,12,PRD_000052;PRD_000053;PRD_000054;PRD_000055;PRD_000056;PRD_000057;PRD_000058;PRD_000059;PRD_000060;PRD_000061;PRD_000062;PRD_000063;PRD_000064
COMP_STK_PRINT,PRICE_TYPE.01,SIZ_000520,MAT_000153,75,80,371300,368000,3300,1,PRD_000052;PRD_000053;PRD_000054;PRD_000055;PRD_000056;PRD_000057;PRD_000058;PRD_000059;PRD_000060;PRD_000061;PRD_000062;PRD_000063;PRD_000064
COMP_STK_PRINT,PRICE_TYPE.01,SIZ_000520,MAT_000153,125,140,639400,630000,9400,3,PRD_000052;PRD_000053;PRD_000054;PRD_000055;PRD_000056;PRD_000057;PRD_000058;PRD_000059;PRD_000060;PRD_000061;PRD_000062;PRD_000063;PRD_000064
COMP_STK_PRINT,PRICE_TYPE.01,SIZ_000520,MAT_000153,175,180,805500,792000,13500,3,PRD_000052;PRD_000053;PRD_000054;PRD_000055;PRD_000056;PRD_000057;PRD_000058;PRD_000059;PRD_000060;PRD_000061;PRD_000062;PRD_000063;PRD_000064
COMP_STK_PRINT,PRICE_TYPE.01,SIZ_000520,MAT_000153,200,250,1095600,1050000,45600,11,PRD_000052;PRD_000053;PRD_000054;PRD_000055;PRD_000056;PRD_000057;PRD_000058;PRD_000059;PRD_000060;PRD_000061;PRD_000062;PRD_000063;PRD_000064
COMP_STK_PRINT,PRICE_TYPE.01,SIZ_000520,MAT_000153,250,300,1255800,1200000,55800,14,PRD_000052;PRD_000053;PRD_000054;PRD_000055;PRD_000056;PRD_000057;PRD_000058;PRD_000059;PRD_000060;PRD_000061;PRD_000062;PRD_000063;PRD_000064
COMP_STK_PRINT,PRICE_TYPE.01,SIZ_000520,MAT_000153,300,350,1396000,1330000,66000,17,PRD_000052;PRD_000053;PRD_000054;PRD_000055;PRD_000056;PRD_000057;PRD_000058;PRD_000059;PRD_000060;PRD_000061;PRD_000062;PRD_000063;PRD_000064
COMP_STK_PRINT,PRICE_TYPE.01,SIZ_000520,MAT_000153,350,400,1516200,1480000,36200,10,PRD_000052;PRD_000053;PRD_000054;PRD_000055;PRD_000056;PRD_000057;PRD_000058;PRD_000059;PRD_000060;PRD_000061;PRD_000062;PRD_000063;PRD_000064
COMP_STK_PRINT,PRICE_TYPE.01,SIZ_000520,MAT_000153,400,450,1661300,1620000,41300,12,PRD_000052;PRD_000053;PRD_000054;PRD_000055;PRD_000056;PRD_000057;PRD_000058;PRD_000059;PRD_000060;PRD_000061;PRD_000062;PRD_000063;PRD_000064
COMP_STK_PRINT,PRICE_TYPE.01,SIZ_000036,MAT_000084,50,60,312700,312000,700,1,PRD_000052;PRD_000053;PRD_000054;PRD_000055;PRD_000056;PRD_000057;PRD_000058;PRD_000059;PRD_000060;PRD_000061;PRD_000062;PRD_000063;PRD_000064
COMP_STK_PRINT,PRICE_TYPE.01,SIZ_000036,MAT_000084,100,120,618800,612000,6800,2,PRD_000052;PRD_000053;PRD_000054;PRD_000055;PRD_000056;PRD_000057;PRD_000058;PRD_000059;PRD_000060;PRD_000061;PRD_000062;PRD_000063;PRD_000064
COMP_STK_PRINT,PRICE_TYPE.01,SIZ_000036,MAT_000084,125,140,708900,700000,8900,2,PRD_000052;PRD_000053;PRD_000054;PRD_000055;PRD_000056;PRD_000057;PRD_000058;PRD_000059;PRD_000060;PRD_000061;PRD_000062;PRD_000063;PRD_000064
COMP_STK_PRINT,PRICE_TYPE.01,SIZ_000036,MAT_000084,150,160,795000,768000,27000,6,PRD_000052;PRD_000053;PRD_000054;PRD_000055;PRD_000056;PRD_000057;PRD_000058;PRD_000059;PRD_000060;PRD_000061;PRD_000062;PRD_000063;PRD_000064
COMP_STK_PRINT,PRICE_TYPE.01,SIZ_000036,MAT_000084,200,250,1195200,1150000,45200,10,PRD_000052;PRD_000053;PRD_000054;PRD_000055;PRD_000056;PRD_000057;PRD_000058;PRD_000059;PRD_000060;PRD_000061;PRD_000062;PRD_000063;PRD_000064
COMP_STK_PRINT,PRICE_TYPE.01,SIZ_000036,MAT_000084,250,300,1375400,1320000,55400,13,PRD_000052;PRD_000053;PRD_000054;PRD_000055;PRD_000056;PRD_000057;PRD_000058;PRD_000059;PRD_000060;PRD_000061;PRD_000062;PRD_000063;PRD_000064
COMP_STK_PRINT,PRICE_TYPE.01,SIZ_000036,MAT_000084,300,350,1535600,1470000,65600,15,PRD_000052;PRD_000053;PRD_000054;PRD_000055;PRD_000056;PRD_000057;PRD_000058;PRD_000059;PRD_000060;PRD_000061;PRD_000062;PRD_000063;PRD_000064
COMP_STK_PRINT,PRICE_TYPE.01,SIZ_000036,MAT_000084,350,400,1675800,1600000,75800,19,PRD_000052;PRD_000053;PRD_000054;PRD_000055;PRD_000056;PRD_000057;PRD_000058;PRD_000059;PRD_000060;PRD_000061;PRD_000062;PRD_000063;PRD_000064
COMP_STK_PRINT,PRICE_TYPE.01,SIZ_000036,MAT_000153,50,60,312700,312000,700,1,PRD_000052;PRD_000053;PRD_000054;PRD_000055;PRD_000056;PRD_000057;PRD_000058;PRD_000059;PRD_000060;PRD_000061;PRD_000062;PRD_000063;PRD_000064
COMP_STK_PRINT,PRICE_TYPE.01,SIZ_000036,MAT_000153,100,120,618800,612000,6800,2,PRD_000052;PRD_000053;PRD_000054;PRD_000055;PRD_000056;PRD_000057;PRD_000058;PRD_000059;PRD_000060;PRD_000061;PRD_000062;PRD_000063;PRD_000064
COMP_STK_PRINT,PRICE_TYPE.01,SIZ_000036,MAT_000153,125,140,708900,700000,8900,2,PRD_000052;PRD_000053;PRD_000054;PRD_000055;PRD_000056;PRD_000057;PRD_000058;PRD_000059;PRD_000060;PRD_000061;PRD_000062;PRD_000063;PRD_000064
COMP_STK_PRINT,PRICE_TYPE.01,SIZ_000036,MAT_000153,150,160,795000,768000,27000,6,PRD_000052;PRD_000053;PRD_000054;PRD_000055;PRD_000056;PRD_000057;PRD_000058;PRD_000059;PRD_000060;PRD_000061;PRD_000062;PRD_000063;PRD_000064
COMP_STK_PRINT,PRICE_TYPE.01,SIZ_000036,MAT_000153,200,250,1195200,1150000,45200,10,PRD_000052;PRD_000053;PRD_000054;PRD_000055;PRD_000056;PRD_000057;PRD_000058;PRD_000059;PRD_000060;PRD_000061;PRD_000062;PRD_000063;PRD_000064
COMP_STK_PRINT,PRICE_TYPE.01,SIZ_000036,MAT_000153,250,300,1375400,1320000,55400,13,PRD_000052;PRD_000053;PRD_000054;PRD_000055;PRD_000056;PRD_000057;PRD_000058;PRD_000059;PRD_000060;PRD_000061;PRD_000062;PRD_000063;PRD_000064
COMP_STK_PRINT,PRICE_TYPE.01,SIZ_000036,MAT_000153,300,350,1535600,1470000,65600,15,PRD_000052;PRD_000053;PRD_000054;PRD_000055;PRD_000056;PRD_000057;PRD_000058;PRD_000059;PRD_000060;PRD_000061;PRD_000062;PRD_000063;PRD_000064
COMP_STK_PRINT,PRICE_TYPE.01,SIZ_000036,MAT_000153,350,400,1675800,1600000,75800,19,PRD_000052;PRD_000053;PRD_000054;PRD_000055;PRD_000056;PRD_000057;PRD_000058;PRD_000059;PRD_000060;PRD_000061;PRD_000062;PRD_000063;PRD_000064
COMP_STK_PRINT,PRICE_TYPE.01,SIZ_000036,MAT_000155,100,120,737800,732000,5800,1,PRD_000052;PRD_000053;PRD_000054;PRD_000055;PRD_000056;PRD_000057;PRD_000058;PRD_000059;PRD_000060;PRD_000061;PRD_000062;PRD_000063;PRD_000064
COMP_STK_PRINT,PRICE_TYPE.01,SIZ_000036,MAT_000155,125,140,847900,840000,7900,2,PRD_000052;PRD_000053;PRD_000054;PRD_000055;PRD_000056;PRD_000057;PRD_000058;PRD_000059;PRD_000060;PRD_000061;PRD_000062;PRD_000063;PRD_000064
COMP_STK_PRINT,PRICE_TYPE.01,SIZ_000036,MAT_000155,150,160,954000,928000,26000,5,PRD_000052;PRD_000053;PRD_000054;PRD_000055;PRD_000056;PRD_000057;PRD_000058;PRD_000059;PRD_000060;PRD_000061;PRD_000062;PRD_000063;PRD_000064
COMP_STK_PRINT,PRICE_TYPE.01,SIZ_000036,MAT_000155,200,250,1444200,1400000,44200,8,PRD_000052;PRD_000053;PRD_000054;PRD_000055;PRD_000056;PRD_000057;PRD_000058;PRD_000059;PRD_000060;PRD_000061;PRD_000062;PRD_000063;PRD_000064
COMP_STK_PRINT,PRICE_TYPE.01,SIZ_000036,MAT_000155,250,300,1674400,1620000,54400,10,PRD_000052;PRD_000053;PRD_000054;PRD_000055;PRD_000056;PRD_000057;PRD_000058;PRD_000059;PRD_000060;PRD_000061;PRD_000062;PRD_000063;PRD_000064
COMP_STK_PRINT,PRICE_TYPE.01,SIZ_000036,MAT_000155,300,350,1884600,1820000,64600,12,PRD_000052;PRD_000053;PRD_000054;PRD_000055;PRD_000056;PRD_000057;PRD_000058;PRD_000059;PRD_000060;PRD_000061;PRD_000062;PRD_000063;PRD_000064
COMP_STK_PRINT,PRICE_TYPE.01,SIZ_000036,MAT_000155,350,400,2074800,2000000,74800,15,PRD_000052;PRD_000053;PRD_000054;PRD_000055;PRD_000056;PRD_000057;PRD_000058;PRD_000059;PRD_000060;PRD_000061;PRD_000062;PRD_000063;PRD_000064
COMP_STK_PRINT,PRICE_TYPE.01,SIZ_000036,MAT_000156,100,120,737800,732000,5800,1,PRD_000052;PRD_000053;PRD_000054;PRD_000055;PRD_000056;PRD_000057;PRD_000058;PRD_000059;PRD_000060;PRD_000061;PRD_000062;PRD_000063;PRD_000064
COMP_STK_PRINT,PRICE_TYPE.01,SIZ_000036,MAT_000156,125,140,847900,840000,7900,2,PRD_000052;PRD_000053;PRD_000054;PRD_000055;PRD_000056;PRD_000057;PRD_000058;PRD_000059;PRD_000060;PRD_000061;PRD_000062;PRD_000063;PRD_000064
COMP_STK_PRINT,PRICE_TYPE.01,SIZ_000036,MAT_000156,150,160,954000,928000,26000,5,PRD_000052;PRD_000053;PRD_000054;PRD_000055;PRD_000056;PRD_000057;PRD_000058;PRD_000059;PRD_000060;PRD_000061;PRD_000062;PRD_000063;PRD_000064
COMP_STK_PRINT,PRICE_TYPE.01,SIZ_000036,MAT_000156,200,250,1444200,1400000,44200,8,PRD_000052;PRD_000053;PRD_000054;PRD_000055;PRD_000056;PRD_000057;PRD_000058;PRD_000059;PRD_000060;PRD_000061;PRD_000062;PRD_000063;PRD_000064
COMP_STK_PRINT,PRICE_TYPE.01,SIZ_000036,MAT_000156,250,300,1674400,1620000,54400,10,PRD_000052;PRD_000053;PRD_000054;PRD_000055;PRD_000056;PRD_000057;PRD_000058;PRD_000059;PRD_000060;PRD_000061;PRD_000062;PRD_000063;PRD_000064
COMP_STK_PRINT,PRICE_TYPE.01,SIZ_000036,MAT_000156,300,350,1884600,1820000,64600,12,PRD_000052;PRD_000053;PRD_000054;PRD_000055;PRD_000056;PRD_000057;PRD_000058;PRD_000059;PRD_000060;PRD_000061;PRD_000062;PRD_000063;PRD_000064
COMP_STK_PRINT,PRICE_TYPE.01,SIZ_000036,MAT_000156,350,400,2074800,2000000,74800,15,PRD_000052;PRD_000053;PRD_000054;PRD_000055;PRD_000056;PRD_000057;PRD_000058;PRD_000059;PRD_000060;PRD_000061;PRD_000062;PRD_000063;PRD_000064
COMP_STK_PRINT,PRICE_TYPE.01,SIZ_000036,MAT_000242,50,60,312700,312000,700,1,PRD_000052;PRD_000053;PRD_000054;PRD_000055;PRD_000056;PRD_000057;PRD_000058;PRD_000059;PRD_000060;PRD_000061;PRD_000062;PRD_000063;PRD_000064
COMP_STK_PRINT,PRICE_TYPE.01,SIZ_000036,MAT_000242,100,120,618800,612000,6800,2,PRD_000052;PRD_000053;PRD_000054;PRD_000055;PRD_000056;PRD_000057;PRD_000058;PRD_000059;PRD_000060;PRD_000061;PRD_000062;PRD_000063;PRD_000064
COMP_STK_PRINT,PRICE_TYPE.01,SIZ_000036,MAT_000242,125,140,708900,700000,8900,2,PRD_000052;PRD_000053;PRD_000054;PRD_000055;PRD_000056;PRD_000057;PRD_000058;PRD_000059;PRD_000060;PRD_000061;PRD_000062;PRD_000063;PRD_000064
COMP_STK_PRINT,PRICE_TYPE.01,SIZ_000036,MAT_000242,150,160,795000,768000,27000,6,PRD_000052;PRD_000053;PRD_000054;PRD_000055;PRD_000056;PRD_000057;PRD_000058;PRD_000059;PRD_000060;PRD_000061;PRD_000062;PRD_000063;PRD_000064
COMP_STK_PRINT,PRICE_TYPE.01,SIZ_000036,MAT_000242,200,250,1195200,1150000,45200,10,PRD_000052;PRD_000053;PRD_000054;PRD_000055;PRD_000056;PRD_000057;PRD_000058;PRD_000059;PRD_000060;PRD_000061;PRD_000062;PRD_000063;PRD_000064
COMP_STK_PRINT,PRICE_TYPE.01,SIZ_000036,MAT_000242,250,300,1375400,1320000,55400,13,PRD_000052;PRD_000053;PRD_000054;PRD_000055;PRD_000056;PRD_000057;PRD_000058;PRD_000059;PRD_000060;PRD_000061;PRD_000062;PRD_000063;PRD_000064
COMP_STK_PRINT,PRICE_TYPE.01,SIZ_000036,MAT_000242,300,350,1535600,1470000,65600,15,PRD_000052;PRD_000053;PRD_000054;PRD_000055;PRD_000056;PRD_000057;PRD_000058;PRD_000059;PRD_000060;PRD_000061;PRD_000062;PRD_000063;PRD_000064
COMP_STK_PRINT,PRICE_TYPE.01,SIZ_000036,MAT_000242,350,400,1675800,1600000,75800,19,PRD_000052;PRD_000053;PRD_000054;PRD_000055;PRD_000056;PRD_000057;PRD_000058;PRD_000059;PRD_000060;PRD_000061;PRD_000062;PRD_000063;PRD_000064
COMP_STK_PRINT,PRICE_TYPE.01,SIZ_000043,MAT_000084,50,60,312700,312000,700,1,PRD_000052;PRD_000053;PRD_000054;PRD_000055;PRD_000056;PRD_000057;PRD_000058;PRD_000059;PRD_000060;PRD_000061;PRD_000062;PRD_000063;PRD_000064
COMP_STK_PRINT,PRICE_TYPE.01,SIZ_000043,MAT_000084,100,120,618800,612000,6800,2,PRD_000052;PRD_000053;PRD_000054;PRD_000055;PRD_000056;PRD_000057;PRD_000058;PRD_000059;PRD_000060;PRD_000061;PRD_000062;PRD_000063;PRD_000064
COMP_STK_PRINT,PRICE_TYPE.01,SIZ_000043,MAT_000084,125,140,708900,700000,8900,2,PRD_000052;PRD_000053;PRD_000054;PRD_000055;PRD_000056;PRD_000057;PRD_000058;PRD_000059;PRD_000060;PRD_000061;PRD_000062;PRD_000063;PRD_000064
COMP_STK_PRINT,PRICE_TYPE.01,SIZ_000043,MAT_000084,150,160,795000,768000,27000,6,PRD_000052;PRD_000053;PRD_000054;PRD_000055;PRD_000056;PRD_000057;PRD_000058;PRD_000059;PRD_000060;PRD_000061;PRD_000062;PRD_000063;PRD_000064
COMP_STK_PRINT,PRICE_TYPE.01,SIZ_000043,MAT_000084,200,250,1195200,1150000,45200,10,PRD_000052;PRD_000053;PRD_000054;PRD_000055;PRD_000056;PRD_000057;PRD_000058;PRD_000059;PRD_000060;PRD_000061;PRD_000062;PRD_000063;PRD_000064
COMP_STK_PRINT,PRICE_TYPE.01,SIZ_000043,MAT_000084,250,300,1375400,1320000,55400,13,PRD_000052;PRD_000053;PRD_000054;PRD_000055;PRD_000056;PRD_000057;PRD_000058;PRD_000059;PRD_000060;PRD_000061;PRD_000062;PRD_000063;PRD_000064
COMP_STK_PRINT,PRICE_TYPE.01,SIZ_000043,MAT_000084,300,350,1535600,1470000,65600,15,PRD_000052;PRD_000053;PRD_000054;PRD_000055;PRD_000056;PRD_000057;PRD_000058;PRD_000059;PRD_000060;PRD_000061;PRD_000062;PRD_000063;PRD_000064
COMP_STK_PRINT,PRICE_TYPE.01,SIZ_000043,MAT_000084,350,400,1675800,1600000,75800,19,PRD_000052;PRD_000053;PRD_000054;PRD_000055;PRD_000056;PRD_000057;PRD_000058;PRD_000059;PRD_000060;PRD_000061;PRD_000062;PRD_000063;PRD_000064
COMP_STK_PRINT,PRICE_TYPE.01,SIZ_000043,MAT_000153,50,60,312700,312000,700,1,PRD_000052;PRD_000053;PRD_000054;PRD_000055;PRD_000056;PRD_000057;PRD_000058;PRD_000059;PRD_000060;PRD_000061;PRD_000062;PRD_000063;PRD_000064
COMP_STK_PRINT,PRICE_TYPE.01,SIZ_000043,MAT_000153,100,120,618800,612000,6800,2,PRD_000052;PRD_000053;PRD_000054;PRD_000055;PRD_000056;PRD_000057;PRD_000058;PRD_000059;PRD_000060;PRD_000061;PRD_000062;PRD_000063;PRD_000064
COMP_STK_PRINT,PRICE_TYPE.01,SIZ_000043,MAT_000153,125,140,708900,700000,8900,2,PRD_000052;PRD_000053;PRD_000054;PRD_000055;PRD_000056;PRD_000057;PRD_000058;PRD_000059;PRD_000060;PRD_000061;PRD_000062;PRD_000063;PRD_000064
COMP_STK_PRINT,PRICE_TYPE.01,SIZ_000043,MAT_000153,150,160,795000,768000,27000,6,PRD_000052;PRD_000053;PRD_000054;PRD_000055;PRD_000056;PRD_000057;PRD_000058;PRD_000059;PRD_000060;PRD_000061;PRD_000062;PRD_000063;PRD_000064
COMP_STK_PRINT,PRICE_TYPE.01,SIZ_000043,MAT_000153,200,250,1195200,1150000,45200,10,PRD_000052;PRD_000053;PRD_000054;PRD_000055;PRD_000056;PRD_000057;PRD_000058;PRD_000059;PRD_000060;PRD_000061;PRD_000062;PRD_000063;PRD_000064
COMP_STK_PRINT,PRICE_TYPE.01,SIZ_000043,MAT_000153,250,300,1375400,1320000,55400,13,PRD_000052;PRD_000053;PRD_000054;PRD_000055;PRD_000056;PRD_000057;PRD_000058;PRD_000059;PRD_000060;PRD_000061;PRD_000062;PRD_000063;PRD_000064
COMP_STK_PRINT,PRICE_TYPE.01,SIZ_000043,MAT_000153,300,350,1535600,1470000,65600,15,PRD_000052;PRD_000053;PRD_000054;PRD_000055;PRD_000056;PRD_000057;PRD_000058;PRD_000059;PRD_000060;PRD_000061;PRD_000062;PRD_000063;PRD_000064
COMP_STK_PRINT,PRICE_TYPE.01,SIZ_000043,MAT_000153,350,400,1675800,1600000,75800,19,PRD_000052;PRD_000053;PRD_000054;PRD_000055;PRD_000056;PRD_000057;PRD_000058;PRD_000059;PRD_000060;PRD_000061;PRD_000062;PRD_000063;PRD_000064
COMP_STK_PRINT,PRICE_TYPE.01,SIZ_000043,MAT_000155,100,120,737800,732000,5800,1,PRD_000052;PRD_000053;PRD_000054;PRD_000055;PRD_000056;PRD_000057;PRD_000058;PRD_000059;PRD_000060;PRD_000061;PRD_000062;PRD_000063;PRD_000064
COMP_STK_PRINT,PRICE_TYPE.01,SIZ_000043,MAT_000155,125,140,847900,840000,7900,2,PRD_000052;PRD_000053;PRD_000054;PRD_000055;PRD_000056;PRD_000057;PRD_000058;PRD_000059;PRD_000060;PRD_000061;PRD_000062;PRD_000063;PRD_000064
COMP_STK_PRINT,PRICE_TYPE.01,SIZ_000043,MAT_000155,150,160,954000,928000,26000,5,PRD_000052;PRD_000053;PRD_000054;PRD_000055;PRD_000056;PRD_000057;PRD_000058;PRD_000059;PRD_000060;PRD_000061;PRD_000062;PRD_000063;PRD_000064
COMP_STK_PRINT,PRICE_TYPE.01,SIZ_000043,MAT_000155,200,250,1444200,1400000,44200,8,PRD_000052;PRD_000053;PRD_000054;PRD_000055;PRD_000056;PRD_000057;PRD_000058;PRD_000059;PRD_000060;PRD_000061;PRD_000062;PRD_000063;PRD_000064
COMP_STK_PRINT,PRICE_TYPE.01,SIZ_000043,MAT_000155,250,300,1674400,1620000,54400,10,PRD_000052;PRD_000053;PRD_000054;PRD_000055;PRD_000056;PRD_000057;PRD_000058;PRD_000059;PRD_000060;PRD_000061;PRD_000062;PRD_000063;PRD_000064
COMP_STK_PRINT,PRICE_TYPE.01,SIZ_000043,MAT_000155,300,350,1884600,1820000,64600,12,PRD_000052;PRD_000053;PRD_000054;PRD_000055;PRD_000056;PRD_000057;PRD_000058;PRD_000059;PRD_000060;PRD_000061;PRD_000062;PRD_000063;PRD_000064
COMP_STK_PRINT,PRICE_TYPE.01,SIZ_000043,MAT_000155,350,400,2074800,2000000,74800,15,PRD_000052;PRD_000053;PRD_000054;PRD_000055;PRD_000056;PRD_000057;PRD_000058;PRD_000059;PRD_000060;PRD_000061;PRD_000062;PRD_000063;PRD_000064
COMP_STK_PRINT,PRICE_TYPE.01,SIZ_000043,MAT_000156,100,120,737800,732000,5800,1,PRD_000052;PRD_000053;PRD_000054;PRD_000055;PRD_000056;PRD_000057;PRD_000058;PRD_000059;PRD_000060;PRD_000061;PRD_000062;PRD_000063;PRD_000064
COMP_STK_PRINT,PRICE_TYPE.01,SIZ_000043,MAT_000156,125,140,847900,840000,7900,2,PRD_000052;PRD_000053;PRD_000054;PRD_000055;PRD_000056;PRD_000057;PRD_000058;PRD_000059;PRD_000060;PRD_000061;PRD_000062;PRD_000063;PRD_000064
COMP_STK_PRINT,PRICE_TYPE.01,SIZ_000043,MAT_000156,150,160,954000,928000,26000,5,PRD_000052;PRD_000053;PRD_000054;PRD_000055;PRD_000056;PRD_000057;PRD_000058;PRD_000059;PRD_000060;PRD_000061;PRD_000062;PRD_000063;PRD_000064
COMP_STK_PRINT,PRICE_TYPE.01,SIZ_000043,MAT_000156,200,250,1444200,1400000,44200,8,PRD_000052;PRD_000053;PRD_000054;PRD_000055;PRD_000056;PRD_000057;PRD_000058;PRD_000059;PRD_000060;PRD_000061;PRD_000062;PRD_000063;PRD_000064
COMP_STK_PRINT,PRICE_TYPE.01,SIZ_000043,MAT_000156,250,300,1674400,1620000,54400,10,PRD_000052;PRD_000053;PRD_000054;PRD_000055;PRD_000056;PRD_000057;PRD_000058;PRD_000059;PRD_000060;PRD_000061;PRD_000062;PRD_000063;PRD_000064
COMP_STK_PRINT,PRICE_TYPE.01,SIZ_000043,MAT_000156,300,350,1884600,1820000,64600,12,PRD_000052;PRD_000053;PRD_000054;PRD_000055;PRD_000056;PRD_000057;PRD_000058;PRD_000059;PRD_000060;PRD_000061;PRD_000062;PRD_000063;PRD_000064
COMP_STK_PRINT,PRICE_TYPE.01,SIZ_000043,MAT_000156,350,400,2074800,2000000,74800,15,PRD_000052;PRD_000053;PRD_000054;PRD_000055;PRD_000056;PRD_000057;PRD_000058;PRD_000059;PRD_000060;PRD_000061;PRD_000062;PRD_000063;PRD_000064
COMP_STK_PRINT,PRICE_TYPE.01,SIZ_000043,MAT_000242,50,60,312700,312000,700,1,PRD_000052;PRD_000053;PRD_000054;PRD_000055;PRD_000056;PRD_000057;PRD_000058;PRD_000059;PRD_000060;PRD_000061;PRD_000062;PRD_000063;PRD_000064
COMP_STK_PRINT,PRICE_TYPE.01,SIZ_000043,MAT_000242,100,120,618800,612000,6800,2,PRD_000052;PRD_000053;PRD_000054;PRD_000055;PRD_000056;PRD_000057;PRD_000058;PRD_000059;PRD_000060;PRD_000061;PRD_000062;PRD_000063;PRD_000064
COMP_STK_PRINT,PRICE_TYPE.01,SIZ_000043,MAT_000242,125,140,708900,700000,8900,2,PRD_000052;PRD_000053;PRD_000054;PRD_000055;PRD_000056;PRD_000057;PRD_000058;PRD_000059;PRD_000060;PRD_000061;PRD_000062;PRD_000063;PRD_000064
COMP_STK_PRINT,PRICE_TYPE.01,SIZ_000043,MAT_000242,150,160,795000,768000,27000,6,PRD_000052;PRD_000053;PRD_000054;PRD_000055;PRD_000056;PRD_000057;PRD_000058;PRD_000059;PRD_000060;PRD_000061;PRD_000062;PRD_000063;PRD_000064
COMP_STK_PRINT,PRICE_TYPE.01,SIZ_000043,MAT_000242,200,250,1195200,1150000,45200,10,PRD_000052;PRD_000053;PRD_000054;PRD_000055;PRD_000056;PRD_000057;PRD_000058;PRD_000059;PRD_000060;PRD_000061;PRD_000062;PRD_000063;PRD_000064
COMP_STK_PRINT,PRICE_TYPE.01,SIZ_000043,MAT_000242,250,300,1375400,1320000,55400,13,PRD_000052;PRD_000053;PRD_000054;PRD_000055;PRD_000056;PRD_000057;PRD_000058;PRD_000059;PRD_000060;PRD_000061;PRD_000062;PRD_000063;PRD_000064
COMP_STK_PRINT,PRICE_TYPE.01,SIZ_000043,MAT_000242,300,350,1535600,1470000,65600,15,PRD_000052;PRD_000053;PRD_000054;PRD_000055;PRD_000056;PRD_000057;PRD_000058;PRD_000059;PRD_000060;PRD_000061;PRD_000062;PRD_000063;PRD_000064
COMP_STK_PRINT,PRICE_TYPE.01,SIZ_000043,MAT_000242,350,400,1675800,1600000,75800,19,PRD_000052;PRD_000053;PRD_000054;PRD_000055;PRD_000056;PRD_000057;PRD_000058;PRD_000059;PRD_000060;PRD_000061;PRD_000062;PRD_000063;PRD_000064
COMP_STK_PRINT,PRICE_TYPE.01,SIZ_000061,MAT_000084,50,60,312700,312000,700,1,PRD_000052;PRD_000053;PRD_000054;PRD_000055;PRD_000056;PRD_000057;PRD_000058;PRD_000059;PRD_000060;PRD_000061;PRD_000062;PRD_000063;PRD_000064
COMP_STK_PRINT,PRICE_TYPE.01,SIZ_000061,MAT_000084,100,120,618800,612000,6800,2,PRD_000052;PRD_000053;PRD_000054;PRD_000055;PRD_000056;PRD_000057;PRD_000058;PRD_000059;PRD_000060;PRD_000061;PRD_000062;PRD_000063;PRD_000064
COMP_STK_PRINT,PRICE_TYPE.01,SIZ_000061,MAT_000084,125,140,708900,700000,8900,2,PRD_000052;PRD_000053;PRD_000054;PRD_000055;PRD_000056;PRD_000057;PRD_000058;PRD_000059;PRD_000060;PRD_000061;PRD_000062;PRD_000063;PRD_000064
COMP_STK_PRINT,PRICE_TYPE.01,SIZ_000061,MAT_000084,150,160,795000,768000,27000,6,PRD_000052;PRD_000053;PRD_000054;PRD_000055;PRD_000056;PRD_000057;PRD_000058;PRD_000059;PRD_000060;PRD_000061;PRD_000062;PRD_000063;PRD_000064
COMP_STK_PRINT,PRICE_TYPE.01,SIZ_000061,MAT_000084,200,250,1195200,1150000,45200,10,PRD_000052;PRD_000053;PRD_000054;PRD_000055;PRD_000056;PRD_000057;PRD_000058;PRD_000059;PRD_000060;PRD_000061;PRD_000062;PRD_000063;PRD_000064
COMP_STK_PRINT,PRICE_TYPE.01,SIZ_000061,MAT_000084,250,300,1375400,1320000,55400,13,PRD_000052;PRD_000053;PRD_000054;PRD_000055;PRD_000056;PRD_000057;PRD_000058;PRD_000059;PRD_000060;PRD_000061;PRD_000062;PRD_000063;PRD_000064
COMP_STK_PRINT,PRICE_TYPE.01,SIZ_000061,MAT_000084,300,350,1535600,1470000,65600,15,PRD_000052;PRD_000053;PRD_000054;PRD_000055;PRD_000056;PRD_000057;PRD_000058;PRD_000059;PRD_000060;PRD_000061;PRD_000062;PRD_000063;PRD_000064
COMP_STK_PRINT,PRICE_TYPE.01,SIZ_000061,MAT_000084,350,400,1675800,1600000,75800,19,PRD_000052;PRD_000053;PRD_000054;PRD_000055;PRD_000056;PRD_000057;PRD_000058;PRD_000059;PRD_000060;PRD_000061;PRD_000062;PRD_000063;PRD_000064
COMP_STK_PRINT,PRICE_TYPE.01,SIZ_000061,MAT_000153,50,60,312700,312000,700,1,PRD_000052;PRD_000053;PRD_000054;PRD_000055;PRD_000056;PRD_000057;PRD_000058;PRD_000059;PRD_000060;PRD_000061;PRD_000062;PRD_000063;PRD_000064
COMP_STK_PRINT,PRICE_TYPE.01,SIZ_000061,MAT_000153,100,120,618800,612000,6800,2,PRD_000052;PRD_000053;PRD_000054;PRD_000055;PRD_000056;PRD_000057;PRD_000058;PRD_000059;PRD_000060;PRD_000061;PRD_000062;PRD_000063;PRD_000064
COMP_STK_PRINT,PRICE_TYPE.01,SIZ_000061,MAT_000153,125,140,708900,700000,8900,2,PRD_000052;PRD_000053;PRD_000054;PRD_000055;PRD_000056;PRD_000057;PRD_000058;PRD_000059;PRD_000060;PRD_000061;PRD_000062;PRD_000063;PRD_000064
COMP_STK_PRINT,PRICE_TYPE.01,SIZ_000061,MAT_000153,150,160,795000,768000,27000,6,PRD_000052;PRD_000053;PRD_000054;PRD_000055;PRD_000056;PRD_000057;PRD_000058;PRD_000059;PRD_000060;PRD_000061;PRD_000062;PRD_000063;PRD_000064
COMP_STK_PRINT,PRICE_TYPE.01,SIZ_000061,MAT_000153,200,250,1195200,1150000,45200,10,PRD_000052;PRD_000053;PRD_000054;PRD_000055;PRD_000056;PRD_000057;PRD_000058;PRD_000059;PRD_000060;PRD_000061;PRD_000062;PRD_000063;PRD_000064
COMP_STK_PRINT,PRICE_TYPE.01,SIZ_000061,MAT_000153,250,300,1375400,1320000,55400,13,PRD_000052;PRD_000053;PRD_000054;PRD_000055;PRD_000056;PRD_000057;PRD_000058;PRD_000059;PRD_000060;PRD_000061;PRD_000062;PRD_000063;PRD_000064
COMP_STK_PRINT,PRICE_TYPE.01,SIZ_000061,MAT_000153,300,350,1535600,1470000,65600,15,PRD_000052;PRD_000053;PRD_000054;PRD_000055;PRD_000056;PRD_000057;PRD_000058;PRD_000059;PRD_000060;PRD_000061;PRD_000062;PRD_000063;PRD_000064
COMP_STK_PRINT,PRICE_TYPE.01,SIZ_000061,MAT_000153,350,400,1675800,1600000,75800,19,PRD_000052;PRD_000053;PRD_000054;PRD_000055;PRD_000056;PRD_000057;PRD_000058;PRD_000059;PRD_000060;PRD_000061;PRD_000062;PRD_000063;PRD_000064
COMP_STK_PRINT,PRICE_TYPE.01,SIZ_000061,MAT_000155,100,120,737800,732000,5800,1,PRD_000052;PRD_000053;PRD_000054;PRD_000055;PRD_000056;PRD_000057;PRD_000058;PRD_000059;PRD_000060;PRD_000061;PRD_000062;PRD_000063;PRD_000064
COMP_STK_PRINT,PRICE_TYPE.01,SIZ_000061,MAT_000155,125,140,847900,840000,7900,2,PRD_000052;PRD_000053;PRD_000054;PRD_000055;PRD_000056;PRD_000057;PRD_000058;PRD_000059;PRD_000060;PRD_000061;PRD_000062;PRD_000063;PRD_000064
COMP_STK_PRINT,PRICE_TYPE.01,SIZ_000061,MAT_000155,150,160,954000,928000,26000,5,PRD_000052;PRD_000053;PRD_000054;PRD_000055;PRD_000056;PRD_000057;PRD_000058;PRD_000059;PRD_000060;PRD_000061;PRD_000062;PRD_000063;PRD_000064
COMP_STK_PRINT,PRICE_TYPE.01,SIZ_000061,MAT_000155,200,250,1444200,1400000,44200,8,PRD_000052;PRD_000053;PRD_000054;PRD_000055;PRD_000056;PRD_000057;PRD_000058;PRD_000059;PRD_000060;PRD_000061;PRD_000062;PRD_000063;PRD_000064
COMP_STK_PRINT,PRICE_TYPE.01,SIZ_000061,MAT_000155,250,300,1674400,1620000,54400,10,PRD_000052;PRD_000053;PRD_000054;PRD_000055;PRD_000056;PRD_000057;PRD_000058;PRD_000059;PRD_000060;PRD_000061;PRD_000062;PRD_000063;PRD_000064
COMP_STK_PRINT,PRICE_TYPE.01,SIZ_000061,MAT_000155,300,350,1884600,1820000,64600,12,PRD_000052;PRD_000053;PRD_000054;PRD_000055;PRD_000056;PRD_000057;PRD_000058;PRD_000059;PRD_000060;PRD_000061;PRD_000062;PRD_000063;PRD_000064
COMP_STK_PRINT,PRICE_TYPE.01,SIZ_000061,MAT_000155,350,400,2074800,2000000,74800,15,PRD_000052;PRD_000053;PRD_000054;PRD_000055;PRD_000056;PRD_000057;PRD_000058;PRD_000059;PRD_000060;PRD_000061;PRD_000062;PRD_000063;PRD_000064
COMP_STK_PRINT,PRICE_TYPE.01,SIZ_000061,MAT_000156,100,120,737800,732000,5800,1,PRD_000052;PRD_000053;PRD_000054;PRD_000055;PRD_000056;PRD_000057;PRD_000058;PRD_000059;PRD_000060;PRD_000061;PRD_000062;PRD_000063;PRD_000064
COMP_STK_PRINT,PRICE_TYPE.01,SIZ_000061,MAT_000156,125,140,847900,840000,7900,2,PRD_000052;PRD_000053;PRD_000054;PRD_000055;PRD_000056;PRD_000057;PRD_000058;PRD_000059;PRD_000060;PRD_000061;PRD_000062;PRD_000063;PRD_000064
COMP_STK_PRINT,PRICE_TYPE.01,SIZ_000061,MAT_000156,150,160,954000,928000,26000,5,PRD_000052;PRD_000053;PRD_000054;PRD_000055;PRD_000056;PRD_000057;PRD_000058;PRD_000059;PRD_000060;PRD_000061;PRD_000062;PRD_000063;PRD_000064
COMP_STK_PRINT,PRICE_TYPE.01,SIZ_000061,MAT_000156,200,250,1444200,1400000,44200,8,PRD_000052;PRD_000053;PRD_000054;PRD_000055;PRD_000056;PRD_000057;PRD_000058;PRD_000059;PRD_000060;PRD_000061;PRD_000062;PRD_000063;PRD_000064
COMP_STK_PRINT,PRICE_TYPE.01,SIZ_000061,MAT_000156,250,300,1674400,1620000,54400,10,PRD_000052;PRD_000053;PRD_000054;PRD_000055;PRD_000056;PRD_000057;PRD_000058;PRD_000059;PRD_000060;PRD_000061;PRD_000062;PRD_000063;PRD_000064
COMP_STK_PRINT,PRICE_TYPE.01,SIZ_000061,MAT_000156,300,350,1884600,1820000,64600,12,PRD_000052;PRD_000053;PRD_000054;PRD_000055;PRD_000056;PRD_000057;PRD_000058;PRD_000059;PRD_000060;PRD_000061;PRD_000062;PRD_000063;PRD_000064
COMP_STK_PRINT,PRICE_TYPE.01,SIZ_000061,MAT_000156,350,400,2074800,2000000,74800,15,PRD_000052;PRD_000053;PRD_000054;PRD_000055;PRD_000056;PRD_000057;PRD_000058;PRD_000059;PRD_000060;PRD_000061;PRD_000062;PRD_000063;PRD_000064
COMP_STK_PRINT,PRICE_TYPE.01,SIZ_000061,MAT_000242,50,60,312700,312000,700,1,PRD_000052;PRD_000053;PRD_000054;PRD_000055;PRD_000056;PRD_000057;PRD_000058;PRD_000059;PRD_000060;PRD_000061;PRD_000062;PRD_000063;PRD_000064
COMP_STK_PRINT,PRICE_TYPE.01,SIZ_000061,MAT_000242,100,120,618800,612000,6800,2,PRD_000052;PRD_000053;PRD_000054;PRD_000055;PRD_000056;PRD_000057;PRD_000058;PRD_000059;PRD_000060;PRD_000061;PRD_000062;PRD_000063;PRD_000064
COMP_STK_PRINT,PRICE_TYPE.01,SIZ_000061,MAT_000242,125,140,708900,700000,8900,2,PRD_000052;PRD_000053;PRD_000054;PRD_000055;PRD_000056;PRD_000057;PRD_000058;PRD_000059;PRD_000060;PRD_000061;PRD_000062;PRD_000063;PRD_000064
COMP_STK_PRINT,PRICE_TYPE.01,SIZ_000061,MAT_000242,150,160,795000,768000,27000,6,PRD_000052;PRD_000053;PRD_000054;PRD_000055;PRD_000056;PRD_000057;PRD_000058;PRD_000059;PRD_000060;PRD_000061;PRD_000062;PRD_000063;PRD_000064
COMP_STK_PRINT,PRICE_TYPE.01,SIZ_000061,MAT_000242,200,250,1195200,1150000,45200,10,PRD_000052;PRD_000053;PRD_000054;PRD_000055;PRD_000056;PRD_000057;PRD_000058;PRD_000059;PRD_000060;PRD_000061;PRD_000062;PRD_000063;PRD_000064
COMP_STK_PRINT,PRICE_TYPE.01,SIZ_000061,MAT_000242,250,300,1375400,1320000,55400,13,PRD_000052;PRD_000053;PRD_000054;PRD_000055;PRD_000056;PRD_000057;PRD_000058;PRD_000059;PRD_000060;PRD_000061;PRD_000062;PRD_000063;PRD_000064
COMP_STK_PRINT,PRICE_TYPE.01,SIZ_000061,MAT_000242,300,350,1535600,1470000,65600,15,PRD_000052;PRD_000053;PRD_000054;PRD_000055;PRD_000056;PRD_000057;PRD_000058;PRD_000059;PRD_000060;PRD_000061;PRD_000062;PRD_000063;PRD_000064
COMP_STK_PRINT,PRICE_TYPE.01,SIZ_000061,MAT_000242,350,400,1675800,1600000,75800,19,PRD_000052;PRD_000053;PRD_000054;PRD_000055;PRD_000056;PRD_000057;PRD_000058;PRD_000059;PRD_000060;PRD_000061;PRD_000062;PRD_000063;PRD_000064
COMP_STK_PRINT,PRICE_TYPE.01,SIZ_000062,MAT_000084,50,60,312700,312000,700,1,PRD_000052;PRD_000053;PRD_000054;PRD_000055;PRD_000056;PRD_000057;PRD_000058;PRD_000059;PRD_000060;PRD_000061;PRD_000062;PRD_000063;PRD_000064
COMP_STK_PRINT,PRICE_TYPE.01,SIZ_000062,MAT_000084,100,120,618800,612000,6800,2,PRD_000052;PRD_000053;PRD_000054;PRD_000055;PRD_000056;PRD_000057;PRD_000058;PRD_000059;PRD_000060;PRD_000061;PRD_000062;PRD_000063;PRD_000064
COMP_STK_PRINT,PRICE_TYPE.01,SIZ_000062,MAT_000084,125,140,708900,700000,8900,2,PRD_000052;PRD_000053;PRD_000054;PRD_000055;PRD_000056;PRD_000057;PRD_000058;PRD_000059;PRD_000060;PRD_000061;PRD_000062;PRD_000063;PRD_000064
COMP_STK_PRINT,PRICE_TYPE.01,SIZ_000062,MAT_000084,150,160,795000,768000,27000,6,PRD_000052;PRD_000053;PRD_000054;PRD_000055;PRD_000056;PRD_000057;PRD_000058;PRD_000059;PRD_000060;PRD_000061;PRD_000062;PRD_000063;PRD_000064
COMP_STK_PRINT,PRICE_TYPE.01,SIZ_000062,MAT_000084,200,250,1195200,1150000,45200,10,PRD_000052;PRD_000053;PRD_000054;PRD_000055;PRD_000056;PRD_000057;PRD_000058;PRD_000059;PRD_000060;PRD_000061;PRD_000062;PRD_000063;PRD_000064
COMP_STK_PRINT,PRICE_TYPE.01,SIZ_000062,MAT_000084,250,300,1375400,1320000,55400,13,PRD_000052;PRD_000053;PRD_000054;PRD_000055;PRD_000056;PRD_000057;PRD_000058;PRD_000059;PRD_000060;PRD_000061;PRD_000062;PRD_000063;PRD_000064
COMP_STK_PRINT,PRICE_TYPE.01,SIZ_000062,MAT_000084,300,350,1535600,1470000,65600,15,PRD_000052;PRD_000053;PRD_000054;PRD_000055;PRD_000056;PRD_000057;PRD_000058;PRD_000059;PRD_000060;PRD_000061;PRD_000062;PRD_000063;PRD_000064
COMP_STK_PRINT,PRICE_TYPE.01,SIZ_000062,MAT_000084,350,400,1675800,1600000,75800,19,PRD_000052;PRD_000053;PRD_000054;PRD_000055;PRD_000056;PRD_000057;PRD_000058;PRD_000059;PRD_000060;PRD_000061;PRD_000062;PRD_000063;PRD_000064
COMP_STK_PRINT,PRICE_TYPE.01,SIZ_000062,MAT_000153,50,60,312700,312000,700,1,PRD_000052;PRD_000053;PRD_000054;PRD_000055;PRD_000056;PRD_000057;PRD_000058;PRD_000059;PRD_000060;PRD_000061;PRD_000062;PRD_000063;PRD_000064
COMP_STK_PRINT,PRICE_TYPE.01,SIZ_000062,MAT_000153,100,120,618800,612000,6800,2,PRD_000052;PRD_000053;PRD_000054;PRD_000055;PRD_000056;PRD_000057;PRD_000058;PRD_000059;PRD_000060;PRD_000061;PRD_000062;PRD_000063;PRD_000064
COMP_STK_PRINT,PRICE_TYPE.01,SIZ_000062,MAT_000153,125,140,708900,700000,8900,2,PRD_000052;PRD_000053;PRD_000054;PRD_000055;PRD_000056;PRD_000057;PRD_000058;PRD_000059;PRD_000060;PRD_000061;PRD_000062;PRD_000063;PRD_000064
COMP_STK_PRINT,PRICE_TYPE.01,SIZ_000062,MAT_000153,150,160,795000,768000,27000,6,PRD_000052;PRD_000053;PRD_000054;PRD_000055;PRD_000056;PRD_000057;PRD_000058;PRD_000059;PRD_000060;PRD_000061;PRD_000062;PRD_000063;PRD_000064
COMP_STK_PRINT,PRICE_TYPE.01,SIZ_000062,MAT_000153,200,250,1195200,1150000,45200,10,PRD_000052;PRD_000053;PRD_000054;PRD_000055;PRD_000056;PRD_000057;PRD_000058;PRD_000059;PRD_000060;PRD_000061;PRD_000062;PRD_000063;PRD_000064
COMP_STK_PRINT,PRICE_TYPE.01,SIZ_000062,MAT_000153,250,300,1375400,1320000,55400,13,PRD_000052;PRD_000053;PRD_000054;PRD_000055;PRD_000056;PRD_000057;PRD_000058;PRD_000059;PRD_000060;PRD_000061;PRD_000062;PRD_000063;PRD_000064
COMP_STK_PRINT,PRICE_TYPE.01,SIZ_000062,MAT_000153,300,350,1535600,1470000,65600,15,PRD_000052;PRD_000053;PRD_000054;PRD_000055;PRD_000056;PRD_000057;PRD_000058;PRD_000059;PRD_000060;PRD_000061;PRD_000062;PRD_000063;PRD_000064
COMP_STK_PRINT,PRICE_TYPE.01,SIZ_000062,MAT_000153,350,400,1675800,1600000,75800,19,PRD_000052;PRD_000053;PRD_000054;PRD_000055;PRD_000056;PRD_000057;PRD_000058;PRD_000059;PRD_000060;PRD_000061;PRD_000062;PRD_000063;PRD_000064
COMP_STK_PRINT,PRICE_TYPE.01,SIZ_000062,MAT_000155,100,120,737800,732000,5800,1,PRD_000052;PRD_000053;PRD_000054;PRD_000055;PRD_000056;PRD_000057;PRD_000058;PRD_000059;PRD_000060;PRD_000061;PRD_000062;PRD_000063;PRD_000064
COMP_STK_PRINT,PRICE_TYPE.01,SIZ_000062,MAT_000155,125,140,847900,840000,7900,2,PRD_000052;PRD_000053;PRD_000054;PRD_000055;PRD_000056;PRD_000057;PRD_000058;PRD_000059;PRD_000060;PRD_000061;PRD_000062;PRD_000063;PRD_000064
COMP_STK_PRINT,PRICE_TYPE.01,SIZ_000062,MAT_000155,150,160,954000,928000,26000,5,PRD_000052;PRD_000053;PRD_000054;PRD_000055;PRD_000056;PRD_000057;PRD_000058;PRD_000059;PRD_000060;PRD_000061;PRD_000062;PRD_000063;PRD_000064
COMP_STK_PRINT,PRICE_TYPE.01,SIZ_000062,MAT_000155,200,250,1444200,1400000,44200,8,PRD_000052;PRD_000053;PRD_000054;PRD_000055;PRD_000056;PRD_000057;PRD_000058;PRD_000059;PRD_000060;PRD_000061;PRD_000062;PRD_000063;PRD_000064
COMP_STK_PRINT,PRICE_TYPE.01,SIZ_000062,MAT_000155,250,300,1674400,1620000,54400,10,PRD_000052;PRD_000053;PRD_000054;PRD_000055;PRD_000056;PRD_000057;PRD_000058;PRD_000059;PRD_000060;PRD_000061;PRD_000062;PRD_000063;PRD_000064
COMP_STK_PRINT,PRICE_TYPE.01,SIZ_000062,MAT_000155,300,350,1884600,1820000,64600,12,PRD_000052;PRD_000053;PRD_000054;PRD_000055;PRD_000056;PRD_000057;PRD_000058;PRD_000059;PRD_000060;PRD_000061;PRD_000062;PRD_000063;PRD_000064
COMP_STK_PRINT,PRICE_TYPE.01,SIZ_000062,MAT_000155,350,400,2074800,2000000,74800,15,PRD_000052;PRD_000053;PRD_000054;PRD_000055;PRD_000056;PRD_000057;PRD_000058;PRD_000059;PRD_000060;PRD_000061;PRD_000062;PRD_000063;PRD_000064
COMP_STK_PRINT,PRICE_TYPE.01,SIZ_000062,MAT_000156,100,120,737800,732000,5800,1,PRD_000052;PRD_000053;PRD_000054;PRD_000055;PRD_000056;PRD_000057;PRD_000058;PRD_000059;PRD_000060;PRD_000061;PRD_000062;PRD_000063;PRD_000064
COMP_STK_PRINT,PRICE_TYPE.01,SIZ_000062,MAT_000156,125,140,847900,840000,7900,2,PRD_000052;PRD_000053;PRD_000054;PRD_000055;PRD_000056;PRD_000057;PRD_000058;PRD_000059;PRD_000060;PRD_000061;PRD_000062;PRD_000063;PRD_000064
COMP_STK_PRINT,PRICE_TYPE.01,SIZ_000062,MAT_000156,150,160,954000,928000,26000,5,PRD_000052;PRD_000053;PRD_000054;PRD_000055;PRD_000056;PRD_000057;PRD_000058;PRD_000059;PRD_000060;PRD_000061;PRD_000062;PRD_000063;PRD_000064
COMP_STK_PRINT,PRICE_TYPE.01,SIZ_000062,MAT_000156,200,250,1444200,1400000,44200,8,PRD_000052;PRD_000053;PRD_000054;PRD_000055;PRD_000056;PRD_000057;PRD_000058;PRD_000059;PRD_000060;PRD_000061;PRD_000062;PRD_000063;PRD_000064
COMP_STK_PRINT,PRICE_TYPE.01,SIZ_000062,MAT_000156,250,300,1674400,1620000,54400,10,PRD_000052;PRD_000053;PRD_000054;PRD_000055;PRD_000056;PRD_000057;PRD_000058;PRD_000059;PRD_000060;PRD_000061;PRD_000062;PRD_000063;PRD_000064
COMP_STK_PRINT,PRICE_TYPE.01,SIZ_000062,MAT_000156,300,350,1884600,1820000,64600,12,PRD_000052;PRD_000053;PRD_000054;PRD_000055;PRD_000056;PRD_000057;PRD_000058;PRD_000059;PRD_000060;PRD_000061;PRD_000062;PRD_000063;PRD_000064
COMP_STK_PRINT,PRICE_TYPE.01,SIZ_000062,MAT_000156,350,400,2074800,2000000,74800,15,PRD_000052;PRD_000053;PRD_000054;PRD_000055;PRD_000056;PRD_000057;PRD_000058;PRD_000059;PRD_000060;PRD_000061;PRD_000062;PRD_000063;PRD_000064
COMP_STK_PRINT,PRICE_TYPE.01,SIZ_000062,MAT_000242,50,60,312700,312000,700,1,PRD_000052;PRD_000053;PRD_000054;PRD_000055;PRD_000056;PRD_000057;PRD_000058;PRD_000059;PRD_000060;PRD_000061;PRD_000062;PRD_000063;PRD_000064
COMP_STK_PRINT,PRICE_TYPE.01,SIZ_000062,MAT_000242,100,120,618800,612000,6800,2,PRD_000052;PRD_000053;PRD_000054;PRD_000055;PRD_000056;PRD_000057;PRD_000058;PRD_000059;PRD_000060;PRD_000061;PRD_000062;PRD_000063;PRD_000064
COMP_STK_PRINT,PRICE_TYPE.01,SIZ_000062,MAT_000242,125,140,708900,700000,8900,2,PRD_000052;PRD_000053;PRD_000054;PRD_000055;PRD_000056;PRD_000057;PRD_000058;PRD_000059;PRD_000060;PRD_000061;PRD_000062;PRD_000063;PRD_000064
COMP_STK_PRINT,PRICE_TYPE.01,SIZ_000062,MAT_000242,150,160,795000,768000,27000,6,PRD_000052;PRD_000053;PRD_000054;PRD_000055;PRD_000056;PRD_000057;PRD_000058;PRD_000059;PRD_000060;PRD_000061;PRD_000062;PRD_000063;PRD_000064
COMP_STK_PRINT,PRICE_TYPE.01,SIZ_000062,MAT_000242,200,250,1195200,1150000,45200,10,PRD_000052;PRD_000053;PRD_000054;PRD_000055;PRD_000056;PRD_000057;PRD_000058;PRD_000059;PRD_000060;PRD_000061;PRD_000062;PRD_000063;PRD_000064
COMP_STK_PRINT,PRICE_TYPE.01,SIZ_000062,MAT_000242,250,300,1375400,1320000,55400,13,PRD_000052;PRD_000053;PRD_000054;PRD_000055;PRD_000056;PRD_000057;PRD_000058;PRD_000059;PRD_000060;PRD_000061;PRD_000062;PRD_000063;PRD_000064
COMP_STK_PRINT,PRICE_TYPE.01,SIZ_000062,MAT_000242,300,350,1535600,1470000,65600,15,PRD_000052;PRD_000053;PRD_000054;PRD_000055;PRD_000056;PRD_000057;PRD_000058;PRD_000059;PRD_000060;PRD_000061;PRD_000062;PRD_000063;PRD_000064
COMP_STK_PRINT,PRICE_TYPE.01,SIZ_000062,MAT_000242,350,400,1675800,1600000,75800,19,PRD_000052;PRD_000053;PRD_000054;PRD_000055;PRD_000056;PRD_000057;PRD_000058;PRD_000059;PRD_000060;PRD_000061;PRD_000062;PRD_000063;PRD_000064
COMP_STK_PRINT,PRICE_TYPE.01,SIZ_000063,MAT_000084,50,60,312700,312000,700,1,PRD_000052;PRD_000053;PRD_000054;PRD_000055;PRD_000056;PRD_000057;PRD_000058;PRD_000059;PRD_000060;PRD_000061;PRD_000062;PRD_000063;PRD_000064
COMP_STK_PRINT,PRICE_TYPE.01,SIZ_000063,MAT_000084,100,120,618800,612000,6800,2,PRD_000052;PRD_000053;PRD_000054;PRD_000055;PRD_000056;PRD_000057;PRD_000058;PRD_000059;PRD_000060;PRD_000061;PRD_000062;PRD_000063;PRD_000064
COMP_STK_PRINT,PRICE_TYPE.01,SIZ_000063,MAT_000084,125,140,708900,700000,8900,2,PRD_000052;PRD_000053;PRD_000054;PRD_000055;PRD_000056;PRD_000057;PRD_000058;PRD_000059;PRD_000060;PRD_000061;PRD_000062;PRD_000063;PRD_000064
COMP_STK_PRINT,PRICE_TYPE.01,SIZ_000063,MAT_000084,150,160,795000,768000,27000,6,PRD_000052;PRD_000053;PRD_000054;PRD_000055;PRD_000056;PRD_000057;PRD_000058;PRD_000059;PRD_000060;PRD_000061;PRD_000062;PRD_000063;PRD_000064
COMP_STK_PRINT,PRICE_TYPE.01,SIZ_000063,MAT_000084,200,250,1195200,1150000,45200,10,PRD_000052;PRD_000053;PRD_000054;PRD_000055;PRD_000056;PRD_000057;PRD_000058;PRD_000059;PRD_000060;PRD_000061;PRD_000062;PRD_000063;PRD_000064
COMP_STK_PRINT,PRICE_TYPE.01,SIZ_000063,MAT_000084,250,300,1375400,1320000,55400,13,PRD_000052;PRD_000053;PRD_000054;PRD_000055;PRD_000056;PRD_000057;PRD_000058;PRD_000059;PRD_000060;PRD_000061;PRD_000062;PRD_000063;PRD_000064
COMP_STK_PRINT,PRICE_TYPE.01,SIZ_000063,MAT_000084,300,350,1535600,1470000,65600,15,PRD_000052;PRD_000053;PRD_000054;PRD_000055;PRD_000056;PRD_000057;PRD_000058;PRD_000059;PRD_000060;PRD_000061;PRD_000062;PRD_000063;PRD_000064
COMP_STK_PRINT,PRICE_TYPE.01,SIZ_000063,MAT_000084,350,400,1675800,1600000,75800,19,PRD_000052;PRD_000053;PRD_000054;PRD_000055;PRD_000056;PRD_000057;PRD_000058;PRD_000059;PRD_000060;PRD_000061;PRD_000062;PRD_000063;PRD_000064
COMP_STK_PRINT,PRICE_TYPE.01,SIZ_000063,MAT_000153,50,60,312700,312000,700,1,PRD_000052;PRD_000053;PRD_000054;PRD_000055;PRD_000056;PRD_000057;PRD_000058;PRD_000059;PRD_000060;PRD_000061;PRD_000062;PRD_000063;PRD_000064
COMP_STK_PRINT,PRICE_TYPE.01,SIZ_000063,MAT_000153,100,120,618800,612000,6800,2,PRD_000052;PRD_000053;PRD_000054;PRD_000055;PRD_000056;PRD_000057;PRD_000058;PRD_000059;PRD_000060;PRD_000061;PRD_000062;PRD_000063;PRD_000064
COMP_STK_PRINT,PRICE_TYPE.01,SIZ_000063,MAT_000153,125,140,708900,700000,8900,2,PRD_000052;PRD_000053;PRD_000054;PRD_000055;PRD_000056;PRD_000057;PRD_000058;PRD_000059;PRD_000060;PRD_000061;PRD_000062;PRD_000063;PRD_000064
COMP_STK_PRINT,PRICE_TYPE.01,SIZ_000063,MAT_000153,150,160,795000,768000,27000,6,PRD_000052;PRD_000053;PRD_000054;PRD_000055;PRD_000056;PRD_000057;PRD_000058;PRD_000059;PRD_000060;PRD_000061;PRD_000062;PRD_000063;PRD_000064
COMP_STK_PRINT,PRICE_TYPE.01,SIZ_000063,MAT_000153,200,250,1195200,1150000,45200,10,PRD_000052;PRD_000053;PRD_000054;PRD_000055;PRD_000056;PRD_000057;PRD_000058;PRD_000059;PRD_000060;PRD_000061;PRD_000062;PRD_000063;PRD_000064
COMP_STK_PRINT,PRICE_TYPE.01,SIZ_000063,MAT_000153,250,300,1375400,1320000,55400,13,PRD_000052;PRD_000053;PRD_000054;PRD_000055;PRD_000056;PRD_000057;PRD_000058;PRD_000059;PRD_000060;PRD_000061;PRD_000062;PRD_000063;PRD_000064
COMP_STK_PRINT,PRICE_TYPE.01,SIZ_000063,MAT_000153,300,350,1535600,1470000,65600,15,PRD_000052;PRD_000053;PRD_000054;PRD_000055;PRD_000056;PRD_000057;PRD_000058;PRD_000059;PRD_000060;PRD_000061;PRD_000062;PRD_000063;PRD_000064
COMP_STK_PRINT,PRICE_TYPE.01,SIZ_000063,MAT_000153,350,400,1675800,1600000,75800,19,PRD_000052;PRD_000053;PRD_000054;PRD_000055;PRD_000056;PRD_000057;PRD_000058;PRD_000059;PRD_000060;PRD_000061;PRD_000062;PRD_000063;PRD_000064
COMP_STK_PRINT,PRICE_TYPE.01,SIZ_000063,MAT_000155,100,120,737800,732000,5800,1,PRD_000052;PRD_000053;PRD_000054;PRD_000055;PRD_000056;PRD_000057;PRD_000058;PRD_000059;PRD_000060;PRD_000061;PRD_000062;PRD_000063;PRD_000064
COMP_STK_PRINT,PRICE_TYPE.01,SIZ_000063,MAT_000155,125,140,847900,840000,7900,2,PRD_000052;PRD_000053;PRD_000054;PRD_000055;PRD_000056;PRD_000057;PRD_000058;PRD_000059;PRD_000060;PRD_000061;PRD_000062;PRD_000063;PRD_000064
COMP_STK_PRINT,PRICE_TYPE.01,SIZ_000063,MAT_000155,150,160,954000,928000,26000,5,PRD_000052;PRD_000053;PRD_000054;PRD_000055;PRD_000056;PRD_000057;PRD_000058;PRD_000059;PRD_000060;PRD_000061;PRD_000062;PRD_000063;PRD_000064
COMP_STK_PRINT,PRICE_TYPE.01,SIZ_000063,MAT_000155,200,250,1444200,1400000,44200,8,PRD_000052;PRD_000053;PRD_000054;PRD_000055;PRD_000056;PRD_000057;PRD_000058;PRD_000059;PRD_000060;PRD_000061;PRD_000062;PRD_000063;PRD_000064
COMP_STK_PRINT,PRICE_TYPE.01,SIZ_000063,MAT_000155,250,300,1674400,1620000,54400,10,PRD_000052;PRD_000053;PRD_000054;PRD_000055;PRD_000056;PRD_000057;PRD_000058;PRD_000059;PRD_000060;PRD_000061;PRD_000062;PRD_000063;PRD_000064
COMP_STK_PRINT,PRICE_TYPE.01,SIZ_000063,MAT_000155,300,350,1884600,1820000,64600,12,PRD_000052;PRD_000053;PRD_000054;PRD_000055;PRD_000056;PRD_000057;PRD_000058;PRD_000059;PRD_000060;PRD_000061;PRD_000062;PRD_000063;PRD_000064
COMP_STK_PRINT,PRICE_TYPE.01,SIZ_000063,MAT_000155,350,400,2074800,2000000,74800,15,PRD_000052;PRD_000053;PRD_000054;PRD_000055;PRD_000056;PRD_000057;PRD_000058;PRD_000059;PRD_000060;PRD_000061;PRD_000062;PRD_000063;PRD_000064
COMP_STK_PRINT,PRICE_TYPE.01,SIZ_000063,MAT_000156,100,120,737800,732000,5800,1,PRD_000052;PRD_000053;PRD_000054;PRD_000055;PRD_000056;PRD_000057;PRD_000058;PRD_000059;PRD_000060;PRD_000061;PRD_000062;PRD_000063;PRD_000064
COMP_STK_PRINT,PRICE_TYPE.01,SIZ_000063,MAT_000156,125,140,847900,840000,7900,2,PRD_000052;PRD_000053;PRD_000054;PRD_000055;PRD_000056;PRD_000057;PRD_000058;PRD_000059;PRD_000060;PRD_000061;PRD_000062;PRD_000063;PRD_000064
COMP_STK_PRINT,PRICE_TYPE.01,SIZ_000063,MAT_000156,150,160,954000,928000,26000,5,PRD_000052;PRD_000053;PRD_000054;PRD_000055;PRD_000056;PRD_000057;PRD_000058;PRD_000059;PRD_000060;PRD_000061;PRD_000062;PRD_000063;PRD_000064
COMP_STK_PRINT,PRICE_TYPE.01,SIZ_000063,MAT_000156,200,250,1444200,1400000,44200,8,PRD_000052;PRD_000053;PRD_000054;PRD_000055;PRD_000056;PRD_000057;PRD_000058;PRD_000059;PRD_000060;PRD_000061;PRD_000062;PRD_000063;PRD_000064
COMP_STK_PRINT,PRICE_TYPE.01,SIZ_000063,MAT_000156,250,300,1674400,1620000,54400,10,PRD_000052;PRD_000053;PRD_000054;PRD_000055;PRD_000056;PRD_000057;PRD_000058;PRD_000059;PRD_000060;PRD_000061;PRD_000062;PRD_000063;PRD_000064
COMP_STK_PRINT,PRICE_TYPE.01,SIZ_000063,MAT_000156,300,350,1884600,1820000,64600,12,PRD_000052;PRD_000053;PRD_000054;PRD_000055;PRD_000056;PRD_000057;PRD_000058;PRD_000059;PRD_000060;PRD_000061;PRD_000062;PRD_000063;PRD_000064
COMP_STK_PRINT,PRICE_TYPE.01,SIZ_000063,MAT_000156,350,400,2074800,2000000,74800,15,PRD_000052;PRD_000053;PRD_000054;PRD_000055;PRD_000056;PRD_000057;PRD_000058;PRD_000059;PRD_000060;PRD_000061;PRD_000062;PRD_000063;PRD_000064
COMP_STK_PRINT,PRICE_TYPE.01,SIZ_000063,MAT_000242,50,60,312700,312000,700,1,PRD_000052;PRD_000053;PRD_000054;PRD_000055;PRD_000056;PRD_000057;PRD_000058;PRD_000059;PRD_000060;PRD_000061;PRD_000062;PRD_000063;PRD_000064
COMP_STK_PRINT,PRICE_TYPE.01,SIZ_000063,MAT_000242,100,120,618800,612000,6800,2,PRD_000052;PRD_000053;PRD_000054;PRD_000055;PRD_000056;PRD_000057;PRD_000058;PRD_000059;PRD_000060;PRD_000061;PRD_000062;PRD_000063;PRD_000064
COMP_STK_PRINT,PRICE_TYPE.01,SIZ_000063,MAT_000242,125,140,708900,700000,8900,2,PRD_000052;PRD_000053;PRD_000054;PRD_000055;PRD_000056;PRD_000057;PRD_000058;PRD_000059;PRD_000060;PRD_000061;PRD_000062;PRD_000063;PRD_000064
COMP_STK_PRINT,PRICE_TYPE.01,SIZ_000063,MAT_000242,150,160,795000,768000,27000,6,PRD_000052;PRD_000053;PRD_000054;PRD_000055;PRD_000056;PRD_000057;PRD_000058;PRD_000059;PRD_000060;PRD_000061;PRD_000062;PRD_000063;PRD_000064
COMP_STK_PRINT,PRICE_TYPE.01,SIZ_000063,MAT_000242,200,250,1195200,1150000,45200,10,PRD_000052;PRD_000053;PRD_000054;PRD_000055;PRD_000056;PRD_000057;PRD_000058;PRD_000059;PRD_000060;PRD_000061;PRD_000062;PRD_000063;PRD_000064
COMP_STK_PRINT,PRICE_TYPE.01,SIZ_000063,MAT_000242,250,300,1375400,1320000,55400,13,PRD_000052;PRD_000053;PRD_000054;PRD_000055;PRD_000056;PRD_000057;PRD_000058;PRD_000059;PRD_000060;PRD_000061;PRD_000062;PRD_000063;PRD_000064
COMP_STK_PRINT,PRICE_TYPE.01,SIZ_000063,MAT_000242,300,350,1535600,1470000,65600,15,PRD_000052;PRD_000053;PRD_000054;PRD_000055;PRD_000056;PRD_000057;PRD_000058;PRD_000059;PRD_000060;PRD_000061;PRD_000062;PRD_000063;PRD_000064
COMP_STK_PRINT,PRICE_TYPE.01,SIZ_000063,MAT_000242,350,400,1675800,1600000,75800,19,PRD_000052;PRD_000053;PRD_000054;PRD_000055;PRD_000056;PRD_000057;PRD_000058;PRD_000059;PRD_000060;PRD_000061;PRD_000062;PRD_000063;PRD_000064
COMP_STK_PRINT,PRICE_TYPE.01,SIZ_000064,MAT_000084,50,60,312700,312000,700,1,PRD_000052;PRD_000053;PRD_000054;PRD_000055;PRD_000056;PRD_000057;PRD_000058;PRD_000059;PRD_000060;PRD_000061;PRD_000062;PRD_000063;PRD_000064
COMP_STK_PRINT,PRICE_TYPE.01,SIZ_000064,MAT_000084,100,120,618800,612000,6800,2,PRD_000052;PRD_000053;PRD_000054;PRD_000055;PRD_000056;PRD_000057;PRD_000058;PRD_000059;PRD_000060;PRD_000061;PRD_000062;PRD_000063;PRD_000064
COMP_STK_PRINT,PRICE_TYPE.01,SIZ_000064,MAT_000084,125,140,708900,700000,8900,2,PRD_000052;PRD_000053;PRD_000054;PRD_000055;PRD_000056;PRD_000057;PRD_000058;PRD_000059;PRD_000060;PRD_000061;PRD_000062;PRD_000063;PRD_000064
COMP_STK_PRINT,PRICE_TYPE.01,SIZ_000064,MAT_000084,150,160,795000,768000,27000,6,PRD_000052;PRD_000053;PRD_000054;PRD_000055;PRD_000056;PRD_000057;PRD_000058;PRD_000059;PRD_000060;PRD_000061;PRD_000062;PRD_000063;PRD_000064
COMP_STK_PRINT,PRICE_TYPE.01,SIZ_000064,MAT_000084,200,250,1195200,1150000,45200,10,PRD_000052;PRD_000053;PRD_000054;PRD_000055;PRD_000056;PRD_000057;PRD_000058;PRD_000059;PRD_000060;PRD_000061;PRD_000062;PRD_000063;PRD_000064
COMP_STK_PRINT,PRICE_TYPE.01,SIZ_000064,MAT_000084,250,300,1375400,1320000,55400,13,PRD_000052;PRD_000053;PRD_000054;PRD_000055;PRD_000056;PRD_000057;PRD_000058;PRD_000059;PRD_000060;PRD_000061;PRD_000062;PRD_000063;PRD_000064
COMP_STK_PRINT,PRICE_TYPE.01,SIZ_000064,MAT_000084,300,350,1535600,1470000,65600,15,PRD_000052;PRD_000053;PRD_000054;PRD_000055;PRD_000056;PRD_000057;PRD_000058;PRD_000059;PRD_000060;PRD_000061;PRD_000062;PRD_000063;PRD_000064
COMP_STK_PRINT,PRICE_TYPE.01,SIZ_000064,MAT_000084,350,400,1675800,1600000,75800,19,PRD_000052;PRD_000053;PRD_000054;PRD_000055;PRD_000056;PRD_000057;PRD_000058;PRD_000059;PRD_000060;PRD_000061;PRD_000062;PRD_000063;PRD_000064
COMP_STK_PRINT,PRICE_TYPE.01,SIZ_000064,MAT_000153,50,60,312700,312000,700,1,PRD_000052;PRD_000053;PRD_000054;PRD_000055;PRD_000056;PRD_000057;PRD_000058;PRD_000059;PRD_000060;PRD_000061;PRD_000062;PRD_000063;PRD_000064
COMP_STK_PRINT,PRICE_TYPE.01,SIZ_000064,MAT_000153,100,120,618800,612000,6800,2,PRD_000052;PRD_000053;PRD_000054;PRD_000055;PRD_000056;PRD_000057;PRD_000058;PRD_000059;PRD_000060;PRD_000061;PRD_000062;PRD_000063;PRD_000064
COMP_STK_PRINT,PRICE_TYPE.01,SIZ_000064,MAT_000153,125,140,708900,700000,8900,2,PRD_000052;PRD_000053;PRD_000054;PRD_000055;PRD_000056;PRD_000057;PRD_000058;PRD_000059;PRD_000060;PRD_000061;PRD_000062;PRD_000063;PRD_000064
COMP_STK_PRINT,PRICE_TYPE.01,SIZ_000064,MAT_000153,150,160,795000,768000,27000,6,PRD_000052;PRD_000053;PRD_000054;PRD_000055;PRD_000056;PRD_000057;PRD_000058;PRD_000059;PRD_000060;PRD_000061;PRD_000062;PRD_000063;PRD_000064
COMP_STK_PRINT,PRICE_TYPE.01,SIZ_000064,MAT_000153,200,250,1195200,1150000,45200,10,PRD_000052;PRD_000053;PRD_000054;PRD_000055;PRD_000056;PRD_000057;PRD_000058;PRD_000059;PRD_000060;PRD_000061;PRD_000062;PRD_000063;PRD_000064
COMP_STK_PRINT,PRICE_TYPE.01,SIZ_000064,MAT_000153,250,300,1375400,1320000,55400,13,PRD_000052;PRD_000053;PRD_000054;PRD_000055;PRD_000056;PRD_000057;PRD_000058;PRD_000059;PRD_000060;PRD_000061;PRD_000062;PRD_000063;PRD_000064
COMP_STK_PRINT,PRICE_TYPE.01,SIZ_000064,MAT_000153,300,350,1535600,1470000,65600,15,PRD_000052;PRD_000053;PRD_000054;PRD_000055;PRD_000056;PRD_000057;PRD_000058;PRD_000059;PRD_000060;PRD_000061;PRD_000062;PRD_000063;PRD_000064
COMP_STK_PRINT,PRICE_TYPE.01,SIZ_000064,MAT_000153,350,400,1675800,1600000,75800,19,PRD_000052;PRD_000053;PRD_000054;PRD_000055;PRD_000056;PRD_000057;PRD_000058;PRD_000059;PRD_000060;PRD_000061;PRD_000062;PRD_000063;PRD_000064
COMP_STK_PRINT,PRICE_TYPE.01,SIZ_000064,MAT_000155,100,120,737800,732000,5800,1,PRD_000052;PRD_000053;PRD_000054;PRD_000055;PRD_000056;PRD_000057;PRD_000058;PRD_000059;PRD_000060;PRD_000061;PRD_000062;PRD_000063;PRD_000064
COMP_STK_PRINT,PRICE_TYPE.01,SIZ_000064,MAT_000155,125,140,847900,840000,7900,2,PRD_000052;PRD_000053;PRD_000054;PRD_000055;PRD_000056;PRD_000057;PRD_000058;PRD_000059;PRD_000060;PRD_000061;PRD_000062;PRD_000063;PRD_000064
COMP_STK_PRINT,PRICE_TYPE.01,SIZ_000064,MAT_000155,150,160,954000,928000,26000,5,PRD_000052;PRD_000053;PRD_000054;PRD_000055;PRD_000056;PRD_000057;PRD_000058;PRD_000059;PRD_000060;PRD_000061;PRD_000062;PRD_000063;PRD_000064
COMP_STK_PRINT,PRICE_TYPE.01,SIZ_000064,MAT_000155,200,250,1444200,1400000,44200,8,PRD_000052;PRD_000053;PRD_000054;PRD_000055;PRD_000056;PRD_000057;PRD_000058;PRD_000059;PRD_000060;PRD_000061;PRD_000062;PRD_000063;PRD_000064
COMP_STK_PRINT,PRICE_TYPE.01,SIZ_000064,MAT_000155,250,300,1674400,1620000,54400,10,PRD_000052;PRD_000053;PRD_000054;PRD_000055;PRD_000056;PRD_000057;PRD_000058;PRD_000059;PRD_000060;PRD_000061;PRD_000062;PRD_000063;PRD_000064
COMP_STK_PRINT,PRICE_TYPE.01,SIZ_000064,MAT_000155,300,350,1884600,1820000,64600,12,PRD_000052;PRD_000053;PRD_000054;PRD_000055;PRD_000056;PRD_000057;PRD_000058;PRD_000059;PRD_000060;PRD_000061;PRD_000062;PRD_000063;PRD_000064
COMP_STK_PRINT,PRICE_TYPE.01,SIZ_000064,MAT_000155,350,400,2074800,2000000,74800,15,PRD_000052;PRD_000053;PRD_000054;PRD_000055;PRD_000056;PRD_000057;PRD_000058;PRD_000059;PRD_000060;PRD_000061;PRD_000062;PRD_000063;PRD_000064
COMP_STK_PRINT,PRICE_TYPE.01,SIZ_000064,MAT_000156,100,120,737800,732000,5800,1,PRD_000052;PRD_000053;PRD_000054;PRD_000055;PRD_000056;PRD_000057;PRD_000058;PRD_000059;PRD_000060;PRD_000061;PRD_000062;PRD_000063;PRD_000064
COMP_STK_PRINT,PRICE_TYPE.01,SIZ_000064,MAT_000156,125,140,847900,840000,7900,2,PRD_000052;PRD_000053;PRD_000054;PRD_000055;PRD_000056;PRD_000057;PRD_000058;PRD_000059;PRD_000060;PRD_000061;PRD_000062;PRD_000063;PRD_000064
COMP_STK_PRINT,PRICE_TYPE.01,SIZ_000064,MAT_000156,150,160,954000,928000,26000,5,PRD_000052;PRD_000053;PRD_000054;PRD_000055;PRD_000056;PRD_000057;PRD_000058;PRD_000059;PRD_000060;PRD_000061;PRD_000062;PRD_000063;PRD_000064
COMP_STK_PRINT,PRICE_TYPE.01,SIZ_000064,MAT_000156,200,250,1444200,1400000,44200,8,PRD_000052;PRD_000053;PRD_000054;PRD_000055;PRD_000056;PRD_000057;PRD_000058;PRD_000059;PRD_000060;PRD_000061;PRD_000062;PRD_000063;PRD_000064
COMP_STK_PRINT,PRICE_TYPE.01,SIZ_000064,MAT_000156,250,300,1674400,1620000,54400,10,PRD_000052;PRD_000053;PRD_000054;PRD_000055;PRD_000056;PRD_000057;PRD_000058;PRD_000059;PRD_000060;PRD_000061;PRD_000062;PRD_000063;PRD_000064
COMP_STK_PRINT,PRICE_TYPE.01,SIZ_000064,MAT_000156,300,350,1884600,1820000,64600,12,PRD_000052;PRD_000053;PRD_000054;PRD_000055;PRD_000056;PRD_000057;PRD_000058;PRD_000059;PRD_000060;PRD_000061;PRD_000062;PRD_000063;PRD_000064
COMP_STK_PRINT,PRICE_TYPE.01,SIZ_000064,MAT_000156,350,400,2074800,2000000,74800,15,PRD_000052;PRD_000053;PRD_000054;PRD_000055;PRD_000056;PRD_000057;PRD_000058;PRD_000059;PRD_000060;PRD_000061;PRD_000062;PRD_000063;PRD_000064
COMP_STK_PRINT,PRICE_TYPE.01,SIZ_000064,MAT_000242,50,60,312700,312000,700,1,PRD_000052;PRD_000053;PRD_000054;PRD_000055;PRD_000056;PRD_000057;PRD_000058;PRD_000059;PRD_000060;PRD_000061;PRD_000062;PRD_000063;PRD_000064
COMP_STK_PRINT,PRICE_TYPE.01,SIZ_000064,MAT_000242,100,120,618800,612000,6800,2,PRD_000052;PRD_000053;PRD_000054;PRD_000055;PRD_000056;PRD_000057;PRD_000058;PRD_000059;PRD_000060;PRD_000061;PRD_000062;PRD_000063;PRD_000064
COMP_STK_PRINT,PRICE_TYPE.01,SIZ_000064,MAT_000242,125,140,708900,700000,8900,2,PRD_000052;PRD_000053;PRD_000054;PRD_000055;PRD_000056;PRD_000057;PRD_000058;PRD_000059;PRD_000060;PRD_000061;PRD_000062;PRD_000063;PRD_000064
COMP_STK_PRINT,PRICE_TYPE.01,SIZ_000064,MAT_000242,150,160,795000,768000,27000,6,PRD_000052;PRD_000053;PRD_000054;PRD_000055;PRD_000056;PRD_000057;PRD_000058;PRD_000059;PRD_000060;PRD_000061;PRD_000062;PRD_000063;PRD_000064
COMP_STK_PRINT,PRICE_TYPE.01,SIZ_000064,MAT_000242,200,250,1195200,1150000,45200,10,PRD_000052;PRD_000053;PRD_000054;PRD_000055;PRD_000056;PRD_000057;PRD_000058;PRD_000059;PRD_000060;PRD_000061;PRD_000062;PRD_000063;PRD_000064
COMP_STK_PRINT,PRICE_TYPE.01,SIZ_000064,MAT_000242,250,300,1375400,1320000,55400,13,PRD_000052;PRD_000053;PRD_000054;PRD_000055;PRD_000056;PRD_000057;PRD_000058;PRD_000059;PRD_000060;PRD_000061;PRD_000062;PRD_000063;PRD_000064
COMP_STK_PRINT,PRICE_TYPE.01,SIZ_000064,MAT_000242,300,350,1535600,1470000,65600,15,PRD_000052;PRD_000053;PRD_000054;PRD_000055;PRD_000056;PRD_000057;PRD_000058;PRD_000059;PRD_000060;PRD_000061;PRD_000062;PRD_000063;PRD_000064
COMP_STK_PRINT,PRICE_TYPE.01,SIZ_000064,MAT_000242,350,400,1675800,1600000,75800,19,PRD_000052;PRD_000053;PRD_000054;PRD_000055;PRD_000056;PRD_000057;PRD_000058;PRD_000059;PRD_000060;PRD_000061;PRD_000062;PRD_000063;PRD_000064
COMP_STK_PRINT,PRICE_TYPE.01,SIZ_000065,MAT_000084,50,60,312700,312000,700,1,PRD_000052;PRD_000053;PRD_000054;PRD_000055;PRD_000056;PRD_000057;PRD_000058;PRD_000059;PRD_000060;PRD_000061;PRD_000062;PRD_000063;PRD_000064
COMP_STK_PRINT,PRICE_TYPE.01,SIZ_000065,MAT_000084,100,120,618800,612000,6800,2,PRD_000052;PRD_000053;PRD_000054;PRD_000055;PRD_000056;PRD_000057;PRD_000058;PRD_000059;PRD_000060;PRD_000061;PRD_000062;PRD_000063;PRD_000064
COMP_STK_PRINT,PRICE_TYPE.01,SIZ_000065,MAT_000084,125,140,708900,700000,8900,2,PRD_000052;PRD_000053;PRD_000054;PRD_000055;PRD_000056;PRD_000057;PRD_000058;PRD_000059;PRD_000060;PRD_000061;PRD_000062;PRD_000063;PRD_000064
COMP_STK_PRINT,PRICE_TYPE.01,SIZ_000065,MAT_000084,150,160,795000,768000,27000,6,PRD_000052;PRD_000053;PRD_000054;PRD_000055;PRD_000056;PRD_000057;PRD_000058;PRD_000059;PRD_000060;PRD_000061;PRD_000062;PRD_000063;PRD_000064
COMP_STK_PRINT,PRICE_TYPE.01,SIZ_000065,MAT_000084,200,250,1195200,1150000,45200,10,PRD_000052;PRD_000053;PRD_000054;PRD_000055;PRD_000056;PRD_000057;PRD_000058;PRD_000059;PRD_000060;PRD_000061;PRD_000062;PRD_000063;PRD_000064
COMP_STK_PRINT,PRICE_TYPE.01,SIZ_000065,MAT_000084,250,300,1375400,1320000,55400,13,PRD_000052;PRD_000053;PRD_000054;PRD_000055;PRD_000056;PRD_000057;PRD_000058;PRD_000059;PRD_000060;PRD_000061;PRD_000062;PRD_000063;PRD_000064
COMP_STK_PRINT,PRICE_TYPE.01,SIZ_000065,MAT_000084,300,350,1535600,1470000,65600,15,PRD_000052;PRD_000053;PRD_000054;PRD_000055;PRD_000056;PRD_000057;PRD_000058;PRD_000059;PRD_000060;PRD_000061;PRD_000062;PRD_000063;PRD_000064
COMP_STK_PRINT,PRICE_TYPE.01,SIZ_000065,MAT_000084,350,400,1675800,1600000,75800,19,PRD_000052;PRD_000053;PRD_000054;PRD_000055;PRD_000056;PRD_000057;PRD_000058;PRD_000059;PRD_000060;PRD_000061;PRD_000062;PRD_000063;PRD_000064
COMP_STK_PRINT,PRICE_TYPE.01,SIZ_000065,MAT_000153,50,60,312700,312000,700,1,PRD_000052;PRD_000053;PRD_000054;PRD_000055;PRD_000056;PRD_000057;PRD_000058;PRD_000059;PRD_000060;PRD_000061;PRD_000062;PRD_000063;PRD_000064
COMP_STK_PRINT,PRICE_TYPE.01,SIZ_000065,MAT_000153,100,120,618800,612000,6800,2,PRD_000052;PRD_000053;PRD_000054;PRD_000055;PRD_000056;PRD_000057;PRD_000058;PRD_000059;PRD_000060;PRD_000061;PRD_000062;PRD_000063;PRD_000064
COMP_STK_PRINT,PRICE_TYPE.01,SIZ_000065,MAT_000153,125,140,708900,700000,8900,2,PRD_000052;PRD_000053;PRD_000054;PRD_000055;PRD_000056;PRD_000057;PRD_000058;PRD_000059;PRD_000060;PRD_000061;PRD_000062;PRD_000063;PRD_000064
COMP_STK_PRINT,PRICE_TYPE.01,SIZ_000065,MAT_000153,150,160,795000,768000,27000,6,PRD_000052;PRD_000053;PRD_000054;PRD_000055;PRD_000056;PRD_000057;PRD_000058;PRD_000059;PRD_000060;PRD_000061;PRD_000062;PRD_000063;PRD_000064
COMP_STK_PRINT,PRICE_TYPE.01,SIZ_000065,MAT_000153,200,250,1195200,1150000,45200,10,PRD_000052;PRD_000053;PRD_000054;PRD_000055;PRD_000056;PRD_000057;PRD_000058;PRD_000059;PRD_000060;PRD_000061;PRD_000062;PRD_000063;PRD_000064
COMP_STK_PRINT,PRICE_TYPE.01,SIZ_000065,MAT_000153,250,300,1375400,1320000,55400,13,PRD_000052;PRD_000053;PRD_000054;PRD_000055;PRD_000056;PRD_000057;PRD_000058;PRD_000059;PRD_000060;PRD_000061;PRD_000062;PRD_000063;PRD_000064
COMP_STK_PRINT,PRICE_TYPE.01,SIZ_000065,MAT_000153,300,350,1535600,1470000,65600,15,PRD_000052;PRD_000053;PRD_000054;PRD_000055;PRD_000056;PRD_000057;PRD_000058;PRD_000059;PRD_000060;PRD_000061;PRD_000062;PRD_000063;PRD_000064
COMP_STK_PRINT,PRICE_TYPE.01,SIZ_000065,MAT_000153,350,400,1675800,1600000,75800,19,PRD_000052;PRD_000053;PRD_000054;PRD_000055;PRD_000056;PRD_000057;PRD_000058;PRD_000059;PRD_000060;PRD_000061;PRD_000062;PRD_000063;PRD_000064
COMP_STK_PRINT,PRICE_TYPE.01,SIZ_000065,MAT_000155,100,120,737800,732000,5800,1,PRD_000052;PRD_000053;PRD_000054;PRD_000055;PRD_000056;PRD_000057;PRD_000058;PRD_000059;PRD_000060;PRD_000061;PRD_000062;PRD_000063;PRD_000064
COMP_STK_PRINT,PRICE_TYPE.01,SIZ_000065,MAT_000155,125,140,847900,840000,7900,2,PRD_000052;PRD_000053;PRD_000054;PRD_000055;PRD_000056;PRD_000057;PRD_000058;PRD_000059;PRD_000060;PRD_000061;PRD_000062;PRD_000063;PRD_000064
COMP_STK_PRINT,PRICE_TYPE.01,SIZ_000065,MAT_000155,150,160,954000,928000,26000,5,PRD_000052;PRD_000053;PRD_000054;PRD_000055;PRD_000056;PRD_000057;PRD_000058;PRD_000059;PRD_000060;PRD_000061;PRD_000062;PRD_000063;PRD_000064
COMP_STK_PRINT,PRICE_TYPE.01,SIZ_000065,MAT_000155,200,250,1444200,1400000,44200,8,PRD_000052;PRD_000053;PRD_000054;PRD_000055;PRD_000056;PRD_000057;PRD_000058;PRD_000059;PRD_000060;PRD_000061;PRD_000062;PRD_000063;PRD_000064
COMP_STK_PRINT,PRICE_TYPE.01,SIZ_000065,MAT_000155,250,300,1674400,1620000,54400,10,PRD_000052;PRD_000053;PRD_000054;PRD_000055;PRD_000056;PRD_000057;PRD_000058;PRD_000059;PRD_000060;PRD_000061;PRD_000062;PRD_000063;PRD_000064
COMP_STK_PRINT,PRICE_TYPE.01,SIZ_000065,MAT_000155,300,350,1884600,1820000,64600,12,PRD_000052;PRD_000053;PRD_000054;PRD_000055;PRD_000056;PRD_000057;PRD_000058;PRD_000059;PRD_000060;PRD_000061;PRD_000062;PRD_000063;PRD_000064
COMP_STK_PRINT,PRICE_TYPE.01,SIZ_000065,MAT_000155,350,400,2074800,2000000,74800,15,PRD_000052;PRD_000053;PRD_000054;PRD_000055;PRD_000056;PRD_000057;PRD_000058;PRD_000059;PRD_000060;PRD_000061;PRD_000062;PRD_000063;PRD_000064
COMP_STK_PRINT,PRICE_TYPE.01,SIZ_000065,MAT_000156,100,120,737800,732000,5800,1,PRD_000052;PRD_000053;PRD_000054;PRD_000055;PRD_000056;PRD_000057;PRD_000058;PRD_000059;PRD_000060;PRD_000061;PRD_000062;PRD_000063;PRD_000064
COMP_STK_PRINT,PRICE_TYPE.01,SIZ_000065,MAT_000156,125,140,847900,840000,7900,2,PRD_000052;PRD_000053;PRD_000054;PRD_000055;PRD_000056;PRD_000057;PRD_000058;PRD_000059;PRD_000060;PRD_000061;PRD_000062;PRD_000063;PRD_000064
COMP_STK_PRINT,PRICE_TYPE.01,SIZ_000065,MAT_000156,150,160,954000,928000,26000,5,PRD_000052;PRD_000053;PRD_000054;PRD_000055;PRD_000056;PRD_000057;PRD_000058;PRD_000059;PRD_000060;PRD_000061;PRD_000062;PRD_000063;PRD_000064
COMP_STK_PRINT,PRICE_TYPE.01,SIZ_000065,MAT_000156,200,250,1444200,1400000,44200,8,PRD_000052;PRD_000053;PRD_000054;PRD_000055;PRD_000056;PRD_000057;PRD_000058;PRD_000059;PRD_000060;PRD_000061;PRD_000062;PRD_000063;PRD_000064
COMP_STK_PRINT,PRICE_TYPE.01,SIZ_000065,MAT_000156,250,300,1674400,1620000,54400,10,PRD_000052;PRD_000053;PRD_000054;PRD_000055;PRD_000056;PRD_000057;PRD_000058;PRD_000059;PRD_000060;PRD_000061;PRD_000062;PRD_000063;PRD_000064
COMP_STK_PRINT,PRICE_TYPE.01,SIZ_000065,MAT_000156,300,350,1884600,1820000,64600,12,PRD_000052;PRD_000053;PRD_000054;PRD_000055;PRD_000056;PRD_000057;PRD_000058;PRD_000059;PRD_000060;PRD_000061;PRD_000062;PRD_000063;PRD_000064
COMP_STK_PRINT,PRICE_TYPE.01,SIZ_000065,MAT_000156,350,400,2074800,2000000,74800,15,PRD_000052;PRD_000053;PRD_000054;PRD_000055;PRD_000056;PRD_000057;PRD_000058;PRD_000059;PRD_000060;PRD_000061;PRD_000062;PRD_000063;PRD_000064
COMP_STK_PRINT,PRICE_TYPE.01,SIZ_000065,MAT_000242,50,60,312700,312000,700,1,PRD_000052;PRD_000053;PRD_000054;PRD_000055;PRD_000056;PRD_000057;PRD_000058;PRD_000059;PRD_000060;PRD_000061;PRD_000062;PRD_000063;PRD_000064
COMP_STK_PRINT,PRICE_TYPE.01,SIZ_000065,MAT_000242,100,120,618800,612000,6800,2,PRD_000052;PRD_000053;PRD_000054;PRD_000055;PRD_000056;PRD_000057;PRD_000058;PRD_000059;PRD_000060;PRD_000061;PRD_000062;PRD_000063;PRD_000064
COMP_STK_PRINT,PRICE_TYPE.01,SIZ_000065,MAT_000242,125,140,708900,700000,8900,2,PRD_000052;PRD_000053;PRD_000054;PRD_000055;PRD_000056;PRD_000057;PRD_000058;PRD_000059;PRD_000060;PRD_000061;PRD_000062;PRD_000063;PRD_000064
COMP_STK_PRINT,PRICE_TYPE.01,SIZ_000065,MAT_000242,150,160,795000,768000,27000,6,PRD_000052;PRD_000053;PRD_000054;PRD_000055;PRD_000056;PRD_000057;PRD_000058;PRD_000059;PRD_000060;PRD_000061;PRD_000062;PRD_000063;PRD_000064
COMP_STK_PRINT,PRICE_TYPE.01,SIZ_000065,MAT_000242,200,250,1195200,1150000,45200,10,PRD_000052;PRD_000053;PRD_000054;PRD_000055;PRD_000056;PRD_000057;PRD_000058;PRD_000059;PRD_000060;PRD_000061;PRD_000062;PRD_000063;PRD_000064
COMP_STK_PRINT,PRICE_TYPE.01,SIZ_000065,MAT_000242,250,300,1375400,1320000,55400,13,PRD_000052;PRD_000053;PRD_000054;PRD_000055;PRD_000056;PRD_000057;PRD_000058;PRD_000059;PRD_000060;PRD_000061;PRD_000062;PRD_000063;PRD_000064
COMP_STK_PRINT,PRICE_TYPE.01,SIZ_000065,MAT_000242,300,350,1535600,1470000,65600,15,PRD_000052;PRD_000053;PRD_000054;PRD_000055;PRD_000056;PRD_000057;PRD_000058;PRD_000059;PRD_000060;PRD_000061;PRD_000062;PRD_000063;PRD_000064
COMP_STK_PRINT,PRICE_TYPE.01,SIZ_000065,MAT_000242,350,400,1675800,1600000,75800,19,PRD_000052;PRD_000053;PRD_000054;PRD_000055;PRD_000056;PRD_000057;PRD_000058;PRD_000059;PRD_000060;PRD_000061;PRD_000062;PRD_000063;PRD_000064
COMP_STK_PRINT,PRICE_TYPE.01,SIZ_000520,MAT_000162,75,80,450300,448000,2300,1,PRD_000052;PRD_000053;PRD_000054;PRD_000055;PRD_000056;PRD_000057;PRD_000058;PRD_000059;PRD_000060;PRD_000061;PRD_000062;PRD_000063;PRD_000064
COMP_STK_PRINT,PRICE_TYPE.01,SIZ_000520,MAT_000162,125,140,778400,770000,8400,2,PRD_000052;PRD_000053;PRD_000054;PRD_000055;PRD_000056;PRD_000057;PRD_000058;PRD_000059;PRD_000060;PRD_000061;PRD_000062;PRD_000063;PRD_000064
COMP_STK_PRINT,PRICE_TYPE.01,SIZ_000520,MAT_000162,175,180,984500,972000,12500,3,PRD_000052;PRD_000053;PRD_000054;PRD_000055;PRD_000056;PRD_000057;PRD_000058;PRD_000059;PRD_000060;PRD_000061;PRD_000062;PRD_000063;PRD_000064
COMP_STK_PRINT,PRICE_TYPE.01,SIZ_000520,MAT_000162,200,250,1344600,1300000,44600,9,PRD_000052;PRD_000053;PRD_000054;PRD_000055;PRD_000056;PRD_000057;PRD_000058;PRD_000059;PRD_000060;PRD_000061;PRD_000062;PRD_000063;PRD_000064
COMP_STK_PRINT,PRICE_TYPE.01,SIZ_000520,MAT_000162,250,300,1554800,1500000,54800,11,PRD_000052;PRD_000053;PRD_000054;PRD_000055;PRD_000056;PRD_000057;PRD_000058;PRD_000059;PRD_000060;PRD_000061;PRD_000062;PRD_000063;PRD_000064
COMP_STK_PRINT,PRICE_TYPE.01,SIZ_000520,MAT_000162,300,350,1745000,1680000,65000,13,PRD_000052;PRD_000053;PRD_000054;PRD_000055;PRD_000056;PRD_000057;PRD_000058;PRD_000059;PRD_000060;PRD_000061;PRD_000062;PRD_000063;PRD_000064
COMP_STK_PRINT,PRICE_TYPE.01,SIZ_000520,MAT_000162,350,400,1915200,1880000,35200,8,PRD_000052;PRD_000053;PRD_000054;PRD_000055;PRD_000056;PRD_000057;PRD_000058;PRD_000059;PRD_000060;PRD_000061;PRD_000062;PRD_000063;PRD_000064
COMP_STK_PRINT,PRICE_TYPE.01,SIZ_000520,MAT_000162,400,450,2110300,2070000,40300,9,PRD_000052;PRD_000053;PRD_000054;PRD_000055;PRD_000056;PRD_000057;PRD_000058;PRD_000059;PRD_000060;PRD_000061;PRD_000062;PRD_000063;PRD_000064
COMP_STK_PRINT,PRICE_TYPE.01,SIZ_000520,MAT_000163,75,80,450300,448000,2300,1,PRD_000052;PRD_000053;PRD_000054;PRD_000055;PRD_000056;PRD_000057;PRD_000058;PRD_000059;PRD_000060;PRD_000061;PRD_000062;PRD_000063;PRD_000064
COMP_STK_PRINT,PRICE_TYPE.01,SIZ_000520,MAT_000163,125,140,778400,770000,8400,2,PRD_000052;PRD_000053;PRD_000054;PRD_000055;PRD_000056;PRD_000057;PRD_000058;PRD_000059;PRD_000060;PRD_000061;PRD_000062;PRD_000063;PRD_000064
COMP_STK_PRINT,PRICE_TYPE.01,SIZ_000520,MAT_000163,175,180,984500,972000,12500,3,PRD_000052;PRD_000053;PRD_000054;PRD_000055;PRD_000056;PRD_000057;PRD_000058;PRD_000059;PRD_000060;PRD_000061;PRD_000062;PRD_000063;PRD_000064
COMP_STK_PRINT,PRICE_TYPE.01,SIZ_000520,MAT_000163,200,250,1344600,1300000,44600,9,PRD_000052;PRD_000053;PRD_000054;PRD_000055;PRD_000056;PRD_000057;PRD_000058;PRD_000059;PRD_000060;PRD_000061;PRD_000062;PRD_000063;PRD_000064
COMP_STK_PRINT,PRICE_TYPE.01,SIZ_000520,MAT_000163,250,300,1554800,1500000,54800,11,PRD_000052;PRD_000053;PRD_000054;PRD_000055;PRD_000056;PRD_000057;PRD_000058;PRD_000059;PRD_000060;PRD_000061;PRD_000062;PRD_000063;PRD_000064
COMP_STK_PRINT,PRICE_TYPE.01,SIZ_000520,MAT_000163,300,350,1745000,1680000,65000,13,PRD_000052;PRD_000053;PRD_000054;PRD_000055;PRD_000056;PRD_000057;PRD_000058;PRD_000059;PRD_000060;PRD_000061;PRD_000062;PRD_000063;PRD_000064
COMP_STK_PRINT,PRICE_TYPE.01,SIZ_000520,MAT_000163,350,400,1915200,1880000,35200,8,PRD_000052;PRD_000053;PRD_000054;PRD_000055;PRD_000056;PRD_000057;PRD_000058;PRD_000059;PRD_000060;PRD_000061;PRD_000062;PRD_000063;PRD_000064
COMP_STK_PRINT,PRICE_TYPE.01,SIZ_000520,MAT_000163,400,450,2110300,2070000,40300,9,PRD_000052;PRD_000053;PRD_000054;PRD_000055;PRD_000056;PRD_000057;PRD_000058;PRD_000059;PRD_000060;PRD_000061;PRD_000062;PRD_000063;PRD_000064
COMP_STK_PRINT,PRICE_TYPE.01,SIZ_000170,MAT_000163,100,120,737800,732000,5800,1,PRD_000052;PRD_000053;PRD_000054;PRD_000055;PRD_000056;PRD_000057;PRD_000058;PRD_000059;PRD_000060;PRD_000061;PRD_000062;PRD_000063;PRD_000064
COMP_STK_PRINT,PRICE_TYPE.01,SIZ_000170,MAT_000163,125,140,847900,840000,7900,2,PRD_000052;PRD_000053;PRD_000054;PRD_000055;PRD_000056;PRD_000057;PRD_000058;PRD_000059;PRD_000060;PRD_000061;PRD_000062;PRD_000063;PRD_000064
COMP_STK_PRINT,PRICE_TYPE.01,SIZ_000170,MAT_000163,150,160,954000,928000,26000,5,PRD_000052;PRD_000053;PRD_000054;PRD_000055;PRD_000056;PRD_000057;PRD_000058;PRD_000059;PRD_000060;PRD_000061;PRD_000062;PRD_000063;PRD_000064
COMP_STK_PRINT,PRICE_TYPE.01,SIZ_000170,MAT_000163,200,250,1444200,1400000,44200,8,PRD_000052;PRD_000053;PRD_000054;PRD_000055;PRD_000056;PRD_000057;PRD_000058;PRD_000059;PRD_000060;PRD_000061;PRD_000062;PRD_000063;PRD_000064
COMP_STK_PRINT,PRICE_TYPE.01,SIZ_000170,MAT_000163,250,300,1674400,1620000,54400,10,PRD_000052;PRD_000053;PRD_000054;PRD_000055;PRD_000056;PRD_000057;PRD_000058;PRD_000059;PRD_000060;PRD_000061;PRD_000062;PRD_000063;PRD_000064
COMP_STK_PRINT,PRICE_TYPE.01,SIZ_000170,MAT_000163,300,350,1884600,1820000,64600,12,PRD_000052;PRD_000053;PRD_000054;PRD_000055;PRD_000056;PRD_000057;PRD_000058;PRD_000059;PRD_000060;PRD_000061;PRD_000062;PRD_000063;PRD_000064
COMP_STK_PRINT,PRICE_TYPE.01,SIZ_000170,MAT_000163,350,400,2074800,2000000,74800,15,PRD_000052;PRD_000053;PRD_000054;PRD_000055;PRD_000056;PRD_000057;PRD_000058;PRD_000059;PRD_000060;PRD_000061;PRD_000062;PRD_000063;PRD_000064
COMP_STK_PRINT,PRICE_TYPE.01,SIZ_000170,MAT_000162,100,120,737800,732000,5800,1,PRD_000052;PRD_000053;PRD_000054;PRD_000055;PRD_000056;PRD_000057;PRD_000058;PRD_000059;PRD_000060;PRD_000061;PRD_000062;PRD_000063;PRD_000064
COMP_STK_PRINT,PRICE_TYPE.01,SIZ_000170,MAT_000162,125,140,847900,840000,7900,2,PRD_000052;PRD_000053;PRD_000054;PRD_000055;PRD_000056;PRD_000057;PRD_000058;PRD_000059;PRD_000060;PRD_000061;PRD_000062;PRD_000063;PRD_000064
COMP_STK_PRINT,PRICE_TYPE.01,SIZ_000170,MAT_000162,150,160,954000,928000,26000,5,PRD_000052;PRD_000053;PRD_000054;PRD_000055;PRD_000056;PRD_000057;PRD_000058;PRD_000059;PRD_000060;PRD_000061;PRD_000062;PRD_000063;PRD_000064
COMP_STK_PRINT,PRICE_TYPE.01,SIZ_000170,MAT_000162,200,250,1444200,1400000,44200,8,PRD_000052;PRD_000053;PRD_000054;PRD_000055;PRD_000056;PRD_000057;PRD_000058;PRD_000059;PRD_000060;PRD_000061;PRD_000062;PRD_000063;PRD_000064
COMP_STK_PRINT,PRICE_TYPE.01,SIZ_000170,MAT_000162,250,300,1674400,1620000,54400,10,PRD_000052;PRD_000053;PRD_000054;PRD_000055;PRD_000056;PRD_000057;PRD_000058;PRD_000059;PRD_000060;PRD_000061;PRD_000062;PRD_000063;PRD_000064
COMP_STK_PRINT,PRICE_TYPE.01,SIZ_000170,MAT_000162,300,350,1884600,1820000,64600,12,PRD_000052;PRD_000053;PRD_000054;PRD_000055;PRD_000056;PRD_000057;PRD_000058;PRD_000059;PRD_000060;PRD_000061;PRD_000062;PRD_000063;PRD_000064
COMP_STK_PRINT,PRICE_TYPE.01,SIZ_000170,MAT_000162,350,400,2074800,2000000,74800,15,PRD_000052;PRD_000053;PRD_000054;PRD_000055;PRD_000056;PRD_000057;PRD_000058;PRD_000059;PRD_000060;PRD_000061;PRD_000062;PRD_000063;PRD_000064
COMP_STK_PRINT,PRICE_TYPE.01,SIZ_000170,MAT_000584,50,60,312700,312000,700,1,PRD_000052;PRD_000053;PRD_000054;PRD_000055;PRD_000056;PRD_000057;PRD_000058;PRD_000059;PRD_000060;PRD_000061;PRD_000062;PRD_000063;PRD_000064
COMP_STK_PRINT,PRICE_TYPE.01,SIZ_000170,MAT_000584,100,120,618800,612000,6800,2,PRD_000052;PRD_000053;PRD_000054;PRD_000055;PRD_000056;PRD_000057;PRD_000058;PRD_000059;PRD_000060;PRD_000061;PRD_000062;PRD_000063;PRD_000064
COMP_STK_PRINT,PRICE_TYPE.01,SIZ_000170,MAT_000584,125,140,708900,700000,8900,2,PRD_000052;PRD_000053;PRD_000054;PRD_000055;PRD_000056;PRD_000057;PRD_000058;PRD_000059;PRD_000060;PRD_000061;PRD_000062;PRD_000063;PRD_000064
COMP_STK_PRINT,PRICE_TYPE.01,SIZ_000170,MAT_000584,150,160,795000,768000,27000,6,PRD_000052;PRD_000053;PRD_000054;PRD_000055;PRD_000056;PRD_000057;PRD_000058;PRD_000059;PRD_000060;PRD_000061;PRD_000062;PRD_000063;PRD_000064
COMP_STK_PRINT,PRICE_TYPE.01,SIZ_000170,MAT_000584,200,250,1195200,1150000,45200,10,PRD_000052;PRD_000053;PRD_000054;PRD_000055;PRD_000056;PRD_000057;PRD_000058;PRD_000059;PRD_000060;PRD_000061;PRD_000062;PRD_000063;PRD_000064
COMP_STK_PRINT,PRICE_TYPE.01,SIZ_000170,MAT_000584,250,300,1375400,1320000,55400,13,PRD_000052;PRD_000053;PRD_000054;PRD_000055;PRD_000056;PRD_000057;PRD_000058;PRD_000059;PRD_000060;PRD_000061;PRD_000062;PRD_000063;PRD_000064
COMP_STK_PRINT,PRICE_TYPE.01,SIZ_000170,MAT_000584,300,350,1535600,1470000,65600,15,PRD_000052;PRD_000053;PRD_000054;PRD_000055;PRD_000056;PRD_000057;PRD_000058;PRD_000059;PRD_000060;PRD_000061;PRD_000062;PRD_000063;PRD_000064
COMP_STK_PRINT,PRICE_TYPE.01,SIZ_000170,MAT_000584,350,400,1675800,1600000,75800,19,PRD_000052;PRD_000053;PRD_000054;PRD_000055;PRD_000056;PRD_000057;PRD_000058;PRD_000059;PRD_000060;PRD_000061;PRD_000062;PRD_000063;PRD_000064
COMP_STK_PRINT,PRICE_TYPE.01,SIZ_000059,MAT_000584,50,60,312700,312000,700,1,PRD_000052;PRD_000053;PRD_000054;PRD_000055;PRD_000056;PRD_000057;PRD_000058;PRD_000059;PRD_000060;PRD_000061;PRD_000062;PRD_000063;PRD_000064
COMP_STK_PRINT,PRICE_TYPE.01,SIZ_000059,MAT_000584,100,120,618800,612000,6800,2,PRD_000052;PRD_000053;PRD_000054;PRD_000055;PRD_000056;PRD_000057;PRD_000058;PRD_000059;PRD_000060;PRD_000061;PRD_000062;PRD_000063;PRD_000064
COMP_STK_PRINT,PRICE_TYPE.01,SIZ_000059,MAT_000584,125,140,708900,700000,8900,2,PRD_000052;PRD_000053;PRD_000054;PRD_000055;PRD_000056;PRD_000057;PRD_000058;PRD_000059;PRD_000060;PRD_000061;PRD_000062;PRD_000063;PRD_000064
COMP_STK_PRINT,PRICE_TYPE.01,SIZ_000059,MAT_000584,150,160,795000,768000,27000,6,PRD_000052;PRD_000053;PRD_000054;PRD_000055;PRD_000056;PRD_000057;PRD_000058;PRD_000059;PRD_000060;PRD_000061;PRD_000062;PRD_000063;PRD_000064
COMP_STK_PRINT,PRICE_TYPE.01,SIZ_000059,MAT_000584,200,250,1195200,1150000,45200,10,PRD_000052;PRD_000053;PRD_000054;PRD_000055;PRD_000056;PRD_000057;PRD_000058;PRD_000059;PRD_000060;PRD_000061;PRD_000062;PRD_000063;PRD_000064
COMP_STK_PRINT,PRICE_TYPE.01,SIZ_000059,MAT_000584,250,300,1375400,1320000,55400,13,PRD_000052;PRD_000053;PRD_000054;PRD_000055;PRD_000056;PRD_000057;PRD_000058;PRD_000059;PRD_000060;PRD_000061;PRD_000062;PRD_000063;PRD_000064
COMP_STK_PRINT,PRICE_TYPE.01,SIZ_000059,MAT_000584,300,350,1535600,1470000,65600,15,PRD_000052;PRD_000053;PRD_000054;PRD_000055;PRD_000056;PRD_000057;PRD_000058;PRD_000059;PRD_000060;PRD_000061;PRD_000062;PRD_000063;PRD_000064
COMP_STK_PRINT,PRICE_TYPE.01,SIZ_000059,MAT_000584,350,400,1675800,1600000,75800,19,PRD_000052;PRD_000053;PRD_000054;PRD_000055;PRD_000056;PRD_000057;PRD_000058;PRD_000059;PRD_000060;PRD_000061;PRD_000062;PRD_000063;PRD_000064
COMP_STK_PRINT,PRICE_TYPE.01,SIZ_000060,MAT_000584,70,75,392200,390000,2200,1,PRD_000052;PRD_000053;PRD_000054;PRD_000055;PRD_000056;PRD_000057;PRD_000058;PRD_000059;PRD_000060;PRD_000061;PRD_000062;PRD_000063;PRD_000064
COMP_STK_PRINT,PRICE_TYPE.01,SIZ_000060,MAT_000584,120,125,644800,625000,19800,4,PRD_000052;PRD_000053;PRD_000054;PRD_000055;PRD_000056;PRD_000057;PRD_000058;PRD_000059;PRD_000060;PRD_000061;PRD_000062;PRD_000063;PRD_000064
COMP_STK_PRINT,PRICE_TYPE.01,SIZ_000060,MAT_000584,150,160,795000,768000,27000,6,PRD_000052;PRD_000053;PRD_000054;PRD_000055;PRD_000056;PRD_000057;PRD_000058;PRD_000059;PRD_000060;PRD_000061;PRD_000062;PRD_000063;PRD_000064
COMP_STK_PRINT,PRICE_TYPE.01,SIZ_000060,MAT_000584,200,250,1195200,1150000,45200,10,PRD_000052;PRD_000053;PRD_000054;PRD_000055;PRD_000056;PRD_000057;PRD_000058;PRD_000059;PRD_000060;PRD_000061;PRD_000062;PRD_000063;PRD_000064
COMP_STK_PRINT,PRICE_TYPE.01,SIZ_000060,MAT_000584,250,300,1375400,1320000,55400,13,PRD_000052;PRD_000053;PRD_000054;PRD_000055;PRD_000056;PRD_000057;PRD_000058;PRD_000059;PRD_000060;PRD_000061;PRD_000062;PRD_000063;PRD_000064
COMP_STK_PRINT,PRICE_TYPE.01,SIZ_000060,MAT_000584,300,350,1535600,1470000,65600,15,PRD_000052;PRD_000053;PRD_000054;PRD_000055;PRD_000056;PRD_000057;PRD_000058;PRD_000059;PRD_000060;PRD_000061;PRD_000062;PRD_000063;PRD_000064
COMP_STK_PRINT,PRICE_TYPE.01,SIZ_000060,MAT_000584,350,400,1675800,1600000,75800,19,PRD_000052;PRD_000053;PRD_000054;PRD_000055;PRD_000056;PRD_000057;PRD_000058;PRD_000059;PRD_000060;PRD_000061;PRD_000062;PRD_000063;PRD_000064
COMP_STK_PRINT,PRICE_TYPE.01,SIZ_000172,MAT_000584,20,50,190120,190000,120,1,PRD_000052;PRD_000053;PRD_000054;PRD_000055;PRD_000056;PRD_000057;PRD_000058;PRD_000059;PRD_000060;PRD_000061;PRD_000062;PRD_000063;PRD_000064
COMP_STK_PRINT,PRICE_TYPE.01,SIZ_000172,MAT_000584,50,100,376200,360000,16200,5,PRD_000052;PRD_000053;PRD_000054;PRD_000055;PRD_000056;PRD_000057;PRD_000058;PRD_000059;PRD_000060;PRD_000061;PRD_000062;PRD_000063;PRD_000064
COMP_STK_PRINT,PRICE_TYPE.01,SIZ_000172,MAT_000584,100,200,716400,680000,36400,11,PRD_000052;PRD_000053;PRD_000054;PRD_000055;PRD_000056;PRD_000057;PRD_000058;PRD_000059;PRD_000060;PRD_000061;PRD_000062;PRD_000063;PRD_000064
COMP_STK_PRINT,PRICE_TYPE.01,SIZ_000172,MAT_000584,200,300,1016600,960000,56600,17,PRD_000052;PRD_000053;PRD_000054;PRD_000055;PRD_000056;PRD_000057;PRD_000058;PRD_000059;PRD_000060;PRD_000061;PRD_000062;PRD_000063;PRD_000064
COMP_STK_PRINT,PRICE_TYPE.01,SIZ_000174,MAT_000584,20,50,380240,380000,240,1,PRD_000052;PRD_000053;PRD_000054;PRD_000055;PRD_000056;PRD_000057;PRD_000058;PRD_000059;PRD_000060;PRD_000061;PRD_000062;PRD_000063;PRD_000064
COMP_STK_PRINT,PRICE_TYPE.01,SIZ_000174,MAT_000584,50,100,752400,720000,32400,5,PRD_000052;PRD_000053;PRD_000054;PRD_000055;PRD_000056;PRD_000057;PRD_000058;PRD_000059;PRD_000060;PRD_000061;PRD_000062;PRD_000063;PRD_000064
COMP_STK_PRINT,PRICE_TYPE.01,SIZ_000174,MAT_000584,100,200,1432800,1360000,72800,11,PRD_000052;PRD_000053;PRD_000054;PRD_000055;PRD_000056;PRD_000057;PRD_000058;PRD_000059;PRD_000060;PRD_000061;PRD_000062;PRD_000063;PRD_000064
COMP_STK_PRINT,PRICE_TYPE.01,SIZ_000174,MAT_000584,200,300,2033200,1920000,113200,17,PRD_000052;PRD_000053;PRD_000054;PRD_000055;PRD_000056;PRD_000057;PRD_000058;PRD_000059;PRD_000060;PRD_000061;PRD_000062;PRD_000063;PRD_000064
COMP_STK_PRINT,PRICE_TYPE.01,SIZ_000197,MAT_000584,20,50,760480,760000,480,1,PRD_000052;PRD_000053;PRD_000054;PRD_000055;PRD_000056;PRD_000057;PRD_000058;PRD_000059;PRD_000060;PRD_000061;PRD_000062;PRD_000063;PRD_000064
COMP_STK_PRINT,PRICE_TYPE.01,SIZ_000197,MAT_000584,50,100,1504800,1440000,64800,5,PRD_000052;PRD_000053;PRD_000054;PRD_000055;PRD_000056;PRD_000057;PRD_000058;PRD_000059;PRD_000060;PRD_000061;PRD_000062;PRD_000063;PRD_000064
COMP_STK_PRINT,PRICE_TYPE.01,SIZ_000197,MAT_000584,100,200,2865600,2720000,145600,11,PRD_000052;PRD_000053;PRD_000054;PRD_000055;PRD_000056;PRD_000057;PRD_000058;PRD_000059;PRD_000060;PRD_000061;PRD_000062;PRD_000063;PRD_000064
COMP_STK_PRINT,PRICE_TYPE.01,SIZ_000197,MAT_000584,200,300,4066400,3840000,226400,17,PRD_000052;PRD_000053;PRD_000054;PRD_000055;PRD_000056;PRD_000057;PRD_000058;PRD_000059;PRD_000060;PRD_000061;PRD_000062;PRD_000063;PRD_000064
COMP_STK_PRINT,PRICE_TYPE.01,SIZ_000199,MAT_000584,20,50,760480,760000,480,1,PRD_000052;PRD_000053;PRD_000054;PRD_000055;PRD_000056;PRD_000057;PRD_000058;PRD_000059;PRD_000060;PRD_000061;PRD_000062;PRD_000063;PRD_000064
COMP_STK_PRINT,PRICE_TYPE.01,SIZ_000199,MAT_000584,50,100,1504800,1440000,64800,5,PRD_000052;PRD_000053;PRD_000054;PRD_000055;PRD_000056;PRD_000057;PRD_000058;PRD_000059;PRD_000060;PRD_000061;PRD_000062;PRD_000063;PRD_000064
COMP_STK_PRINT,PRICE_TYPE.01,SIZ_000199,MAT_000584,100,200,2865600,2720000,145600,11,PRD_000052;PRD_000053;PRD_000054;PRD_000055;PRD_000056;PRD_000057;PRD_000058;PRD_000059;PRD_000060;PRD_000061;PRD_000062;PRD_000063;PRD_000064
COMP_STK_PRINT,PRICE_TYPE.01,SIZ_000199,MAT_000584,200,300,4066400,3840000,226400,17,PRD_000052;PRD_000053;PRD_000054;PRD_000055;PRD_000056;PRD_000057;PRD_000058;PRD_000059;PRD_000060;PRD_000061;PRD_000062;PRD_000063;PRD_000064
COMP_STK_PRINT,PRICE_TYPE.01,SIZ_000520,MAT_000584,75,80,371300,368000,3300,1,PRD_000052;PRD_000053;PRD_000054;PRD_000055;PRD_000056;PRD_000057;PRD_000058;PRD_000059;PRD_000060;PRD_000061;PRD_000062;PRD_000063;PRD_000064
COMP_STK_PRINT,PRICE_TYPE.01,SIZ_000520,MAT_000584,125,140,639400,630000,9400,3,PRD_000052;PRD_000053;PRD_000054;PRD_000055;PRD_000056;PRD_000057;PRD_000058;PRD_000059;PRD_000060;PRD_000061;PRD_000062;PRD_000063;PRD_000064
COMP_STK_PRINT,PRICE_TYPE.01,SIZ_000520,MAT_000584,175,180,805500,792000,13500,3,PRD_000052;PRD_000053;PRD_000054;PRD_000055;PRD_000056;PRD_000057;PRD_000058;PRD_000059;PRD_000060;PRD_000061;PRD_000062;PRD_000063;PRD_000064
COMP_STK_PRINT,PRICE_TYPE.01,SIZ_000520,MAT_000584,200,250,1095600,1050000,45600,11,PRD_000052;PRD_000053;PRD_000054;PRD_000055;PRD_000056;PRD_000057;PRD_000058;PRD_000059;PRD_000060;PRD_000061;PRD_000062;PRD_000063;PRD_000064
COMP_STK_PRINT,PRICE_TYPE.01,SIZ_000520,MAT_000584,250,300,1255800,1200000,55800,14,PRD_000052;PRD_000053;PRD_000054;PRD_000055;PRD_000056;PRD_000057;PRD_000058;PRD_000059;PRD_000060;PRD_000061;PRD_000062;PRD_000063;PRD_000064
COMP_STK_PRINT,PRICE_TYPE.01,SIZ_000520,MAT_000584,300,350,1396000,1330000,66000,17,PRD_000052;PRD_000053;PRD_000054;PRD_000055;PRD_000056;PRD_000057;PRD_000058;PRD_000059;PRD_000060;PRD_000061;PRD_000062;PRD_000063;PRD_000064
COMP_STK_PRINT,PRICE_TYPE.01,SIZ_000520,MAT_000584,350,400,1516200,1480000,36200,10,PRD_000052;PRD_000053;PRD_000054;PRD_000055;PRD_000056;PRD_000057;PRD_000058;PRD_000059;PRD_000060;PRD_000061;PRD_000062;PRD_000063;PRD_000064
COMP_STK_PRINT,PRICE_TYPE.01,SIZ_000520,MAT_000584,400,450,1661300,1620000,41300,12,PRD_000052;PRD_000053;PRD_000054;PRD_000055;PRD_000056;PRD_000057;PRD_000058;PRD_000059;PRD_000060;PRD_000061;PRD_000062;PRD_000063;PRD_000064
COMP_STK_PRINT,PRICE_TYPE.01,SIZ_000036,MAT_000584,50,60,312700,312000,700,1,PRD_000052;PRD_000053;PRD_000054;PRD_000055;PRD_000056;PRD_000057;PRD_000058;PRD_000059;PRD_000060;PRD_000061;PRD_000062;PRD_000063;PRD_000064
COMP_STK_PRINT,PRICE_TYPE.01,SIZ_000036,MAT_000584,100,120,618800,612000,6800,2,PRD_000052;PRD_000053;PRD_000054;PRD_000055;PRD_000056;PRD_000057;PRD_000058;PRD_000059;PRD_000060;PRD_000061;PRD_000062;PRD_000063;PRD_000064
COMP_STK_PRINT,PRICE_TYPE.01,SIZ_000036,MAT_000584,125,140,708900,700000,8900,2,PRD_000052;PRD_000053;PRD_000054;PRD_000055;PRD_000056;PRD_000057;PRD_000058;PRD_000059;PRD_000060;PRD_000061;PRD_000062;PRD_000063;PRD_000064
COMP_STK_PRINT,PRICE_TYPE.01,SIZ_000036,MAT_000584,150,160,795000,768000,27000,6,PRD_000052;PRD_000053;PRD_000054;PRD_000055;PRD_000056;PRD_000057;PRD_000058;PRD_000059;PRD_000060;PRD_000061;PRD_000062;PRD_000063;PRD_000064
COMP_STK_PRINT,PRICE_TYPE.01,SIZ_000036,MAT_000584,200,250,1195200,1150000,45200,10,PRD_000052;PRD_000053;PRD_000054;PRD_000055;PRD_000056;PRD_000057;PRD_000058;PRD_000059;PRD_000060;PRD_000061;PRD_000062;PRD_000063;PRD_000064
COMP_STK_PRINT,PRICE_TYPE.01,SIZ_000036,MAT_000584,250,300,1375400,1320000,55400,13,PRD_000052;PRD_000053;PRD_000054;PRD_000055;PRD_000056;PRD_000057;PRD_000058;PRD_000059;PRD_000060;PRD_000061;PRD_000062;PRD_000063;PRD_000064
COMP_STK_PRINT,PRICE_TYPE.01,SIZ_000036,MAT_000584,300,350,1535600,1470000,65600,15,PRD_000052;PRD_000053;PRD_000054;PRD_000055;PRD_000056;PRD_000057;PRD_000058;PRD_000059;PRD_000060;PRD_000061;PRD_000062;PRD_000063;PRD_000064
COMP_STK_PRINT,PRICE_TYPE.01,SIZ_000036,MAT_000584,350,400,1675800,1600000,75800,19,PRD_000052;PRD_000053;PRD_000054;PRD_000055;PRD_000056;PRD_000057;PRD_000058;PRD_000059;PRD_000060;PRD_000061;PRD_000062;PRD_000063;PRD_000064
COMP_STK_PRINT,PRICE_TYPE.01,SIZ_000518,MAT_000584,70,75,436600,427500,9100,2,PRD_000052;PRD_000053;PRD_000054;PRD_000055;PRD_000056;PRD_000057;PRD_000058;PRD_000059;PRD_000060;PRD_000061;PRD_000062;PRD_000063;PRD_000064
COMP_STK_PRINT,PRICE_TYPE.01,SIZ_000518,MAT_000584,160,175,991800,962500,29300,6,PRD_000052;PRD_000053;PRD_000054;PRD_000055;PRD_000056;PRD_000057;PRD_000058;PRD_000059;PRD_000060;PRD_000061;PRD_000062;PRD_000063;PRD_000064
COMP_STK_PRINT,PRICE_TYPE.01,SIZ_000518,MAT_000584,180,200,1094500,1060000,34500,7,PRD_000052;PRD_000053;PRD_000054;PRD_000055;PRD_000056;PRD_000057;PRD_000058;PRD_000059;PRD_000060;PRD_000061;PRD_000062;PRD_000063;PRD_000064
COMP_STK_PRINT,PRICE_TYPE.01,SIZ_000518,MAT_000584,200,250,1319700,1275000,44700,9,PRD_000052;PRD_000053;PRD_000054;PRD_000055;PRD_000056;PRD_000057;PRD_000058;PRD_000059;PRD_000060;PRD_000061;PRD_000062;PRD_000063;PRD_000064
COMP_STK_PRINT,PRICE_TYPE.01,SIZ_000518,MAT_000584,250,300,1524900,1470000,54900,11,PRD_000052;PRD_000053;PRD_000054;PRD_000055;PRD_000056;PRD_000057;PRD_000058;PRD_000059;PRD_000060;PRD_000061;PRD_000062;PRD_000063;PRD_000064
COMP_STK_PRINT,PRICE_TYPE.01,SIZ_000518,MAT_000584,300,350,1710100,1645000,65100,14,PRD_000052;PRD_000053;PRD_000054;PRD_000055;PRD_000056;PRD_000057;PRD_000058;PRD_000059;PRD_000060;PRD_000061;PRD_000062;PRD_000063;PRD_000064
COMP_STK_PRINT,PRICE_TYPE.01,SIZ_000518,MAT_000584,350,400,1875300,1800000,75300,17,PRD_000052;PRD_000053;PRD_000054;PRD_000055;PRD_000056;PRD_000057;PRD_000058;PRD_000059;PRD_000060;PRD_000061;PRD_000062;PRD_000063;PRD_000064
COMP_STK_PRINT,PRICE_TYPE.01,SIZ_000519,MAT_000584,80,90,525100,513000,12100,3,PRD_000052;PRD_000053;PRD_000054;PRD_000055;PRD_000056;PRD_000057;PRD_000058;PRD_000059;PRD_000060;PRD_000061;PRD_000062;PRD_000063;PRD_000064
COMP_STK_PRINT,PRICE_TYPE.01,SIZ_000519,MAT_000584,160,175,991800,962500,29300,6,PRD_000052;PRD_000053;PRD_000054;PRD_000055;PRD_000056;PRD_000057;PRD_000058;PRD_000059;PRD_000060;PRD_000061;PRD_000062;PRD_000063;PRD_000064
COMP_STK_PRINT,PRICE_TYPE.01,SIZ_000519,MAT_000584,180,200,1094500,1060000,34500,7,PRD_000052;PRD_000053;PRD_000054;PRD_000055;PRD_000056;PRD_000057;PRD_000058;PRD_000059;PRD_000060;PRD_000061;PRD_000062;PRD_000063;PRD_000064
COMP_STK_PRINT,PRICE_TYPE.01,SIZ_000519,MAT_000584,200,250,1319700,1275000,44700,9,PRD_000052;PRD_000053;PRD_000054;PRD_000055;PRD_000056;PRD_000057;PRD_000058;PRD_000059;PRD_000060;PRD_000061;PRD_000062;PRD_000063;PRD_000064
COMP_STK_PRINT,PRICE_TYPE.01,SIZ_000519,MAT_000584,250,300,1524900,1470000,54900,11,PRD_000052;PRD_000053;PRD_000054;PRD_000055;PRD_000056;PRD_000057;PRD_000058;PRD_000059;PRD_000060;PRD_000061;PRD_000062;PRD_000063;PRD_000064
COMP_STK_PRINT,PRICE_TYPE.01,SIZ_000519,MAT_000584,300,350,1710100,1645000,65100,14,PRD_000052;PRD_000053;PRD_000054;PRD_000055;PRD_000056;PRD_000057;PRD_000058;PRD_000059;PRD_000060;PRD_000061;PRD_000062;PRD_000063;PRD_000064
COMP_STK_PRINT,PRICE_TYPE.01,SIZ_000519,MAT_000584,350,400,1875300,1800000,75300,17,PRD_000052;PRD_000053;PRD_000054;PRD_000055;PRD_000056;PRD_000057;PRD_000058;PRD_000059;PRD_000060;PRD_000061;PRD_000062;PRD_000063;PRD_000064
COMP_STK_PRINT,PRICE_TYPE.01,SIZ_000514,MAT_000584,20,50,570360,570000,360,1,PRD_000052;PRD_000053;PRD_000054;PRD_000055;PRD_000056;PRD_000057;PRD_000058;PRD_000059;PRD_000060;PRD_000061;PRD_000062;PRD_000063;PRD_000064
COMP_STK_PRINT,PRICE_TYPE.01,SIZ_000514,MAT_000584,50,100,1128600,1080000,48600,5,PRD_000052;PRD_000053;PRD_000054;PRD_000055;PRD_000056;PRD_000057;PRD_000058;PRD_000059;PRD_000060;PRD_000061;PRD_000062;PRD_000063;PRD_000064
COMP_STK_PRINT,PRICE_TYPE.01,SIZ_000514,MAT_000584,100,200,2149200,2040000,109200,11,PRD_000052;PRD_000053;PRD_000054;PRD_000055;PRD_000056;PRD_000057;PRD_000058;PRD_000059;PRD_000060;PRD_000061;PRD_000062;PRD_000063;PRD_000064
COMP_STK_PRINT,PRICE_TYPE.01,SIZ_000514,MAT_000584,200,300,3049800,2880000,169800,17,PRD_000052;PRD_000053;PRD_000054;PRD_000055;PRD_000056;PRD_000057;PRD_000058;PRD_000059;PRD_000060;PRD_000061;PRD_000062;PRD_000063;PRD_000064
COMP_STK_PRINT,PRICE_TYPE.01,SIZ_000515,MAT_000584,20,50,285180,285000,180,1,PRD_000052;PRD_000053;PRD_000054;PRD_000055;PRD_000056;PRD_000057;PRD_000058;PRD_000059;PRD_000060;PRD_000061;PRD_000062;PRD_000063;PRD_000064
COMP_STK_PRINT,PRICE_TYPE.01,SIZ_000515,MAT_000584,50,100,564300,540000,24300,5,PRD_000052;PRD_000053;PRD_000054;PRD_000055;PRD_000056;PRD_000057;PRD_000058;PRD_000059;PRD_000060;PRD_000061;PRD_000062;PRD_000063;PRD_000064
COMP_STK_PRINT,PRICE_TYPE.01,SIZ_000515,MAT_000584,100,200,1074600,1020000,54600,11,PRD_000052;PRD_000053;PRD_000054;PRD_000055;PRD_000056;PRD_000057;PRD_000058;PRD_000059;PRD_000060;PRD_000061;PRD_000062;PRD_000063;PRD_000064
COMP_STK_PRINT,PRICE_TYPE.01,SIZ_000515,MAT_000584,200,300,1524900,1440000,84900,17,PRD_000052;PRD_000053;PRD_000054;PRD_000055;PRD_000056;PRD_000057;PRD_000058;PRD_000059;PRD_000060;PRD_000061;PRD_000062;PRD_000063;PRD_000064
COMP_STK_PRINT,PRICE_TYPE.01,SIZ_000043,MAT_000584,50,60,312700,312000,700,1,PRD_000052;PRD_000053;PRD_000054;PRD_000055;PRD_000056;PRD_000057;PRD_000058;PRD_000059;PRD_000060;PRD_000061;PRD_000062;PRD_000063;PRD_000064
COMP_STK_PRINT,PRICE_TYPE.01,SIZ_000043,MAT_000584,100,120,618800,612000,6800,2,PRD_000052;PRD_000053;PRD_000054;PRD_000055;PRD_000056;PRD_000057;PRD_000058;PRD_000059;PRD_000060;PRD_000061;PRD_000062;PRD_000063;PRD_000064
COMP_STK_PRINT,PRICE_TYPE.01,SIZ_000043,MAT_000584,125,140,708900,700000,8900,2,PRD_000052;PRD_000053;PRD_000054;PRD_000055;PRD_000056;PRD_000057;PRD_000058;PRD_000059;PRD_000060;PRD_000061;PRD_000062;PRD_000063;PRD_000064
COMP_STK_PRINT,PRICE_TYPE.01,SIZ_000043,MAT_000584,150,160,795000,768000,27000,6,PRD_000052;PRD_000053;PRD_000054;PRD_000055;PRD_000056;PRD_000057;PRD_000058;PRD_000059;PRD_000060;PRD_000061;PRD_000062;PRD_000063;PRD_000064
COMP_STK_PRINT,PRICE_TYPE.01,SIZ_000043,MAT_000584,200,250,1195200,1150000,45200,10,PRD_000052;PRD_000053;PRD_000054;PRD_000055;PRD_000056;PRD_000057;PRD_000058;PRD_000059;PRD_000060;PRD_000061;PRD_000062;PRD_000063;PRD_000064
COMP_STK_PRINT,PRICE_TYPE.01,SIZ_000043,MAT_000584,250,300,1375400,1320000,55400,13,PRD_000052;PRD_000053;PRD_000054;PRD_000055;PRD_000056;PRD_000057;PRD_000058;PRD_000059;PRD_000060;PRD_000061;PRD_000062;PRD_000063;PRD_000064
COMP_STK_PRINT,PRICE_TYPE.01,SIZ_000043,MAT_000584,300,350,1535600,1470000,65600,15,PRD_000052;PRD_000053;PRD_000054;PRD_000055;PRD_000056;PRD_000057;PRD_000058;PRD_000059;PRD_000060;PRD_000061;PRD_000062;PRD_000063;PRD_000064
COMP_STK_PRINT,PRICE_TYPE.01,SIZ_000043,MAT_000584,350,400,1675800,1600000,75800,19,PRD_000052;PRD_000053;PRD_000054;PRD_000055;PRD_000056;PRD_000057;PRD_000058;PRD_000059;PRD_000060;PRD_000061;PRD_000062;PRD_000063;PRD_000064
COMP_STK_PRINT,PRICE_TYPE.01,SIZ_000061,MAT_000584,50,60,312700,312000,700,1,PRD_000052;PRD_000053;PRD_000054;PRD_000055;PRD_000056;PRD_000057;PRD_000058;PRD_000059;PRD_000060;PRD_000061;PRD_000062;PRD_000063;PRD_000064
COMP_STK_PRINT,PRICE_TYPE.01,SIZ_000061,MAT_000584,100,120,618800,612000,6800,2,PRD_000052;PRD_000053;PRD_000054;PRD_000055;PRD_000056;PRD_000057;PRD_000058;PRD_000059;PRD_000060;PRD_000061;PRD_000062;PRD_000063;PRD_000064
COMP_STK_PRINT,PRICE_TYPE.01,SIZ_000061,MAT_000584,125,140,708900,700000,8900,2,PRD_000052;PRD_000053;PRD_000054;PRD_000055;PRD_000056;PRD_000057;PRD_000058;PRD_000059;PRD_000060;PRD_000061;PRD_000062;PRD_000063;PRD_000064
COMP_STK_PRINT,PRICE_TYPE.01,SIZ_000061,MAT_000584,150,160,795000,768000,27000,6,PRD_000052;PRD_000053;PRD_000054;PRD_000055;PRD_000056;PRD_000057;PRD_000058;PRD_000059;PRD_000060;PRD_000061;PRD_000062;PRD_000063;PRD_000064
COMP_STK_PRINT,PRICE_TYPE.01,SIZ_000061,MAT_000584,200,250,1195200,1150000,45200,10,PRD_000052;PRD_000053;PRD_000054;PRD_000055;PRD_000056;PRD_000057;PRD_000058;PRD_000059;PRD_000060;PRD_000061;PRD_000062;PRD_000063;PRD_000064
COMP_STK_PRINT,PRICE_TYPE.01,SIZ_000061,MAT_000584,250,300,1375400,1320000,55400,13,PRD_000052;PRD_000053;PRD_000054;PRD_000055;PRD_000056;PRD_000057;PRD_000058;PRD_000059;PRD_000060;PRD_000061;PRD_000062;PRD_000063;PRD_000064
COMP_STK_PRINT,PRICE_TYPE.01,SIZ_000061,MAT_000584,300,350,1535600,1470000,65600,15,PRD_000052;PRD_000053;PRD_000054;PRD_000055;PRD_000056;PRD_000057;PRD_000058;PRD_000059;PRD_000060;PRD_000061;PRD_000062;PRD_000063;PRD_000064
COMP_STK_PRINT,PRICE_TYPE.01,SIZ_000061,MAT_000584,350,400,1675800,1600000,75800,19,PRD_000052;PRD_000053;PRD_000054;PRD_000055;PRD_000056;PRD_000057;PRD_000058;PRD_000059;PRD_000060;PRD_000061;PRD_000062;PRD_000063;PRD_000064
COMP_STK_PRINT,PRICE_TYPE.01,SIZ_000062,MAT_000584,50,60,312700,312000,700,1,PRD_000052;PRD_000053;PRD_000054;PRD_000055;PRD_000056;PRD_000057;PRD_000058;PRD_000059;PRD_000060;PRD_000061;PRD_000062;PRD_000063;PRD_000064
COMP_STK_PRINT,PRICE_TYPE.01,SIZ_000062,MAT_000584,100,120,618800,612000,6800,2,PRD_000052;PRD_000053;PRD_000054;PRD_000055;PRD_000056;PRD_000057;PRD_000058;PRD_000059;PRD_000060;PRD_000061;PRD_000062;PRD_000063;PRD_000064
COMP_STK_PRINT,PRICE_TYPE.01,SIZ_000062,MAT_000584,125,140,708900,700000,8900,2,PRD_000052;PRD_000053;PRD_000054;PRD_000055;PRD_000056;PRD_000057;PRD_000058;PRD_000059;PRD_000060;PRD_000061;PRD_000062;PRD_000063;PRD_000064
COMP_STK_PRINT,PRICE_TYPE.01,SIZ_000062,MAT_000584,150,160,795000,768000,27000,6,PRD_000052;PRD_000053;PRD_000054;PRD_000055;PRD_000056;PRD_000057;PRD_000058;PRD_000059;PRD_000060;PRD_000061;PRD_000062;PRD_000063;PRD_000064
COMP_STK_PRINT,PRICE_TYPE.01,SIZ_000062,MAT_000584,200,250,1195200,1150000,45200,10,PRD_000052;PRD_000053;PRD_000054;PRD_000055;PRD_000056;PRD_000057;PRD_000058;PRD_000059;PRD_000060;PRD_000061;PRD_000062;PRD_000063;PRD_000064
COMP_STK_PRINT,PRICE_TYPE.01,SIZ_000062,MAT_000584,250,300,1375400,1320000,55400,13,PRD_000052;PRD_000053;PRD_000054;PRD_000055;PRD_000056;PRD_000057;PRD_000058;PRD_000059;PRD_000060;PRD_000061;PRD_000062;PRD_000063;PRD_000064
COMP_STK_PRINT,PRICE_TYPE.01,SIZ_000062,MAT_000584,300,350,1535600,1470000,65600,15,PRD_000052;PRD_000053;PRD_000054;PRD_000055;PRD_000056;PRD_000057;PRD_000058;PRD_000059;PRD_000060;PRD_000061;PRD_000062;PRD_000063;PRD_000064
COMP_STK_PRINT,PRICE_TYPE.01,SIZ_000062,MAT_000584,350,400,1675800,1600000,75800,19,PRD_000052;PRD_000053;PRD_000054;PRD_000055;PRD_000056;PRD_000057;PRD_000058;PRD_000059;PRD_000060;PRD_000061;PRD_000062;PRD_000063;PRD_000064
COMP_STK_PRINT,PRICE_TYPE.01,SIZ_000063,MAT_000584,50,60,312700,312000,700,1,PRD_000052;PRD_000053;PRD_000054;PRD_000055;PRD_000056;PRD_000057;PRD_000058;PRD_000059;PRD_000060;PRD_000061;PRD_000062;PRD_000063;PRD_000064
COMP_STK_PRINT,PRICE_TYPE.01,SIZ_000063,MAT_000584,100,120,618800,612000,6800,2,PRD_000052;PRD_000053;PRD_000054;PRD_000055;PRD_000056;PRD_000057;PRD_000058;PRD_000059;PRD_000060;PRD_000061;PRD_000062;PRD_000063;PRD_000064
COMP_STK_PRINT,PRICE_TYPE.01,SIZ_000063,MAT_000584,125,140,708900,700000,8900,2,PRD_000052;PRD_000053;PRD_000054;PRD_000055;PRD_000056;PRD_000057;PRD_000058;PRD_000059;PRD_000060;PRD_000061;PRD_000062;PRD_000063;PRD_000064
COMP_STK_PRINT,PRICE_TYPE.01,SIZ_000063,MAT_000584,150,160,795000,768000,27000,6,PRD_000052;PRD_000053;PRD_000054;PRD_000055;PRD_000056;PRD_000057;PRD_000058;PRD_000059;PRD_000060;PRD_000061;PRD_000062;PRD_000063;PRD_000064
COMP_STK_PRINT,PRICE_TYPE.01,SIZ_000063,MAT_000584,200,250,1195200,1150000,45200,10,PRD_000052;PRD_000053;PRD_000054;PRD_000055;PRD_000056;PRD_000057;PRD_000058;PRD_000059;PRD_000060;PRD_000061;PRD_000062;PRD_000063;PRD_000064
COMP_STK_PRINT,PRICE_TYPE.01,SIZ_000063,MAT_000584,250,300,1375400,1320000,55400,13,PRD_000052;PRD_000053;PRD_000054;PRD_000055;PRD_000056;PRD_000057;PRD_000058;PRD_000059;PRD_000060;PRD_000061;PRD_000062;PRD_000063;PRD_000064
COMP_STK_PRINT,PRICE_TYPE.01,SIZ_000063,MAT_000584,300,350,1535600,1470000,65600,15,PRD_000052;PRD_000053;PRD_000054;PRD_000055;PRD_000056;PRD_000057;PRD_000058;PRD_000059;PRD_000060;PRD_000061;PRD_000062;PRD_000063;PRD_000064
COMP_STK_PRINT,PRICE_TYPE.01,SIZ_000063,MAT_000584,350,400,1675800,1600000,75800,19,PRD_000052;PRD_000053;PRD_000054;PRD_000055;PRD_000056;PRD_000057;PRD_000058;PRD_000059;PRD_000060;PRD_000061;PRD_000062;PRD_000063;PRD_000064
COMP_STK_PRINT,PRICE_TYPE.01,SIZ_000064,MAT_000584,50,60,312700,312000,700,1,PRD_000052;PRD_000053;PRD_000054;PRD_000055;PRD_000056;PRD_000057;PRD_000058;PRD_000059;PRD_000060;PRD_000061;PRD_000062;PRD_000063;PRD_000064
COMP_STK_PRINT,PRICE_TYPE.01,SIZ_000064,MAT_000584,100,120,618800,612000,6800,2,PRD_000052;PRD_000053;PRD_000054;PRD_000055;PRD_000056;PRD_000057;PRD_000058;PRD_000059;PRD_000060;PRD_000061;PRD_000062;PRD_000063;PRD_000064
COMP_STK_PRINT,PRICE_TYPE.01,SIZ_000064,MAT_000584,125,140,708900,700000,8900,2,PRD_000052;PRD_000053;PRD_000054;PRD_000055;PRD_000056;PRD_000057;PRD_000058;PRD_000059;PRD_000060;PRD_000061;PRD_000062;PRD_000063;PRD_000064
COMP_STK_PRINT,PRICE_TYPE.01,SIZ_000064,MAT_000584,150,160,795000,768000,27000,6,PRD_000052;PRD_000053;PRD_000054;PRD_000055;PRD_000056;PRD_000057;PRD_000058;PRD_000059;PRD_000060;PRD_000061;PRD_000062;PRD_000063;PRD_000064
COMP_STK_PRINT,PRICE_TYPE.01,SIZ_000064,MAT_000584,200,250,1195200,1150000,45200,10,PRD_000052;PRD_000053;PRD_000054;PRD_000055;PRD_000056;PRD_000057;PRD_000058;PRD_000059;PRD_000060;PRD_000061;PRD_000062;PRD_000063;PRD_000064
COMP_STK_PRINT,PRICE_TYPE.01,SIZ_000064,MAT_000584,250,300,1375400,1320000,55400,13,PRD_000052;PRD_000053;PRD_000054;PRD_000055;PRD_000056;PRD_000057;PRD_000058;PRD_000059;PRD_000060;PRD_000061;PRD_000062;PRD_000063;PRD_000064
COMP_STK_PRINT,PRICE_TYPE.01,SIZ_000064,MAT_000584,300,350,1535600,1470000,65600,15,PRD_000052;PRD_000053;PRD_000054;PRD_000055;PRD_000056;PRD_000057;PRD_000058;PRD_000059;PRD_000060;PRD_000061;PRD_000062;PRD_000063;PRD_000064
COMP_STK_PRINT,PRICE_TYPE.01,SIZ_000064,MAT_000584,350,400,1675800,1600000,75800,19,PRD_000052;PRD_000053;PRD_000054;PRD_000055;PRD_000056;PRD_000057;PRD_000058;PRD_000059;PRD_000060;PRD_000061;PRD_000062;PRD_000063;PRD_000064
COMP_STK_PRINT,PRICE_TYPE.01,SIZ_000065,MAT_000584,50,60,312700,312000,700,1,PRD_000052;PRD_000053;PRD_000054;PRD_000055;PRD_000056;PRD_000057;PRD_000058;PRD_000059;PRD_000060;PRD_000061;PRD_000062;PRD_000063;PRD_000064
COMP_STK_PRINT,PRICE_TYPE.01,SIZ_000065,MAT_000584,100,120,618800,612000,6800,2,PRD_000052;PRD_000053;PRD_000054;PRD_000055;PRD_000056;PRD_000057;PRD_000058;PRD_000059;PRD_000060;PRD_000061;PRD_000062;PRD_000063;PRD_000064
COMP_STK_PRINT,PRICE_TYPE.01,SIZ_000065,MAT_000584,125,140,708900,700000,8900,2,PRD_000052;PRD_000053;PRD_000054;PRD_000055;PRD_000056;PRD_000057;PRD_000058;PRD_000059;PRD_000060;PRD_000061;PRD_000062;PRD_000063;PRD_000064
COMP_STK_PRINT,PRICE_TYPE.01,SIZ_000065,MAT_000584,150,160,795000,768000,27000,6,PRD_000052;PRD_000053;PRD_000054;PRD_000055;PRD_000056;PRD_000057;PRD_000058;PRD_000059;PRD_000060;PRD_000061;PRD_000062;PRD_000063;PRD_000064
COMP_STK_PRINT,PRICE_TYPE.01,SIZ_000065,MAT_000584,200,250,1195200,1150000,45200,10,PRD_000052;PRD_000053;PRD_000054;PRD_000055;PRD_000056;PRD_000057;PRD_000058;PRD_000059;PRD_000060;PRD_000061;PRD_000062;PRD_000063;PRD_000064
COMP_STK_PRINT,PRICE_TYPE.01,SIZ_000065,MAT_000584,250,300,1375400,1320000,55400,13,PRD_000052;PRD_000053;PRD_000054;PRD_000055;PRD_000056;PRD_000057;PRD_000058;PRD_000059;PRD_000060;PRD_000061;PRD_000062;PRD_000063;PRD_000064
COMP_STK_PRINT,PRICE_TYPE.01,SIZ_000065,MAT_000584,300,350,1535600,1470000,65600,15,PRD_000052;PRD_000053;PRD_000054;PRD_000055;PRD_000056;PRD_000057;PRD_000058;PRD_000059;PRD_000060;PRD_000061;PRD_000062;PRD_000063;PRD_000064
COMP_STK_PRINT,PRICE_TYPE.01,SIZ_000065,MAT_000584,350,400,1675800,1600000,75800,19,PRD_000052;PRD_000053;PRD_000054;PRD_000055;PRD_000056;PRD_000057;PRD_000058;PRD_000059;PRD_000060;PRD_000061;PRD_000062;PRD_000063;PRD_000064
COMP_STK_PRINT,PRICE_TYPE.01,SIZ_000170,MAT_000585,100,120,737800,732000,5800,1,PRD_000052;PRD_000053;PRD_000054;PRD_000055;PRD_000056;PRD_000057;PRD_000058;PRD_000059;PRD_000060;PRD_000061;PRD_000062;PRD_000063;PRD_000064
COMP_STK_PRINT,PRICE_TYPE.01,SIZ_000170,MAT_000585,125,140,847900,840000,7900,2,PRD_000052;PRD_000053;PRD_000054;PRD_000055;PRD_000056;PRD_000057;PRD_000058;PRD_000059;PRD_000060;PRD_000061;PRD_000062;PRD_000063;PRD_000064
COMP_STK_PRINT,PRICE_TYPE.01,SIZ_000170,MAT_000585,150,160,954000,928000,26000,5,PRD_000052;PRD_000053;PRD_000054;PRD_000055;PRD_000056;PRD_000057;PRD_000058;PRD_000059;PRD_000060;PRD_000061;PRD_000062;PRD_000063;PRD_000064
COMP_STK_PRINT,PRICE_TYPE.01,SIZ_000170,MAT_000585,200,250,1444200,1400000,44200,8,PRD_000052;PRD_000053;PRD_000054;PRD_000055;PRD_000056;PRD_000057;PRD_000058;PRD_000059;PRD_000060;PRD_000061;PRD_000062;PRD_000063;PRD_000064
COMP_STK_PRINT,PRICE_TYPE.01,SIZ_000170,MAT_000585,250,300,1674400,1620000,54400,10,PRD_000052;PRD_000053;PRD_000054;PRD_000055;PRD_000056;PRD_000057;PRD_000058;PRD_000059;PRD_000060;PRD_000061;PRD_000062;PRD_000063;PRD_000064
COMP_STK_PRINT,PRICE_TYPE.01,SIZ_000170,MAT_000585,300,350,1884600,1820000,64600,12,PRD_000052;PRD_000053;PRD_000054;PRD_000055;PRD_000056;PRD_000057;PRD_000058;PRD_000059;PRD_000060;PRD_000061;PRD_000062;PRD_000063;PRD_000064
COMP_STK_PRINT,PRICE_TYPE.01,SIZ_000170,MAT_000585,350,400,2074800,2000000,74800,15,PRD_000052;PRD_000053;PRD_000054;PRD_000055;PRD_000056;PRD_000057;PRD_000058;PRD_000059;PRD_000060;PRD_000061;PRD_000062;PRD_000063;PRD_000064
COMP_STK_PRINT,PRICE_TYPE.01,SIZ_000059,MAT_000585,100,120,737800,732000,5800,1,PRD_000052;PRD_000053;PRD_000054;PRD_000055;PRD_000056;PRD_000057;PRD_000058;PRD_000059;PRD_000060;PRD_000061;PRD_000062;PRD_000063;PRD_000064
COMP_STK_PRINT,PRICE_TYPE.01,SIZ_000059,MAT_000585,125,140,847900,840000,7900,2,PRD_000052;PRD_000053;PRD_000054;PRD_000055;PRD_000056;PRD_000057;PRD_000058;PRD_000059;PRD_000060;PRD_000061;PRD_000062;PRD_000063;PRD_000064
COMP_STK_PRINT,PRICE_TYPE.01,SIZ_000059,MAT_000585,150,160,954000,928000,26000,5,PRD_000052;PRD_000053;PRD_000054;PRD_000055;PRD_000056;PRD_000057;PRD_000058;PRD_000059;PRD_000060;PRD_000061;PRD_000062;PRD_000063;PRD_000064
COMP_STK_PRINT,PRICE_TYPE.01,SIZ_000059,MAT_000585,200,250,1444200,1400000,44200,8,PRD_000052;PRD_000053;PRD_000054;PRD_000055;PRD_000056;PRD_000057;PRD_000058;PRD_000059;PRD_000060;PRD_000061;PRD_000062;PRD_000063;PRD_000064
COMP_STK_PRINT,PRICE_TYPE.01,SIZ_000059,MAT_000585,250,300,1674400,1620000,54400,10,PRD_000052;PRD_000053;PRD_000054;PRD_000055;PRD_000056;PRD_000057;PRD_000058;PRD_000059;PRD_000060;PRD_000061;PRD_000062;PRD_000063;PRD_000064
COMP_STK_PRINT,PRICE_TYPE.01,SIZ_000059,MAT_000585,300,350,1884600,1820000,64600,12,PRD_000052;PRD_000053;PRD_000054;PRD_000055;PRD_000056;PRD_000057;PRD_000058;PRD_000059;PRD_000060;PRD_000061;PRD_000062;PRD_000063;PRD_000064
COMP_STK_PRINT,PRICE_TYPE.01,SIZ_000059,MAT_000585,350,400,2074800,2000000,74800,15,PRD_000052;PRD_000053;PRD_000054;PRD_000055;PRD_000056;PRD_000057;PRD_000058;PRD_000059;PRD_000060;PRD_000061;PRD_000062;PRD_000063;PRD_000064
COMP_STK_PRINT,PRICE_TYPE.01,SIZ_000060,MAT_000585,70,75,466200,465000,1200,1,PRD_000052;PRD_000053;PRD_000054;PRD_000055;PRD_000056;PRD_000057;PRD_000058;PRD_000059;PRD_000060;PRD_000061;PRD_000062;PRD_000063;PRD_000064
COMP_STK_PRINT,PRICE_TYPE.01,SIZ_000060,MAT_000585,120,125,768800,750000,18800,4,PRD_000052;PRD_000053;PRD_000054;PRD_000055;PRD_000056;PRD_000057;PRD_000058;PRD_000059;PRD_000060;PRD_000061;PRD_000062;PRD_000063;PRD_000064
COMP_STK_PRINT,PRICE_TYPE.01,SIZ_000060,MAT_000585,150,160,954000,928000,26000,5,PRD_000052;PRD_000053;PRD_000054;PRD_000055;PRD_000056;PRD_000057;PRD_000058;PRD_000059;PRD_000060;PRD_000061;PRD_000062;PRD_000063;PRD_000064
COMP_STK_PRINT,PRICE_TYPE.01,SIZ_000060,MAT_000585,200,250,1444200,1400000,44200,8,PRD_000052;PRD_000053;PRD_000054;PRD_000055;PRD_000056;PRD_000057;PRD_000058;PRD_000059;PRD_000060;PRD_000061;PRD_000062;PRD_000063;PRD_000064
COMP_STK_PRINT,PRICE_TYPE.01,SIZ_000060,MAT_000585,250,300,1674400,1620000,54400,10,PRD_000052;PRD_000053;PRD_000054;PRD_000055;PRD_000056;PRD_000057;PRD_000058;PRD_000059;PRD_000060;PRD_000061;PRD_000062;PRD_000063;PRD_000064
COMP_STK_PRINT,PRICE_TYPE.01,SIZ_000060,MAT_000585,300,350,1884600,1820000,64600,12,PRD_000052;PRD_000053;PRD_000054;PRD_000055;PRD_000056;PRD_000057;PRD_000058;PRD_000059;PRD_000060;PRD_000061;PRD_000062;PRD_000063;PRD_000064
COMP_STK_PRINT,PRICE_TYPE.01,SIZ_000060,MAT_000585,350,400,2074800,2000000,74800,15,PRD_000052;PRD_000053;PRD_000054;PRD_000055;PRD_000056;PRD_000057;PRD_000058;PRD_000059;PRD_000060;PRD_000061;PRD_000062;PRD_000063;PRD_000064
COMP_STK_PRINT,PRICE_TYPE.01,SIZ_000520,MAT_000585,75,80,450300,448000,2300,1,PRD_000052;PRD_000053;PRD_000054;PRD_000055;PRD_000056;PRD_000057;PRD_000058;PRD_000059;PRD_000060;PRD_000061;PRD_000062;PRD_000063;PRD_000064
COMP_STK_PRINT,PRICE_TYPE.01,SIZ_000520,MAT_000585,125,140,778400,770000,8400,2,PRD_000052;PRD_000053;PRD_000054;PRD_000055;PRD_000056;PRD_000057;PRD_000058;PRD_000059;PRD_000060;PRD_000061;PRD_000062;PRD_000063;PRD_000064
COMP_STK_PRINT,PRICE_TYPE.01,SIZ_000520,MAT_000585,175,180,984500,972000,12500,3,PRD_000052;PRD_000053;PRD_000054;PRD_000055;PRD_000056;PRD_000057;PRD_000058;PRD_000059;PRD_000060;PRD_000061;PRD_000062;PRD_000063;PRD_000064
COMP_STK_PRINT,PRICE_TYPE.01,SIZ_000520,MAT_000585,200,250,1344600,1300000,44600,9,PRD_000052;PRD_000053;PRD_000054;PRD_000055;PRD_000056;PRD_000057;PRD_000058;PRD_000059;PRD_000060;PRD_000061;PRD_000062;PRD_000063;PRD_000064
COMP_STK_PRINT,PRICE_TYPE.01,SIZ_000520,MAT_000585,250,300,1554800,1500000,54800,11,PRD_000052;PRD_000053;PRD_000054;PRD_000055;PRD_000056;PRD_000057;PRD_000058;PRD_000059;PRD_000060;PRD_000061;PRD_000062;PRD_000063;PRD_000064
COMP_STK_PRINT,PRICE_TYPE.01,SIZ_000520,MAT_000585,300,350,1745000,1680000,65000,13,PRD_000052;PRD_000053;PRD_000054;PRD_000055;PRD_000056;PRD_000057;PRD_000058;PRD_000059;PRD_000060;PRD_000061;PRD_000062;PRD_000063;PRD_000064
COMP_STK_PRINT,PRICE_TYPE.01,SIZ_000520,MAT_000585,350,400,1915200,1880000,35200,8,PRD_000052;PRD_000053;PRD_000054;PRD_000055;PRD_000056;PRD_000057;PRD_000058;PRD_000059;PRD_000060;PRD_000061;PRD_000062;PRD_000063;PRD_000064
COMP_STK_PRINT,PRICE_TYPE.01,SIZ_000520,MAT_000585,400,450,2110300,2070000,40300,9,PRD_000052;PRD_000053;PRD_000054;PRD_000055;PRD_000056;PRD_000057;PRD_000058;PRD_000059;PRD_000060;PRD_000061;PRD_000062;PRD_000063;PRD_000064
COMP_STK_PRINT,PRICE_TYPE.01,SIZ_000036,MAT_000585,100,120,737800,732000,5800,1,PRD_000052;PRD_000053;PRD_000054;PRD_000055;PRD_000056;PRD_000057;PRD_000058;PRD_000059;PRD_000060;PRD_000061;PRD_000062;PRD_000063;PRD_000064
COMP_STK_PRINT,PRICE_TYPE.01,SIZ_000036,MAT_000585,125,140,847900,840000,7900,2,PRD_000052;PRD_000053;PRD_000054;PRD_000055;PRD_000056;PRD_000057;PRD_000058;PRD_000059;PRD_000060;PRD_000061;PRD_000062;PRD_000063;PRD_000064
COMP_STK_PRINT,PRICE_TYPE.01,SIZ_000036,MAT_000585,150,160,954000,928000,26000,5,PRD_000052;PRD_000053;PRD_000054;PRD_000055;PRD_000056;PRD_000057;PRD_000058;PRD_000059;PRD_000060;PRD_000061;PRD_000062;PRD_000063;PRD_000064
COMP_STK_PRINT,PRICE_TYPE.01,SIZ_000036,MAT_000585,200,250,1444200,1400000,44200,8,PRD_000052;PRD_000053;PRD_000054;PRD_000055;PRD_000056;PRD_000057;PRD_000058;PRD_000059;PRD_000060;PRD_000061;PRD_000062;PRD_000063;PRD_000064
COMP_STK_PRINT,PRICE_TYPE.01,SIZ_000036,MAT_000585,250,300,1674400,1620000,54400,10,PRD_000052;PRD_000053;PRD_000054;PRD_000055;PRD_000056;PRD_000057;PRD_000058;PRD_000059;PRD_000060;PRD_000061;PRD_000062;PRD_000063;PRD_000064
COMP_STK_PRINT,PRICE_TYPE.01,SIZ_000036,MAT_000585,300,350,1884600,1820000,64600,12,PRD_000052;PRD_000053;PRD_000054;PRD_000055;PRD_000056;PRD_000057;PRD_000058;PRD_000059;PRD_000060;PRD_000061;PRD_000062;PRD_000063;PRD_000064
COMP_STK_PRINT,PRICE_TYPE.01,SIZ_000036,MAT_000585,350,400,2074800,2000000,74800,15,PRD_000052;PRD_000053;PRD_000054;PRD_000055;PRD_000056;PRD_000057;PRD_000058;PRD_000059;PRD_000060;PRD_000061;PRD_000062;PRD_000063;PRD_000064
COMP_STK_PRINT,PRICE_TYPE.01,SIZ_000518,MAT_000585,70,75,510600,502500,8100,2,PRD_000052;PRD_000053;PRD_000054;PRD_000055;PRD_000056;PRD_000057;PRD_000058;PRD_000059;PRD_000060;PRD_000061;PRD_000062;PRD_000063;PRD_000064
COMP_STK_PRINT,PRICE_TYPE.01,SIZ_000518,MAT_000585,160,175,1165800,1137500,28300,5,PRD_000052;PRD_000053;PRD_000054;PRD_000055;PRD_000056;PRD_000057;PRD_000058;PRD_000059;PRD_000060;PRD_000061;PRD_000062;PRD_000063;PRD_000064
COMP_STK_PRINT,PRICE_TYPE.01,SIZ_000518,MAT_000585,180,200,1293500,1260000,33500,6,PRD_000052;PRD_000053;PRD_000054;PRD_000055;PRD_000056;PRD_000057;PRD_000058;PRD_000059;PRD_000060;PRD_000061;PRD_000062;PRD_000063;PRD_000064
COMP_STK_PRINT,PRICE_TYPE.01,SIZ_000518,MAT_000585,200,250,1568700,1525000,43700,7,PRD_000052;PRD_000053;PRD_000054;PRD_000055;PRD_000056;PRD_000057;PRD_000058;PRD_000059;PRD_000060;PRD_000061;PRD_000062;PRD_000063;PRD_000064
COMP_STK_PRINT,PRICE_TYPE.01,SIZ_000518,MAT_000585,250,300,1823900,1770000,53900,9,PRD_000052;PRD_000053;PRD_000054;PRD_000055;PRD_000056;PRD_000057;PRD_000058;PRD_000059;PRD_000060;PRD_000061;PRD_000062;PRD_000063;PRD_000064
COMP_STK_PRINT,PRICE_TYPE.01,SIZ_000518,MAT_000585,300,350,2059100,1995000,64100,11,PRD_000052;PRD_000053;PRD_000054;PRD_000055;PRD_000056;PRD_000057;PRD_000058;PRD_000059;PRD_000060;PRD_000061;PRD_000062;PRD_000063;PRD_000064
COMP_STK_PRINT,PRICE_TYPE.01,SIZ_000518,MAT_000585,350,400,2274300,2200000,74300,14,PRD_000052;PRD_000053;PRD_000054;PRD_000055;PRD_000056;PRD_000057;PRD_000058;PRD_000059;PRD_000060;PRD_000061;PRD_000062;PRD_000063;PRD_000064
COMP_STK_PRINT,PRICE_TYPE.01,SIZ_000519,MAT_000585,80,90,614100,603000,11100,2,PRD_000052;PRD_000053;PRD_000054;PRD_000055;PRD_000056;PRD_000057;PRD_000058;PRD_000059;PRD_000060;PRD_000061;PRD_000062;PRD_000063;PRD_000064
COMP_STK_PRINT,PRICE_TYPE.01,SIZ_000519,MAT_000585,160,175,1165800,1137500,28300,5,PRD_000052;PRD_000053;PRD_000054;PRD_000055;PRD_000056;PRD_000057;PRD_000058;PRD_000059;PRD_000060;PRD_000061;PRD_000062;PRD_000063;PRD_000064
COMP_STK_PRINT,PRICE_TYPE.01,SIZ_000519,MAT_000585,180,200,1293500,1260000,33500,6,PRD_000052;PRD_000053;PRD_000054;PRD_000055;PRD_000056;PRD_000057;PRD_000058;PRD_000059;PRD_000060;PRD_000061;PRD_000062;PRD_000063;PRD_000064
COMP_STK_PRINT,PRICE_TYPE.01,SIZ_000519,MAT_000585,200,250,1568700,1525000,43700,7,PRD_000052;PRD_000053;PRD_000054;PRD_000055;PRD_000056;PRD_000057;PRD_000058;PRD_000059;PRD_000060;PRD_000061;PRD_000062;PRD_000063;PRD_000064
COMP_STK_PRINT,PRICE_TYPE.01,SIZ_000519,MAT_000585,250,300,1823900,1770000,53900,9,PRD_000052;PRD_000053;PRD_000054;PRD_000055;PRD_000056;PRD_000057;PRD_000058;PRD_000059;PRD_000060;PRD_000061;PRD_000062;PRD_000063;PRD_000064
COMP_STK_PRINT,PRICE_TYPE.01,SIZ_000519,MAT_000585,300,350,2059100,1995000,64100,11,PRD_000052;PRD_000053;PRD_000054;PRD_000055;PRD_000056;PRD_000057;PRD_000058;PRD_000059;PRD_000060;PRD_000061;PRD_000062;PRD_000063;PRD_000064
COMP_STK_PRINT,PRICE_TYPE.01,SIZ_000519,MAT_000585,350,400,2274300,2200000,74300,14,PRD_000052;PRD_000053;PRD_000054;PRD_000055;PRD_000056;PRD_000057;PRD_000058;PRD_000059;PRD_000060;PRD_000061;PRD_000062;PRD_000063;PRD_000064
COMP_STK_PRINT,PRICE_TYPE.01,SIZ_000043,MAT_000585,100,120,737800,732000,5800,1,PRD_000052;PRD_000053;PRD_000054;PRD_000055;PRD_000056;PRD_000057;PRD_000058;PRD_000059;PRD_000060;PRD_000061;PRD_000062;PRD_000063;PRD_000064
COMP_STK_PRINT,PRICE_TYPE.01,SIZ_000043,MAT_000585,125,140,847900,840000,7900,2,PRD_000052;PRD_000053;PRD_000054;PRD_000055;PRD_000056;PRD_000057;PRD_000058;PRD_000059;PRD_000060;PRD_000061;PRD_000062;PRD_000063;PRD_000064
COMP_STK_PRINT,PRICE_TYPE.01,SIZ_000043,MAT_000585,150,160,954000,928000,26000,5,PRD_000052;PRD_000053;PRD_000054;PRD_000055;PRD_000056;PRD_000057;PRD_000058;PRD_000059;PRD_000060;PRD_000061;PRD_000062;PRD_000063;PRD_000064
COMP_STK_PRINT,PRICE_TYPE.01,SIZ_000043,MAT_000585,200,250,1444200,1400000,44200,8,PRD_000052;PRD_000053;PRD_000054;PRD_000055;PRD_000056;PRD_000057;PRD_000058;PRD_000059;PRD_000060;PRD_000061;PRD_000062;PRD_000063;PRD_000064
COMP_STK_PRINT,PRICE_TYPE.01,SIZ_000043,MAT_000585,250,300,1674400,1620000,54400,10,PRD_000052;PRD_000053;PRD_000054;PRD_000055;PRD_000056;PRD_000057;PRD_000058;PRD_000059;PRD_000060;PRD_000061;PRD_000062;PRD_000063;PRD_000064
COMP_STK_PRINT,PRICE_TYPE.01,SIZ_000043,MAT_000585,300,350,1884600,1820000,64600,12,PRD_000052;PRD_000053;PRD_000054;PRD_000055;PRD_000056;PRD_000057;PRD_000058;PRD_000059;PRD_000060;PRD_000061;PRD_000062;PRD_000063;PRD_000064
COMP_STK_PRINT,PRICE_TYPE.01,SIZ_000043,MAT_000585,350,400,2074800,2000000,74800,15,PRD_000052;PRD_000053;PRD_000054;PRD_000055;PRD_000056;PRD_000057;PRD_000058;PRD_000059;PRD_000060;PRD_000061;PRD_000062;PRD_000063;PRD_000064
COMP_STK_PRINT,PRICE_TYPE.01,SIZ_000061,MAT_000585,100,120,737800,732000,5800,1,PRD_000052;PRD_000053;PRD_000054;PRD_000055;PRD_000056;PRD_000057;PRD_000058;PRD_000059;PRD_000060;PRD_000061;PRD_000062;PRD_000063;PRD_000064
COMP_STK_PRINT,PRICE_TYPE.01,SIZ_000061,MAT_000585,125,140,847900,840000,7900,2,PRD_000052;PRD_000053;PRD_000054;PRD_000055;PRD_000056;PRD_000057;PRD_000058;PRD_000059;PRD_000060;PRD_000061;PRD_000062;PRD_000063;PRD_000064
COMP_STK_PRINT,PRICE_TYPE.01,SIZ_000061,MAT_000585,150,160,954000,928000,26000,5,PRD_000052;PRD_000053;PRD_000054;PRD_000055;PRD_000056;PRD_000057;PRD_000058;PRD_000059;PRD_000060;PRD_000061;PRD_000062;PRD_000063;PRD_000064
COMP_STK_PRINT,PRICE_TYPE.01,SIZ_000061,MAT_000585,200,250,1444200,1400000,44200,8,PRD_000052;PRD_000053;PRD_000054;PRD_000055;PRD_000056;PRD_000057;PRD_000058;PRD_000059;PRD_000060;PRD_000061;PRD_000062;PRD_000063;PRD_000064
COMP_STK_PRINT,PRICE_TYPE.01,SIZ_000061,MAT_000585,250,300,1674400,1620000,54400,10,PRD_000052;PRD_000053;PRD_000054;PRD_000055;PRD_000056;PRD_000057;PRD_000058;PRD_000059;PRD_000060;PRD_000061;PRD_000062;PRD_000063;PRD_000064
COMP_STK_PRINT,PRICE_TYPE.01,SIZ_000061,MAT_000585,300,350,1884600,1820000,64600,12,PRD_000052;PRD_000053;PRD_000054;PRD_000055;PRD_000056;PRD_000057;PRD_000058;PRD_000059;PRD_000060;PRD_000061;PRD_000062;PRD_000063;PRD_000064
COMP_STK_PRINT,PRICE_TYPE.01,SIZ_000061,MAT_000585,350,400,2074800,2000000,74800,15,PRD_000052;PRD_000053;PRD_000054;PRD_000055;PRD_000056;PRD_000057;PRD_000058;PRD_000059;PRD_000060;PRD_000061;PRD_000062;PRD_000063;PRD_000064
COMP_STK_PRINT,PRICE_TYPE.01,SIZ_000062,MAT_000585,100,120,737800,732000,5800,1,PRD_000052;PRD_000053;PRD_000054;PRD_000055;PRD_000056;PRD_000057;PRD_000058;PRD_000059;PRD_000060;PRD_000061;PRD_000062;PRD_000063;PRD_000064
COMP_STK_PRINT,PRICE_TYPE.01,SIZ_000062,MAT_000585,125,140,847900,840000,7900,2,PRD_000052;PRD_000053;PRD_000054;PRD_000055;PRD_000056;PRD_000057;PRD_000058;PRD_000059;PRD_000060;PRD_000061;PRD_000062;PRD_000063;PRD_000064
COMP_STK_PRINT,PRICE_TYPE.01,SIZ_000062,MAT_000585,150,160,954000,928000,26000,5,PRD_000052;PRD_000053;PRD_000054;PRD_000055;PRD_000056;PRD_000057;PRD_000058;PRD_000059;PRD_000060;PRD_000061;PRD_000062;PRD_000063;PRD_000064
COMP_STK_PRINT,PRICE_TYPE.01,SIZ_000062,MAT_000585,200,250,1444200,1400000,44200,8,PRD_000052;PRD_000053;PRD_000054;PRD_000055;PRD_000056;PRD_000057;PRD_000058;PRD_000059;PRD_000060;PRD_000061;PRD_000062;PRD_000063;PRD_000064
COMP_STK_PRINT,PRICE_TYPE.01,SIZ_000062,MAT_000585,250,300,1674400,1620000,54400,10,PRD_000052;PRD_000053;PRD_000054;PRD_000055;PRD_000056;PRD_000057;PRD_000058;PRD_000059;PRD_000060;PRD_000061;PRD_000062;PRD_000063;PRD_000064
COMP_STK_PRINT,PRICE_TYPE.01,SIZ_000062,MAT_000585,300,350,1884600,1820000,64600,12,PRD_000052;PRD_000053;PRD_000054;PRD_000055;PRD_000056;PRD_000057;PRD_000058;PRD_000059;PRD_000060;PRD_000061;PRD_000062;PRD_000063;PRD_000064
COMP_STK_PRINT,PRICE_TYPE.01,SIZ_000062,MAT_000585,350,400,2074800,2000000,74800,15,PRD_000052;PRD_000053;PRD_000054;PRD_000055;PRD_000056;PRD_000057;PRD_000058;PRD_000059;PRD_000060;PRD_000061;PRD_000062;PRD_000063;PRD_000064
COMP_STK_PRINT,PRICE_TYPE.01,SIZ_000063,MAT_000585,100,120,737800,732000,5800,1,PRD_000052;PRD_000053;PRD_000054;PRD_000055;PRD_000056;PRD_000057;PRD_000058;PRD_000059;PRD_000060;PRD_000061;PRD_000062;PRD_000063;PRD_000064
COMP_STK_PRINT,PRICE_TYPE.01,SIZ_000063,MAT_000585,125,140,847900,840000,7900,2,PRD_000052;PRD_000053;PRD_000054;PRD_000055;PRD_000056;PRD_000057;PRD_000058;PRD_000059;PRD_000060;PRD_000061;PRD_000062;PRD_000063;PRD_000064
COMP_STK_PRINT,PRICE_TYPE.01,SIZ_000063,MAT_000585,150,160,954000,928000,26000,5,PRD_000052;PRD_000053;PRD_000054;PRD_000055;PRD_000056;PRD_000057;PRD_000058;PRD_000059;PRD_000060;PRD_000061;PRD_000062;PRD_000063;PRD_000064
COMP_STK_PRINT,PRICE_TYPE.01,SIZ_000063,MAT_000585,200,250,1444200,1400000,44200,8,PRD_000052;PRD_000053;PRD_000054;PRD_000055;PRD_000056;PRD_000057;PRD_000058;PRD_000059;PRD_000060;PRD_000061;PRD_000062;PRD_000063;PRD_000064
COMP_STK_PRINT,PRICE_TYPE.01,SIZ_000063,MAT_000585,250,300,1674400,1620000,54400,10,PRD_000052;PRD_000053;PRD_000054;PRD_000055;PRD_000056;PRD_000057;PRD_000058;PRD_000059;PRD_000060;PRD_000061;PRD_000062;PRD_000063;PRD_000064
COMP_STK_PRINT,PRICE_TYPE.01,SIZ_000063,MAT_000585,300,350,1884600,1820000,64600,12,PRD_000052;PRD_000053;PRD_000054;PRD_000055;PRD_000056;PRD_000057;PRD_000058;PRD_000059;PRD_000060;PRD_000061;PRD_000062;PRD_000063;PRD_000064
COMP_STK_PRINT,PRICE_TYPE.01,SIZ_000063,MAT_000585,350,400,2074800,2000000,74800,15,PRD_000052;PRD_000053;PRD_000054;PRD_000055;PRD_000056;PRD_000057;PRD_000058;PRD_000059;PRD_000060;PRD_000061;PRD_000062;PRD_000063;PRD_000064
COMP_STK_PRINT,PRICE_TYPE.01,SIZ_000064,MAT_000585,100,120,737800,732000,5800,1,PRD_000052;PRD_000053;PRD_000054;PRD_000055;PRD_000056;PRD_000057;PRD_000058;PRD_000059;PRD_000060;PRD_000061;PRD_000062;PRD_000063;PRD_000064
COMP_STK_PRINT,PRICE_TYPE.01,SIZ_000064,MAT_000585,125,140,847900,840000,7900,2,PRD_000052;PRD_000053;PRD_000054;PRD_000055;PRD_000056;PRD_000057;PRD_000058;PRD_000059;PRD_000060;PRD_000061;PRD_000062;PRD_000063;PRD_000064
COMP_STK_PRINT,PRICE_TYPE.01,SIZ_000064,MAT_000585,150,160,954000,928000,26000,5,PRD_000052;PRD_000053;PRD_000054;PRD_000055;PRD_000056;PRD_000057;PRD_000058;PRD_000059;PRD_000060;PRD_000061;PRD_000062;PRD_000063;PRD_000064
COMP_STK_PRINT,PRICE_TYPE.01,SIZ_000064,MAT_000585,200,250,1444200,1400000,44200,8,PRD_000052;PRD_000053;PRD_000054;PRD_000055;PRD_000056;PRD_000057;PRD_000058;PRD_000059;PRD_000060;PRD_000061;PRD_000062;PRD_000063;PRD_000064
COMP_STK_PRINT,PRICE_TYPE.01,SIZ_000064,MAT_000585,250,300,1674400,1620000,54400,10,PRD_000052;PRD_000053;PRD_000054;PRD_000055;PRD_000056;PRD_000057;PRD_000058;PRD_000059;PRD_000060;PRD_000061;PRD_000062;PRD_000063;PRD_000064
COMP_STK_PRINT,PRICE_TYPE.01,SIZ_000064,MAT_000585,300,350,1884600,1820000,64600,12,PRD_000052;PRD_000053;PRD_000054;PRD_000055;PRD_000056;PRD_000057;PRD_000058;PRD_000059;PRD_000060;PRD_000061;PRD_000062;PRD_000063;PRD_000064
COMP_STK_PRINT,PRICE_TYPE.01,SIZ_000064,MAT_000585,350,400,2074800,2000000,74800,15,PRD_000052;PRD_000053;PRD_000054;PRD_000055;PRD_000056;PRD_000057;PRD_000058;PRD_000059;PRD_000060;PRD_000061;PRD_000062;PRD_000063;PRD_000064
COMP_STK_PRINT,PRICE_TYPE.01,SIZ_000065,MAT_000585,100,120,737800,732000,5800,1,PRD_000052;PRD_000053;PRD_000054;PRD_000055;PRD_000056;PRD_000057;PRD_000058;PRD_000059;PRD_000060;PRD_000061;PRD_000062;PRD_000063;PRD_000064
COMP_STK_PRINT,PRICE_TYPE.01,SIZ_000065,MAT_000585,125,140,847900,840000,7900,2,PRD_000052;PRD_000053;PRD_000054;PRD_000055;PRD_000056;PRD_000057;PRD_000058;PRD_000059;PRD_000060;PRD_000061;PRD_000062;PRD_000063;PRD_000064
COMP_STK_PRINT,PRICE_TYPE.01,SIZ_000065,MAT_000585,150,160,954000,928000,26000,5,PRD_000052;PRD_000053;PRD_000054;PRD_000055;PRD_000056;PRD_000057;PRD_000058;PRD_000059;PRD_000060;PRD_000061;PRD_000062;PRD_000063;PRD_000064
COMP_STK_PRINT,PRICE_TYPE.01,SIZ_000065,MAT_000585,200,250,1444200,1400000,44200,8,PRD_000052;PRD_000053;PRD_000054;PRD_000055;PRD_000056;PRD_000057;PRD_000058;PRD_000059;PRD_000060;PRD_000061;PRD_000062;PRD_000063;PRD_000064
COMP_STK_PRINT,PRICE_TYPE.01,SIZ_000065,MAT_000585,250,300,1674400,1620000,54400,10,PRD_000052;PRD_000053;PRD_000054;PRD_000055;PRD_000056;PRD_000057;PRD_000058;PRD_000059;PRD_000060;PRD_000061;PRD_000062;PRD_000063;PRD_000064
COMP_STK_PRINT,PRICE_TYPE.01,SIZ_000065,MAT_000585,300,350,1884600,1820000,64600,12,PRD_000052;PRD_000053;PRD_000054;PRD_000055;PRD_000056;PRD_000057;PRD_000058;PRD_000059;PRD_000060;PRD_000061;PRD_000062;PRD_000063;PRD_000064
COMP_STK_PRINT,PRICE_TYPE.01,SIZ_000065,MAT_000585,350,400,2074800,2000000,74800,15,PRD_000052;PRD_000053;PRD_000054;PRD_000055;PRD_000056;PRD_000057;PRD_000058;PRD_000059;PRD_000060;PRD_000061;PRD_000062;PRD_000063;PRD_000064
COMP_STK_PRINT,PRICE_TYPE.01,SIZ_000170,MAT_000586,100,120,737800,732000,5800,1,PRD_000052;PRD_000053;PRD_000054;PRD_000055;PRD_000056;PRD_000057;PRD_000058;PRD_000059;PRD_000060;PRD_000061;PRD_000062;PRD_000063;PRD_000064
COMP_STK_PRINT,PRICE_TYPE.01,SIZ_000170,MAT_000586,125,140,847900,840000,7900,2,PRD_000052;PRD_000053;PRD_000054;PRD_000055;PRD_000056;PRD_000057;PRD_000058;PRD_000059;PRD_000060;PRD_000061;PRD_000062;PRD_000063;PRD_000064
COMP_STK_PRINT,PRICE_TYPE.01,SIZ_000170,MAT_000586,150,160,954000,928000,26000,5,PRD_000052;PRD_000053;PRD_000054;PRD_000055;PRD_000056;PRD_000057;PRD_000058;PRD_000059;PRD_000060;PRD_000061;PRD_000062;PRD_000063;PRD_000064
COMP_STK_PRINT,PRICE_TYPE.01,SIZ_000170,MAT_000586,200,250,1444200,1400000,44200,8,PRD_000052;PRD_000053;PRD_000054;PRD_000055;PRD_000056;PRD_000057;PRD_000058;PRD_000059;PRD_000060;PRD_000061;PRD_000062;PRD_000063;PRD_000064
COMP_STK_PRINT,PRICE_TYPE.01,SIZ_000170,MAT_000586,250,300,1674400,1620000,54400,10,PRD_000052;PRD_000053;PRD_000054;PRD_000055;PRD_000056;PRD_000057;PRD_000058;PRD_000059;PRD_000060;PRD_000061;PRD_000062;PRD_000063;PRD_000064
COMP_STK_PRINT,PRICE_TYPE.01,SIZ_000170,MAT_000586,300,350,1884600,1820000,64600,12,PRD_000052;PRD_000053;PRD_000054;PRD_000055;PRD_000056;PRD_000057;PRD_000058;PRD_000059;PRD_000060;PRD_000061;PRD_000062;PRD_000063;PRD_000064
COMP_STK_PRINT,PRICE_TYPE.01,SIZ_000170,MAT_000586,350,400,2074800,2000000,74800,15,PRD_000052;PRD_000053;PRD_000054;PRD_000055;PRD_000056;PRD_000057;PRD_000058;PRD_000059;PRD_000060;PRD_000061;PRD_000062;PRD_000063;PRD_000064
COMP_STK_PRINT,PRICE_TYPE.01,SIZ_000520,MAT_000586,75,80,450300,448000,2300,1,PRD_000052;PRD_000053;PRD_000054;PRD_000055;PRD_000056;PRD_000057;PRD_000058;PRD_000059;PRD_000060;PRD_000061;PRD_000062;PRD_000063;PRD_000064
COMP_STK_PRINT,PRICE_TYPE.01,SIZ_000520,MAT_000586,125,140,778400,770000,8400,2,PRD_000052;PRD_000053;PRD_000054;PRD_000055;PRD_000056;PRD_000057;PRD_000058;PRD_000059;PRD_000060;PRD_000061;PRD_000062;PRD_000063;PRD_000064
COMP_STK_PRINT,PRICE_TYPE.01,SIZ_000520,MAT_000586,175,180,984500,972000,12500,3,PRD_000052;PRD_000053;PRD_000054;PRD_000055;PRD_000056;PRD_000057;PRD_000058;PRD_000059;PRD_000060;PRD_000061;PRD_000062;PRD_000063;PRD_000064
COMP_STK_PRINT,PRICE_TYPE.01,SIZ_000520,MAT_000586,200,250,1344600,1300000,44600,9,PRD_000052;PRD_000053;PRD_000054;PRD_000055;PRD_000056;PRD_000057;PRD_000058;PRD_000059;PRD_000060;PRD_000061;PRD_000062;PRD_000063;PRD_000064
COMP_STK_PRINT,PRICE_TYPE.01,SIZ_000520,MAT_000586,250,300,1554800,1500000,54800,11,PRD_000052;PRD_000053;PRD_000054;PRD_000055;PRD_000056;PRD_000057;PRD_000058;PRD_000059;PRD_000060;PRD_000061;PRD_000062;PRD_000063;PRD_000064
COMP_STK_PRINT,PRICE_TYPE.01,SIZ_000520,MAT_000586,300,350,1745000,1680000,65000,13,PRD_000052;PRD_000053;PRD_000054;PRD_000055;PRD_000056;PRD_000057;PRD_000058;PRD_000059;PRD_000060;PRD_000061;PRD_000062;PRD_000063;PRD_000064
COMP_STK_PRINT,PRICE_TYPE.01,SIZ_000520,MAT_000586,350,400,1915200,1880000,35200,8,PRD_000052;PRD_000053;PRD_000054;PRD_000055;PRD_000056;PRD_000057;PRD_000058;PRD_000059;PRD_000060;PRD_000061;PRD_000062;PRD_000063;PRD_000064
COMP_STK_PRINT,PRICE_TYPE.01,SIZ_000520,MAT_000586,400,450,2110300,2070000,40300,9,PRD_000052;PRD_000053;PRD_000054;PRD_000055;PRD_000056;PRD_000057;PRD_000058;PRD_000059;PRD_000060;PRD_000061;PRD_000062;PRD_000063;PRD_000064
COMP_STK_PRINT,PRICE_TYPE.01,SIZ_000519,MAT_000586,80,90,614100,603000,11100,2,PRD_000052;PRD_000053;PRD_000054;PRD_000055;PRD_000056;PRD_000057;PRD_000058;PRD_000059;PRD_000060;PRD_000061;PRD_000062;PRD_000063;PRD_000064
COMP_STK_PRINT,PRICE_TYPE.01,SIZ_000519,MAT_000586,160,175,1165800,1137500,28300,5,PRD_000052;PRD_000053;PRD_000054;PRD_000055;PRD_000056;PRD_000057;PRD_000058;PRD_000059;PRD_000060;PRD_000061;PRD_000062;PRD_000063;PRD_000064
COMP_STK_PRINT,PRICE_TYPE.01,SIZ_000519,MAT_000586,180,200,1293500,1260000,33500,6,PRD_000052;PRD_000053;PRD_000054;PRD_000055;PRD_000056;PRD_000057;PRD_000058;PRD_000059;PRD_000060;PRD_000061;PRD_000062;PRD_000063;PRD_000064
COMP_STK_PRINT,PRICE_TYPE.01,SIZ_000519,MAT_000586,200,250,1568700,1525000,43700,7,PRD_000052;PRD_000053;PRD_000054;PRD_000055;PRD_000056;PRD_000057;PRD_000058;PRD_000059;PRD_000060;PRD_000061;PRD_000062;PRD_000063;PRD_000064
COMP_STK_PRINT,PRICE_TYPE.01,SIZ_000519,MAT_000586,250,300,1823900,1770000,53900,9,PRD_000052;PRD_000053;PRD_000054;PRD_000055;PRD_000056;PRD_000057;PRD_000058;PRD_000059;PRD_000060;PRD_000061;PRD_000062;PRD_000063;PRD_000064
COMP_STK_PRINT,PRICE_TYPE.01,SIZ_000519,MAT_000586,300,350,2059100,1995000,64100,11,PRD_000052;PRD_000053;PRD_000054;PRD_000055;PRD_000056;PRD_000057;PRD_000058;PRD_000059;PRD_000060;PRD_000061;PRD_000062;PRD_000063;PRD_000064
COMP_STK_PRINT,PRICE_TYPE.01,SIZ_000519,MAT_000586,350,400,2274300,2200000,74300,14,PRD_000052;PRD_000053;PRD_000054;PRD_000055;PRD_000056;PRD_000057;PRD_000058;PRD_000059;PRD_000060;PRD_000061;PRD_000062;PRD_000063;PRD_000064
COMP_STK_PRINT,PRICE_TYPE.01,SIZ_000518,MAT_000586,70,75,510600,502500,8100,2,PRD_000052;PRD_000053;PRD_000054;PRD_000055;PRD_000056;PRD_000057;PRD_000058;PRD_000059;PRD_000060;PRD_000061;PRD_000062;PRD_000063;PRD_000064
COMP_STK_PRINT,PRICE_TYPE.01,SIZ_000518,MAT_000586,160,175,1165800,1137500,28300,5,PRD_000052;PRD_000053;PRD_000054;PRD_000055;PRD_000056;PRD_000057;PRD_000058;PRD_000059;PRD_000060;PRD_000061;PRD_000062;PRD_000063;PRD_000064
COMP_STK_PRINT,PRICE_TYPE.01,SIZ_000518,MAT_000586,180,200,1293500,1260000,33500,6,PRD_000052;PRD_000053;PRD_000054;PRD_000055;PRD_000056;PRD_000057;PRD_000058;PRD_000059;PRD_000060;PRD_000061;PRD_000062;PRD_000063;PRD_000064
COMP_STK_PRINT,PRICE_TYPE.01,SIZ_000518,MAT_000586,200,250,1568700,1525000,43700,7,PRD_000052;PRD_000053;PRD_000054;PRD_000055;PRD_000056;PRD_000057;PRD_000058;PRD_000059;PRD_000060;PRD_000061;PRD_000062;PRD_000063;PRD_000064
COMP_STK_PRINT,PRICE_TYPE.01,SIZ_000518,MAT_000586,250,300,1823900,1770000,53900,9,PRD_000052;PRD_000053;PRD_000054;PRD_000055;PRD_000056;PRD_000057;PRD_000058;PRD_000059;PRD_000060;PRD_000061;PRD_000062;PRD_000063;PRD_000064
COMP_STK_PRINT,PRICE_TYPE.01,SIZ_000518,MAT_000586,300,350,2059100,1995000,64100,11,PRD_000052;PRD_000053;PRD_000054;PRD_000055;PRD_000056;PRD_000057;PRD_000058;PRD_000059;PRD_000060;PRD_000061;PRD_000062;PRD_000063;PRD_000064
COMP_STK_PRINT,PRICE_TYPE.01,SIZ_000518,MAT_000586,350,400,2274300,2200000,74300,14,PRD_000052;PRD_000053;PRD_000054;PRD_000055;PRD_000056;PRD_000057;PRD_000058;PRD_000059;PRD_000060;PRD_000061;PRD_000062;PRD_000063;PRD_000064
COMP_STK_PRINT,PRICE_TYPE.01,SIZ_000060,MAT_000586,70,75,466200,465000,1200,1,PRD_000052;PRD_000053;PRD_000054;PRD_000055;PRD_000056;PRD_000057;PRD_000058;PRD_000059;PRD_000060;PRD_000061;PRD_000062;PRD_000063;PRD_000064
COMP_STK_PRINT,PRICE_TYPE.01,SIZ_000060,MAT_000586,120,125,768800,750000,18800,4,PRD_000052;PRD_000053;PRD_000054;PRD_000055;PRD_000056;PRD_000057;PRD_000058;PRD_000059;PRD_000060;PRD_000061;PRD_000062;PRD_000063;PRD_000064
COMP_STK_PRINT,PRICE_TYPE.01,SIZ_000060,MAT_000586,150,160,954000,928000,26000,5,PRD_000052;PRD_000053;PRD_000054;PRD_000055;PRD_000056;PRD_000057;PRD_000058;PRD_000059;PRD_000060;PRD_000061;PRD_000062;PRD_000063;PRD_000064
COMP_STK_PRINT,PRICE_TYPE.01,SIZ_000060,MAT_000586,200,250,1444200,1400000,44200,8,PRD_000052;PRD_000053;PRD_000054;PRD_000055;PRD_000056;PRD_000057;PRD_000058;PRD_000059;PRD_000060;PRD_000061;PRD_000062;PRD_000063;PRD_000064
COMP_STK_PRINT,PRICE_TYPE.01,SIZ_000060,MAT_000586,250,300,1674400,1620000,54400,10,PRD_000052;PRD_000053;PRD_000054;PRD_000055;PRD_000056;PRD_000057;PRD_000058;PRD_000059;PRD_000060;PRD_000061;PRD_000062;PRD_000063;PRD_000064
COMP_STK_PRINT,PRICE_TYPE.01,SIZ_000060,MAT_000586,300,350,1884600,1820000,64600,12,PRD_000052;PRD_000053;PRD_000054;PRD_000055;PRD_000056;PRD_000057;PRD_000058;PRD_000059;PRD_000060;PRD_000061;PRD_000062;PRD_000063;PRD_000064
COMP_STK_PRINT,PRICE_TYPE.01,SIZ_000060,MAT_000586,350,400,2074800,2000000,74800,15,PRD_000052;PRD_000053;PRD_000054;PRD_000055;PRD_000056;PRD_000057;PRD_000058;PRD_000059;PRD_000060;PRD_000061;PRD_000062;PRD_000063;PRD_000064
COMP_STK_PRINT,PRICE_TYPE.01,SIZ_000059,MAT_000586,100,120,737800,732000,5800,1,PRD_000052;PRD_000053;PRD_000054;PRD_000055;PRD_000056;PRD_000057;PRD_000058;PRD_000059;PRD_000060;PRD_000061;PRD_000062;PRD_000063;PRD_000064
COMP_STK_PRINT,PRICE_TYPE.01,SIZ_000059,MAT_000586,125,140,847900,840000,7900,2,PRD_000052;PRD_000053;PRD_000054;PRD_000055;PRD_000056;PRD_000057;PRD_000058;PRD_000059;PRD_000060;PRD_000061;PRD_000062;PRD_000063;PRD_000064
COMP_STK_PRINT,PRICE_TYPE.01,SIZ_000059,MAT_000586,150,160,954000,928000,26000,5,PRD_000052;PRD_000053;PRD_000054;PRD_000055;PRD_000056;PRD_000057;PRD_000058;PRD_000059;PRD_000060;PRD_000061;PRD_000062;PRD_000063;PRD_000064
COMP_STK_PRINT,PRICE_TYPE.01,SIZ_000059,MAT_000586,200,250,1444200,1400000,44200,8,PRD_000052;PRD_000053;PRD_000054;PRD_000055;PRD_000056;PRD_000057;PRD_000058;PRD_000059;PRD_000060;PRD_000061;PRD_000062;PRD_000063;PRD_000064
COMP_STK_PRINT,PRICE_TYPE.01,SIZ_000059,MAT_000586,250,300,1674400,1620000,54400,10,PRD_000052;PRD_000053;PRD_000054;PRD_000055;PRD_000056;PRD_000057;PRD_000058;PRD_000059;PRD_000060;PRD_000061;PRD_000062;PRD_000063;PRD_000064
COMP_STK_PRINT,PRICE_TYPE.01,SIZ_000059,MAT_000586,300,350,1884600,1820000,64600,12,PRD_000052;PRD_000053;PRD_000054;PRD_000055;PRD_000056;PRD_000057;PRD_000058;PRD_000059;PRD_000060;PRD_000061;PRD_000062;PRD_000063;PRD_000064
COMP_STK_PRINT,PRICE_TYPE.01,SIZ_000059,MAT_000586,350,400,2074800,2000000,74800,15,PRD_000052;PRD_000053;PRD_000054;PRD_000055;PRD_000056;PRD_000057;PRD_000058;PRD_000059;PRD_000060;PRD_000061;PRD_000062;PRD_000063;PRD_000064
COMP_STK_PRINT,PRICE_TYPE.01,SIZ_000036,MAT_000586,100,120,737800,732000,5800,1,PRD_000052;PRD_000053;PRD_000054;PRD_000055;PRD_000056;PRD_000057;PRD_000058;PRD_000059;PRD_000060;PRD_000061;PRD_000062;PRD_000063;PRD_000064
COMP_STK_PRINT,PRICE_TYPE.01,SIZ_000036,MAT_000586,125,140,847900,840000,7900,2,PRD_000052;PRD_000053;PRD_000054;PRD_000055;PRD_000056;PRD_000057;PRD_000058;PRD_000059;PRD_000060;PRD_000061;PRD_000062;PRD_000063;PRD_000064
COMP_STK_PRINT,PRICE_TYPE.01,SIZ_000036,MAT_000586,150,160,954000,928000,26000,5,PRD_000052;PRD_000053;PRD_000054;PRD_000055;PRD_000056;PRD_000057;PRD_000058;PRD_000059;PRD_000060;PRD_000061;PRD_000062;PRD_000063;PRD_000064
COMP_STK_PRINT,PRICE_TYPE.01,SIZ_000036,MAT_000586,200,250,1444200,1400000,44200,8,PRD_000052;PRD_000053;PRD_000054;PRD_000055;PRD_000056;PRD_000057;PRD_000058;PRD_000059;PRD_000060;PRD_000061;PRD_000062;PRD_000063;PRD_000064
COMP_STK_PRINT,PRICE_TYPE.01,SIZ_000036,MAT_000586,250,300,1674400,1620000,54400,10,PRD_000052;PRD_000053;PRD_000054;PRD_000055;PRD_000056;PRD_000057;PRD_000058;PRD_000059;PRD_000060;PRD_000061;PRD_000062;PRD_000063;PRD_000064
COMP_STK_PRINT,PRICE_TYPE.01,SIZ_000036,MAT_000586,300,350,1884600,1820000,64600,12,PRD_000052;PRD_000053;PRD_000054;PRD_000055;PRD_000056;PRD_000057;PRD_000058;PRD_000059;PRD_000060;PRD_000061;PRD_000062;PRD_000063;PRD_000064
COMP_STK_PRINT,PRICE_TYPE.01,SIZ_000036,MAT_000586,350,400,2074800,2000000,74800,15,PRD_000052;PRD_000053;PRD_000054;PRD_000055;PRD_000056;PRD_000057;PRD_000058;PRD_000059;PRD_000060;PRD_000061;PRD_000062;PRD_000063;PRD_000064
COMP_STK_PRINT,PRICE_TYPE.01,SIZ_000043,MAT_000586,100,120,737800,732000,5800,1,PRD_000052;PRD_000053;PRD_000054;PRD_000055;PRD_000056;PRD_000057;PRD_000058;PRD_000059;PRD_000060;PRD_000061;PRD_000062;PRD_000063;PRD_000064
COMP_STK_PRINT,PRICE_TYPE.01,SIZ_000043,MAT_000586,125,140,847900,840000,7900,2,PRD_000052;PRD_000053;PRD_000054;PRD_000055;PRD_000056;PRD_000057;PRD_000058;PRD_000059;PRD_000060;PRD_000061;PRD_000062;PRD_000063;PRD_000064
COMP_STK_PRINT,PRICE_TYPE.01,SIZ_000043,MAT_000586,150,160,954000,928000,26000,5,PRD_000052;PRD_000053;PRD_000054;PRD_000055;PRD_000056;PRD_000057;PRD_000058;PRD_000059;PRD_000060;PRD_000061;PRD_000062;PRD_000063;PRD_000064
COMP_STK_PRINT,PRICE_TYPE.01,SIZ_000043,MAT_000586,200,250,1444200,1400000,44200,8,PRD_000052;PRD_000053;PRD_000054;PRD_000055;PRD_000056;PRD_000057;PRD_000058;PRD_000059;PRD_000060;PRD_000061;PRD_000062;PRD_000063;PRD_000064
COMP_STK_PRINT,PRICE_TYPE.01,SIZ_000043,MAT_000586,250,300,1674400,1620000,54400,10,PRD_000052;PRD_000053;PRD_000054;PRD_000055;PRD_000056;PRD_000057;PRD_000058;PRD_000059;PRD_000060;PRD_000061;PRD_000062;PRD_000063;PRD_000064
COMP_STK_PRINT,PRICE_TYPE.01,SIZ_000043,MAT_000586,300,350,1884600,1820000,64600,12,PRD_000052;PRD_000053;PRD_000054;PRD_000055;PRD_000056;PRD_000057;PRD_000058;PRD_000059;PRD_000060;PRD_000061;PRD_000062;PRD_000063;PRD_000064
COMP_STK_PRINT,PRICE_TYPE.01,SIZ_000043,MAT_000586,350,400,2074800,2000000,74800,15,PRD_000052;PRD_000053;PRD_000054;PRD_000055;PRD_000056;PRD_000057;PRD_000058;PRD_000059;PRD_000060;PRD_000061;PRD_000062;PRD_000063;PRD_000064
COMP_STK_PRINT,PRICE_TYPE.01,SIZ_000061,MAT_000586,100,120,737800,732000,5800,1,PRD_000052;PRD_000053;PRD_000054;PRD_000055;PRD_000056;PRD_000057;PRD_000058;PRD_000059;PRD_000060;PRD_000061;PRD_000062;PRD_000063;PRD_000064
COMP_STK_PRINT,PRICE_TYPE.01,SIZ_000061,MAT_000586,125,140,847900,840000,7900,2,PRD_000052;PRD_000053;PRD_000054;PRD_000055;PRD_000056;PRD_000057;PRD_000058;PRD_000059;PRD_000060;PRD_000061;PRD_000062;PRD_000063;PRD_000064
COMP_STK_PRINT,PRICE_TYPE.01,SIZ_000061,MAT_000586,150,160,954000,928000,26000,5,PRD_000052;PRD_000053;PRD_000054;PRD_000055;PRD_000056;PRD_000057;PRD_000058;PRD_000059;PRD_000060;PRD_000061;PRD_000062;PRD_000063;PRD_000064
COMP_STK_PRINT,PRICE_TYPE.01,SIZ_000061,MAT_000586,200,250,1444200,1400000,44200,8,PRD_000052;PRD_000053;PRD_000054;PRD_000055;PRD_000056;PRD_000057;PRD_000058;PRD_000059;PRD_000060;PRD_000061;PRD_000062;PRD_000063;PRD_000064
COMP_STK_PRINT,PRICE_TYPE.01,SIZ_000061,MAT_000586,250,300,1674400,1620000,54400,10,PRD_000052;PRD_000053;PRD_000054;PRD_000055;PRD_000056;PRD_000057;PRD_000058;PRD_000059;PRD_000060;PRD_000061;PRD_000062;PRD_000063;PRD_000064
COMP_STK_PRINT,PRICE_TYPE.01,SIZ_000061,MAT_000586,300,350,1884600,1820000,64600,12,PRD_000052;PRD_000053;PRD_000054;PRD_000055;PRD_000056;PRD_000057;PRD_000058;PRD_000059;PRD_000060;PRD_000061;PRD_000062;PRD_000063;PRD_000064
COMP_STK_PRINT,PRICE_TYPE.01,SIZ_000061,MAT_000586,350,400,2074800,2000000,74800,15,PRD_000052;PRD_000053;PRD_000054;PRD_000055;PRD_000056;PRD_000057;PRD_000058;PRD_000059;PRD_000060;PRD_000061;PRD_000062;PRD_000063;PRD_000064
COMP_STK_PRINT,PRICE_TYPE.01,SIZ_000062,MAT_000586,100,120,737800,732000,5800,1,PRD_000052;PRD_000053;PRD_000054;PRD_000055;PRD_000056;PRD_000057;PRD_000058;PRD_000059;PRD_000060;PRD_000061;PRD_000062;PRD_000063;PRD_000064
COMP_STK_PRINT,PRICE_TYPE.01,SIZ_000062,MAT_000586,125,140,847900,840000,7900,2,PRD_000052;PRD_000053;PRD_000054;PRD_000055;PRD_000056;PRD_000057;PRD_000058;PRD_000059;PRD_000060;PRD_000061;PRD_000062;PRD_000063;PRD_000064
COMP_STK_PRINT,PRICE_TYPE.01,SIZ_000062,MAT_000586,150,160,954000,928000,26000,5,PRD_000052;PRD_000053;PRD_000054;PRD_000055;PRD_000056;PRD_000057;PRD_000058;PRD_000059;PRD_000060;PRD_000061;PRD_000062;PRD_000063;PRD_000064
COMP_STK_PRINT,PRICE_TYPE.01,SIZ_000062,MAT_000586,200,250,1444200,1400000,44200,8,PRD_000052;PRD_000053;PRD_000054;PRD_000055;PRD_000056;PRD_000057;PRD_000058;PRD_000059;PRD_000060;PRD_000061;PRD_000062;PRD_000063;PRD_000064
COMP_STK_PRINT,PRICE_TYPE.01,SIZ_000062,MAT_000586,250,300,1674400,1620000,54400,10,PRD_000052;PRD_000053;PRD_000054;PRD_000055;PRD_000056;PRD_000057;PRD_000058;PRD_000059;PRD_000060;PRD_000061;PRD_000062;PRD_000063;PRD_000064
COMP_STK_PRINT,PRICE_TYPE.01,SIZ_000062,MAT_000586,300,350,1884600,1820000,64600,12,PRD_000052;PRD_000053;PRD_000054;PRD_000055;PRD_000056;PRD_000057;PRD_000058;PRD_000059;PRD_000060;PRD_000061;PRD_000062;PRD_000063;PRD_000064
COMP_STK_PRINT,PRICE_TYPE.01,SIZ_000062,MAT_000586,350,400,2074800,2000000,74800,15,PRD_000052;PRD_000053;PRD_000054;PRD_000055;PRD_000056;PRD_000057;PRD_000058;PRD_000059;PRD_000060;PRD_000061;PRD_000062;PRD_000063;PRD_000064
COMP_STK_PRINT,PRICE_TYPE.01,SIZ_000063,MAT_000586,100,120,737800,732000,5800,1,PRD_000052;PRD_000053;PRD_000054;PRD_000055;PRD_000056;PRD_000057;PRD_000058;PRD_000059;PRD_000060;PRD_000061;PRD_000062;PRD_000063;PRD_000064
COMP_STK_PRINT,PRICE_TYPE.01,SIZ_000063,MAT_000586,125,140,847900,840000,7900,2,PRD_000052;PRD_000053;PRD_000054;PRD_000055;PRD_000056;PRD_000057;PRD_000058;PRD_000059;PRD_000060;PRD_000061;PRD_000062;PRD_000063;PRD_000064
COMP_STK_PRINT,PRICE_TYPE.01,SIZ_000063,MAT_000586,150,160,954000,928000,26000,5,PRD_000052;PRD_000053;PRD_000054;PRD_000055;PRD_000056;PRD_000057;PRD_000058;PRD_000059;PRD_000060;PRD_000061;PRD_000062;PRD_000063;PRD_000064
COMP_STK_PRINT,PRICE_TYPE.01,SIZ_000063,MAT_000586,200,250,1444200,1400000,44200,8,PRD_000052;PRD_000053;PRD_000054;PRD_000055;PRD_000056;PRD_000057;PRD_000058;PRD_000059;PRD_000060;PRD_000061;PRD_000062;PRD_000063;PRD_000064
COMP_STK_PRINT,PRICE_TYPE.01,SIZ_000063,MAT_000586,250,300,1674400,1620000,54400,10,PRD_000052;PRD_000053;PRD_000054;PRD_000055;PRD_000056;PRD_000057;PRD_000058;PRD_000059;PRD_000060;PRD_000061;PRD_000062;PRD_000063;PRD_000064
COMP_STK_PRINT,PRICE_TYPE.01,SIZ_000063,MAT_000586,300,350,1884600,1820000,64600,12,PRD_000052;PRD_000053;PRD_000054;PRD_000055;PRD_000056;PRD_000057;PRD_000058;PRD_000059;PRD_000060;PRD_000061;PRD_000062;PRD_000063;PRD_000064
COMP_STK_PRINT,PRICE_TYPE.01,SIZ_000063,MAT_000586,350,400,2074800,2000000,74800,15,PRD_000052;PRD_000053;PRD_000054;PRD_000055;PRD_000056;PRD_000057;PRD_000058;PRD_000059;PRD_000060;PRD_000061;PRD_000062;PRD_000063;PRD_000064
COMP_STK_PRINT,PRICE_TYPE.01,SIZ_000064,MAT_000586,100,120,737800,732000,5800,1,PRD_000052;PRD_000053;PRD_000054;PRD_000055;PRD_000056;PRD_000057;PRD_000058;PRD_000059;PRD_000060;PRD_000061;PRD_000062;PRD_000063;PRD_000064
COMP_STK_PRINT,PRICE_TYPE.01,SIZ_000064,MAT_000586,125,140,847900,840000,7900,2,PRD_000052;PRD_000053;PRD_000054;PRD_000055;PRD_000056;PRD_000057;PRD_000058;PRD_000059;PRD_000060;PRD_000061;PRD_000062;PRD_000063;PRD_000064
COMP_STK_PRINT,PRICE_TYPE.01,SIZ_000064,MAT_000586,150,160,954000,928000,26000,5,PRD_000052;PRD_000053;PRD_000054;PRD_000055;PRD_000056;PRD_000057;PRD_000058;PRD_000059;PRD_000060;PRD_000061;PRD_000062;PRD_000063;PRD_000064
COMP_STK_PRINT,PRICE_TYPE.01,SIZ_000064,MAT_000586,200,250,1444200,1400000,44200,8,PRD_000052;PRD_000053;PRD_000054;PRD_000055;PRD_000056;PRD_000057;PRD_000058;PRD_000059;PRD_000060;PRD_000061;PRD_000062;PRD_000063;PRD_000064
COMP_STK_PRINT,PRICE_TYPE.01,SIZ_000064,MAT_000586,250,300,1674400,1620000,54400,10,PRD_000052;PRD_000053;PRD_000054;PRD_000055;PRD_000056;PRD_000057;PRD_000058;PRD_000059;PRD_000060;PRD_000061;PRD_000062;PRD_000063;PRD_000064
COMP_STK_PRINT,PRICE_TYPE.01,SIZ_000064,MAT_000586,300,350,1884600,1820000,64600,12,PRD_000052;PRD_000053;PRD_000054;PRD_000055;PRD_000056;PRD_000057;PRD_000058;PRD_000059;PRD_000060;PRD_000061;PRD_000062;PRD_000063;PRD_000064
COMP_STK_PRINT,PRICE_TYPE.01,SIZ_000064,MAT_000586,350,400,2074800,2000000,74800,15,PRD_000052;PRD_000053;PRD_000054;PRD_000055;PRD_000056;PRD_000057;PRD_000058;PRD_000059;PRD_000060;PRD_000061;PRD_000062;PRD_000063;PRD_000064
COMP_STK_PRINT,PRICE_TYPE.01,SIZ_000065,MAT_000586,100,120,737800,732000,5800,1,PRD_000052;PRD_000053;PRD_000054;PRD_000055;PRD_000056;PRD_000057;PRD_000058;PRD_000059;PRD_000060;PRD_000061;PRD_000062;PRD_000063;PRD_000064
COMP_STK_PRINT,PRICE_TYPE.01,SIZ_000065,MAT_000586,125,140,847900,840000,7900,2,PRD_000052;PRD_000053;PRD_000054;PRD_000055;PRD_000056;PRD_000057;PRD_000058;PRD_000059;PRD_000060;PRD_000061;PRD_000062;PRD_000063;PRD_000064
COMP_STK_PRINT,PRICE_TYPE.01,SIZ_000065,MAT_000586,150,160,954000,928000,26000,5,PRD_000052;PRD_000053;PRD_000054;PRD_000055;PRD_000056;PRD_000057;PRD_000058;PRD_000059;PRD_000060;PRD_000061;PRD_000062;PRD_000063;PRD_000064
COMP_STK_PRINT,PRICE_TYPE.01,SIZ_000065,MAT_000586,200,250,1444200,1400000,44200,8,PRD_000052;PRD_000053;PRD_000054;PRD_000055;PRD_000056;PRD_000057;PRD_000058;PRD_000059;PRD_000060;PRD_000061;PRD_000062;PRD_000063;PRD_000064
COMP_STK_PRINT,PRICE_TYPE.01,SIZ_000065,MAT_000586,250,300,1674400,1620000,54400,10,PRD_000052;PRD_000053;PRD_000054;PRD_000055;PRD_000056;PRD_000057;PRD_000058;PRD_000059;PRD_000060;PRD_000061;PRD_000062;PRD_000063;PRD_000064
COMP_STK_PRINT,PRICE_TYPE.01,SIZ_000065,MAT_000586,300,350,1884600,1820000,64600,12,PRD_000052;PRD_000053;PRD_000054;PRD_000055;PRD_000056;PRD_000057;PRD_000058;PRD_000059;PRD_000060;PRD_000061;PRD_000062;PRD_000063;PRD_000064
COMP_STK_PRINT,PRICE_TYPE.01,SIZ_000065,MAT_000586,350,400,2074800,2000000,74800,15,PRD_000052;PRD_000053;PRD_000054;PRD_000055;PRD_000056;PRD_000057;PRD_000058;PRD_000059;PRD_000060;PRD_000061;PRD_000062;PRD_000063;PRD_000064
COMP_STK_PRINT,PRICE_TYPE.01,SIZ_000170,MAT_000609,50,60,312700,312000,700,1,PRD_000052;PRD_000053;PRD_000054;PRD_000055;PRD_000056;PRD_000057;PRD_000058;PRD_000059;PRD_000060;PRD_000061;PRD_000062;PRD_000063;PRD_000064
COMP_STK_PRINT,PRICE_TYPE.01,SIZ_000170,MAT_000609,100,120,618800,612000,6800,2,PRD_000052;PRD_000053;PRD_000054;PRD_000055;PRD_000056;PRD_000057;PRD_000058;PRD_000059;PRD_000060;PRD_000061;PRD_000062;PRD_000063;PRD_000064
COMP_STK_PRINT,PRICE_TYPE.01,SIZ_000170,MAT_000609,125,140,708900,700000,8900,2,PRD_000052;PRD_000053;PRD_000054;PRD_000055;PRD_000056;PRD_000057;PRD_000058;PRD_000059;PRD_000060;PRD_000061;PRD_000062;PRD_000063;PRD_000064
COMP_STK_PRINT,PRICE_TYPE.01,SIZ_000170,MAT_000609,150,160,795000,768000,27000,6,PRD_000052;PRD_000053;PRD_000054;PRD_000055;PRD_000056;PRD_000057;PRD_000058;PRD_000059;PRD_000060;PRD_000061;PRD_000062;PRD_000063;PRD_000064
COMP_STK_PRINT,PRICE_TYPE.01,SIZ_000170,MAT_000609,200,250,1195200,1150000,45200,10,PRD_000052;PRD_000053;PRD_000054;PRD_000055;PRD_000056;PRD_000057;PRD_000058;PRD_000059;PRD_000060;PRD_000061;PRD_000062;PRD_000063;PRD_000064
COMP_STK_PRINT,PRICE_TYPE.01,SIZ_000170,MAT_000609,250,300,1375400,1320000,55400,13,PRD_000052;PRD_000053;PRD_000054;PRD_000055;PRD_000056;PRD_000057;PRD_000058;PRD_000059;PRD_000060;PRD_000061;PRD_000062;PRD_000063;PRD_000064
COMP_STK_PRINT,PRICE_TYPE.01,SIZ_000170,MAT_000609,300,350,1535600,1470000,65600,15,PRD_000052;PRD_000053;PRD_000054;PRD_000055;PRD_000056;PRD_000057;PRD_000058;PRD_000059;PRD_000060;PRD_000061;PRD_000062;PRD_000063;PRD_000064
COMP_STK_PRINT,PRICE_TYPE.01,SIZ_000170,MAT_000609,350,400,1675800,1600000,75800,19,PRD_000052;PRD_000053;PRD_000054;PRD_000055;PRD_000056;PRD_000057;PRD_000058;PRD_000059;PRD_000060;PRD_000061;PRD_000062;PRD_000063;PRD_000064
COMP_STK_PRINT,PRICE_TYPE.01,SIZ_000520,MAT_000609,75,80,371300,368000,3300,1,PRD_000052;PRD_000053;PRD_000054;PRD_000055;PRD_000056;PRD_000057;PRD_000058;PRD_000059;PRD_000060;PRD_000061;PRD_000062;PRD_000063;PRD_000064
COMP_STK_PRINT,PRICE_TYPE.01,SIZ_000520,MAT_000609,125,140,639400,630000,9400,3,PRD_000052;PRD_000053;PRD_000054;PRD_000055;PRD_000056;PRD_000057;PRD_000058;PRD_000059;PRD_000060;PRD_000061;PRD_000062;PRD_000063;PRD_000064
COMP_STK_PRINT,PRICE_TYPE.01,SIZ_000520,MAT_000609,175,180,805500,792000,13500,3,PRD_000052;PRD_000053;PRD_000054;PRD_000055;PRD_000056;PRD_000057;PRD_000058;PRD_000059;PRD_000060;PRD_000061;PRD_000062;PRD_000063;PRD_000064
COMP_STK_PRINT,PRICE_TYPE.01,SIZ_000520,MAT_000609,200,250,1095600,1050000,45600,11,PRD_000052;PRD_000053;PRD_000054;PRD_000055;PRD_000056;PRD_000057;PRD_000058;PRD_000059;PRD_000060;PRD_000061;PRD_000062;PRD_000063;PRD_000064
COMP_STK_PRINT,PRICE_TYPE.01,SIZ_000520,MAT_000609,250,300,1255800,1200000,55800,14,PRD_000052;PRD_000053;PRD_000054;PRD_000055;PRD_000056;PRD_000057;PRD_000058;PRD_000059;PRD_000060;PRD_000061;PRD_000062;PRD_000063;PRD_000064
COMP_STK_PRINT,PRICE_TYPE.01,SIZ_000520,MAT_000609,300,350,1396000,1330000,66000,17,PRD_000052;PRD_000053;PRD_000054;PRD_000055;PRD_000056;PRD_000057;PRD_000058;PRD_000059;PRD_000060;PRD_000061;PRD_000062;PRD_000063;PRD_000064
COMP_STK_PRINT,PRICE_TYPE.01,SIZ_000520,MAT_000609,350,400,1516200,1480000,36200,10,PRD_000052;PRD_000053;PRD_000054;PRD_000055;PRD_000056;PRD_000057;PRD_000058;PRD_000059;PRD_000060;PRD_000061;PRD_000062;PRD_000063;PRD_000064
COMP_STK_PRINT,PRICE_TYPE.01,SIZ_000520,MAT_000609,400,450,1661300,1620000,41300,12,PRD_000052;PRD_000053;PRD_000054;PRD_000055;PRD_000056;PRD_000057;PRD_000058;PRD_000059;PRD_000060;PRD_000061;PRD_000062;PRD_000063;PRD_000064
COMP_STK_PRINT,PRICE_TYPE.01,SIZ_000518,MAT_000609,70,75,436600,427500,9100,2,PRD_000052;PRD_000053;PRD_000054;PRD_000055;PRD_000056;PRD_000057;PRD_000058;PRD_000059;PRD_000060;PRD_000061;PRD_000062;PRD_000063;PRD_000064
COMP_STK_PRINT,PRICE_TYPE.01,SIZ_000518,MAT_000609,160,175,991800,962500,29300,6,PRD_000052;PRD_000053;PRD_000054;PRD_000055;PRD_000056;PRD_000057;PRD_000058;PRD_000059;PRD_000060;PRD_000061;PRD_000062;PRD_000063;PRD_000064
COMP_STK_PRINT,PRICE_TYPE.01,SIZ_000518,MAT_000609,180,200,1094500,1060000,34500,7,PRD_000052;PRD_000053;PRD_000054;PRD_000055;PRD_000056;PRD_000057;PRD_000058;PRD_000059;PRD_000060;PRD_000061;PRD_000062;PRD_000063;PRD_000064
COMP_STK_PRINT,PRICE_TYPE.01,SIZ_000518,MAT_000609,200,250,1319700,1275000,44700,9,PRD_000052;PRD_000053;PRD_000054;PRD_000055;PRD_000056;PRD_000057;PRD_000058;PRD_000059;PRD_000060;PRD_000061;PRD_000062;PRD_000063;PRD_000064
COMP_STK_PRINT,PRICE_TYPE.01,SIZ_000518,MAT_000609,250,300,1524900,1470000,54900,11,PRD_000052;PRD_000053;PRD_000054;PRD_000055;PRD_000056;PRD_000057;PRD_000058;PRD_000059;PRD_000060;PRD_000061;PRD_000062;PRD_000063;PRD_000064
COMP_STK_PRINT,PRICE_TYPE.01,SIZ_000518,MAT_000609,300,350,1710100,1645000,65100,14,PRD_000052;PRD_000053;PRD_000054;PRD_000055;PRD_000056;PRD_000057;PRD_000058;PRD_000059;PRD_000060;PRD_000061;PRD_000062;PRD_000063;PRD_000064
COMP_STK_PRINT,PRICE_TYPE.01,SIZ_000518,MAT_000609,350,400,1875300,1800000,75300,17,PRD_000052;PRD_000053;PRD_000054;PRD_000055;PRD_000056;PRD_000057;PRD_000058;PRD_000059;PRD_000060;PRD_000061;PRD_000062;PRD_000063;PRD_000064
COMP_STK_PRINT,PRICE_TYPE.01,SIZ_000519,MAT_000609,80,90,525100,513000,12100,3,PRD_000052;PRD_000053;PRD_000054;PRD_000055;PRD_000056;PRD_000057;PRD_000058;PRD_000059;PRD_000060;PRD_000061;PRD_000062;PRD_000063;PRD_000064
COMP_STK_PRINT,PRICE_TYPE.01,SIZ_000519,MAT_000609,160,175,991800,962500,29300,6,PRD_000052;PRD_000053;PRD_000054;PRD_000055;PRD_000056;PRD_000057;PRD_000058;PRD_000059;PRD_000060;PRD_000061;PRD_000062;PRD_000063;PRD_000064
COMP_STK_PRINT,PRICE_TYPE.01,SIZ_000519,MAT_000609,180,200,1094500,1060000,34500,7,PRD_000052;PRD_000053;PRD_000054;PRD_000055;PRD_000056;PRD_000057;PRD_000058;PRD_000059;PRD_000060;PRD_000061;PRD_000062;PRD_000063;PRD_000064
COMP_STK_PRINT,PRICE_TYPE.01,SIZ_000519,MAT_000609,200,250,1319700,1275000,44700,9,PRD_000052;PRD_000053;PRD_000054;PRD_000055;PRD_000056;PRD_000057;PRD_000058;PRD_000059;PRD_000060;PRD_000061;PRD_000062;PRD_000063;PRD_000064
COMP_STK_PRINT,PRICE_TYPE.01,SIZ_000519,MAT_000609,250,300,1524900,1470000,54900,11,PRD_000052;PRD_000053;PRD_000054;PRD_000055;PRD_000056;PRD_000057;PRD_000058;PRD_000059;PRD_000060;PRD_000061;PRD_000062;PRD_000063;PRD_000064
COMP_STK_PRINT,PRICE_TYPE.01,SIZ_000519,MAT_000609,300,350,1710100,1645000,65100,14,PRD_000052;PRD_000053;PRD_000054;PRD_000055;PRD_000056;PRD_000057;PRD_000058;PRD_000059;PRD_000060;PRD_000061;PRD_000062;PRD_000063;PRD_000064
COMP_STK_PRINT,PRICE_TYPE.01,SIZ_000519,MAT_000609,350,400,1875300,1800000,75300,17,PRD_000052;PRD_000053;PRD_000054;PRD_000055;PRD_000056;PRD_000057;PRD_000058;PRD_000059;PRD_000060;PRD_000061;PRD_000062;PRD_000063;PRD_000064
COMP_STK_PRINT,PRICE_TYPE.01,SIZ_000059,MAT_000609,50,60,312700,312000,700,1,PRD_000052;PRD_000053;PRD_000054;PRD_000055;PRD_000056;PRD_000057;PRD_000058;PRD_000059;PRD_000060;PRD_000061;PRD_000062;PRD_000063;PRD_000064
COMP_STK_PRINT,PRICE_TYPE.01,SIZ_000059,MAT_000609,100,120,618800,612000,6800,2,PRD_000052;PRD_000053;PRD_000054;PRD_000055;PRD_000056;PRD_000057;PRD_000058;PRD_000059;PRD_000060;PRD_000061;PRD_000062;PRD_000063;PRD_000064
COMP_STK_PRINT,PRICE_TYPE.01,SIZ_000059,MAT_000609,125,140,708900,700000,8900,2,PRD_000052;PRD_000053;PRD_000054;PRD_000055;PRD_000056;PRD_000057;PRD_000058;PRD_000059;PRD_000060;PRD_000061;PRD_000062;PRD_000063;PRD_000064
COMP_STK_PRINT,PRICE_TYPE.01,SIZ_000059,MAT_000609,150,160,795000,768000,27000,6,PRD_000052;PRD_000053;PRD_000054;PRD_000055;PRD_000056;PRD_000057;PRD_000058;PRD_000059;PRD_000060;PRD_000061;PRD_000062;PRD_000063;PRD_000064
COMP_STK_PRINT,PRICE_TYPE.01,SIZ_000059,MAT_000609,200,250,1195200,1150000,45200,10,PRD_000052;PRD_000053;PRD_000054;PRD_000055;PRD_000056;PRD_000057;PRD_000058;PRD_000059;PRD_000060;PRD_000061;PRD_000062;PRD_000063;PRD_000064
COMP_STK_PRINT,PRICE_TYPE.01,SIZ_000059,MAT_000609,250,300,1375400,1320000,55400,13,PRD_000052;PRD_000053;PRD_000054;PRD_000055;PRD_000056;PRD_000057;PRD_000058;PRD_000059;PRD_000060;PRD_000061;PRD_000062;PRD_000063;PRD_000064
COMP_STK_PRINT,PRICE_TYPE.01,SIZ_000059,MAT_000609,300,350,1535600,1470000,65600,15,PRD_000052;PRD_000053;PRD_000054;PRD_000055;PRD_000056;PRD_000057;PRD_000058;PRD_000059;PRD_000060;PRD_000061;PRD_000062;PRD_000063;PRD_000064
COMP_STK_PRINT,PRICE_TYPE.01,SIZ_000059,MAT_000609,350,400,1675800,1600000,75800,19,PRD_000052;PRD_000053;PRD_000054;PRD_000055;PRD_000056;PRD_000057;PRD_000058;PRD_000059;PRD_000060;PRD_000061;PRD_000062;PRD_000063;PRD_000064
COMP_STK_PRINT,PRICE_TYPE.01,SIZ_000060,MAT_000609,70,75,392200,390000,2200,1,PRD_000052;PRD_000053;PRD_000054;PRD_000055;PRD_000056;PRD_000057;PRD_000058;PRD_000059;PRD_000060;PRD_000061;PRD_000062;PRD_000063;PRD_000064
COMP_STK_PRINT,PRICE_TYPE.01,SIZ_000060,MAT_000609,120,125,644800,625000,19800,4,PRD_000052;PRD_000053;PRD_000054;PRD_000055;PRD_000056;PRD_000057;PRD_000058;PRD_000059;PRD_000060;PRD_000061;PRD_000062;PRD_000063;PRD_000064
COMP_STK_PRINT,PRICE_TYPE.01,SIZ_000060,MAT_000609,150,160,795000,768000,27000,6,PRD_000052;PRD_000053;PRD_000054;PRD_000055;PRD_000056;PRD_000057;PRD_000058;PRD_000059;PRD_000060;PRD_000061;PRD_000062;PRD_000063;PRD_000064
COMP_STK_PRINT,PRICE_TYPE.01,SIZ_000060,MAT_000609,200,250,1195200,1150000,45200,10,PRD_000052;PRD_000053;PRD_000054;PRD_000055;PRD_000056;PRD_000057;PRD_000058;PRD_000059;PRD_000060;PRD_000061;PRD_000062;PRD_000063;PRD_000064
COMP_STK_PRINT,PRICE_TYPE.01,SIZ_000060,MAT_000609,250,300,1375400,1320000,55400,13,PRD_000052;PRD_000053;PRD_000054;PRD_000055;PRD_000056;PRD_000057;PRD_000058;PRD_000059;PRD_000060;PRD_000061;PRD_000062;PRD_000063;PRD_000064
COMP_STK_PRINT,PRICE_TYPE.01,SIZ_000060,MAT_000609,300,350,1535600,1470000,65600,15,PRD_000052;PRD_000053;PRD_000054;PRD_000055;PRD_000056;PRD_000057;PRD_000058;PRD_000059;PRD_000060;PRD_000061;PRD_000062;PRD_000063;PRD_000064
COMP_STK_PRINT,PRICE_TYPE.01,SIZ_000060,MAT_000609,350,400,1675800,1600000,75800,19,PRD_000052;PRD_000053;PRD_000054;PRD_000055;PRD_000056;PRD_000057;PRD_000058;PRD_000059;PRD_000060;PRD_000061;PRD_000062;PRD_000063;PRD_000064
COMP_STK_PRINT,PRICE_TYPE.01,SIZ_000036,MAT_000609,50,60,312700,312000,700,1,PRD_000052;PRD_000053;PRD_000054;PRD_000055;PRD_000056;PRD_000057;PRD_000058;PRD_000059;PRD_000060;PRD_000061;PRD_000062;PRD_000063;PRD_000064
COMP_STK_PRINT,PRICE_TYPE.01,SIZ_000036,MAT_000609,100,120,618800,612000,6800,2,PRD_000052;PRD_000053;PRD_000054;PRD_000055;PRD_000056;PRD_000057;PRD_000058;PRD_000059;PRD_000060;PRD_000061;PRD_000062;PRD_000063;PRD_000064
COMP_STK_PRINT,PRICE_TYPE.01,SIZ_000036,MAT_000609,125,140,708900,700000,8900,2,PRD_000052;PRD_000053;PRD_000054;PRD_000055;PRD_000056;PRD_000057;PRD_000058;PRD_000059;PRD_000060;PRD_000061;PRD_000062;PRD_000063;PRD_000064
COMP_STK_PRINT,PRICE_TYPE.01,SIZ_000036,MAT_000609,150,160,795000,768000,27000,6,PRD_000052;PRD_000053;PRD_000054;PRD_000055;PRD_000056;PRD_000057;PRD_000058;PRD_000059;PRD_000060;PRD_000061;PRD_000062;PRD_000063;PRD_000064
COMP_STK_PRINT,PRICE_TYPE.01,SIZ_000036,MAT_000609,200,250,1195200,1150000,45200,10,PRD_000052;PRD_000053;PRD_000054;PRD_000055;PRD_000056;PRD_000057;PRD_000058;PRD_000059;PRD_000060;PRD_000061;PRD_000062;PRD_000063;PRD_000064
COMP_STK_PRINT,PRICE_TYPE.01,SIZ_000036,MAT_000609,250,300,1375400,1320000,55400,13,PRD_000052;PRD_000053;PRD_000054;PRD_000055;PRD_000056;PRD_000057;PRD_000058;PRD_000059;PRD_000060;PRD_000061;PRD_000062;PRD_000063;PRD_000064
COMP_STK_PRINT,PRICE_TYPE.01,SIZ_000036,MAT_000609,300,350,1535600,1470000,65600,15,PRD_000052;PRD_000053;PRD_000054;PRD_000055;PRD_000056;PRD_000057;PRD_000058;PRD_000059;PRD_000060;PRD_000061;PRD_000062;PRD_000063;PRD_000064
COMP_STK_PRINT,PRICE_TYPE.01,SIZ_000036,MAT_000609,350,400,1675800,1600000,75800,19,PRD_000052;PRD_000053;PRD_000054;PRD_000055;PRD_000056;PRD_000057;PRD_000058;PRD_000059;PRD_000060;PRD_000061;PRD_000062;PRD_000063;PRD_000064
COMP_STK_PRINT,PRICE_TYPE.01,SIZ_000043,MAT_000609,50,60,312700,312000,700,1,PRD_000052;PRD_000053;PRD_000054;PRD_000055;PRD_000056;PRD_000057;PRD_000058;PRD_000059;PRD_000060;PRD_000061;PRD_000062;PRD_000063;PRD_000064
COMP_STK_PRINT,PRICE_TYPE.01,SIZ_000043,MAT_000609,100,120,618800,612000,6800,2,PRD_000052;PRD_000053;PRD_000054;PRD_000055;PRD_000056;PRD_000057;PRD_000058;PRD_000059;PRD_000060;PRD_000061;PRD_000062;PRD_000063;PRD_000064
COMP_STK_PRINT,PRICE_TYPE.01,SIZ_000043,MAT_000609,125,140,708900,700000,8900,2,PRD_000052;PRD_000053;PRD_000054;PRD_000055;PRD_000056;PRD_000057;PRD_000058;PRD_000059;PRD_000060;PRD_000061;PRD_000062;PRD_000063;PRD_000064
COMP_STK_PRINT,PRICE_TYPE.01,SIZ_000043,MAT_000609,150,160,795000,768000,27000,6,PRD_000052;PRD_000053;PRD_000054;PRD_000055;PRD_000056;PRD_000057;PRD_000058;PRD_000059;PRD_000060;PRD_000061;PRD_000062;PRD_000063;PRD_000064
COMP_STK_PRINT,PRICE_TYPE.01,SIZ_000043,MAT_000609,200,250,1195200,1150000,45200,10,PRD_000052;PRD_000053;PRD_000054;PRD_000055;PRD_000056;PRD_000057;PRD_000058;PRD_000059;PRD_000060;PRD_000061;PRD_000062;PRD_000063;PRD_000064
COMP_STK_PRINT,PRICE_TYPE.01,SIZ_000043,MAT_000609,250,300,1375400,1320000,55400,13,PRD_000052;PRD_000053;PRD_000054;PRD_000055;PRD_000056;PRD_000057;PRD_000058;PRD_000059;PRD_000060;PRD_000061;PRD_000062;PRD_000063;PRD_000064
COMP_STK_PRINT,PRICE_TYPE.01,SIZ_000043,MAT_000609,300,350,1535600,1470000,65600,15,PRD_000052;PRD_000053;PRD_000054;PRD_000055;PRD_000056;PRD_000057;PRD_000058;PRD_000059;PRD_000060;PRD_000061;PRD_000062;PRD_000063;PRD_000064
COMP_STK_PRINT,PRICE_TYPE.01,SIZ_000043,MAT_000609,350,400,1675800,1600000,75800,19,PRD_000052;PRD_000053;PRD_000054;PRD_000055;PRD_000056;PRD_000057;PRD_000058;PRD_000059;PRD_000060;PRD_000061;PRD_000062;PRD_000063;PRD_000064
COMP_STK_PRINT,PRICE_TYPE.01,SIZ_000061,MAT_000609,50,60,312700,312000,700,1,PRD_000052;PRD_000053;PRD_000054;PRD_000055;PRD_000056;PRD_000057;PRD_000058;PRD_000059;PRD_000060;PRD_000061;PRD_000062;PRD_000063;PRD_000064
COMP_STK_PRINT,PRICE_TYPE.01,SIZ_000061,MAT_000609,100,120,618800,612000,6800,2,PRD_000052;PRD_000053;PRD_000054;PRD_000055;PRD_000056;PRD_000057;PRD_000058;PRD_000059;PRD_000060;PRD_000061;PRD_000062;PRD_000063;PRD_000064
COMP_STK_PRINT,PRICE_TYPE.01,SIZ_000061,MAT_000609,125,140,708900,700000,8900,2,PRD_000052;PRD_000053;PRD_000054;PRD_000055;PRD_000056;PRD_000057;PRD_000058;PRD_000059;PRD_000060;PRD_000061;PRD_000062;PRD_000063;PRD_000064
COMP_STK_PRINT,PRICE_TYPE.01,SIZ_000061,MAT_000609,150,160,795000,768000,27000,6,PRD_000052;PRD_000053;PRD_000054;PRD_000055;PRD_000056;PRD_000057;PRD_000058;PRD_000059;PRD_000060;PRD_000061;PRD_000062;PRD_000063;PRD_000064
COMP_STK_PRINT,PRICE_TYPE.01,SIZ_000061,MAT_000609,200,250,1195200,1150000,45200,10,PRD_000052;PRD_000053;PRD_000054;PRD_000055;PRD_000056;PRD_000057;PRD_000058;PRD_000059;PRD_000060;PRD_000061;PRD_000062;PRD_000063;PRD_000064
COMP_STK_PRINT,PRICE_TYPE.01,SIZ_000061,MAT_000609,250,300,1375400,1320000,55400,13,PRD_000052;PRD_000053;PRD_000054;PRD_000055;PRD_000056;PRD_000057;PRD_000058;PRD_000059;PRD_000060;PRD_000061;PRD_000062;PRD_000063;PRD_000064
COMP_STK_PRINT,PRICE_TYPE.01,SIZ_000061,MAT_000609,300,350,1535600,1470000,65600,15,PRD_000052;PRD_000053;PRD_000054;PRD_000055;PRD_000056;PRD_000057;PRD_000058;PRD_000059;PRD_000060;PRD_000061;PRD_000062;PRD_000063;PRD_000064
COMP_STK_PRINT,PRICE_TYPE.01,SIZ_000061,MAT_000609,350,400,1675800,1600000,75800,19,PRD_000052;PRD_000053;PRD_000054;PRD_000055;PRD_000056;PRD_000057;PRD_000058;PRD_000059;PRD_000060;PRD_000061;PRD_000062;PRD_000063;PRD_000064
COMP_STK_PRINT,PRICE_TYPE.01,SIZ_000062,MAT_000609,50,60,312700,312000,700,1,PRD_000052;PRD_000053;PRD_000054;PRD_000055;PRD_000056;PRD_000057;PRD_000058;PRD_000059;PRD_000060;PRD_000061;PRD_000062;PRD_000063;PRD_000064
COMP_STK_PRINT,PRICE_TYPE.01,SIZ_000062,MAT_000609,100,120,618800,612000,6800,2,PRD_000052;PRD_000053;PRD_000054;PRD_000055;PRD_000056;PRD_000057;PRD_000058;PRD_000059;PRD_000060;PRD_000061;PRD_000062;PRD_000063;PRD_000064
COMP_STK_PRINT,PRICE_TYPE.01,SIZ_000062,MAT_000609,125,140,708900,700000,8900,2,PRD_000052;PRD_000053;PRD_000054;PRD_000055;PRD_000056;PRD_000057;PRD_000058;PRD_000059;PRD_000060;PRD_000061;PRD_000062;PRD_000063;PRD_000064
COMP_STK_PRINT,PRICE_TYPE.01,SIZ_000062,MAT_000609,150,160,795000,768000,27000,6,PRD_000052;PRD_000053;PRD_000054;PRD_000055;PRD_000056;PRD_000057;PRD_000058;PRD_000059;PRD_000060;PRD_000061;PRD_000062;PRD_000063;PRD_000064
COMP_STK_PRINT,PRICE_TYPE.01,SIZ_000062,MAT_000609,200,250,1195200,1150000,45200,10,PRD_000052;PRD_000053;PRD_000054;PRD_000055;PRD_000056;PRD_000057;PRD_000058;PRD_000059;PRD_000060;PRD_000061;PRD_000062;PRD_000063;PRD_000064
COMP_STK_PRINT,PRICE_TYPE.01,SIZ_000062,MAT_000609,250,300,1375400,1320000,55400,13,PRD_000052;PRD_000053;PRD_000054;PRD_000055;PRD_000056;PRD_000057;PRD_000058;PRD_000059;PRD_000060;PRD_000061;PRD_000062;PRD_000063;PRD_000064
COMP_STK_PRINT,PRICE_TYPE.01,SIZ_000062,MAT_000609,300,350,1535600,1470000,65600,15,PRD_000052;PRD_000053;PRD_000054;PRD_000055;PRD_000056;PRD_000057;PRD_000058;PRD_000059;PRD_000060;PRD_000061;PRD_000062;PRD_000063;PRD_000064
COMP_STK_PRINT,PRICE_TYPE.01,SIZ_000062,MAT_000609,350,400,1675800,1600000,75800,19,PRD_000052;PRD_000053;PRD_000054;PRD_000055;PRD_000056;PRD_000057;PRD_000058;PRD_000059;PRD_000060;PRD_000061;PRD_000062;PRD_000063;PRD_000064
COMP_STK_PRINT,PRICE_TYPE.01,SIZ_000063,MAT_000609,50,60,312700,312000,700,1,PRD_000052;PRD_000053;PRD_000054;PRD_000055;PRD_000056;PRD_000057;PRD_000058;PRD_000059;PRD_000060;PRD_000061;PRD_000062;PRD_000063;PRD_000064
COMP_STK_PRINT,PRICE_TYPE.01,SIZ_000063,MAT_000609,100,120,618800,612000,6800,2,PRD_000052;PRD_000053;PRD_000054;PRD_000055;PRD_000056;PRD_000057;PRD_000058;PRD_000059;PRD_000060;PRD_000061;PRD_000062;PRD_000063;PRD_000064
COMP_STK_PRINT,PRICE_TYPE.01,SIZ_000063,MAT_000609,125,140,708900,700000,8900,2,PRD_000052;PRD_000053;PRD_000054;PRD_000055;PRD_000056;PRD_000057;PRD_000058;PRD_000059;PRD_000060;PRD_000061;PRD_000062;PRD_000063;PRD_000064
COMP_STK_PRINT,PRICE_TYPE.01,SIZ_000063,MAT_000609,150,160,795000,768000,27000,6,PRD_000052;PRD_000053;PRD_000054;PRD_000055;PRD_000056;PRD_000057;PRD_000058;PRD_000059;PRD_000060;PRD_000061;PRD_000062;PRD_000063;PRD_000064
COMP_STK_PRINT,PRICE_TYPE.01,SIZ_000063,MAT_000609,200,250,1195200,1150000,45200,10,PRD_000052;PRD_000053;PRD_000054;PRD_000055;PRD_000056;PRD_000057;PRD_000058;PRD_000059;PRD_000060;PRD_000061;PRD_000062;PRD_000063;PRD_000064
COMP_STK_PRINT,PRICE_TYPE.01,SIZ_000063,MAT_000609,250,300,1375400,1320000,55400,13,PRD_000052;PRD_000053;PRD_000054;PRD_000055;PRD_000056;PRD_000057;PRD_000058;PRD_000059;PRD_000060;PRD_000061;PRD_000062;PRD_000063;PRD_000064
COMP_STK_PRINT,PRICE_TYPE.01,SIZ_000063,MAT_000609,300,350,1535600,1470000,65600,15,PRD_000052;PRD_000053;PRD_000054;PRD_000055;PRD_000056;PRD_000057;PRD_000058;PRD_000059;PRD_000060;PRD_000061;PRD_000062;PRD_000063;PRD_000064
COMP_STK_PRINT,PRICE_TYPE.01,SIZ_000063,MAT_000609,350,400,1675800,1600000,75800,19,PRD_000052;PRD_000053;PRD_000054;PRD_000055;PRD_000056;PRD_000057;PRD_000058;PRD_000059;PRD_000060;PRD_000061;PRD_000062;PRD_000063;PRD_000064
COMP_STK_PRINT,PRICE_TYPE.01,SIZ_000064,MAT_000609,50,60,312700,312000,700,1,PRD_000052;PRD_000053;PRD_000054;PRD_000055;PRD_000056;PRD_000057;PRD_000058;PRD_000059;PRD_000060;PRD_000061;PRD_000062;PRD_000063;PRD_000064
COMP_STK_PRINT,PRICE_TYPE.01,SIZ_000064,MAT_000609,100,120,618800,612000,6800,2,PRD_000052;PRD_000053;PRD_000054;PRD_000055;PRD_000056;PRD_000057;PRD_000058;PRD_000059;PRD_000060;PRD_000061;PRD_000062;PRD_000063;PRD_000064
COMP_STK_PRINT,PRICE_TYPE.01,SIZ_000064,MAT_000609,125,140,708900,700000,8900,2,PRD_000052;PRD_000053;PRD_000054;PRD_000055;PRD_000056;PRD_000057;PRD_000058;PRD_000059;PRD_000060;PRD_000061;PRD_000062;PRD_000063;PRD_000064
COMP_STK_PRINT,PRICE_TYPE.01,SIZ_000064,MAT_000609,150,160,795000,768000,27000,6,PRD_000052;PRD_000053;PRD_000054;PRD_000055;PRD_000056;PRD_000057;PRD_000058;PRD_000059;PRD_000060;PRD_000061;PRD_000062;PRD_000063;PRD_000064
COMP_STK_PRINT,PRICE_TYPE.01,SIZ_000064,MAT_000609,200,250,1195200,1150000,45200,10,PRD_000052;PRD_000053;PRD_000054;PRD_000055;PRD_000056;PRD_000057;PRD_000058;PRD_000059;PRD_000060;PRD_000061;PRD_000062;PRD_000063;PRD_000064
COMP_STK_PRINT,PRICE_TYPE.01,SIZ_000064,MAT_000609,250,300,1375400,1320000,55400,13,PRD_000052;PRD_000053;PRD_000054;PRD_000055;PRD_000056;PRD_000057;PRD_000058;PRD_000059;PRD_000060;PRD_000061;PRD_000062;PRD_000063;PRD_000064
COMP_STK_PRINT,PRICE_TYPE.01,SIZ_000064,MAT_000609,300,350,1535600,1470000,65600,15,PRD_000052;PRD_000053;PRD_000054;PRD_000055;PRD_000056;PRD_000057;PRD_000058;PRD_000059;PRD_000060;PRD_000061;PRD_000062;PRD_000063;PRD_000064
COMP_STK_PRINT,PRICE_TYPE.01,SIZ_000064,MAT_000609,350,400,1675800,1600000,75800,19,PRD_000052;PRD_000053;PRD_000054;PRD_000055;PRD_000056;PRD_000057;PRD_000058;PRD_000059;PRD_000060;PRD_000061;PRD_000062;PRD_000063;PRD_000064
COMP_STK_PRINT,PRICE_TYPE.01,SIZ_000065,MAT_000609,50,60,312700,312000,700,1,PRD_000052;PRD_000053;PRD_000054;PRD_000055;PRD_000056;PRD_000057;PRD_000058;PRD_000059;PRD_000060;PRD_000061;PRD_000062;PRD_000063;PRD_000064
COMP_STK_PRINT,PRICE_TYPE.01,SIZ_000065,MAT_000609,100,120,618800,612000,6800,2,PRD_000052;PRD_000053;PRD_000054;PRD_000055;PRD_000056;PRD_000057;PRD_000058;PRD_000059;PRD_000060;PRD_000061;PRD_000062;PRD_000063;PRD_000064
COMP_STK_PRINT,PRICE_TYPE.01,SIZ_000065,MAT_000609,125,140,708900,700000,8900,2,PRD_000052;PRD_000053;PRD_000054;PRD_000055;PRD_000056;PRD_000057;PRD_000058;PRD_000059;PRD_000060;PRD_000061;PRD_000062;PRD_000063;PRD_000064
COMP_STK_PRINT,PRICE_TYPE.01,SIZ_000065,MAT_000609,150,160,795000,768000,27000,6,PRD_000052;PRD_000053;PRD_000054;PRD_000055;PRD_000056;PRD_000057;PRD_000058;PRD_000059;PRD_000060;PRD_000061;PRD_000062;PRD_000063;PRD_000064
COMP_STK_PRINT,PRICE_TYPE.01,SIZ_000065,MAT_000609,200,250,1195200,1150000,45200,10,PRD_000052;PRD_000053;PRD_000054;PRD_000055;PRD_000056;PRD_000057;PRD_000058;PRD_000059;PRD_000060;PRD_000061;PRD_000062;PRD_000063;PRD_000064
COMP_STK_PRINT,PRICE_TYPE.01,SIZ_000065,MAT_000609,250,300,1375400,1320000,55400,13,PRD_000052;PRD_000053;PRD_000054;PRD_000055;PRD_000056;PRD_000057;PRD_000058;PRD_000059;PRD_000060;PRD_000061;PRD_000062;PRD_000063;PRD_000064
COMP_STK_PRINT,PRICE_TYPE.01,SIZ_000065,MAT_000609,300,350,1535600,1470000,65600,15,PRD_000052;PRD_000053;PRD_000054;PRD_000055;PRD_000056;PRD_000057;PRD_000058;PRD_000059;PRD_000060;PRD_000061;PRD_000062;PRD_000063;PRD_000064
COMP_STK_PRINT,PRICE_TYPE.01,SIZ_000065,MAT_000609,350,400,1675800,1600000,75800,19,PRD_000052;PRD_000053;PRD_000054;PRD_000055;PRD_000056;PRD_000057;PRD_000058;PRD_000059;PRD_000060;PRD_000061;PRD_000062;PRD_000063;PRD_000064
COMP_STK_PRINT,PRICE_TYPE.01,SIZ_000520,MAT_000371,75,80,450300,448000,2300,1,PRD_000052;PRD_000053;PRD_000054;PRD_000055;PRD_000056;PRD_000057;PRD_000058;PRD_000059;PRD_000060;PRD_000061;PRD_000062;PRD_000063;PRD_000064
COMP_STK_PRINT,PRICE_TYPE.01,SIZ_000520,MAT_000371,125,140,778400,770000,8400,2,PRD_000052;PRD_000053;PRD_000054;PRD_000055;PRD_000056;PRD_000057;PRD_000058;PRD_000059;PRD_000060;PRD_000061;PRD_000062;PRD_000063;PRD_000064
COMP_STK_PRINT,PRICE_TYPE.01,SIZ_000520,MAT_000371,175,180,984500,972000,12500,3,PRD_000052;PRD_000053;PRD_000054;PRD_000055;PRD_000056;PRD_000057;PRD_000058;PRD_000059;PRD_000060;PRD_000061;PRD_000062;PRD_000063;PRD_000064
COMP_STK_PRINT,PRICE_TYPE.01,SIZ_000520,MAT_000371,200,250,1344600,1300000,44600,9,PRD_000052;PRD_000053;PRD_000054;PRD_000055;PRD_000056;PRD_000057;PRD_000058;PRD_000059;PRD_000060;PRD_000061;PRD_000062;PRD_000063;PRD_000064
COMP_STK_PRINT,PRICE_TYPE.01,SIZ_000520,MAT_000371,250,300,1554800,1500000,54800,11,PRD_000052;PRD_000053;PRD_000054;PRD_000055;PRD_000056;PRD_000057;PRD_000058;PRD_000059;PRD_000060;PRD_000061;PRD_000062;PRD_000063;PRD_000064
COMP_STK_PRINT,PRICE_TYPE.01,SIZ_000520,MAT_000371,300,350,1745000,1680000,65000,13,PRD_000052;PRD_000053;PRD_000054;PRD_000055;PRD_000056;PRD_000057;PRD_000058;PRD_000059;PRD_000060;PRD_000061;PRD_000062;PRD_000063;PRD_000064
COMP_STK_PRINT,PRICE_TYPE.01,SIZ_000520,MAT_000371,350,400,1915200,1880000,35200,8,PRD_000052;PRD_000053;PRD_000054;PRD_000055;PRD_000056;PRD_000057;PRD_000058;PRD_000059;PRD_000060;PRD_000061;PRD_000062;PRD_000063;PRD_000064
COMP_STK_PRINT,PRICE_TYPE.01,SIZ_000520,MAT_000371,400,450,2110300,2070000,40300,9,PRD_000052;PRD_000053;PRD_000054;PRD_000055;PRD_000056;PRD_000057;PRD_000058;PRD_000059;PRD_000060;PRD_000061;PRD_000062;PRD_000063;PRD_000064
COMP_STK_PRINT,PRICE_TYPE.01,SIZ_000170,MAT_000371,100,120,737800,732000,5800,1,PRD_000052;PRD_000053;PRD_000054;PRD_000055;PRD_000056;PRD_000057;PRD_000058;PRD_000059;PRD_000060;PRD_000061;PRD_000062;PRD_000063;PRD_000064
COMP_STK_PRINT,PRICE_TYPE.01,SIZ_000170,MAT_000371,125,140,847900,840000,7900,2,PRD_000052;PRD_000053;PRD_000054;PRD_000055;PRD_000056;PRD_000057;PRD_000058;PRD_000059;PRD_000060;PRD_000061;PRD_000062;PRD_000063;PRD_000064
COMP_STK_PRINT,PRICE_TYPE.01,SIZ_000170,MAT_000371,150,160,954000,928000,26000,5,PRD_000052;PRD_000053;PRD_000054;PRD_000055;PRD_000056;PRD_000057;PRD_000058;PRD_000059;PRD_000060;PRD_000061;PRD_000062;PRD_000063;PRD_000064
COMP_STK_PRINT,PRICE_TYPE.01,SIZ_000170,MAT_000371,200,250,1444200,1400000,44200,8,PRD_000052;PRD_000053;PRD_000054;PRD_000055;PRD_000056;PRD_000057;PRD_000058;PRD_000059;PRD_000060;PRD_000061;PRD_000062;PRD_000063;PRD_000064
COMP_STK_PRINT,PRICE_TYPE.01,SIZ_000170,MAT_000371,250,300,1674400,1620000,54400,10,PRD_000052;PRD_000053;PRD_000054;PRD_000055;PRD_000056;PRD_000057;PRD_000058;PRD_000059;PRD_000060;PRD_000061;PRD_000062;PRD_000063;PRD_000064
COMP_STK_PRINT,PRICE_TYPE.01,SIZ_000170,MAT_000371,300,350,1884600,1820000,64600,12,PRD_000052;PRD_000053;PRD_000054;PRD_000055;PRD_000056;PRD_000057;PRD_000058;PRD_000059;PRD_000060;PRD_000061;PRD_000062;PRD_000063;PRD_000064
COMP_STK_PRINT,PRICE_TYPE.01,SIZ_000170,MAT_000371,350,400,2074800,2000000,74800,15,PRD_000052;PRD_000053;PRD_000054;PRD_000055;PRD_000056;PRD_000057;PRD_000058;PRD_000059;PRD_000060;PRD_000061;PRD_000062;PRD_000063;PRD_000064
COMP_STK_PRINT,PRICE_TYPE.01,SIZ_000518,MAT_000371,70,75,510600,502500,8100,2,PRD_000052;PRD_000053;PRD_000054;PRD_000055;PRD_000056;PRD_000057;PRD_000058;PRD_000059;PRD_000060;PRD_000061;PRD_000062;PRD_000063;PRD_000064
COMP_STK_PRINT,PRICE_TYPE.01,SIZ_000518,MAT_000371,160,175,1165800,1137500,28300,5,PRD_000052;PRD_000053;PRD_000054;PRD_000055;PRD_000056;PRD_000057;PRD_000058;PRD_000059;PRD_000060;PRD_000061;PRD_000062;PRD_000063;PRD_000064
COMP_STK_PRINT,PRICE_TYPE.01,SIZ_000518,MAT_000371,180,200,1293500,1260000,33500,6,PRD_000052;PRD_000053;PRD_000054;PRD_000055;PRD_000056;PRD_000057;PRD_000058;PRD_000059;PRD_000060;PRD_000061;PRD_000062;PRD_000063;PRD_000064
COMP_STK_PRINT,PRICE_TYPE.01,SIZ_000518,MAT_000371,200,250,1568700,1525000,43700,7,PRD_000052;PRD_000053;PRD_000054;PRD_000055;PRD_000056;PRD_000057;PRD_000058;PRD_000059;PRD_000060;PRD_000061;PRD_000062;PRD_000063;PRD_000064
COMP_STK_PRINT,PRICE_TYPE.01,SIZ_000518,MAT_000371,250,300,1823900,1770000,53900,9,PRD_000052;PRD_000053;PRD_000054;PRD_000055;PRD_000056;PRD_000057;PRD_000058;PRD_000059;PRD_000060;PRD_000061;PRD_000062;PRD_000063;PRD_000064
COMP_STK_PRINT,PRICE_TYPE.01,SIZ_000518,MAT_000371,300,350,2059100,1995000,64100,11,PRD_000052;PRD_000053;PRD_000054;PRD_000055;PRD_000056;PRD_000057;PRD_000058;PRD_000059;PRD_000060;PRD_000061;PRD_000062;PRD_000063;PRD_000064
COMP_STK_PRINT,PRICE_TYPE.01,SIZ_000518,MAT_000371,350,400,2274300,2200000,74300,14,PRD_000052;PRD_000053;PRD_000054;PRD_000055;PRD_000056;PRD_000057;PRD_000058;PRD_000059;PRD_000060;PRD_000061;PRD_000062;PRD_000063;PRD_000064
COMP_STK_PRINT,PRICE_TYPE.01,SIZ_000519,MAT_000371,80,90,614100,603000,11100,2,PRD_000052;PRD_000053;PRD_000054;PRD_000055;PRD_000056;PRD_000057;PRD_000058;PRD_000059;PRD_000060;PRD_000061;PRD_000062;PRD_000063;PRD_000064
COMP_STK_PRINT,PRICE_TYPE.01,SIZ_000519,MAT_000371,160,175,1165800,1137500,28300,5,PRD_000052;PRD_000053;PRD_000054;PRD_000055;PRD_000056;PRD_000057;PRD_000058;PRD_000059;PRD_000060;PRD_000061;PRD_000062;PRD_000063;PRD_000064
COMP_STK_PRINT,PRICE_TYPE.01,SIZ_000519,MAT_000371,180,200,1293500,1260000,33500,6,PRD_000052;PRD_000053;PRD_000054;PRD_000055;PRD_000056;PRD_000057;PRD_000058;PRD_000059;PRD_000060;PRD_000061;PRD_000062;PRD_000063;PRD_000064
COMP_STK_PRINT,PRICE_TYPE.01,SIZ_000519,MAT_000371,200,250,1568700,1525000,43700,7,PRD_000052;PRD_000053;PRD_000054;PRD_000055;PRD_000056;PRD_000057;PRD_000058;PRD_000059;PRD_000060;PRD_000061;PRD_000062;PRD_000063;PRD_000064
COMP_STK_PRINT,PRICE_TYPE.01,SIZ_000519,MAT_000371,250,300,1823900,1770000,53900,9,PRD_000052;PRD_000053;PRD_000054;PRD_000055;PRD_000056;PRD_000057;PRD_000058;PRD_000059;PRD_000060;PRD_000061;PRD_000062;PRD_000063;PRD_000064
COMP_STK_PRINT,PRICE_TYPE.01,SIZ_000519,MAT_000371,300,350,2059100,1995000,64100,11,PRD_000052;PRD_000053;PRD_000054;PRD_000055;PRD_000056;PRD_000057;PRD_000058;PRD_000059;PRD_000060;PRD_000061;PRD_000062;PRD_000063;PRD_000064
COMP_STK_PRINT,PRICE_TYPE.01,SIZ_000519,MAT_000371,350,400,2274300,2200000,74300,14,PRD_000052;PRD_000053;PRD_000054;PRD_000055;PRD_000056;PRD_000057;PRD_000058;PRD_000059;PRD_000060;PRD_000061;PRD_000062;PRD_000063;PRD_000064
COMP_STK_PRINT,PRICE_TYPE.01,SIZ_000059,MAT_000371,100,120,737800,732000,5800,1,PRD_000052;PRD_000053;PRD_000054;PRD_000055;PRD_000056;PRD_000057;PRD_000058;PRD_000059;PRD_000060;PRD_000061;PRD_000062;PRD_000063;PRD_000064
COMP_STK_PRINT,PRICE_TYPE.01,SIZ_000059,MAT_000371,125,140,847900,840000,7900,2,PRD_000052;PRD_000053;PRD_000054;PRD_000055;PRD_000056;PRD_000057;PRD_000058;PRD_000059;PRD_000060;PRD_000061;PRD_000062;PRD_000063;PRD_000064
COMP_STK_PRINT,PRICE_TYPE.01,SIZ_000059,MAT_000371,150,160,954000,928000,26000,5,PRD_000052;PRD_000053;PRD_000054;PRD_000055;PRD_000056;PRD_000057;PRD_000058;PRD_000059;PRD_000060;PRD_000061;PRD_000062;PRD_000063;PRD_000064
COMP_STK_PRINT,PRICE_TYPE.01,SIZ_000059,MAT_000371,200,250,1444200,1400000,44200,8,PRD_000052;PRD_000053;PRD_000054;PRD_000055;PRD_000056;PRD_000057;PRD_000058;PRD_000059;PRD_000060;PRD_000061;PRD_000062;PRD_000063;PRD_000064
COMP_STK_PRINT,PRICE_TYPE.01,SIZ_000059,MAT_000371,250,300,1674400,1620000,54400,10,PRD_000052;PRD_000053;PRD_000054;PRD_000055;PRD_000056;PRD_000057;PRD_000058;PRD_000059;PRD_000060;PRD_000061;PRD_000062;PRD_000063;PRD_000064
COMP_STK_PRINT,PRICE_TYPE.01,SIZ_000059,MAT_000371,300,350,1884600,1820000,64600,12,PRD_000052;PRD_000053;PRD_000054;PRD_000055;PRD_000056;PRD_000057;PRD_000058;PRD_000059;PRD_000060;PRD_000061;PRD_000062;PRD_000063;PRD_000064
COMP_STK_PRINT,PRICE_TYPE.01,SIZ_000059,MAT_000371,350,400,2074800,2000000,74800,15,PRD_000052;PRD_000053;PRD_000054;PRD_000055;PRD_000056;PRD_000057;PRD_000058;PRD_000059;PRD_000060;PRD_000061;PRD_000062;PRD_000063;PRD_000064
COMP_STK_PRINT,PRICE_TYPE.01,SIZ_000060,MAT_000371,70,75,466200,465000,1200,1,PRD_000052;PRD_000053;PRD_000054;PRD_000055;PRD_000056;PRD_000057;PRD_000058;PRD_000059;PRD_000060;PRD_000061;PRD_000062;PRD_000063;PRD_000064
COMP_STK_PRINT,PRICE_TYPE.01,SIZ_000060,MAT_000371,120,125,768800,750000,18800,4,PRD_000052;PRD_000053;PRD_000054;PRD_000055;PRD_000056;PRD_000057;PRD_000058;PRD_000059;PRD_000060;PRD_000061;PRD_000062;PRD_000063;PRD_000064
COMP_STK_PRINT,PRICE_TYPE.01,SIZ_000060,MAT_000371,150,160,954000,928000,26000,5,PRD_000052;PRD_000053;PRD_000054;PRD_000055;PRD_000056;PRD_000057;PRD_000058;PRD_000059;PRD_000060;PRD_000061;PRD_000062;PRD_000063;PRD_000064
COMP_STK_PRINT,PRICE_TYPE.01,SIZ_000060,MAT_000371,200,250,1444200,1400000,44200,8,PRD_000052;PRD_000053;PRD_000054;PRD_000055;PRD_000056;PRD_000057;PRD_000058;PRD_000059;PRD_000060;PRD_000061;PRD_000062;PRD_000063;PRD_000064
COMP_STK_PRINT,PRICE_TYPE.01,SIZ_000060,MAT_000371,250,300,1674400,1620000,54400,10,PRD_000052;PRD_000053;PRD_000054;PRD_000055;PRD_000056;PRD_000057;PRD_000058;PRD_000059;PRD_000060;PRD_000061;PRD_000062;PRD_000063;PRD_000064
COMP_STK_PRINT,PRICE_TYPE.01,SIZ_000060,MAT_000371,300,350,1884600,1820000,64600,12,PRD_000052;PRD_000053;PRD_000054;PRD_000055;PRD_000056;PRD_000057;PRD_000058;PRD_000059;PRD_000060;PRD_000061;PRD_000062;PRD_000063;PRD_000064
COMP_STK_PRINT,PRICE_TYPE.01,SIZ_000060,MAT_000371,350,400,2074800,2000000,74800,15,PRD_000052;PRD_000053;PRD_000054;PRD_000055;PRD_000056;PRD_000057;PRD_000058;PRD_000059;PRD_000060;PRD_000061;PRD_000062;PRD_000063;PRD_000064
COMP_STK_PRINT,PRICE_TYPE.01,SIZ_000172,MAT_000371,20,50,332710,332500,210,1,PRD_000052;PRD_000053;PRD_000054;PRD_000055;PRD_000056;PRD_000057;PRD_000058;PRD_000059;PRD_000060;PRD_000061;PRD_000062;PRD_000063;PRD_000064
COMP_STK_PRINT,PRICE_TYPE.01,SIZ_000172,MAT_000371,50,100,658350,630000,28350,5,PRD_000052;PRD_000053;PRD_000054;PRD_000055;PRD_000056;PRD_000057;PRD_000058;PRD_000059;PRD_000060;PRD_000061;PRD_000062;PRD_000063;PRD_000064
COMP_STK_PRINT,PRICE_TYPE.01,SIZ_000172,MAT_000371,100,200,1253700,1190000,63700,11,PRD_000052;PRD_000053;PRD_000054;PRD_000055;PRD_000056;PRD_000057;PRD_000058;PRD_000059;PRD_000060;PRD_000061;PRD_000062;PRD_000063;PRD_000064
COMP_STK_PRINT,PRICE_TYPE.01,SIZ_000172,MAT_000371,200,300,1779050,1680000,99050,17,PRD_000052;PRD_000053;PRD_000054;PRD_000055;PRD_000056;PRD_000057;PRD_000058;PRD_000059;PRD_000060;PRD_000061;PRD_000062;PRD_000063;PRD_000064
COMP_STK_PRINT,PRICE_TYPE.01,SIZ_000174,MAT_000371,20,50,665420,665000,420,1,PRD_000052;PRD_000053;PRD_000054;PRD_000055;PRD_000056;PRD_000057;PRD_000058;PRD_000059;PRD_000060;PRD_000061;PRD_000062;PRD_000063;PRD_000064
COMP_STK_PRINT,PRICE_TYPE.01,SIZ_000174,MAT_000371,50,100,1316700,1260000,56700,5,PRD_000052;PRD_000053;PRD_000054;PRD_000055;PRD_000056;PRD_000057;PRD_000058;PRD_000059;PRD_000060;PRD_000061;PRD_000062;PRD_000063;PRD_000064
COMP_STK_PRINT,PRICE_TYPE.01,SIZ_000174,MAT_000371,100,200,2507400,2380000,127400,11,PRD_000052;PRD_000053;PRD_000054;PRD_000055;PRD_000056;PRD_000057;PRD_000058;PRD_000059;PRD_000060;PRD_000061;PRD_000062;PRD_000063;PRD_000064
COMP_STK_PRINT,PRICE_TYPE.01,SIZ_000174,MAT_000371,200,300,3558100,3360000,198100,17,PRD_000052;PRD_000053;PRD_000054;PRD_000055;PRD_000056;PRD_000057;PRD_000058;PRD_000059;PRD_000060;PRD_000061;PRD_000062;PRD_000063;PRD_000064
COMP_STK_PRINT,PRICE_TYPE.01,SIZ_000197,MAT_000371,20,50,1330840,1330000,840,1,PRD_000052;PRD_000053;PRD_000054;PRD_000055;PRD_000056;PRD_000057;PRD_000058;PRD_000059;PRD_000060;PRD_000061;PRD_000062;PRD_000063;PRD_000064
COMP_STK_PRINT,PRICE_TYPE.01,SIZ_000197,MAT_000371,50,100,2633400,2520000,113400,5,PRD_000052;PRD_000053;PRD_000054;PRD_000055;PRD_000056;PRD_000057;PRD_000058;PRD_000059;PRD_000060;PRD_000061;PRD_000062;PRD_000063;PRD_000064
COMP_STK_PRINT,PRICE_TYPE.01,SIZ_000197,MAT_000371,100,200,5014800,4760000,254800,11,PRD_000052;PRD_000053;PRD_000054;PRD_000055;PRD_000056;PRD_000057;PRD_000058;PRD_000059;PRD_000060;PRD_000061;PRD_000062;PRD_000063;PRD_000064
COMP_STK_PRINT,PRICE_TYPE.01,SIZ_000197,MAT_000371,200,300,7116200,6720000,396200,17,PRD_000052;PRD_000053;PRD_000054;PRD_000055;PRD_000056;PRD_000057;PRD_000058;PRD_000059;PRD_000060;PRD_000061;PRD_000062;PRD_000063;PRD_000064
COMP_STK_PRINT,PRICE_TYPE.01,SIZ_000514,MAT_000371,20,50,998130,997500,630,1,PRD_000052;PRD_000053;PRD_000054;PRD_000055;PRD_000056;PRD_000057;PRD_000058;PRD_000059;PRD_000060;PRD_000061;PRD_000062;PRD_000063;PRD_000064
COMP_STK_PRINT,PRICE_TYPE.01,SIZ_000514,MAT_000371,50,100,1975050,1890000,85050,5,PRD_000052;PRD_000053;PRD_000054;PRD_000055;PRD_000056;PRD_000057;PRD_000058;PRD_000059;PRD_000060;PRD_000061;PRD_000062;PRD_000063;PRD_000064
COMP_STK_PRINT,PRICE_TYPE.01,SIZ_000514,MAT_000371,100,200,3761100,3570000,191100,11,PRD_000052;PRD_000053;PRD_000054;PRD_000055;PRD_000056;PRD_000057;PRD_000058;PRD_000059;PRD_000060;PRD_000061;PRD_000062;PRD_000063;PRD_000064
COMP_STK_PRINT,PRICE_TYPE.01,SIZ_000514,MAT_000371,200,300,5337150,5040000,297150,17,PRD_000052;PRD_000053;PRD_000054;PRD_000055;PRD_000056;PRD_000057;PRD_000058;PRD_000059;PRD_000060;PRD_000061;PRD_000062;PRD_000063;PRD_000064
COMP_STK_PRINT,PRICE_TYPE.01,SIZ_000515,MAT_000371,20,50,499065,498750,315,1,PRD_000052;PRD_000053;PRD_000054;PRD_000055;PRD_000056;PRD_000057;PRD_000058;PRD_000059;PRD_000060;PRD_000061;PRD_000062;PRD_000063;PRD_000064
COMP_STK_PRINT,PRICE_TYPE.01,SIZ_000515,MAT_000371,50,100,987525,945000,42525,5,PRD_000052;PRD_000053;PRD_000054;PRD_000055;PRD_000056;PRD_000057;PRD_000058;PRD_000059;PRD_000060;PRD_000061;PRD_000062;PRD_000063;PRD_000064
COMP_STK_PRINT,PRICE_TYPE.01,SIZ_000515,MAT_000371,100,200,1880550,1785000,95550,11,PRD_000052;PRD_000053;PRD_000054;PRD_000055;PRD_000056;PRD_000057;PRD_000058;PRD_000059;PRD_000060;PRD_000061;PRD_000062;PRD_000063;PRD_000064
COMP_STK_PRINT,PRICE_TYPE.01,SIZ_000515,MAT_000371,200,300,2668575,2520000,148575,17,PRD_000052;PRD_000053;PRD_000054;PRD_000055;PRD_000056;PRD_000057;PRD_000058;PRD_000059;PRD_000060;PRD_000061;PRD_000062;PRD_000063;PRD_000064
COMP_STK_PRINT,PRICE_TYPE.01,SIZ_000520,MAT_000372,75,80,450300,448000,2300,1,PRD_000052;PRD_000053;PRD_000054;PRD_000055;PRD_000056;PRD_000057;PRD_000058;PRD_000059;PRD_000060;PRD_000061;PRD_000062;PRD_000063;PRD_000064
COMP_STK_PRINT,PRICE_TYPE.01,SIZ_000520,MAT_000372,125,140,778400,770000,8400,2,PRD_000052;PRD_000053;PRD_000054;PRD_000055;PRD_000056;PRD_000057;PRD_000058;PRD_000059;PRD_000060;PRD_000061;PRD_000062;PRD_000063;PRD_000064
COMP_STK_PRINT,PRICE_TYPE.01,SIZ_000520,MAT_000372,175,180,984500,972000,12500,3,PRD_000052;PRD_000053;PRD_000054;PRD_000055;PRD_000056;PRD_000057;PRD_000058;PRD_000059;PRD_000060;PRD_000061;PRD_000062;PRD_000063;PRD_000064
COMP_STK_PRINT,PRICE_TYPE.01,SIZ_000520,MAT_000372,200,250,1344600,1300000,44600,9,PRD_000052;PRD_000053;PRD_000054;PRD_000055;PRD_000056;PRD_000057;PRD_000058;PRD_000059;PRD_000060;PRD_000061;PRD_000062;PRD_000063;PRD_000064
COMP_STK_PRINT,PRICE_TYPE.01,SIZ_000520,MAT_000372,250,300,1554800,1500000,54800,11,PRD_000052;PRD_000053;PRD_000054;PRD_000055;PRD_000056;PRD_000057;PRD_000058;PRD_000059;PRD_000060;PRD_000061;PRD_000062;PRD_000063;PRD_000064
COMP_STK_PRINT,PRICE_TYPE.01,SIZ_000520,MAT_000372,300,350,1745000,1680000,65000,13,PRD_000052;PRD_000053;PRD_000054;PRD_000055;PRD_000056;PRD_000057;PRD_000058;PRD_000059;PRD_000060;PRD_000061;PRD_000062;PRD_000063;PRD_000064
COMP_STK_PRINT,PRICE_TYPE.01,SIZ_000520,MAT_000372,350,400,1915200,1880000,35200,8,PRD_000052;PRD_000053;PRD_000054;PRD_000055;PRD_000056;PRD_000057;PRD_000058;PRD_000059;PRD_000060;PRD_000061;PRD_000062;PRD_000063;PRD_000064
COMP_STK_PRINT,PRICE_TYPE.01,SIZ_000520,MAT_000372,400,450,2110300,2070000,40300,9,PRD_000052;PRD_000053;PRD_000054;PRD_000055;PRD_000056;PRD_000057;PRD_000058;PRD_000059;PRD_000060;PRD_000061;PRD_000062;PRD_000063;PRD_000064
COMP_STK_PRINT,PRICE_TYPE.01,SIZ_000170,MAT_000372,100,120,737800,732000,5800,1,PRD_000052;PRD_000053;PRD_000054;PRD_000055;PRD_000056;PRD_000057;PRD_000058;PRD_000059;PRD_000060;PRD_000061;PRD_000062;PRD_000063;PRD_000064
COMP_STK_PRINT,PRICE_TYPE.01,SIZ_000170,MAT_000372,125,140,847900,840000,7900,2,PRD_000052;PRD_000053;PRD_000054;PRD_000055;PRD_000056;PRD_000057;PRD_000058;PRD_000059;PRD_000060;PRD_000061;PRD_000062;PRD_000063;PRD_000064
COMP_STK_PRINT,PRICE_TYPE.01,SIZ_000170,MAT_000372,150,160,954000,928000,26000,5,PRD_000052;PRD_000053;PRD_000054;PRD_000055;PRD_000056;PRD_000057;PRD_000058;PRD_000059;PRD_000060;PRD_000061;PRD_000062;PRD_000063;PRD_000064
COMP_STK_PRINT,PRICE_TYPE.01,SIZ_000170,MAT_000372,200,250,1444200,1400000,44200,8,PRD_000052;PRD_000053;PRD_000054;PRD_000055;PRD_000056;PRD_000057;PRD_000058;PRD_000059;PRD_000060;PRD_000061;PRD_000062;PRD_000063;PRD_000064
COMP_STK_PRINT,PRICE_TYPE.01,SIZ_000170,MAT_000372,250,300,1674400,1620000,54400,10,PRD_000052;PRD_000053;PRD_000054;PRD_000055;PRD_000056;PRD_000057;PRD_000058;PRD_000059;PRD_000060;PRD_000061;PRD_000062;PRD_000063;PRD_000064
COMP_STK_PRINT,PRICE_TYPE.01,SIZ_000170,MAT_000372,300,350,1884600,1820000,64600,12,PRD_000052;PRD_000053;PRD_000054;PRD_000055;PRD_000056;PRD_000057;PRD_000058;PRD_000059;PRD_000060;PRD_000061;PRD_000062;PRD_000063;PRD_000064
COMP_STK_PRINT,PRICE_TYPE.01,SIZ_000170,MAT_000372,350,400,2074800,2000000,74800,15,PRD_000052;PRD_000053;PRD_000054;PRD_000055;PRD_000056;PRD_000057;PRD_000058;PRD_000059;PRD_000060;PRD_000061;PRD_000062;PRD_000063;PRD_000064
COMP_STK_PRINT,PRICE_TYPE.01,SIZ_000518,MAT_000372,70,75,510600,502500,8100,2,PRD_000052;PRD_000053;PRD_000054;PRD_000055;PRD_000056;PRD_000057;PRD_000058;PRD_000059;PRD_000060;PRD_000061;PRD_000062;PRD_000063;PRD_000064
COMP_STK_PRINT,PRICE_TYPE.01,SIZ_000518,MAT_000372,160,175,1165800,1137500,28300,5,PRD_000052;PRD_000053;PRD_000054;PRD_000055;PRD_000056;PRD_000057;PRD_000058;PRD_000059;PRD_000060;PRD_000061;PRD_000062;PRD_000063;PRD_000064
COMP_STK_PRINT,PRICE_TYPE.01,SIZ_000518,MAT_000372,180,200,1293500,1260000,33500,6,PRD_000052;PRD_000053;PRD_000054;PRD_000055;PRD_000056;PRD_000057;PRD_000058;PRD_000059;PRD_000060;PRD_000061;PRD_000062;PRD_000063;PRD_000064
COMP_STK_PRINT,PRICE_TYPE.01,SIZ_000518,MAT_000372,200,250,1568700,1525000,43700,7,PRD_000052;PRD_000053;PRD_000054;PRD_000055;PRD_000056;PRD_000057;PRD_000058;PRD_000059;PRD_000060;PRD_000061;PRD_000062;PRD_000063;PRD_000064
COMP_STK_PRINT,PRICE_TYPE.01,SIZ_000518,MAT_000372,250,300,1823900,1770000,53900,9,PRD_000052;PRD_000053;PRD_000054;PRD_000055;PRD_000056;PRD_000057;PRD_000058;PRD_000059;PRD_000060;PRD_000061;PRD_000062;PRD_000063;PRD_000064
COMP_STK_PRINT,PRICE_TYPE.01,SIZ_000518,MAT_000372,300,350,2059100,1995000,64100,11,PRD_000052;PRD_000053;PRD_000054;PRD_000055;PRD_000056;PRD_000057;PRD_000058;PRD_000059;PRD_000060;PRD_000061;PRD_000062;PRD_000063;PRD_000064
COMP_STK_PRINT,PRICE_TYPE.01,SIZ_000518,MAT_000372,350,400,2274300,2200000,74300,14,PRD_000052;PRD_000053;PRD_000054;PRD_000055;PRD_000056;PRD_000057;PRD_000058;PRD_000059;PRD_000060;PRD_000061;PRD_000062;PRD_000063;PRD_000064
COMP_STK_PRINT,PRICE_TYPE.01,SIZ_000519,MAT_000372,80,90,614100,603000,11100,2,PRD_000052;PRD_000053;PRD_000054;PRD_000055;PRD_000056;PRD_000057;PRD_000058;PRD_000059;PRD_000060;PRD_000061;PRD_000062;PRD_000063;PRD_000064
COMP_STK_PRINT,PRICE_TYPE.01,SIZ_000519,MAT_000372,160,175,1165800,1137500,28300,5,PRD_000052;PRD_000053;PRD_000054;PRD_000055;PRD_000056;PRD_000057;PRD_000058;PRD_000059;PRD_000060;PRD_000061;PRD_000062;PRD_000063;PRD_000064
COMP_STK_PRINT,PRICE_TYPE.01,SIZ_000519,MAT_000372,180,200,1293500,1260000,33500,6,PRD_000052;PRD_000053;PRD_000054;PRD_000055;PRD_000056;PRD_000057;PRD_000058;PRD_000059;PRD_000060;PRD_000061;PRD_000062;PRD_000063;PRD_000064
COMP_STK_PRINT,PRICE_TYPE.01,SIZ_000519,MAT_000372,200,250,1568700,1525000,43700,7,PRD_000052;PRD_000053;PRD_000054;PRD_000055;PRD_000056;PRD_000057;PRD_000058;PRD_000059;PRD_000060;PRD_000061;PRD_000062;PRD_000063;PRD_000064
COMP_STK_PRINT,PRICE_TYPE.01,SIZ_000519,MAT_000372,250,300,1823900,1770000,53900,9,PRD_000052;PRD_000053;PRD_000054;PRD_000055;PRD_000056;PRD_000057;PRD_000058;PRD_000059;PRD_000060;PRD_000061;PRD_000062;PRD_000063;PRD_000064
COMP_STK_PRINT,PRICE_TYPE.01,SIZ_000519,MAT_000372,300,350,2059100,1995000,64100,11,PRD_000052;PRD_000053;PRD_000054;PRD_000055;PRD_000056;PRD_000057;PRD_000058;PRD_000059;PRD_000060;PRD_000061;PRD_000062;PRD_000063;PRD_000064
COMP_STK_PRINT,PRICE_TYPE.01,SIZ_000519,MAT_000372,350,400,2274300,2200000,74300,14,PRD_000052;PRD_000053;PRD_000054;PRD_000055;PRD_000056;PRD_000057;PRD_000058;PRD_000059;PRD_000060;PRD_000061;PRD_000062;PRD_000063;PRD_000064
COMP_STK_PRINT,PRICE_TYPE.01,SIZ_000059,MAT_000372,100,120,737800,732000,5800,1,PRD_000052;PRD_000053;PRD_000054;PRD_000055;PRD_000056;PRD_000057;PRD_000058;PRD_000059;PRD_000060;PRD_000061;PRD_000062;PRD_000063;PRD_000064
COMP_STK_PRINT,PRICE_TYPE.01,SIZ_000059,MAT_000372,125,140,847900,840000,7900,2,PRD_000052;PRD_000053;PRD_000054;PRD_000055;PRD_000056;PRD_000057;PRD_000058;PRD_000059;PRD_000060;PRD_000061;PRD_000062;PRD_000063;PRD_000064
COMP_STK_PRINT,PRICE_TYPE.01,SIZ_000059,MAT_000372,150,160,954000,928000,26000,5,PRD_000052;PRD_000053;PRD_000054;PRD_000055;PRD_000056;PRD_000057;PRD_000058;PRD_000059;PRD_000060;PRD_000061;PRD_000062;PRD_000063;PRD_000064
COMP_STK_PRINT,PRICE_TYPE.01,SIZ_000059,MAT_000372,200,250,1444200,1400000,44200,8,PRD_000052;PRD_000053;PRD_000054;PRD_000055;PRD_000056;PRD_000057;PRD_000058;PRD_000059;PRD_000060;PRD_000061;PRD_000062;PRD_000063;PRD_000064
COMP_STK_PRINT,PRICE_TYPE.01,SIZ_000059,MAT_000372,250,300,1674400,1620000,54400,10,PRD_000052;PRD_000053;PRD_000054;PRD_000055;PRD_000056;PRD_000057;PRD_000058;PRD_000059;PRD_000060;PRD_000061;PRD_000062;PRD_000063;PRD_000064
COMP_STK_PRINT,PRICE_TYPE.01,SIZ_000059,MAT_000372,300,350,1884600,1820000,64600,12,PRD_000052;PRD_000053;PRD_000054;PRD_000055;PRD_000056;PRD_000057;PRD_000058;PRD_000059;PRD_000060;PRD_000061;PRD_000062;PRD_000063;PRD_000064
COMP_STK_PRINT,PRICE_TYPE.01,SIZ_000059,MAT_000372,350,400,2074800,2000000,74800,15,PRD_000052;PRD_000053;PRD_000054;PRD_000055;PRD_000056;PRD_000057;PRD_000058;PRD_000059;PRD_000060;PRD_000061;PRD_000062;PRD_000063;PRD_000064
COMP_STK_PRINT,PRICE_TYPE.01,SIZ_000060,MAT_000372,70,75,466200,465000,1200,1,PRD_000052;PRD_000053;PRD_000054;PRD_000055;PRD_000056;PRD_000057;PRD_000058;PRD_000059;PRD_000060;PRD_000061;PRD_000062;PRD_000063;PRD_000064
COMP_STK_PRINT,PRICE_TYPE.01,SIZ_000060,MAT_000372,120,125,768800,750000,18800,4,PRD_000052;PRD_000053;PRD_000054;PRD_000055;PRD_000056;PRD_000057;PRD_000058;PRD_000059;PRD_000060;PRD_000061;PRD_000062;PRD_000063;PRD_000064
COMP_STK_PRINT,PRICE_TYPE.01,SIZ_000060,MAT_000372,150,160,954000,928000,26000,5,PRD_000052;PRD_000053;PRD_000054;PRD_000055;PRD_000056;PRD_000057;PRD_000058;PRD_000059;PRD_000060;PRD_000061;PRD_000062;PRD_000063;PRD_000064
COMP_STK_PRINT,PRICE_TYPE.01,SIZ_000060,MAT_000372,200,250,1444200,1400000,44200,8,PRD_000052;PRD_000053;PRD_000054;PRD_000055;PRD_000056;PRD_000057;PRD_000058;PRD_000059;PRD_000060;PRD_000061;PRD_000062;PRD_000063;PRD_000064
COMP_STK_PRINT,PRICE_TYPE.01,SIZ_000060,MAT_000372,250,300,1674400,1620000,54400,10,PRD_000052;PRD_000053;PRD_000054;PRD_000055;PRD_000056;PRD_000057;PRD_000058;PRD_000059;PRD_000060;PRD_000061;PRD_000062;PRD_000063;PRD_000064
COMP_STK_PRINT,PRICE_TYPE.01,SIZ_000060,MAT_000372,300,350,1884600,1820000,64600,12,PRD_000052;PRD_000053;PRD_000054;PRD_000055;PRD_000056;PRD_000057;PRD_000058;PRD_000059;PRD_000060;PRD_000061;PRD_000062;PRD_000063;PRD_000064
COMP_STK_PRINT,PRICE_TYPE.01,SIZ_000060,MAT_000372,350,400,2074800,2000000,74800,15,PRD_000052;PRD_000053;PRD_000054;PRD_000055;PRD_000056;PRD_000057;PRD_000058;PRD_000059;PRD_000060;PRD_000061;PRD_000062;PRD_000063;PRD_000064
COMP_STK_PRINT,PRICE_TYPE.01,SIZ_000172,MAT_000372,20,50,332710,332500,210,1,PRD_000052;PRD_000053;PRD_000054;PRD_000055;PRD_000056;PRD_000057;PRD_000058;PRD_000059;PRD_000060;PRD_000061;PRD_000062;PRD_000063;PRD_000064
COMP_STK_PRINT,PRICE_TYPE.01,SIZ_000172,MAT_000372,50,100,658350,630000,28350,5,PRD_000052;PRD_000053;PRD_000054;PRD_000055;PRD_000056;PRD_000057;PRD_000058;PRD_000059;PRD_000060;PRD_000061;PRD_000062;PRD_000063;PRD_000064
COMP_STK_PRINT,PRICE_TYPE.01,SIZ_000172,MAT_000372,100,200,1253700,1190000,63700,11,PRD_000052;PRD_000053;PRD_000054;PRD_000055;PRD_000056;PRD_000057;PRD_000058;PRD_000059;PRD_000060;PRD_000061;PRD_000062;PRD_000063;PRD_000064
COMP_STK_PRINT,PRICE_TYPE.01,SIZ_000172,MAT_000372,200,300,1779050,1680000,99050,17,PRD_000052;PRD_000053;PRD_000054;PRD_000055;PRD_000056;PRD_000057;PRD_000058;PRD_000059;PRD_000060;PRD_000061;PRD_000062;PRD_000063;PRD_000064
COMP_STK_PRINT,PRICE_TYPE.01,SIZ_000174,MAT_000372,20,50,665420,665000,420,1,PRD_000052;PRD_000053;PRD_000054;PRD_000055;PRD_000056;PRD_000057;PRD_000058;PRD_000059;PRD_000060;PRD_000061;PRD_000062;PRD_000063;PRD_000064
COMP_STK_PRINT,PRICE_TYPE.01,SIZ_000174,MAT_000372,50,100,1316700,1260000,56700,5,PRD_000052;PRD_000053;PRD_000054;PRD_000055;PRD_000056;PRD_000057;PRD_000058;PRD_000059;PRD_000060;PRD_000061;PRD_000062;PRD_000063;PRD_000064
COMP_STK_PRINT,PRICE_TYPE.01,SIZ_000174,MAT_000372,100,200,2507400,2380000,127400,11,PRD_000052;PRD_000053;PRD_000054;PRD_000055;PRD_000056;PRD_000057;PRD_000058;PRD_000059;PRD_000060;PRD_000061;PRD_000062;PRD_000063;PRD_000064
COMP_STK_PRINT,PRICE_TYPE.01,SIZ_000174,MAT_000372,200,300,3558100,3360000,198100,17,PRD_000052;PRD_000053;PRD_000054;PRD_000055;PRD_000056;PRD_000057;PRD_000058;PRD_000059;PRD_000060;PRD_000061;PRD_000062;PRD_000063;PRD_000064
COMP_STK_PRINT,PRICE_TYPE.01,SIZ_000197,MAT_000372,20,50,1330840,1330000,840,1,PRD_000052;PRD_000053;PRD_000054;PRD_000055;PRD_000056;PRD_000057;PRD_000058;PRD_000059;PRD_000060;PRD_000061;PRD_000062;PRD_000063;PRD_000064
COMP_STK_PRINT,PRICE_TYPE.01,SIZ_000197,MAT_000372,50,100,2633400,2520000,113400,5,PRD_000052;PRD_000053;PRD_000054;PRD_000055;PRD_000056;PRD_000057;PRD_000058;PRD_000059;PRD_000060;PRD_000061;PRD_000062;PRD_000063;PRD_000064
COMP_STK_PRINT,PRICE_TYPE.01,SIZ_000197,MAT_000372,100,200,5014800,4760000,254800,11,PRD_000052;PRD_000053;PRD_000054;PRD_000055;PRD_000056;PRD_000057;PRD_000058;PRD_000059;PRD_000060;PRD_000061;PRD_000062;PRD_000063;PRD_000064
COMP_STK_PRINT,PRICE_TYPE.01,SIZ_000197,MAT_000372,200,300,7116200,6720000,396200,17,PRD_000052;PRD_000053;PRD_000054;PRD_000055;PRD_000056;PRD_000057;PRD_000058;PRD_000059;PRD_000060;PRD_000061;PRD_000062;PRD_000063;PRD_000064
COMP_STK_PRINT,PRICE_TYPE.01,SIZ_000514,MAT_000372,20,50,998130,997500,630,1,PRD_000052;PRD_000053;PRD_000054;PRD_000055;PRD_000056;PRD_000057;PRD_000058;PRD_000059;PRD_000060;PRD_000061;PRD_000062;PRD_000063;PRD_000064
COMP_STK_PRINT,PRICE_TYPE.01,SIZ_000514,MAT_000372,50,100,1975050,1890000,85050,5,PRD_000052;PRD_000053;PRD_000054;PRD_000055;PRD_000056;PRD_000057;PRD_000058;PRD_000059;PRD_000060;PRD_000061;PRD_000062;PRD_000063;PRD_000064
COMP_STK_PRINT,PRICE_TYPE.01,SIZ_000514,MAT_000372,100,200,3761100,3570000,191100,11,PRD_000052;PRD_000053;PRD_000054;PRD_000055;PRD_000056;PRD_000057;PRD_000058;PRD_000059;PRD_000060;PRD_000061;PRD_000062;PRD_000063;PRD_000064
COMP_STK_PRINT,PRICE_TYPE.01,SIZ_000514,MAT_000372,200,300,5337150,5040000,297150,17,PRD_000052;PRD_000053;PRD_000054;PRD_000055;PRD_000056;PRD_000057;PRD_000058;PRD_000059;PRD_000060;PRD_000061;PRD_000062;PRD_000063;PRD_000064
COMP_STK_PRINT,PRICE_TYPE.01,SIZ_000515,MAT_000372,20,50,499065,498750,315,1,PRD_000052;PRD_000053;PRD_000054;PRD_000055;PRD_000056;PRD_000057;PRD_000058;PRD_000059;PRD_000060;PRD_000061;PRD_000062;PRD_000063;PRD_000064
COMP_STK_PRINT,PRICE_TYPE.01,SIZ_000515,MAT_000372,50,100,987525,945000,42525,5,PRD_000052;PRD_000053;PRD_000054;PRD_000055;PRD_000056;PRD_000057;PRD_000058;PRD_000059;PRD_000060;PRD_000061;PRD_000062;PRD_000063;PRD_000064
COMP_STK_PRINT,PRICE_TYPE.01,SIZ_000515,MAT_000372,100,200,1880550,1785000,95550,11,PRD_000052;PRD_000053;PRD_000054;PRD_000055;PRD_000056;PRD_000057;PRD_000058;PRD_000059;PRD_000060;PRD_000061;PRD_000062;PRD_000063;PRD_000064
COMP_STK_PRINT,PRICE_TYPE.01,SIZ_000515,MAT_000372,200,300,2668575,2520000,148575,17,PRD_000052;PRD_000053;PRD_000054;PRD_000055;PRD_000056;PRD_000057;PRD_000058;PRD_000059;PRD_000060;PRD_000061;PRD_000062;PRD_000063;PRD_000064
COMP_STK_PRINT,PRICE_TYPE.01,SIZ_000170,MAT_000611,50,60,312700,312000,700,1,PRD_000052;PRD_000053;PRD_000054;PRD_000055;PRD_000056;PRD_000057;PRD_000058;PRD_000059;PRD_000060;PRD_000061;PRD_000062;PRD_000063;PRD_000064
COMP_STK_PRINT,PRICE_TYPE.01,SIZ_000170,MAT_000611,100,120,618800,612000,6800,2,PRD_000052;PRD_000053;PRD_000054;PRD_000055;PRD_000056;PRD_000057;PRD_000058;PRD_000059;PRD_000060;PRD_000061;PRD_000062;PRD_000063;PRD_000064
COMP_STK_PRINT,PRICE_TYPE.01,SIZ_000170,MAT_000611,125,140,708900,700000,8900,2,PRD_000052;PRD_000053;PRD_000054;PRD_000055;PRD_000056;PRD_000057;PRD_000058;PRD_000059;PRD_000060;PRD_000061;PRD_000062;PRD_000063;PRD_000064
COMP_STK_PRINT,PRICE_TYPE.01,SIZ_000170,MAT_000611,150,160,795000,768000,27000,6,PRD_000052;PRD_000053;PRD_000054;PRD_000055;PRD_000056;PRD_000057;PRD_000058;PRD_000059;PRD_000060;PRD_000061;PRD_000062;PRD_000063;PRD_000064
COMP_STK_PRINT,PRICE_TYPE.01,SIZ_000170,MAT_000611,200,250,1195200,1150000,45200,10,PRD_000052;PRD_000053;PRD_000054;PRD_000055;PRD_000056;PRD_000057;PRD_000058;PRD_000059;PRD_000060;PRD_000061;PRD_000062;PRD_000063;PRD_000064
COMP_STK_PRINT,PRICE_TYPE.01,SIZ_000170,MAT_000611,250,300,1375400,1320000,55400,13,PRD_000052;PRD_000053;PRD_000054;PRD_000055;PRD_000056;PRD_000057;PRD_000058;PRD_000059;PRD_000060;PRD_000061;PRD_000062;PRD_000063;PRD_000064
COMP_STK_PRINT,PRICE_TYPE.01,SIZ_000170,MAT_000611,300,350,1535600,1470000,65600,15,PRD_000052;PRD_000053;PRD_000054;PRD_000055;PRD_000056;PRD_000057;PRD_000058;PRD_000059;PRD_000060;PRD_000061;PRD_000062;PRD_000063;PRD_000064
COMP_STK_PRINT,PRICE_TYPE.01,SIZ_000170,MAT_000611,350,400,1675800,1600000,75800,19,PRD_000052;PRD_000053;PRD_000054;PRD_000055;PRD_000056;PRD_000057;PRD_000058;PRD_000059;PRD_000060;PRD_000061;PRD_000062;PRD_000063;PRD_000064
COMP_STK_PRINT,PRICE_TYPE.01,SIZ_000059,MAT_000611,50,60,312700,312000,700,1,PRD_000052;PRD_000053;PRD_000054;PRD_000055;PRD_000056;PRD_000057;PRD_000058;PRD_000059;PRD_000060;PRD_000061;PRD_000062;PRD_000063;PRD_000064
COMP_STK_PRINT,PRICE_TYPE.01,SIZ_000059,MAT_000611,100,120,618800,612000,6800,2,PRD_000052;PRD_000053;PRD_000054;PRD_000055;PRD_000056;PRD_000057;PRD_000058;PRD_000059;PRD_000060;PRD_000061;PRD_000062;PRD_000063;PRD_000064
COMP_STK_PRINT,PRICE_TYPE.01,SIZ_000059,MAT_000611,125,140,708900,700000,8900,2,PRD_000052;PRD_000053;PRD_000054;PRD_000055;PRD_000056;PRD_000057;PRD_000058;PRD_000059;PRD_000060;PRD_000061;PRD_000062;PRD_000063;PRD_000064
COMP_STK_PRINT,PRICE_TYPE.01,SIZ_000059,MAT_000611,150,160,795000,768000,27000,6,PRD_000052;PRD_000053;PRD_000054;PRD_000055;PRD_000056;PRD_000057;PRD_000058;PRD_000059;PRD_000060;PRD_000061;PRD_000062;PRD_000063;PRD_000064
COMP_STK_PRINT,PRICE_TYPE.01,SIZ_000059,MAT_000611,200,250,1195200,1150000,45200,10,PRD_000052;PRD_000053;PRD_000054;PRD_000055;PRD_000056;PRD_000057;PRD_000058;PRD_000059;PRD_000060;PRD_000061;PRD_000062;PRD_000063;PRD_000064
COMP_STK_PRINT,PRICE_TYPE.01,SIZ_000059,MAT_000611,250,300,1375400,1320000,55400,13,PRD_000052;PRD_000053;PRD_000054;PRD_000055;PRD_000056;PRD_000057;PRD_000058;PRD_000059;PRD_000060;PRD_000061;PRD_000062;PRD_000063;PRD_000064
COMP_STK_PRINT,PRICE_TYPE.01,SIZ_000059,MAT_000611,300,350,1535600,1470000,65600,15,PRD_000052;PRD_000053;PRD_000054;PRD_000055;PRD_000056;PRD_000057;PRD_000058;PRD_000059;PRD_000060;PRD_000061;PRD_000062;PRD_000063;PRD_000064
COMP_STK_PRINT,PRICE_TYPE.01,SIZ_000059,MAT_000611,350,400,1675800,1600000,75800,19,PRD_000052;PRD_000053;PRD_000054;PRD_000055;PRD_000056;PRD_000057;PRD_000058;PRD_000059;PRD_000060;PRD_000061;PRD_000062;PRD_000063;PRD_000064
COMP_STK_PRINT,PRICE_TYPE.01,SIZ_000060,MAT_000611,70,75,392200,390000,2200,1,PRD_000052;PRD_000053;PRD_000054;PRD_000055;PRD_000056;PRD_000057;PRD_000058;PRD_000059;PRD_000060;PRD_000061;PRD_000062;PRD_000063;PRD_000064
COMP_STK_PRINT,PRICE_TYPE.01,SIZ_000060,MAT_000611,120,125,644800,625000,19800,4,PRD_000052;PRD_000053;PRD_000054;PRD_000055;PRD_000056;PRD_000057;PRD_000058;PRD_000059;PRD_000060;PRD_000061;PRD_000062;PRD_000063;PRD_000064
COMP_STK_PRINT,PRICE_TYPE.01,SIZ_000060,MAT_000611,150,160,795000,768000,27000,6,PRD_000052;PRD_000053;PRD_000054;PRD_000055;PRD_000056;PRD_000057;PRD_000058;PRD_000059;PRD_000060;PRD_000061;PRD_000062;PRD_000063;PRD_000064
COMP_STK_PRINT,PRICE_TYPE.01,SIZ_000060,MAT_000611,200,250,1195200,1150000,45200,10,PRD_000052;PRD_000053;PRD_000054;PRD_000055;PRD_000056;PRD_000057;PRD_000058;PRD_000059;PRD_000060;PRD_000061;PRD_000062;PRD_000063;PRD_000064
COMP_STK_PRINT,PRICE_TYPE.01,SIZ_000060,MAT_000611,250,300,1375400,1320000,55400,13,PRD_000052;PRD_000053;PRD_000054;PRD_000055;PRD_000056;PRD_000057;PRD_000058;PRD_000059;PRD_000060;PRD_000061;PRD_000062;PRD_000063;PRD_000064
COMP_STK_PRINT,PRICE_TYPE.01,SIZ_000060,MAT_000611,300,350,1535600,1470000,65600,15,PRD_000052;PRD_000053;PRD_000054;PRD_000055;PRD_000056;PRD_000057;PRD_000058;PRD_000059;PRD_000060;PRD_000061;PRD_000062;PRD_000063;PRD_000064
COMP_STK_PRINT,PRICE_TYPE.01,SIZ_000060,MAT_000611,350,400,1675800,1600000,75800,19,PRD_000052;PRD_000053;PRD_000054;PRD_000055;PRD_000056;PRD_000057;PRD_000058;PRD_000059;PRD_000060;PRD_000061;PRD_000062;PRD_000063;PRD_000064
COMP_STK_PRINT,PRICE_TYPE.01,SIZ_000172,MAT_000611,20,50,190120,190000,120,1,PRD_000052;PRD_000053;PRD_000054;PRD_000055;PRD_000056;PRD_000057;PRD_000058;PRD_000059;PRD_000060;PRD_000061;PRD_000062;PRD_000063;PRD_000064
COMP_STK_PRINT,PRICE_TYPE.01,SIZ_000172,MAT_000611,50,100,376200,360000,16200,5,PRD_000052;PRD_000053;PRD_000054;PRD_000055;PRD_000056;PRD_000057;PRD_000058;PRD_000059;PRD_000060;PRD_000061;PRD_000062;PRD_000063;PRD_000064
COMP_STK_PRINT,PRICE_TYPE.01,SIZ_000172,MAT_000611,100,200,716400,680000,36400,11,PRD_000052;PRD_000053;PRD_000054;PRD_000055;PRD_000056;PRD_000057;PRD_000058;PRD_000059;PRD_000060;PRD_000061;PRD_000062;PRD_000063;PRD_000064
COMP_STK_PRINT,PRICE_TYPE.01,SIZ_000172,MAT_000611,200,300,1016600,960000,56600,17,PRD_000052;PRD_000053;PRD_000054;PRD_000055;PRD_000056;PRD_000057;PRD_000058;PRD_000059;PRD_000060;PRD_000061;PRD_000062;PRD_000063;PRD_000064
COMP_STK_PRINT,PRICE_TYPE.01,SIZ_000174,MAT_000611,20,50,380240,380000,240,1,PRD_000052;PRD_000053;PRD_000054;PRD_000055;PRD_000056;PRD_000057;PRD_000058;PRD_000059;PRD_000060;PRD_000061;PRD_000062;PRD_000063;PRD_000064
COMP_STK_PRINT,PRICE_TYPE.01,SIZ_000174,MAT_000611,50,100,752400,720000,32400,5,PRD_000052;PRD_000053;PRD_000054;PRD_000055;PRD_000056;PRD_000057;PRD_000058;PRD_000059;PRD_000060;PRD_000061;PRD_000062;PRD_000063;PRD_000064
COMP_STK_PRINT,PRICE_TYPE.01,SIZ_000174,MAT_000611,100,200,1432800,1360000,72800,11,PRD_000052;PRD_000053;PRD_000054;PRD_000055;PRD_000056;PRD_000057;PRD_000058;PRD_000059;PRD_000060;PRD_000061;PRD_000062;PRD_000063;PRD_000064
COMP_STK_PRINT,PRICE_TYPE.01,SIZ_000174,MAT_000611,200,300,2033200,1920000,113200,17,PRD_000052;PRD_000053;PRD_000054;PRD_000055;PRD_000056;PRD_000057;PRD_000058;PRD_000059;PRD_000060;PRD_000061;PRD_000062;PRD_000063;PRD_000064
COMP_STK_PRINT,PRICE_TYPE.01,SIZ_000197,MAT_000611,20,50,760480,760000,480,1,PRD_000052;PRD_000053;PRD_000054;PRD_000055;PRD_000056;PRD_000057;PRD_000058;PRD_000059;PRD_000060;PRD_000061;PRD_000062;PRD_000063;PRD_000064
COMP_STK_PRINT,PRICE_TYPE.01,SIZ_000197,MAT_000611,50,100,1504800,1440000,64800,5,PRD_000052;PRD_000053;PRD_000054;PRD_000055;PRD_000056;PRD_000057;PRD_000058;PRD_000059;PRD_000060;PRD_000061;PRD_000062;PRD_000063;PRD_000064
COMP_STK_PRINT,PRICE_TYPE.01,SIZ_000197,MAT_000611,100,200,2865600,2720000,145600,11,PRD_000052;PRD_000053;PRD_000054;PRD_000055;PRD_000056;PRD_000057;PRD_000058;PRD_000059;PRD_000060;PRD_000061;PRD_000062;PRD_000063;PRD_000064
COMP_STK_PRINT,PRICE_TYPE.01,SIZ_000197,MAT_000611,200,300,4066400,3840000,226400,17,PRD_000052;PRD_000053;PRD_000054;PRD_000055;PRD_000056;PRD_000057;PRD_000058;PRD_000059;PRD_000060;PRD_000061;PRD_000062;PRD_000063;PRD_000064
COMP_STK_PRINT,PRICE_TYPE.01,SIZ_000199,MAT_000611,20,50,760480,760000,480,1,PRD_000052;PRD_000053;PRD_000054;PRD_000055;PRD_000056;PRD_000057;PRD_000058;PRD_000059;PRD_000060;PRD_000061;PRD_000062;PRD_000063;PRD_000064
COMP_STK_PRINT,PRICE_TYPE.01,SIZ_000199,MAT_000611,50,100,1504800,1440000,64800,5,PRD_000052;PRD_000053;PRD_000054;PRD_000055;PRD_000056;PRD_000057;PRD_000058;PRD_000059;PRD_000060;PRD_000061;PRD_000062;PRD_000063;PRD_000064
COMP_STK_PRINT,PRICE_TYPE.01,SIZ_000199,MAT_000611,100,200,2865600,2720000,145600,11,PRD_000052;PRD_000053;PRD_000054;PRD_000055;PRD_000056;PRD_000057;PRD_000058;PRD_000059;PRD_000060;PRD_000061;PRD_000062;PRD_000063;PRD_000064
COMP_STK_PRINT,PRICE_TYPE.01,SIZ_000199,MAT_000611,200,300,4066400,3840000,226400,17,PRD_000052;PRD_000053;PRD_000054;PRD_000055;PRD_000056;PRD_000057;PRD_000058;PRD_000059;PRD_000060;PRD_000061;PRD_000062;PRD_000063;PRD_000064
COMP_STK_PRINT,PRICE_TYPE.01,SIZ_000520,MAT_000611,75,80,371300,368000,3300,1,PRD_000052;PRD_000053;PRD_000054;PRD_000055;PRD_000056;PRD_000057;PRD_000058;PRD_000059;PRD_000060;PRD_000061;PRD_000062;PRD_000063;PRD_000064
COMP_STK_PRINT,PRICE_TYPE.01,SIZ_000520,MAT_000611,125,140,639400,630000,9400,3,PRD_000052;PRD_000053;PRD_000054;PRD_000055;PRD_000056;PRD_000057;PRD_000058;PRD_000059;PRD_000060;PRD_000061;PRD_000062;PRD_000063;PRD_000064
COMP_STK_PRINT,PRICE_TYPE.01,SIZ_000520,MAT_000611,175,180,805500,792000,13500,3,PRD_000052;PRD_000053;PRD_000054;PRD_000055;PRD_000056;PRD_000057;PRD_000058;PRD_000059;PRD_000060;PRD_000061;PRD_000062;PRD_000063;PRD_000064
COMP_STK_PRINT,PRICE_TYPE.01,SIZ_000520,MAT_000611,200,250,1095600,1050000,45600,11,PRD_000052;PRD_000053;PRD_000054;PRD_000055;PRD_000056;PRD_000057;PRD_000058;PRD_000059;PRD_000060;PRD_000061;PRD_000062;PRD_000063;PRD_000064
COMP_STK_PRINT,PRICE_TYPE.01,SIZ_000520,MAT_000611,250,300,1255800,1200000,55800,14,PRD_000052;PRD_000053;PRD_000054;PRD_000055;PRD_000056;PRD_000057;PRD_000058;PRD_000059;PRD_000060;PRD_000061;PRD_000062;PRD_000063;PRD_000064
COMP_STK_PRINT,PRICE_TYPE.01,SIZ_000520,MAT_000611,300,350,1396000,1330000,66000,17,PRD_000052;PRD_000053;PRD_000054;PRD_000055;PRD_000056;PRD_000057;PRD_000058;PRD_000059;PRD_000060;PRD_000061;PRD_000062;PRD_000063;PRD_000064
COMP_STK_PRINT,PRICE_TYPE.01,SIZ_000520,MAT_000611,350,400,1516200,1480000,36200,10,PRD_000052;PRD_000053;PRD_000054;PRD_000055;PRD_000056;PRD_000057;PRD_000058;PRD_000059;PRD_000060;PRD_000061;PRD_000062;PRD_000063;PRD_000064
COMP_STK_PRINT,PRICE_TYPE.01,SIZ_000520,MAT_000611,400,450,1661300,1620000,41300,12,PRD_000052;PRD_000053;PRD_000054;PRD_000055;PRD_000056;PRD_000057;PRD_000058;PRD_000059;PRD_000060;PRD_000061;PRD_000062;PRD_000063;PRD_000064
COMP_STK_PRINT,PRICE_TYPE.01,SIZ_000036,MAT_000611,50,60,312700,312000,700,1,PRD_000052;PRD_000053;PRD_000054;PRD_000055;PRD_000056;PRD_000057;PRD_000058;PRD_000059;PRD_000060;PRD_000061;PRD_000062;PRD_000063;PRD_000064
COMP_STK_PRINT,PRICE_TYPE.01,SIZ_000036,MAT_000611,100,120,618800,612000,6800,2,PRD_000052;PRD_000053;PRD_000054;PRD_000055;PRD_000056;PRD_000057;PRD_000058;PRD_000059;PRD_000060;PRD_000061;PRD_000062;PRD_000063;PRD_000064
COMP_STK_PRINT,PRICE_TYPE.01,SIZ_000036,MAT_000611,125,140,708900,700000,8900,2,PRD_000052;PRD_000053;PRD_000054;PRD_000055;PRD_000056;PRD_000057;PRD_000058;PRD_000059;PRD_000060;PRD_000061;PRD_000062;PRD_000063;PRD_000064
COMP_STK_PRINT,PRICE_TYPE.01,SIZ_000036,MAT_000611,150,160,795000,768000,27000,6,PRD_000052;PRD_000053;PRD_000054;PRD_000055;PRD_000056;PRD_000057;PRD_000058;PRD_000059;PRD_000060;PRD_000061;PRD_000062;PRD_000063;PRD_000064
COMP_STK_PRINT,PRICE_TYPE.01,SIZ_000036,MAT_000611,200,250,1195200,1150000,45200,10,PRD_000052;PRD_000053;PRD_000054;PRD_000055;PRD_000056;PRD_000057;PRD_000058;PRD_000059;PRD_000060;PRD_000061;PRD_000062;PRD_000063;PRD_000064
COMP_STK_PRINT,PRICE_TYPE.01,SIZ_000036,MAT_000611,250,300,1375400,1320000,55400,13,PRD_000052;PRD_000053;PRD_000054;PRD_000055;PRD_000056;PRD_000057;PRD_000058;PRD_000059;PRD_000060;PRD_000061;PRD_000062;PRD_000063;PRD_000064
COMP_STK_PRINT,PRICE_TYPE.01,SIZ_000036,MAT_000611,300,350,1535600,1470000,65600,15,PRD_000052;PRD_000053;PRD_000054;PRD_000055;PRD_000056;PRD_000057;PRD_000058;PRD_000059;PRD_000060;PRD_000061;PRD_000062;PRD_000063;PRD_000064
COMP_STK_PRINT,PRICE_TYPE.01,SIZ_000036,MAT_000611,350,400,1675800,1600000,75800,19,PRD_000052;PRD_000053;PRD_000054;PRD_000055;PRD_000056;PRD_000057;PRD_000058;PRD_000059;PRD_000060;PRD_000061;PRD_000062;PRD_000063;PRD_000064
COMP_STK_PRINT,PRICE_TYPE.01,SIZ_000518,MAT_000611,70,75,436600,427500,9100,2,PRD_000052;PRD_000053;PRD_000054;PRD_000055;PRD_000056;PRD_000057;PRD_000058;PRD_000059;PRD_000060;PRD_000061;PRD_000062;PRD_000063;PRD_000064
COMP_STK_PRINT,PRICE_TYPE.01,SIZ_000518,MAT_000611,160,175,991800,962500,29300,6,PRD_000052;PRD_000053;PRD_000054;PRD_000055;PRD_000056;PRD_000057;PRD_000058;PRD_000059;PRD_000060;PRD_000061;PRD_000062;PRD_000063;PRD_000064
COMP_STK_PRINT,PRICE_TYPE.01,SIZ_000518,MAT_000611,180,200,1094500,1060000,34500,7,PRD_000052;PRD_000053;PRD_000054;PRD_000055;PRD_000056;PRD_000057;PRD_000058;PRD_000059;PRD_000060;PRD_000061;PRD_000062;PRD_000063;PRD_000064
COMP_STK_PRINT,PRICE_TYPE.01,SIZ_000518,MAT_000611,200,250,1319700,1275000,44700,9,PRD_000052;PRD_000053;PRD_000054;PRD_000055;PRD_000056;PRD_000057;PRD_000058;PRD_000059;PRD_000060;PRD_000061;PRD_000062;PRD_000063;PRD_000064
COMP_STK_PRINT,PRICE_TYPE.01,SIZ_000518,MAT_000611,250,300,1524900,1470000,54900,11,PRD_000052;PRD_000053;PRD_000054;PRD_000055;PRD_000056;PRD_000057;PRD_000058;PRD_000059;PRD_000060;PRD_000061;PRD_000062;PRD_000063;PRD_000064
COMP_STK_PRINT,PRICE_TYPE.01,SIZ_000518,MAT_000611,300,350,1710100,1645000,65100,14,PRD_000052;PRD_000053;PRD_000054;PRD_000055;PRD_000056;PRD_000057;PRD_000058;PRD_000059;PRD_000060;PRD_000061;PRD_000062;PRD_000063;PRD_000064
COMP_STK_PRINT,PRICE_TYPE.01,SIZ_000518,MAT_000611,350,400,1875300,1800000,75300,17,PRD_000052;PRD_000053;PRD_000054;PRD_000055;PRD_000056;PRD_000057;PRD_000058;PRD_000059;PRD_000060;PRD_000061;PRD_000062;PRD_000063;PRD_000064
COMP_STK_PRINT,PRICE_TYPE.01,SIZ_000519,MAT_000611,80,90,525100,513000,12100,3,PRD_000052;PRD_000053;PRD_000054;PRD_000055;PRD_000056;PRD_000057;PRD_000058;PRD_000059;PRD_000060;PRD_000061;PRD_000062;PRD_000063;PRD_000064
COMP_STK_PRINT,PRICE_TYPE.01,SIZ_000519,MAT_000611,160,175,991800,962500,29300,6,PRD_000052;PRD_000053;PRD_000054;PRD_000055;PRD_000056;PRD_000057;PRD_000058;PRD_000059;PRD_000060;PRD_000061;PRD_000062;PRD_000063;PRD_000064
COMP_STK_PRINT,PRICE_TYPE.01,SIZ_000519,MAT_000611,180,200,1094500,1060000,34500,7,PRD_000052;PRD_000053;PRD_000054;PRD_000055;PRD_000056;PRD_000057;PRD_000058;PRD_000059;PRD_000060;PRD_000061;PRD_000062;PRD_000063;PRD_000064
COMP_STK_PRINT,PRICE_TYPE.01,SIZ_000519,MAT_000611,200,250,1319700,1275000,44700,9,PRD_000052;PRD_000053;PRD_000054;PRD_000055;PRD_000056;PRD_000057;PRD_000058;PRD_000059;PRD_000060;PRD_000061;PRD_000062;PRD_000063;PRD_000064
COMP_STK_PRINT,PRICE_TYPE.01,SIZ_000519,MAT_000611,250,300,1524900,1470000,54900,11,PRD_000052;PRD_000053;PRD_000054;PRD_000055;PRD_000056;PRD_000057;PRD_000058;PRD_000059;PRD_000060;PRD_000061;PRD_000062;PRD_000063;PRD_000064
COMP_STK_PRINT,PRICE_TYPE.01,SIZ_000519,MAT_000611,300,350,1710100,1645000,65100,14,PRD_000052;PRD_000053;PRD_000054;PRD_000055;PRD_000056;PRD_000057;PRD_000058;PRD_000059;PRD_000060;PRD_000061;PRD_000062;PRD_000063;PRD_000064
COMP_STK_PRINT,PRICE_TYPE.01,SIZ_000519,MAT_000611,350,400,1875300,1800000,75300,17,PRD_000052;PRD_000053;PRD_000054;PRD_000055;PRD_000056;PRD_000057;PRD_000058;PRD_000059;PRD_000060;PRD_000061;PRD_000062;PRD_000063;PRD_000064
COMP_STK_PRINT,PRICE_TYPE.01,SIZ_000514,MAT_000611,20,50,570360,570000,360,1,PRD_000052;PRD_000053;PRD_000054;PRD_000055;PRD_000056;PRD_000057;PRD_000058;PRD_000059;PRD_000060;PRD_000061;PRD_000062;PRD_000063;PRD_000064
COMP_STK_PRINT,PRICE_TYPE.01,SIZ_000514,MAT_000611,50,100,1128600,1080000,48600,5,PRD_000052;PRD_000053;PRD_000054;PRD_000055;PRD_000056;PRD_000057;PRD_000058;PRD_000059;PRD_000060;PRD_000061;PRD_000062;PRD_000063;PRD_000064
COMP_STK_PRINT,PRICE_TYPE.01,SIZ_000514,MAT_000611,100,200,2149200,2040000,109200,11,PRD_000052;PRD_000053;PRD_000054;PRD_000055;PRD_000056;PRD_000057;PRD_000058;PRD_000059;PRD_000060;PRD_000061;PRD_000062;PRD_000063;PRD_000064
COMP_STK_PRINT,PRICE_TYPE.01,SIZ_000514,MAT_000611,200,300,3049800,2880000,169800,17,PRD_000052;PRD_000053;PRD_000054;PRD_000055;PRD_000056;PRD_000057;PRD_000058;PRD_000059;PRD_000060;PRD_000061;PRD_000062;PRD_000063;PRD_000064
COMP_STK_PRINT,PRICE_TYPE.01,SIZ_000515,MAT_000611,20,50,285180,285000,180,1,PRD_000052;PRD_000053;PRD_000054;PRD_000055;PRD_000056;PRD_000057;PRD_000058;PRD_000059;PRD_000060;PRD_000061;PRD_000062;PRD_000063;PRD_000064
COMP_STK_PRINT,PRICE_TYPE.01,SIZ_000515,MAT_000611,50,100,564300,540000,24300,5,PRD_000052;PRD_000053;PRD_000054;PRD_000055;PRD_000056;PRD_000057;PRD_000058;PRD_000059;PRD_000060;PRD_000061;PRD_000062;PRD_000063;PRD_000064
COMP_STK_PRINT,PRICE_TYPE.01,SIZ_000515,MAT_000611,100,200,1074600,1020000,54600,11,PRD_000052;PRD_000053;PRD_000054;PRD_000055;PRD_000056;PRD_000057;PRD_000058;PRD_000059;PRD_000060;PRD_000061;PRD_000062;PRD_000063;PRD_000064
COMP_STK_PRINT,PRICE_TYPE.01,SIZ_000515,MAT_000611,200,300,1524900,1440000,84900,17,PRD_000052;PRD_000053;PRD_000054;PRD_000055;PRD_000056;PRD_000057;PRD_000058;PRD_000059;PRD_000060;PRD_000061;PRD_000062;PRD_000063;PRD_000064
COMP_STK_PRINT,PRICE_TYPE.01,SIZ_000043,MAT_000611,50,60,312700,312000,700,1,PRD_000052;PRD_000053;PRD_000054;PRD_000055;PRD_000056;PRD_000057;PRD_000058;PRD_000059;PRD_000060;PRD_000061;PRD_000062;PRD_000063;PRD_000064
COMP_STK_PRINT,PRICE_TYPE.01,SIZ_000043,MAT_000611,100,120,618800,612000,6800,2,PRD_000052;PRD_000053;PRD_000054;PRD_000055;PRD_000056;PRD_000057;PRD_000058;PRD_000059;PRD_000060;PRD_000061;PRD_000062;PRD_000063;PRD_000064
COMP_STK_PRINT,PRICE_TYPE.01,SIZ_000043,MAT_000611,125,140,708900,700000,8900,2,PRD_000052;PRD_000053;PRD_000054;PRD_000055;PRD_000056;PRD_000057;PRD_000058;PRD_000059;PRD_000060;PRD_000061;PRD_000062;PRD_000063;PRD_000064
COMP_STK_PRINT,PRICE_TYPE.01,SIZ_000043,MAT_000611,150,160,795000,768000,27000,6,PRD_000052;PRD_000053;PRD_000054;PRD_000055;PRD_000056;PRD_000057;PRD_000058;PRD_000059;PRD_000060;PRD_000061;PRD_000062;PRD_000063;PRD_000064
COMP_STK_PRINT,PRICE_TYPE.01,SIZ_000043,MAT_000611,200,250,1195200,1150000,45200,10,PRD_000052;PRD_000053;PRD_000054;PRD_000055;PRD_000056;PRD_000057;PRD_000058;PRD_000059;PRD_000060;PRD_000061;PRD_000062;PRD_000063;PRD_000064
COMP_STK_PRINT,PRICE_TYPE.01,SIZ_000043,MAT_000611,250,300,1375400,1320000,55400,13,PRD_000052;PRD_000053;PRD_000054;PRD_000055;PRD_000056;PRD_000057;PRD_000058;PRD_000059;PRD_000060;PRD_000061;PRD_000062;PRD_000063;PRD_000064
COMP_STK_PRINT,PRICE_TYPE.01,SIZ_000043,MAT_000611,300,350,1535600,1470000,65600,15,PRD_000052;PRD_000053;PRD_000054;PRD_000055;PRD_000056;PRD_000057;PRD_000058;PRD_000059;PRD_000060;PRD_000061;PRD_000062;PRD_000063;PRD_000064
COMP_STK_PRINT,PRICE_TYPE.01,SIZ_000043,MAT_000611,350,400,1675800,1600000,75800,19,PRD_000052;PRD_000053;PRD_000054;PRD_000055;PRD_000056;PRD_000057;PRD_000058;PRD_000059;PRD_000060;PRD_000061;PRD_000062;PRD_000063;PRD_000064
COMP_STK_PRINT,PRICE_TYPE.01,SIZ_000061,MAT_000611,50,60,312700,312000,700,1,PRD_000052;PRD_000053;PRD_000054;PRD_000055;PRD_000056;PRD_000057;PRD_000058;PRD_000059;PRD_000060;PRD_000061;PRD_000062;PRD_000063;PRD_000064
COMP_STK_PRINT,PRICE_TYPE.01,SIZ_000061,MAT_000611,100,120,618800,612000,6800,2,PRD_000052;PRD_000053;PRD_000054;PRD_000055;PRD_000056;PRD_000057;PRD_000058;PRD_000059;PRD_000060;PRD_000061;PRD_000062;PRD_000063;PRD_000064
COMP_STK_PRINT,PRICE_TYPE.01,SIZ_000061,MAT_000611,125,140,708900,700000,8900,2,PRD_000052;PRD_000053;PRD_000054;PRD_000055;PRD_000056;PRD_000057;PRD_000058;PRD_000059;PRD_000060;PRD_000061;PRD_000062;PRD_000063;PRD_000064
COMP_STK_PRINT,PRICE_TYPE.01,SIZ_000061,MAT_000611,150,160,795000,768000,27000,6,PRD_000052;PRD_000053;PRD_000054;PRD_000055;PRD_000056;PRD_000057;PRD_000058;PRD_000059;PRD_000060;PRD_000061;PRD_000062;PRD_000063;PRD_000064
COMP_STK_PRINT,PRICE_TYPE.01,SIZ_000061,MAT_000611,200,250,1195200,1150000,45200,10,PRD_000052;PRD_000053;PRD_000054;PRD_000055;PRD_000056;PRD_000057;PRD_000058;PRD_000059;PRD_000060;PRD_000061;PRD_000062;PRD_000063;PRD_000064
COMP_STK_PRINT,PRICE_TYPE.01,SIZ_000061,MAT_000611,250,300,1375400,1320000,55400,13,PRD_000052;PRD_000053;PRD_000054;PRD_000055;PRD_000056;PRD_000057;PRD_000058;PRD_000059;PRD_000060;PRD_000061;PRD_000062;PRD_000063;PRD_000064
COMP_STK_PRINT,PRICE_TYPE.01,SIZ_000061,MAT_000611,300,350,1535600,1470000,65600,15,PRD_000052;PRD_000053;PRD_000054;PRD_000055;PRD_000056;PRD_000057;PRD_000058;PRD_000059;PRD_000060;PRD_000061;PRD_000062;PRD_000063;PRD_000064
COMP_STK_PRINT,PRICE_TYPE.01,SIZ_000061,MAT_000611,350,400,1675800,1600000,75800,19,PRD_000052;PRD_000053;PRD_000054;PRD_000055;PRD_000056;PRD_000057;PRD_000058;PRD_000059;PRD_000060;PRD_000061;PRD_000062;PRD_000063;PRD_000064
COMP_STK_PRINT,PRICE_TYPE.01,SIZ_000062,MAT_000611,50,60,312700,312000,700,1,PRD_000052;PRD_000053;PRD_000054;PRD_000055;PRD_000056;PRD_000057;PRD_000058;PRD_000059;PRD_000060;PRD_000061;PRD_000062;PRD_000063;PRD_000064
COMP_STK_PRINT,PRICE_TYPE.01,SIZ_000062,MAT_000611,100,120,618800,612000,6800,2,PRD_000052;PRD_000053;PRD_000054;PRD_000055;PRD_000056;PRD_000057;PRD_000058;PRD_000059;PRD_000060;PRD_000061;PRD_000062;PRD_000063;PRD_000064
COMP_STK_PRINT,PRICE_TYPE.01,SIZ_000062,MAT_000611,125,140,708900,700000,8900,2,PRD_000052;PRD_000053;PRD_000054;PRD_000055;PRD_000056;PRD_000057;PRD_000058;PRD_000059;PRD_000060;PRD_000061;PRD_000062;PRD_000063;PRD_000064
COMP_STK_PRINT,PRICE_TYPE.01,SIZ_000062,MAT_000611,150,160,795000,768000,27000,6,PRD_000052;PRD_000053;PRD_000054;PRD_000055;PRD_000056;PRD_000057;PRD_000058;PRD_000059;PRD_000060;PRD_000061;PRD_000062;PRD_000063;PRD_000064
COMP_STK_PRINT,PRICE_TYPE.01,SIZ_000062,MAT_000611,200,250,1195200,1150000,45200,10,PRD_000052;PRD_000053;PRD_000054;PRD_000055;PRD_000056;PRD_000057;PRD_000058;PRD_000059;PRD_000060;PRD_000061;PRD_000062;PRD_000063;PRD_000064
COMP_STK_PRINT,PRICE_TYPE.01,SIZ_000062,MAT_000611,250,300,1375400,1320000,55400,13,PRD_000052;PRD_000053;PRD_000054;PRD_000055;PRD_000056;PRD_000057;PRD_000058;PRD_000059;PRD_000060;PRD_000061;PRD_000062;PRD_000063;PRD_000064
COMP_STK_PRINT,PRICE_TYPE.01,SIZ_000062,MAT_000611,300,350,1535600,1470000,65600,15,PRD_000052;PRD_000053;PRD_000054;PRD_000055;PRD_000056;PRD_000057;PRD_000058;PRD_000059;PRD_000060;PRD_000061;PRD_000062;PRD_000063;PRD_000064
COMP_STK_PRINT,PRICE_TYPE.01,SIZ_000062,MAT_000611,350,400,1675800,1600000,75800,19,PRD_000052;PRD_000053;PRD_000054;PRD_000055;PRD_000056;PRD_000057;PRD_000058;PRD_000059;PRD_000060;PRD_000061;PRD_000062;PRD_000063;PRD_000064
COMP_STK_PRINT,PRICE_TYPE.01,SIZ_000063,MAT_000611,50,60,312700,312000,700,1,PRD_000052;PRD_000053;PRD_000054;PRD_000055;PRD_000056;PRD_000057;PRD_000058;PRD_000059;PRD_000060;PRD_000061;PRD_000062;PRD_000063;PRD_000064
COMP_STK_PRINT,PRICE_TYPE.01,SIZ_000063,MAT_000611,100,120,618800,612000,6800,2,PRD_000052;PRD_000053;PRD_000054;PRD_000055;PRD_000056;PRD_000057;PRD_000058;PRD_000059;PRD_000060;PRD_000061;PRD_000062;PRD_000063;PRD_000064
COMP_STK_PRINT,PRICE_TYPE.01,SIZ_000063,MAT_000611,125,140,708900,700000,8900,2,PRD_000052;PRD_000053;PRD_000054;PRD_000055;PRD_000056;PRD_000057;PRD_000058;PRD_000059;PRD_000060;PRD_000061;PRD_000062;PRD_000063;PRD_000064
COMP_STK_PRINT,PRICE_TYPE.01,SIZ_000063,MAT_000611,150,160,795000,768000,27000,6,PRD_000052;PRD_000053;PRD_000054;PRD_000055;PRD_000056;PRD_000057;PRD_000058;PRD_000059;PRD_000060;PRD_000061;PRD_000062;PRD_000063;PRD_000064
COMP_STK_PRINT,PRICE_TYPE.01,SIZ_000063,MAT_000611,200,250,1195200,1150000,45200,10,PRD_000052;PRD_000053;PRD_000054;PRD_000055;PRD_000056;PRD_000057;PRD_000058;PRD_000059;PRD_000060;PRD_000061;PRD_000062;PRD_000063;PRD_000064
COMP_STK_PRINT,PRICE_TYPE.01,SIZ_000063,MAT_000611,250,300,1375400,1320000,55400,13,PRD_000052;PRD_000053;PRD_000054;PRD_000055;PRD_000056;PRD_000057;PRD_000058;PRD_000059;PRD_000060;PRD_000061;PRD_000062;PRD_000063;PRD_000064
COMP_STK_PRINT,PRICE_TYPE.01,SIZ_000063,MAT_000611,300,350,1535600,1470000,65600,15,PRD_000052;PRD_000053;PRD_000054;PRD_000055;PRD_000056;PRD_000057;PRD_000058;PRD_000059;PRD_000060;PRD_000061;PRD_000062;PRD_000063;PRD_000064
COMP_STK_PRINT,PRICE_TYPE.01,SIZ_000063,MAT_000611,350,400,1675800,1600000,75800,19,PRD_000052;PRD_000053;PRD_000054;PRD_000055;PRD_000056;PRD_000057;PRD_000058;PRD_000059;PRD_000060;PRD_000061;PRD_000062;PRD_000063;PRD_000064
COMP_STK_PRINT,PRICE_TYPE.01,SIZ_000064,MAT_000611,50,60,312700,312000,700,1,PRD_000052;PRD_000053;PRD_000054;PRD_000055;PRD_000056;PRD_000057;PRD_000058;PRD_000059;PRD_000060;PRD_000061;PRD_000062;PRD_000063;PRD_000064
COMP_STK_PRINT,PRICE_TYPE.01,SIZ_000064,MAT_000611,100,120,618800,612000,6800,2,PRD_000052;PRD_000053;PRD_000054;PRD_000055;PRD_000056;PRD_000057;PRD_000058;PRD_000059;PRD_000060;PRD_000061;PRD_000062;PRD_000063;PRD_000064
COMP_STK_PRINT,PRICE_TYPE.01,SIZ_000064,MAT_000611,125,140,708900,700000,8900,2,PRD_000052;PRD_000053;PRD_000054;PRD_000055;PRD_000056;PRD_000057;PRD_000058;PRD_000059;PRD_000060;PRD_000061;PRD_000062;PRD_000063;PRD_000064
COMP_STK_PRINT,PRICE_TYPE.01,SIZ_000064,MAT_000611,150,160,795000,768000,27000,6,PRD_000052;PRD_000053;PRD_000054;PRD_000055;PRD_000056;PRD_000057;PRD_000058;PRD_000059;PRD_000060;PRD_000061;PRD_000062;PRD_000063;PRD_000064
COMP_STK_PRINT,PRICE_TYPE.01,SIZ_000064,MAT_000611,200,250,1195200,1150000,45200,10,PRD_000052;PRD_000053;PRD_000054;PRD_000055;PRD_000056;PRD_000057;PRD_000058;PRD_000059;PRD_000060;PRD_000061;PRD_000062;PRD_000063;PRD_000064
COMP_STK_PRINT,PRICE_TYPE.01,SIZ_000064,MAT_000611,250,300,1375400,1320000,55400,13,PRD_000052;PRD_000053;PRD_000054;PRD_000055;PRD_000056;PRD_000057;PRD_000058;PRD_000059;PRD_000060;PRD_000061;PRD_000062;PRD_000063;PRD_000064
COMP_STK_PRINT,PRICE_TYPE.01,SIZ_000064,MAT_000611,300,350,1535600,1470000,65600,15,PRD_000052;PRD_000053;PRD_000054;PRD_000055;PRD_000056;PRD_000057;PRD_000058;PRD_000059;PRD_000060;PRD_000061;PRD_000062;PRD_000063;PRD_000064
COMP_STK_PRINT,PRICE_TYPE.01,SIZ_000064,MAT_000611,350,400,1675800,1600000,75800,19,PRD_000052;PRD_000053;PRD_000054;PRD_000055;PRD_000056;PRD_000057;PRD_000058;PRD_000059;PRD_000060;PRD_000061;PRD_000062;PRD_000063;PRD_000064
COMP_STK_PRINT,PRICE_TYPE.01,SIZ_000065,MAT_000611,50,60,312700,312000,700,1,PRD_000052;PRD_000053;PRD_000054;PRD_000055;PRD_000056;PRD_000057;PRD_000058;PRD_000059;PRD_000060;PRD_000061;PRD_000062;PRD_000063;PRD_000064
COMP_STK_PRINT,PRICE_TYPE.01,SIZ_000065,MAT_000611,100,120,618800,612000,6800,2,PRD_000052;PRD_000053;PRD_000054;PRD_000055;PRD_000056;PRD_000057;PRD_000058;PRD_000059;PRD_000060;PRD_000061;PRD_000062;PRD_000063;PRD_000064
COMP_STK_PRINT,PRICE_TYPE.01,SIZ_000065,MAT_000611,125,140,708900,700000,8900,2,PRD_000052;PRD_000053;PRD_000054;PRD_000055;PRD_000056;PRD_000057;PRD_000058;PRD_000059;PRD_000060;PRD_000061;PRD_000062;PRD_000063;PRD_000064
COMP_STK_PRINT,PRICE_TYPE.01,SIZ_000065,MAT_000611,150,160,795000,768000,27000,6,PRD_000052;PRD_000053;PRD_000054;PRD_000055;PRD_000056;PRD_000057;PRD_000058;PRD_000059;PRD_000060;PRD_000061;PRD_000062;PRD_000063;PRD_000064
COMP_STK_PRINT,PRICE_TYPE.01,SIZ_000065,MAT_000611,200,250,1195200,1150000,45200,10,PRD_000052;PRD_000053;PRD_000054;PRD_000055;PRD_000056;PRD_000057;PRD_000058;PRD_000059;PRD_000060;PRD_000061;PRD_000062;PRD_000063;PRD_000064
COMP_STK_PRINT,PRICE_TYPE.01,SIZ_000065,MAT_000611,250,300,1375400,1320000,55400,13,PRD_000052;PRD_000053;PRD_000054;PRD_000055;PRD_000056;PRD_000057;PRD_000058;PRD_000059;PRD_000060;PRD_000061;PRD_000062;PRD_000063;PRD_000064
COMP_STK_PRINT,PRICE_TYPE.01,SIZ_000065,MAT_000611,300,350,1535600,1470000,65600,15,PRD_000052;PRD_000053;PRD_000054;PRD_000055;PRD_000056;PRD_000057;PRD_000058;PRD_000059;PRD_000060;PRD_000061;PRD_000062;PRD_000063;PRD_000064
COMP_STK_PRINT,PRICE_TYPE.01,SIZ_000065,MAT_000611,350,400,1675800,1600000,75800,19,PRD_000052;PRD_000053;PRD_000054;PRD_000055;PRD_000056;PRD_000057;PRD_000058;PRD_000059;PRD_000060;PRD_000061;PRD_000062;PRD_000063;PRD_000064
COMP_STK_PRINT,PRICE_TYPE.01,SIZ_000170,MAT_000593,50,60,312700,312000,700,1,PRD_000052;PRD_000053;PRD_000054;PRD_000055;PRD_000056;PRD_000057;PRD_000058;PRD_000059;PRD_000060;PRD_000061;PRD_000062;PRD_000063;PRD_000064
COMP_STK_PRINT,PRICE_TYPE.01,SIZ_000170,MAT_000593,100,120,618800,612000,6800,2,PRD_000052;PRD_000053;PRD_000054;PRD_000055;PRD_000056;PRD_000057;PRD_000058;PRD_000059;PRD_000060;PRD_000061;PRD_000062;PRD_000063;PRD_000064
COMP_STK_PRINT,PRICE_TYPE.01,SIZ_000170,MAT_000593,125,140,708900,700000,8900,2,PRD_000052;PRD_000053;PRD_000054;PRD_000055;PRD_000056;PRD_000057;PRD_000058;PRD_000059;PRD_000060;PRD_000061;PRD_000062;PRD_000063;PRD_000064
COMP_STK_PRINT,PRICE_TYPE.01,SIZ_000170,MAT_000593,150,160,795000,768000,27000,6,PRD_000052;PRD_000053;PRD_000054;PRD_000055;PRD_000056;PRD_000057;PRD_000058;PRD_000059;PRD_000060;PRD_000061;PRD_000062;PRD_000063;PRD_000064
COMP_STK_PRINT,PRICE_TYPE.01,SIZ_000170,MAT_000593,200,250,1195200,1150000,45200,10,PRD_000052;PRD_000053;PRD_000054;PRD_000055;PRD_000056;PRD_000057;PRD_000058;PRD_000059;PRD_000060;PRD_000061;PRD_000062;PRD_000063;PRD_000064
COMP_STK_PRINT,PRICE_TYPE.01,SIZ_000170,MAT_000593,250,300,1375400,1320000,55400,13,PRD_000052;PRD_000053;PRD_000054;PRD_000055;PRD_000056;PRD_000057;PRD_000058;PRD_000059;PRD_000060;PRD_000061;PRD_000062;PRD_000063;PRD_000064
COMP_STK_PRINT,PRICE_TYPE.01,SIZ_000170,MAT_000593,300,350,1535600,1470000,65600,15,PRD_000052;PRD_000053;PRD_000054;PRD_000055;PRD_000056;PRD_000057;PRD_000058;PRD_000059;PRD_000060;PRD_000061;PRD_000062;PRD_000063;PRD_000064
COMP_STK_PRINT,PRICE_TYPE.01,SIZ_000170,MAT_000593,350,400,1675800,1600000,75800,19,PRD_000052;PRD_000053;PRD_000054;PRD_000055;PRD_000056;PRD_000057;PRD_000058;PRD_000059;PRD_000060;PRD_000061;PRD_000062;PRD_000063;PRD_000064
COMP_STK_PRINT,PRICE_TYPE.01,SIZ_000059,MAT_000593,50,60,312700,312000,700,1,PRD_000052;PRD_000053;PRD_000054;PRD_000055;PRD_000056;PRD_000057;PRD_000058;PRD_000059;PRD_000060;PRD_000061;PRD_000062;PRD_000063;PRD_000064
COMP_STK_PRINT,PRICE_TYPE.01,SIZ_000059,MAT_000593,100,120,618800,612000,6800,2,PRD_000052;PRD_000053;PRD_000054;PRD_000055;PRD_000056;PRD_000057;PRD_000058;PRD_000059;PRD_000060;PRD_000061;PRD_000062;PRD_000063;PRD_000064
COMP_STK_PRINT,PRICE_TYPE.01,SIZ_000059,MAT_000593,125,140,708900,700000,8900,2,PRD_000052;PRD_000053;PRD_000054;PRD_000055;PRD_000056;PRD_000057;PRD_000058;PRD_000059;PRD_000060;PRD_000061;PRD_000062;PRD_000063;PRD_000064
COMP_STK_PRINT,PRICE_TYPE.01,SIZ_000059,MAT_000593,150,160,795000,768000,27000,6,PRD_000052;PRD_000053;PRD_000054;PRD_000055;PRD_000056;PRD_000057;PRD_000058;PRD_000059;PRD_000060;PRD_000061;PRD_000062;PRD_000063;PRD_000064
COMP_STK_PRINT,PRICE_TYPE.01,SIZ_000059,MAT_000593,200,250,1195200,1150000,45200,10,PRD_000052;PRD_000053;PRD_000054;PRD_000055;PRD_000056;PRD_000057;PRD_000058;PRD_000059;PRD_000060;PRD_000061;PRD_000062;PRD_000063;PRD_000064
COMP_STK_PRINT,PRICE_TYPE.01,SIZ_000059,MAT_000593,250,300,1375400,1320000,55400,13,PRD_000052;PRD_000053;PRD_000054;PRD_000055;PRD_000056;PRD_000057;PRD_000058;PRD_000059;PRD_000060;PRD_000061;PRD_000062;PRD_000063;PRD_000064
COMP_STK_PRINT,PRICE_TYPE.01,SIZ_000059,MAT_000593,300,350,1535600,1470000,65600,15,PRD_000052;PRD_000053;PRD_000054;PRD_000055;PRD_000056;PRD_000057;PRD_000058;PRD_000059;PRD_000060;PRD_000061;PRD_000062;PRD_000063;PRD_000064
COMP_STK_PRINT,PRICE_TYPE.01,SIZ_000059,MAT_000593,350,400,1675800,1600000,75800,19,PRD_000052;PRD_000053;PRD_000054;PRD_000055;PRD_000056;PRD_000057;PRD_000058;PRD_000059;PRD_000060;PRD_000061;PRD_000062;PRD_000063;PRD_000064
COMP_STK_PRINT,PRICE_TYPE.01,SIZ_000060,MAT_000593,70,75,392200,390000,2200,1,PRD_000052;PRD_000053;PRD_000054;PRD_000055;PRD_000056;PRD_000057;PRD_000058;PRD_000059;PRD_000060;PRD_000061;PRD_000062;PRD_000063;PRD_000064
COMP_STK_PRINT,PRICE_TYPE.01,SIZ_000060,MAT_000593,120,125,644800,625000,19800,4,PRD_000052;PRD_000053;PRD_000054;PRD_000055;PRD_000056;PRD_000057;PRD_000058;PRD_000059;PRD_000060;PRD_000061;PRD_000062;PRD_000063;PRD_000064
COMP_STK_PRINT,PRICE_TYPE.01,SIZ_000060,MAT_000593,150,160,795000,768000,27000,6,PRD_000052;PRD_000053;PRD_000054;PRD_000055;PRD_000056;PRD_000057;PRD_000058;PRD_000059;PRD_000060;PRD_000061;PRD_000062;PRD_000063;PRD_000064
COMP_STK_PRINT,PRICE_TYPE.01,SIZ_000060,MAT_000593,200,250,1195200,1150000,45200,10,PRD_000052;PRD_000053;PRD_000054;PRD_000055;PRD_000056;PRD_000057;PRD_000058;PRD_000059;PRD_000060;PRD_000061;PRD_000062;PRD_000063;PRD_000064
COMP_STK_PRINT,PRICE_TYPE.01,SIZ_000060,MAT_000593,250,300,1375400,1320000,55400,13,PRD_000052;PRD_000053;PRD_000054;PRD_000055;PRD_000056;PRD_000057;PRD_000058;PRD_000059;PRD_000060;PRD_000061;PRD_000062;PRD_000063;PRD_000064
COMP_STK_PRINT,PRICE_TYPE.01,SIZ_000060,MAT_000593,300,350,1535600,1470000,65600,15,PRD_000052;PRD_000053;PRD_000054;PRD_000055;PRD_000056;PRD_000057;PRD_000058;PRD_000059;PRD_000060;PRD_000061;PRD_000062;PRD_000063;PRD_000064
COMP_STK_PRINT,PRICE_TYPE.01,SIZ_000060,MAT_000593,350,400,1675800,1600000,75800,19,PRD_000052;PRD_000053;PRD_000054;PRD_000055;PRD_000056;PRD_000057;PRD_000058;PRD_000059;PRD_000060;PRD_000061;PRD_000062;PRD_000063;PRD_000064
COMP_STK_PRINT,PRICE_TYPE.01,SIZ_000172,MAT_000593,20,50,190120,190000,120,1,PRD_000052;PRD_000053;PRD_000054;PRD_000055;PRD_000056;PRD_000057;PRD_000058;PRD_000059;PRD_000060;PRD_000061;PRD_000062;PRD_000063;PRD_000064
COMP_STK_PRINT,PRICE_TYPE.01,SIZ_000172,MAT_000593,50,100,376200,360000,16200,5,PRD_000052;PRD_000053;PRD_000054;PRD_000055;PRD_000056;PRD_000057;PRD_000058;PRD_000059;PRD_000060;PRD_000061;PRD_000062;PRD_000063;PRD_000064
COMP_STK_PRINT,PRICE_TYPE.01,SIZ_000172,MAT_000593,100,200,716400,680000,36400,11,PRD_000052;PRD_000053;PRD_000054;PRD_000055;PRD_000056;PRD_000057;PRD_000058;PRD_000059;PRD_000060;PRD_000061;PRD_000062;PRD_000063;PRD_000064
COMP_STK_PRINT,PRICE_TYPE.01,SIZ_000172,MAT_000593,200,300,1016600,960000,56600,17,PRD_000052;PRD_000053;PRD_000054;PRD_000055;PRD_000056;PRD_000057;PRD_000058;PRD_000059;PRD_000060;PRD_000061;PRD_000062;PRD_000063;PRD_000064
COMP_STK_PRINT,PRICE_TYPE.01,SIZ_000174,MAT_000593,20,50,380240,380000,240,1,PRD_000052;PRD_000053;PRD_000054;PRD_000055;PRD_000056;PRD_000057;PRD_000058;PRD_000059;PRD_000060;PRD_000061;PRD_000062;PRD_000063;PRD_000064
COMP_STK_PRINT,PRICE_TYPE.01,SIZ_000174,MAT_000593,50,100,752400,720000,32400,5,PRD_000052;PRD_000053;PRD_000054;PRD_000055;PRD_000056;PRD_000057;PRD_000058;PRD_000059;PRD_000060;PRD_000061;PRD_000062;PRD_000063;PRD_000064
COMP_STK_PRINT,PRICE_TYPE.01,SIZ_000174,MAT_000593,100,200,1432800,1360000,72800,11,PRD_000052;PRD_000053;PRD_000054;PRD_000055;PRD_000056;PRD_000057;PRD_000058;PRD_000059;PRD_000060;PRD_000061;PRD_000062;PRD_000063;PRD_000064
COMP_STK_PRINT,PRICE_TYPE.01,SIZ_000174,MAT_000593,200,300,2033200,1920000,113200,17,PRD_000052;PRD_000053;PRD_000054;PRD_000055;PRD_000056;PRD_000057;PRD_000058;PRD_000059;PRD_000060;PRD_000061;PRD_000062;PRD_000063;PRD_000064
COMP_STK_PRINT,PRICE_TYPE.01,SIZ_000197,MAT_000593,20,50,760480,760000,480,1,PRD_000052;PRD_000053;PRD_000054;PRD_000055;PRD_000056;PRD_000057;PRD_000058;PRD_000059;PRD_000060;PRD_000061;PRD_000062;PRD_000063;PRD_000064
COMP_STK_PRINT,PRICE_TYPE.01,SIZ_000197,MAT_000593,50,100,1504800,1440000,64800,5,PRD_000052;PRD_000053;PRD_000054;PRD_000055;PRD_000056;PRD_000057;PRD_000058;PRD_000059;PRD_000060;PRD_000061;PRD_000062;PRD_000063;PRD_000064
COMP_STK_PRINT,PRICE_TYPE.01,SIZ_000197,MAT_000593,100,200,2865600,2720000,145600,11,PRD_000052;PRD_000053;PRD_000054;PRD_000055;PRD_000056;PRD_000057;PRD_000058;PRD_000059;PRD_000060;PRD_000061;PRD_000062;PRD_000063;PRD_000064
COMP_STK_PRINT,PRICE_TYPE.01,SIZ_000197,MAT_000593,200,300,4066400,3840000,226400,17,PRD_000052;PRD_000053;PRD_000054;PRD_000055;PRD_000056;PRD_000057;PRD_000058;PRD_000059;PRD_000060;PRD_000061;PRD_000062;PRD_000063;PRD_000064
COMP_STK_PRINT,PRICE_TYPE.01,SIZ_000199,MAT_000593,20,50,760480,760000,480,1,PRD_000052;PRD_000053;PRD_000054;PRD_000055;PRD_000056;PRD_000057;PRD_000058;PRD_000059;PRD_000060;PRD_000061;PRD_000062;PRD_000063;PRD_000064
COMP_STK_PRINT,PRICE_TYPE.01,SIZ_000199,MAT_000593,50,100,1504800,1440000,64800,5,PRD_000052;PRD_000053;PRD_000054;PRD_000055;PRD_000056;PRD_000057;PRD_000058;PRD_000059;PRD_000060;PRD_000061;PRD_000062;PRD_000063;PRD_000064
COMP_STK_PRINT,PRICE_TYPE.01,SIZ_000199,MAT_000593,100,200,2865600,2720000,145600,11,PRD_000052;PRD_000053;PRD_000054;PRD_000055;PRD_000056;PRD_000057;PRD_000058;PRD_000059;PRD_000060;PRD_000061;PRD_000062;PRD_000063;PRD_000064
COMP_STK_PRINT,PRICE_TYPE.01,SIZ_000199,MAT_000593,200,300,4066400,3840000,226400,17,PRD_000052;PRD_000053;PRD_000054;PRD_000055;PRD_000056;PRD_000057;PRD_000058;PRD_000059;PRD_000060;PRD_000061;PRD_000062;PRD_000063;PRD_000064
COMP_STK_PRINT,PRICE_TYPE.01,SIZ_000520,MAT_000593,75,80,371300,368000,3300,1,PRD_000052;PRD_000053;PRD_000054;PRD_000055;PRD_000056;PRD_000057;PRD_000058;PRD_000059;PRD_000060;PRD_000061;PRD_000062;PRD_000063;PRD_000064
COMP_STK_PRINT,PRICE_TYPE.01,SIZ_000520,MAT_000593,125,140,639400,630000,9400,3,PRD_000052;PRD_000053;PRD_000054;PRD_000055;PRD_000056;PRD_000057;PRD_000058;PRD_000059;PRD_000060;PRD_000061;PRD_000062;PRD_000063;PRD_000064
COMP_STK_PRINT,PRICE_TYPE.01,SIZ_000520,MAT_000593,175,180,805500,792000,13500,3,PRD_000052;PRD_000053;PRD_000054;PRD_000055;PRD_000056;PRD_000057;PRD_000058;PRD_000059;PRD_000060;PRD_000061;PRD_000062;PRD_000063;PRD_000064
COMP_STK_PRINT,PRICE_TYPE.01,SIZ_000520,MAT_000593,200,250,1095600,1050000,45600,11,PRD_000052;PRD_000053;PRD_000054;PRD_000055;PRD_000056;PRD_000057;PRD_000058;PRD_000059;PRD_000060;PRD_000061;PRD_000062;PRD_000063;PRD_000064
COMP_STK_PRINT,PRICE_TYPE.01,SIZ_000520,MAT_000593,250,300,1255800,1200000,55800,14,PRD_000052;PRD_000053;PRD_000054;PRD_000055;PRD_000056;PRD_000057;PRD_000058;PRD_000059;PRD_000060;PRD_000061;PRD_000062;PRD_000063;PRD_000064
COMP_STK_PRINT,PRICE_TYPE.01,SIZ_000520,MAT_000593,300,350,1396000,1330000,66000,17,PRD_000052;PRD_000053;PRD_000054;PRD_000055;PRD_000056;PRD_000057;PRD_000058;PRD_000059;PRD_000060;PRD_000061;PRD_000062;PRD_000063;PRD_000064
COMP_STK_PRINT,PRICE_TYPE.01,SIZ_000520,MAT_000593,350,400,1516200,1480000,36200,10,PRD_000052;PRD_000053;PRD_000054;PRD_000055;PRD_000056;PRD_000057;PRD_000058;PRD_000059;PRD_000060;PRD_000061;PRD_000062;PRD_000063;PRD_000064
COMP_STK_PRINT,PRICE_TYPE.01,SIZ_000520,MAT_000593,400,450,1661300,1620000,41300,12,PRD_000052;PRD_000053;PRD_000054;PRD_000055;PRD_000056;PRD_000057;PRD_000058;PRD_000059;PRD_000060;PRD_000061;PRD_000062;PRD_000063;PRD_000064
COMP_STK_PRINT,PRICE_TYPE.01,SIZ_000036,MAT_000593,50,60,312700,312000,700,1,PRD_000052;PRD_000053;PRD_000054;PRD_000055;PRD_000056;PRD_000057;PRD_000058;PRD_000059;PRD_000060;PRD_000061;PRD_000062;PRD_000063;PRD_000064
COMP_STK_PRINT,PRICE_TYPE.01,SIZ_000036,MAT_000593,100,120,618800,612000,6800,2,PRD_000052;PRD_000053;PRD_000054;PRD_000055;PRD_000056;PRD_000057;PRD_000058;PRD_000059;PRD_000060;PRD_000061;PRD_000062;PRD_000063;PRD_000064
COMP_STK_PRINT,PRICE_TYPE.01,SIZ_000036,MAT_000593,125,140,708900,700000,8900,2,PRD_000052;PRD_000053;PRD_000054;PRD_000055;PRD_000056;PRD_000057;PRD_000058;PRD_000059;PRD_000060;PRD_000061;PRD_000062;PRD_000063;PRD_000064
COMP_STK_PRINT,PRICE_TYPE.01,SIZ_000036,MAT_000593,150,160,795000,768000,27000,6,PRD_000052;PRD_000053;PRD_000054;PRD_000055;PRD_000056;PRD_000057;PRD_000058;PRD_000059;PRD_000060;PRD_000061;PRD_000062;PRD_000063;PRD_000064
COMP_STK_PRINT,PRICE_TYPE.01,SIZ_000036,MAT_000593,200,250,1195200,1150000,45200,10,PRD_000052;PRD_000053;PRD_000054;PRD_000055;PRD_000056;PRD_000057;PRD_000058;PRD_000059;PRD_000060;PRD_000061;PRD_000062;PRD_000063;PRD_000064
COMP_STK_PRINT,PRICE_TYPE.01,SIZ_000036,MAT_000593,250,300,1375400,1320000,55400,13,PRD_000052;PRD_000053;PRD_000054;PRD_000055;PRD_000056;PRD_000057;PRD_000058;PRD_000059;PRD_000060;PRD_000061;PRD_000062;PRD_000063;PRD_000064
COMP_STK_PRINT,PRICE_TYPE.01,SIZ_000036,MAT_000593,300,350,1535600,1470000,65600,15,PRD_000052;PRD_000053;PRD_000054;PRD_000055;PRD_000056;PRD_000057;PRD_000058;PRD_000059;PRD_000060;PRD_000061;PRD_000062;PRD_000063;PRD_000064
COMP_STK_PRINT,PRICE_TYPE.01,SIZ_000036,MAT_000593,350,400,1675800,1600000,75800,19,PRD_000052;PRD_000053;PRD_000054;PRD_000055;PRD_000056;PRD_000057;PRD_000058;PRD_000059;PRD_000060;PRD_000061;PRD_000062;PRD_000063;PRD_000064
COMP_STK_PRINT,PRICE_TYPE.01,SIZ_000518,MAT_000593,70,75,436600,427500,9100,2,PRD_000052;PRD_000053;PRD_000054;PRD_000055;PRD_000056;PRD_000057;PRD_000058;PRD_000059;PRD_000060;PRD_000061;PRD_000062;PRD_000063;PRD_000064
COMP_STK_PRINT,PRICE_TYPE.01,SIZ_000518,MAT_000593,160,175,991800,962500,29300,6,PRD_000052;PRD_000053;PRD_000054;PRD_000055;PRD_000056;PRD_000057;PRD_000058;PRD_000059;PRD_000060;PRD_000061;PRD_000062;PRD_000063;PRD_000064
COMP_STK_PRINT,PRICE_TYPE.01,SIZ_000518,MAT_000593,180,200,1094500,1060000,34500,7,PRD_000052;PRD_000053;PRD_000054;PRD_000055;PRD_000056;PRD_000057;PRD_000058;PRD_000059;PRD_000060;PRD_000061;PRD_000062;PRD_000063;PRD_000064
COMP_STK_PRINT,PRICE_TYPE.01,SIZ_000518,MAT_000593,200,250,1319700,1275000,44700,9,PRD_000052;PRD_000053;PRD_000054;PRD_000055;PRD_000056;PRD_000057;PRD_000058;PRD_000059;PRD_000060;PRD_000061;PRD_000062;PRD_000063;PRD_000064
COMP_STK_PRINT,PRICE_TYPE.01,SIZ_000518,MAT_000593,250,300,1524900,1470000,54900,11,PRD_000052;PRD_000053;PRD_000054;PRD_000055;PRD_000056;PRD_000057;PRD_000058;PRD_000059;PRD_000060;PRD_000061;PRD_000062;PRD_000063;PRD_000064
COMP_STK_PRINT,PRICE_TYPE.01,SIZ_000518,MAT_000593,300,350,1710100,1645000,65100,14,PRD_000052;PRD_000053;PRD_000054;PRD_000055;PRD_000056;PRD_000057;PRD_000058;PRD_000059;PRD_000060;PRD_000061;PRD_000062;PRD_000063;PRD_000064
COMP_STK_PRINT,PRICE_TYPE.01,SIZ_000518,MAT_000593,350,400,1875300,1800000,75300,17,PRD_000052;PRD_000053;PRD_000054;PRD_000055;PRD_000056;PRD_000057;PRD_000058;PRD_000059;PRD_000060;PRD_000061;PRD_000062;PRD_000063;PRD_000064
COMP_STK_PRINT,PRICE_TYPE.01,SIZ_000519,MAT_000593,80,90,525100,513000,12100,3,PRD_000052;PRD_000053;PRD_000054;PRD_000055;PRD_000056;PRD_000057;PRD_000058;PRD_000059;PRD_000060;PRD_000061;PRD_000062;PRD_000063;PRD_000064
COMP_STK_PRINT,PRICE_TYPE.01,SIZ_000519,MAT_000593,160,175,991800,962500,29300,6,PRD_000052;PRD_000053;PRD_000054;PRD_000055;PRD_000056;PRD_000057;PRD_000058;PRD_000059;PRD_000060;PRD_000061;PRD_000062;PRD_000063;PRD_000064
COMP_STK_PRINT,PRICE_TYPE.01,SIZ_000519,MAT_000593,180,200,1094500,1060000,34500,7,PRD_000052;PRD_000053;PRD_000054;PRD_000055;PRD_000056;PRD_000057;PRD_000058;PRD_000059;PRD_000060;PRD_000061;PRD_000062;PRD_000063;PRD_000064
COMP_STK_PRINT,PRICE_TYPE.01,SIZ_000519,MAT_000593,200,250,1319700,1275000,44700,9,PRD_000052;PRD_000053;PRD_000054;PRD_000055;PRD_000056;PRD_000057;PRD_000058;PRD_000059;PRD_000060;PRD_000061;PRD_000062;PRD_000063;PRD_000064
COMP_STK_PRINT,PRICE_TYPE.01,SIZ_000519,MAT_000593,250,300,1524900,1470000,54900,11,PRD_000052;PRD_000053;PRD_000054;PRD_000055;PRD_000056;PRD_000057;PRD_000058;PRD_000059;PRD_000060;PRD_000061;PRD_000062;PRD_000063;PRD_000064
COMP_STK_PRINT,PRICE_TYPE.01,SIZ_000519,MAT_000593,300,350,1710100,1645000,65100,14,PRD_000052;PRD_000053;PRD_000054;PRD_000055;PRD_000056;PRD_000057;PRD_000058;PRD_000059;PRD_000060;PRD_000061;PRD_000062;PRD_000063;PRD_000064
COMP_STK_PRINT,PRICE_TYPE.01,SIZ_000519,MAT_000593,350,400,1875300,1800000,75300,17,PRD_000052;PRD_000053;PRD_000054;PRD_000055;PRD_000056;PRD_000057;PRD_000058;PRD_000059;PRD_000060;PRD_000061;PRD_000062;PRD_000063;PRD_000064
COMP_STK_PRINT,PRICE_TYPE.01,SIZ_000514,MAT_000593,20,50,570360,570000,360,1,PRD_000052;PRD_000053;PRD_000054;PRD_000055;PRD_000056;PRD_000057;PRD_000058;PRD_000059;PRD_000060;PRD_000061;PRD_000062;PRD_000063;PRD_000064
COMP_STK_PRINT,PRICE_TYPE.01,SIZ_000514,MAT_000593,50,100,1128600,1080000,48600,5,PRD_000052;PRD_000053;PRD_000054;PRD_000055;PRD_000056;PRD_000057;PRD_000058;PRD_000059;PRD_000060;PRD_000061;PRD_000062;PRD_000063;PRD_000064
COMP_STK_PRINT,PRICE_TYPE.01,SIZ_000514,MAT_000593,100,200,2149200,2040000,109200,11,PRD_000052;PRD_000053;PRD_000054;PRD_000055;PRD_000056;PRD_000057;PRD_000058;PRD_000059;PRD_000060;PRD_000061;PRD_000062;PRD_000063;PRD_000064
COMP_STK_PRINT,PRICE_TYPE.01,SIZ_000514,MAT_000593,200,300,3049800,2880000,169800,17,PRD_000052;PRD_000053;PRD_000054;PRD_000055;PRD_000056;PRD_000057;PRD_000058;PRD_000059;PRD_000060;PRD_000061;PRD_000062;PRD_000063;PRD_000064
COMP_STK_PRINT,PRICE_TYPE.01,SIZ_000515,MAT_000593,20,50,285180,285000,180,1,PRD_000052;PRD_000053;PRD_000054;PRD_000055;PRD_000056;PRD_000057;PRD_000058;PRD_000059;PRD_000060;PRD_000061;PRD_000062;PRD_000063;PRD_000064
COMP_STK_PRINT,PRICE_TYPE.01,SIZ_000515,MAT_000593,50,100,564300,540000,24300,5,PRD_000052;PRD_000053;PRD_000054;PRD_000055;PRD_000056;PRD_000057;PRD_000058;PRD_000059;PRD_000060;PRD_000061;PRD_000062;PRD_000063;PRD_000064
COMP_STK_PRINT,PRICE_TYPE.01,SIZ_000515,MAT_000593,100,200,1074600,1020000,54600,11,PRD_000052;PRD_000053;PRD_000054;PRD_000055;PRD_000056;PRD_000057;PRD_000058;PRD_000059;PRD_000060;PRD_000061;PRD_000062;PRD_000063;PRD_000064
COMP_STK_PRINT,PRICE_TYPE.01,SIZ_000515,MAT_000593,200,300,1524900,1440000,84900,17,PRD_000052;PRD_000053;PRD_000054;PRD_000055;PRD_000056;PRD_000057;PRD_000058;PRD_000059;PRD_000060;PRD_000061;PRD_000062;PRD_000063;PRD_000064
COMP_STK_PRINT,PRICE_TYPE.01,SIZ_000043,MAT_000593,50,60,312700,312000,700,1,PRD_000052;PRD_000053;PRD_000054;PRD_000055;PRD_000056;PRD_000057;PRD_000058;PRD_000059;PRD_000060;PRD_000061;PRD_000062;PRD_000063;PRD_000064
COMP_STK_PRINT,PRICE_TYPE.01,SIZ_000043,MAT_000593,100,120,618800,612000,6800,2,PRD_000052;PRD_000053;PRD_000054;PRD_000055;PRD_000056;PRD_000057;PRD_000058;PRD_000059;PRD_000060;PRD_000061;PRD_000062;PRD_000063;PRD_000064
COMP_STK_PRINT,PRICE_TYPE.01,SIZ_000043,MAT_000593,125,140,708900,700000,8900,2,PRD_000052;PRD_000053;PRD_000054;PRD_000055;PRD_000056;PRD_000057;PRD_000058;PRD_000059;PRD_000060;PRD_000061;PRD_000062;PRD_000063;PRD_000064
COMP_STK_PRINT,PRICE_TYPE.01,SIZ_000043,MAT_000593,150,160,795000,768000,27000,6,PRD_000052;PRD_000053;PRD_000054;PRD_000055;PRD_000056;PRD_000057;PRD_000058;PRD_000059;PRD_000060;PRD_000061;PRD_000062;PRD_000063;PRD_000064
COMP_STK_PRINT,PRICE_TYPE.01,SIZ_000043,MAT_000593,200,250,1195200,1150000,45200,10,PRD_000052;PRD_000053;PRD_000054;PRD_000055;PRD_000056;PRD_000057;PRD_000058;PRD_000059;PRD_000060;PRD_000061;PRD_000062;PRD_000063;PRD_000064
COMP_STK_PRINT,PRICE_TYPE.01,SIZ_000043,MAT_000593,250,300,1375400,1320000,55400,13,PRD_000052;PRD_000053;PRD_000054;PRD_000055;PRD_000056;PRD_000057;PRD_000058;PRD_000059;PRD_000060;PRD_000061;PRD_000062;PRD_000063;PRD_000064
COMP_STK_PRINT,PRICE_TYPE.01,SIZ_000043,MAT_000593,300,350,1535600,1470000,65600,15,PRD_000052;PRD_000053;PRD_000054;PRD_000055;PRD_000056;PRD_000057;PRD_000058;PRD_000059;PRD_000060;PRD_000061;PRD_000062;PRD_000063;PRD_000064
COMP_STK_PRINT,PRICE_TYPE.01,SIZ_000043,MAT_000593,350,400,1675800,1600000,75800,19,PRD_000052;PRD_000053;PRD_000054;PRD_000055;PRD_000056;PRD_000057;PRD_000058;PRD_000059;PRD_000060;PRD_000061;PRD_000062;PRD_000063;PRD_000064
COMP_STK_PRINT,PRICE_TYPE.01,SIZ_000061,MAT_000593,50,60,312700,312000,700,1,PRD_000052;PRD_000053;PRD_000054;PRD_000055;PRD_000056;PRD_000057;PRD_000058;PRD_000059;PRD_000060;PRD_000061;PRD_000062;PRD_000063;PRD_000064
COMP_STK_PRINT,PRICE_TYPE.01,SIZ_000061,MAT_000593,100,120,618800,612000,6800,2,PRD_000052;PRD_000053;PRD_000054;PRD_000055;PRD_000056;PRD_000057;PRD_000058;PRD_000059;PRD_000060;PRD_000061;PRD_000062;PRD_000063;PRD_000064
COMP_STK_PRINT,PRICE_TYPE.01,SIZ_000061,MAT_000593,125,140,708900,700000,8900,2,PRD_000052;PRD_000053;PRD_000054;PRD_000055;PRD_000056;PRD_000057;PRD_000058;PRD_000059;PRD_000060;PRD_000061;PRD_000062;PRD_000063;PRD_000064
COMP_STK_PRINT,PRICE_TYPE.01,SIZ_000061,MAT_000593,150,160,795000,768000,27000,6,PRD_000052;PRD_000053;PRD_000054;PRD_000055;PRD_000056;PRD_000057;PRD_000058;PRD_000059;PRD_000060;PRD_000061;PRD_000062;PRD_000063;PRD_000064
COMP_STK_PRINT,PRICE_TYPE.01,SIZ_000061,MAT_000593,200,250,1195200,1150000,45200,10,PRD_000052;PRD_000053;PRD_000054;PRD_000055;PRD_000056;PRD_000057;PRD_000058;PRD_000059;PRD_000060;PRD_000061;PRD_000062;PRD_000063;PRD_000064
COMP_STK_PRINT,PRICE_TYPE.01,SIZ_000061,MAT_000593,250,300,1375400,1320000,55400,13,PRD_000052;PRD_000053;PRD_000054;PRD_000055;PRD_000056;PRD_000057;PRD_000058;PRD_000059;PRD_000060;PRD_000061;PRD_000062;PRD_000063;PRD_000064
COMP_STK_PRINT,PRICE_TYPE.01,SIZ_000061,MAT_000593,300,350,1535600,1470000,65600,15,PRD_000052;PRD_000053;PRD_000054;PRD_000055;PRD_000056;PRD_000057;PRD_000058;PRD_000059;PRD_000060;PRD_000061;PRD_000062;PRD_000063;PRD_000064
COMP_STK_PRINT,PRICE_TYPE.01,SIZ_000061,MAT_000593,350,400,1675800,1600000,75800,19,PRD_000052;PRD_000053;PRD_000054;PRD_000055;PRD_000056;PRD_000057;PRD_000058;PRD_000059;PRD_000060;PRD_000061;PRD_000062;PRD_000063;PRD_000064
COMP_STK_PRINT,PRICE_TYPE.01,SIZ_000062,MAT_000593,50,60,312700,312000,700,1,PRD_000052;PRD_000053;PRD_000054;PRD_000055;PRD_000056;PRD_000057;PRD_000058;PRD_000059;PRD_000060;PRD_000061;PRD_000062;PRD_000063;PRD_000064
COMP_STK_PRINT,PRICE_TYPE.01,SIZ_000062,MAT_000593,100,120,618800,612000,6800,2,PRD_000052;PRD_000053;PRD_000054;PRD_000055;PRD_000056;PRD_000057;PRD_000058;PRD_000059;PRD_000060;PRD_000061;PRD_000062;PRD_000063;PRD_000064
COMP_STK_PRINT,PRICE_TYPE.01,SIZ_000062,MAT_000593,125,140,708900,700000,8900,2,PRD_000052;PRD_000053;PRD_000054;PRD_000055;PRD_000056;PRD_000057;PRD_000058;PRD_000059;PRD_000060;PRD_000061;PRD_000062;PRD_000063;PRD_000064
COMP_STK_PRINT,PRICE_TYPE.01,SIZ_000062,MAT_000593,150,160,795000,768000,27000,6,PRD_000052;PRD_000053;PRD_000054;PRD_000055;PRD_000056;PRD_000057;PRD_000058;PRD_000059;PRD_000060;PRD_000061;PRD_000062;PRD_000063;PRD_000064
COMP_STK_PRINT,PRICE_TYPE.01,SIZ_000062,MAT_000593,200,250,1195200,1150000,45200,10,PRD_000052;PRD_000053;PRD_000054;PRD_000055;PRD_000056;PRD_000057;PRD_000058;PRD_000059;PRD_000060;PRD_000061;PRD_000062;PRD_000063;PRD_000064
COMP_STK_PRINT,PRICE_TYPE.01,SIZ_000062,MAT_000593,250,300,1375400,1320000,55400,13,PRD_000052;PRD_000053;PRD_000054;PRD_000055;PRD_000056;PRD_000057;PRD_000058;PRD_000059;PRD_000060;PRD_000061;PRD_000062;PRD_000063;PRD_000064
COMP_STK_PRINT,PRICE_TYPE.01,SIZ_000062,MAT_000593,300,350,1535600,1470000,65600,15,PRD_000052;PRD_000053;PRD_000054;PRD_000055;PRD_000056;PRD_000057;PRD_000058;PRD_000059;PRD_000060;PRD_000061;PRD_000062;PRD_000063;PRD_000064
COMP_STK_PRINT,PRICE_TYPE.01,SIZ_000062,MAT_000593,350,400,1675800,1600000,75800,19,PRD_000052;PRD_000053;PRD_000054;PRD_000055;PRD_000056;PRD_000057;PRD_000058;PRD_000059;PRD_000060;PRD_000061;PRD_000062;PRD_000063;PRD_000064
COMP_STK_PRINT,PRICE_TYPE.01,SIZ_000063,MAT_000593,50,60,312700,312000,700,1,PRD_000052;PRD_000053;PRD_000054;PRD_000055;PRD_000056;PRD_000057;PRD_000058;PRD_000059;PRD_000060;PRD_000061;PRD_000062;PRD_000063;PRD_000064
COMP_STK_PRINT,PRICE_TYPE.01,SIZ_000063,MAT_000593,100,120,618800,612000,6800,2,PRD_000052;PRD_000053;PRD_000054;PRD_000055;PRD_000056;PRD_000057;PRD_000058;PRD_000059;PRD_000060;PRD_000061;PRD_000062;PRD_000063;PRD_000064
COMP_STK_PRINT,PRICE_TYPE.01,SIZ_000063,MAT_000593,125,140,708900,700000,8900,2,PRD_000052;PRD_000053;PRD_000054;PRD_000055;PRD_000056;PRD_000057;PRD_000058;PRD_000059;PRD_000060;PRD_000061;PRD_000062;PRD_000063;PRD_000064
COMP_STK_PRINT,PRICE_TYPE.01,SIZ_000063,MAT_000593,150,160,795000,768000,27000,6,PRD_000052;PRD_000053;PRD_000054;PRD_000055;PRD_000056;PRD_000057;PRD_000058;PRD_000059;PRD_000060;PRD_000061;PRD_000062;PRD_000063;PRD_000064
COMP_STK_PRINT,PRICE_TYPE.01,SIZ_000063,MAT_000593,200,250,1195200,1150000,45200,10,PRD_000052;PRD_000053;PRD_000054;PRD_000055;PRD_000056;PRD_000057;PRD_000058;PRD_000059;PRD_000060;PRD_000061;PRD_000062;PRD_000063;PRD_000064
COMP_STK_PRINT,PRICE_TYPE.01,SIZ_000063,MAT_000593,250,300,1375400,1320000,55400,13,PRD_000052;PRD_000053;PRD_000054;PRD_000055;PRD_000056;PRD_000057;PRD_000058;PRD_000059;PRD_000060;PRD_000061;PRD_000062;PRD_000063;PRD_000064
COMP_STK_PRINT,PRICE_TYPE.01,SIZ_000063,MAT_000593,300,350,1535600,1470000,65600,15,PRD_000052;PRD_000053;PRD_000054;PRD_000055;PRD_000056;PRD_000057;PRD_000058;PRD_000059;PRD_000060;PRD_000061;PRD_000062;PRD_000063;PRD_000064
COMP_STK_PRINT,PRICE_TYPE.01,SIZ_000063,MAT_000593,350,400,1675800,1600000,75800,19,PRD_000052;PRD_000053;PRD_000054;PRD_000055;PRD_000056;PRD_000057;PRD_000058;PRD_000059;PRD_000060;PRD_000061;PRD_000062;PRD_000063;PRD_000064
COMP_STK_PRINT,PRICE_TYPE.01,SIZ_000064,MAT_000593,50,60,312700,312000,700,1,PRD_000052;PRD_000053;PRD_000054;PRD_000055;PRD_000056;PRD_000057;PRD_000058;PRD_000059;PRD_000060;PRD_000061;PRD_000062;PRD_000063;PRD_000064
COMP_STK_PRINT,PRICE_TYPE.01,SIZ_000064,MAT_000593,100,120,618800,612000,6800,2,PRD_000052;PRD_000053;PRD_000054;PRD_000055;PRD_000056;PRD_000057;PRD_000058;PRD_000059;PRD_000060;PRD_000061;PRD_000062;PRD_000063;PRD_000064
COMP_STK_PRINT,PRICE_TYPE.01,SIZ_000064,MAT_000593,125,140,708900,700000,8900,2,PRD_000052;PRD_000053;PRD_000054;PRD_000055;PRD_000056;PRD_000057;PRD_000058;PRD_000059;PRD_000060;PRD_000061;PRD_000062;PRD_000063;PRD_000064
COMP_STK_PRINT,PRICE_TYPE.01,SIZ_000064,MAT_000593,150,160,795000,768000,27000,6,PRD_000052;PRD_000053;PRD_000054;PRD_000055;PRD_000056;PRD_000057;PRD_000058;PRD_000059;PRD_000060;PRD_000061;PRD_000062;PRD_000063;PRD_000064
COMP_STK_PRINT,PRICE_TYPE.01,SIZ_000064,MAT_000593,200,250,1195200,1150000,45200,10,PRD_000052;PRD_000053;PRD_000054;PRD_000055;PRD_000056;PRD_000057;PRD_000058;PRD_000059;PRD_000060;PRD_000061;PRD_000062;PRD_000063;PRD_000064
COMP_STK_PRINT,PRICE_TYPE.01,SIZ_000064,MAT_000593,250,300,1375400,1320000,55400,13,PRD_000052;PRD_000053;PRD_000054;PRD_000055;PRD_000056;PRD_000057;PRD_000058;PRD_000059;PRD_000060;PRD_000061;PRD_000062;PRD_000063;PRD_000064
COMP_STK_PRINT,PRICE_TYPE.01,SIZ_000064,MAT_000593,300,350,1535600,1470000,65600,15,PRD_000052;PRD_000053;PRD_000054;PRD_000055;PRD_000056;PRD_000057;PRD_000058;PRD_000059;PRD_000060;PRD_000061;PRD_000062;PRD_000063;PRD_000064
COMP_STK_PRINT,PRICE_TYPE.01,SIZ_000064,MAT_000593,350,400,1675800,1600000,75800,19,PRD_000052;PRD_000053;PRD_000054;PRD_000055;PRD_000056;PRD_000057;PRD_000058;PRD_000059;PRD_000060;PRD_000061;PRD_000062;PRD_000063;PRD_000064
COMP_STK_PRINT,PRICE_TYPE.01,SIZ_000065,MAT_000593,50,60,312700,312000,700,1,PRD_000052;PRD_000053;PRD_000054;PRD_000055;PRD_000056;PRD_000057;PRD_000058;PRD_000059;PRD_000060;PRD_000061;PRD_000062;PRD_000063;PRD_000064
COMP_STK_PRINT,PRICE_TYPE.01,SIZ_000065,MAT_000593,100,120,618800,612000,6800,2,PRD_000052;PRD_000053;PRD_000054;PRD_000055;PRD_000056;PRD_000057;PRD_000058;PRD_000059;PRD_000060;PRD_000061;PRD_000062;PRD_000063;PRD_000064
COMP_STK_PRINT,PRICE_TYPE.01,SIZ_000065,MAT_000593,125,140,708900,700000,8900,2,PRD_000052;PRD_000053;PRD_000054;PRD_000055;PRD_000056;PRD_000057;PRD_000058;PRD_000059;PRD_000060;PRD_000061;PRD_000062;PRD_000063;PRD_000064
COMP_STK_PRINT,PRICE_TYPE.01,SIZ_000065,MAT_000593,150,160,795000,768000,27000,6,PRD_000052;PRD_000053;PRD_000054;PRD_000055;PRD_000056;PRD_000057;PRD_000058;PRD_000059;PRD_000060;PRD_000061;PRD_000062;PRD_000063;PRD_000064
COMP_STK_PRINT,PRICE_TYPE.01,SIZ_000065,MAT_000593,200,250,1195200,1150000,45200,10,PRD_000052;PRD_000053;PRD_000054;PRD_000055;PRD_000056;PRD_000057;PRD_000058;PRD_000059;PRD_000060;PRD_000061;PRD_000062;PRD_000063;PRD_000064
COMP_STK_PRINT,PRICE_TYPE.01,SIZ_000065,MAT_000593,250,300,1375400,1320000,55400,13,PRD_000052;PRD_000053;PRD_000054;PRD_000055;PRD_000056;PRD_000057;PRD_000058;PRD_000059;PRD_000060;PRD_000061;PRD_000062;PRD_000063;PRD_000064
COMP_STK_PRINT,PRICE_TYPE.01,SIZ_000065,MAT_000593,300,350,1535600,1470000,65600,15,PRD_000052;PRD_000053;PRD_000054;PRD_000055;PRD_000056;PRD_000057;PRD_000058;PRD_000059;PRD_000060;PRD_000061;PRD_000062;PRD_000063;PRD_000064
COMP_STK_PRINT,PRICE_TYPE.01,SIZ_000065,MAT_000593,350,400,1675800,1600000,75800,19,PRD_000052;PRD_000053;PRD_000054;PRD_000055;PRD_000056;PRD_000057;PRD_000058;PRD_000059;PRD_000060;PRD_000061;PRD_000062;PRD_000063;PRD_000064
COMP_STK_PRINT,PRICE_TYPE.01,SIZ_000057,MAT_000371,70,75,510600,502500,8100,2,PRD_000052;PRD_000053;PRD_000054;PRD_000055;PRD_000056;PRD_000057;PRD_000058;PRD_000059;PRD_000060;PRD_000061;PRD_000062;PRD_000063;PRD_000064
COMP_STK_PRINT,PRICE_TYPE.01,SIZ_000057,MAT_000371,160,175,1165800,1137500,28300,5,PRD_000052;PRD_000053;PRD_000054;PRD_000055;PRD_000056;PRD_000057;PRD_000058;PRD_000059;PRD_000060;PRD_000061;PRD_000062;PRD_000063;PRD_000064
COMP_STK_PRINT,PRICE_TYPE.01,SIZ_000057,MAT_000371,180,200,1293500,1260000,33500,6,PRD_000052;PRD_000053;PRD_000054;PRD_000055;PRD_000056;PRD_000057;PRD_000058;PRD_000059;PRD_000060;PRD_000061;PRD_000062;PRD_000063;PRD_000064
COMP_STK_PRINT,PRICE_TYPE.01,SIZ_000057,MAT_000371,200,250,1568700,1525000,43700,7,PRD_000052;PRD_000053;PRD_000054;PRD_000055;PRD_000056;PRD_000057;PRD_000058;PRD_000059;PRD_000060;PRD_000061;PRD_000062;PRD_000063;PRD_000064
COMP_STK_PRINT,PRICE_TYPE.01,SIZ_000057,MAT_000371,250,300,1823900,1770000,53900,9,PRD_000052;PRD_000053;PRD_000054;PRD_000055;PRD_000056;PRD_000057;PRD_000058;PRD_000059;PRD_000060;PRD_000061;PRD_000062;PRD_000063;PRD_000064
COMP_STK_PRINT,PRICE_TYPE.01,SIZ_000057,MAT_000371,300,350,2059100,1995000,64100,11,PRD_000052;PRD_000053;PRD_000054;PRD_000055;PRD_000056;PRD_000057;PRD_000058;PRD_000059;PRD_000060;PRD_000061;PRD_000062;PRD_000063;PRD_000064
COMP_STK_PRINT,PRICE_TYPE.01,SIZ_000057,MAT_000371,350,400,2274300,2200000,74300,14,PRD_000052;PRD_000053;PRD_000054;PRD_000055;PRD_000056;PRD_000057;PRD_000058;PRD_000059;PRD_000060;PRD_000061;PRD_000062;PRD_000063;PRD_000064
COMP_STK_PRINT,PRICE_TYPE.01,SIZ_000057,MAT_000584,70,75,436600,427500,9100,2,PRD_000052;PRD_000053;PRD_000054;PRD_000055;PRD_000056;PRD_000057;PRD_000058;PRD_000059;PRD_000060;PRD_000061;PRD_000062;PRD_000063;PRD_000064
COMP_STK_PRINT,PRICE_TYPE.01,SIZ_000057,MAT_000584,160,175,991800,962500,29300,6,PRD_000052;PRD_000053;PRD_000054;PRD_000055;PRD_000056;PRD_000057;PRD_000058;PRD_000059;PRD_000060;PRD_000061;PRD_000062;PRD_000063;PRD_000064
COMP_STK_PRINT,PRICE_TYPE.01,SIZ_000057,MAT_000584,180,200,1094500,1060000,34500,7,PRD_000052;PRD_000053;PRD_000054;PRD_000055;PRD_000056;PRD_000057;PRD_000058;PRD_000059;PRD_000060;PRD_000061;PRD_000062;PRD_000063;PRD_000064
COMP_STK_PRINT,PRICE_TYPE.01,SIZ_000057,MAT_000584,200,250,1319700,1275000,44700,9,PRD_000052;PRD_000053;PRD_000054;PRD_000055;PRD_000056;PRD_000057;PRD_000058;PRD_000059;PRD_000060;PRD_000061;PRD_000062;PRD_000063;PRD_000064
COMP_STK_PRINT,PRICE_TYPE.01,SIZ_000057,MAT_000584,250,300,1524900,1470000,54900,11,PRD_000052;PRD_000053;PRD_000054;PRD_000055;PRD_000056;PRD_000057;PRD_000058;PRD_000059;PRD_000060;PRD_000061;PRD_000062;PRD_000063;PRD_000064
COMP_STK_PRINT,PRICE_TYPE.01,SIZ_000057,MAT_000584,300,350,1710100,1645000,65100,14,PRD_000052;PRD_000053;PRD_000054;PRD_000055;PRD_000056;PRD_000057;PRD_000058;PRD_000059;PRD_000060;PRD_000061;PRD_000062;PRD_000063;PRD_000064
COMP_STK_PRINT,PRICE_TYPE.01,SIZ_000057,MAT_000584,350,400,1875300,1800000,75300,17,PRD_000052;PRD_000053;PRD_000054;PRD_000055;PRD_000056;PRD_000057;PRD_000058;PRD_000059;PRD_000060;PRD_000061;PRD_000062;PRD_000063;PRD_000064
COMP_STK_PRINT,PRICE_TYPE.01,SIZ_000057,MAT_000372,70,75,510600,502500,8100,2,PRD_000052;PRD_000053;PRD_000054;PRD_000055;PRD_000056;PRD_000057;PRD_000058;PRD_000059;PRD_000060;PRD_000061;PRD_000062;PRD_000063;PRD_000064
COMP_STK_PRINT,PRICE_TYPE.01,SIZ_000057,MAT_000372,160,175,1165800,1137500,28300,5,PRD_000052;PRD_000053;PRD_000054;PRD_000055;PRD_000056;PRD_000057;PRD_000058;PRD_000059;PRD_000060;PRD_000061;PRD_000062;PRD_000063;PRD_000064
COMP_STK_PRINT,PRICE_TYPE.01,SIZ_000057,MAT_000372,180,200,1293500,1260000,33500,6,PRD_000052;PRD_000053;PRD_000054;PRD_000055;PRD_000056;PRD_000057;PRD_000058;PRD_000059;PRD_000060;PRD_000061;PRD_000062;PRD_000063;PRD_000064
COMP_STK_PRINT,PRICE_TYPE.01,SIZ_000057,MAT_000372,200,250,1568700,1525000,43700,7,PRD_000052;PRD_000053;PRD_000054;PRD_000055;PRD_000056;PRD_000057;PRD_000058;PRD_000059;PRD_000060;PRD_000061;PRD_000062;PRD_000063;PRD_000064
COMP_STK_PRINT,PRICE_TYPE.01,SIZ_000057,MAT_000372,250,300,1823900,1770000,53900,9,PRD_000052;PRD_000053;PRD_000054;PRD_000055;PRD_000056;PRD_000057;PRD_000058;PRD_000059;PRD_000060;PRD_000061;PRD_000062;PRD_000063;PRD_000064
COMP_STK_PRINT,PRICE_TYPE.01,SIZ_000057,MAT_000372,300,350,2059100,1995000,64100,11,PRD_000052;PRD_000053;PRD_000054;PRD_000055;PRD_000056;PRD_000057;PRD_000058;PRD_000059;PRD_000060;PRD_000061;PRD_000062;PRD_000063;PRD_000064
COMP_STK_PRINT,PRICE_TYPE.01,SIZ_000057,MAT_000372,350,400,2274300,2200000,74300,14,PRD_000052;PRD_000053;PRD_000054;PRD_000055;PRD_000056;PRD_000057;PRD_000058;PRD_000059;PRD_000060;PRD_000061;PRD_000062;PRD_000063;PRD_000064
COMP_STK_PRINT,PRICE_TYPE.01,SIZ_000057,MAT_000585,70,75,510600,502500,8100,2,PRD_000052;PRD_000053;PRD_000054;PRD_000055;PRD_000056;PRD_000057;PRD_000058;PRD_000059;PRD_000060;PRD_000061;PRD_000062;PRD_000063;PRD_000064
COMP_STK_PRINT,PRICE_TYPE.01,SIZ_000057,MAT_000585,160,175,1165800,1137500,28300,5,PRD_000052;PRD_000053;PRD_000054;PRD_000055;PRD_000056;PRD_000057;PRD_000058;PRD_000059;PRD_000060;PRD_000061;PRD_000062;PRD_000063;PRD_000064
COMP_STK_PRINT,PRICE_TYPE.01,SIZ_000057,MAT_000585,180,200,1293500,1260000,33500,6,PRD_000052;PRD_000053;PRD_000054;PRD_000055;PRD_000056;PRD_000057;PRD_000058;PRD_000059;PRD_000060;PRD_000061;PRD_000062;PRD_000063;PRD_000064
COMP_STK_PRINT,PRICE_TYPE.01,SIZ_000057,MAT_000585,200,250,1568700,1525000,43700,7,PRD_000052;PRD_000053;PRD_000054;PRD_000055;PRD_000056;PRD_000057;PRD_000058;PRD_000059;PRD_000060;PRD_000061;PRD_000062;PRD_000063;PRD_000064
COMP_STK_PRINT,PRICE_TYPE.01,SIZ_000057,MAT_000585,250,300,1823900,1770000,53900,9,PRD_000052;PRD_000053;PRD_000054;PRD_000055;PRD_000056;PRD_000057;PRD_000058;PRD_000059;PRD_000060;PRD_000061;PRD_000062;PRD_000063;PRD_000064
COMP_STK_PRINT,PRICE_TYPE.01,SIZ_000057,MAT_000585,300,350,2059100,1995000,64100,11,PRD_000052;PRD_000053;PRD_000054;PRD_000055;PRD_000056;PRD_000057;PRD_000058;PRD_000059;PRD_000060;PRD_000061;PRD_000062;PRD_000063;PRD_000064
COMP_STK_PRINT,PRICE_TYPE.01,SIZ_000057,MAT_000585,350,400,2274300,2200000,74300,14,PRD_000052;PRD_000053;PRD_000054;PRD_000055;PRD_000056;PRD_000057;PRD_000058;PRD_000059;PRD_000060;PRD_000061;PRD_000062;PRD_000063;PRD_000064
COMP_STK_PRINT,PRICE_TYPE.01,SIZ_000057,MAT_000586,70,75,510600,502500,8100,2,PRD_000052;PRD_000053;PRD_000054;PRD_000055;PRD_000056;PRD_000057;PRD_000058;PRD_000059;PRD_000060;PRD_000061;PRD_000062;PRD_000063;PRD_000064
COMP_STK_PRINT,PRICE_TYPE.01,SIZ_000057,MAT_000586,160,175,1165800,1137500,28300,5,PRD_000052;PRD_000053;PRD_000054;PRD_000055;PRD_000056;PRD_000057;PRD_000058;PRD_000059;PRD_000060;PRD_000061;PRD_000062;PRD_000063;PRD_000064
COMP_STK_PRINT,PRICE_TYPE.01,SIZ_000057,MAT_000586,180,200,1293500,1260000,33500,6,PRD_000052;PRD_000053;PRD_000054;PRD_000055;PRD_000056;PRD_000057;PRD_000058;PRD_000059;PRD_000060;PRD_000061;PRD_000062;PRD_000063;PRD_000064
COMP_STK_PRINT,PRICE_TYPE.01,SIZ_000057,MAT_000586,200,250,1568700,1525000,43700,7,PRD_000052;PRD_000053;PRD_000054;PRD_000055;PRD_000056;PRD_000057;PRD_000058;PRD_000059;PRD_000060;PRD_000061;PRD_000062;PRD_000063;PRD_000064
COMP_STK_PRINT,PRICE_TYPE.01,SIZ_000057,MAT_000586,250,300,1823900,1770000,53900,9,PRD_000052;PRD_000053;PRD_000054;PRD_000055;PRD_000056;PRD_000057;PRD_000058;PRD_000059;PRD_000060;PRD_000061;PRD_000062;PRD_000063;PRD_000064
COMP_STK_PRINT,PRICE_TYPE.01,SIZ_000057,MAT_000586,300,350,2059100,1995000,64100,11,PRD_000052;PRD_000053;PRD_000054;PRD_000055;PRD_000056;PRD_000057;PRD_000058;PRD_000059;PRD_000060;PRD_000061;PRD_000062;PRD_000063;PRD_000064
COMP_STK_PRINT,PRICE_TYPE.01,SIZ_000057,MAT_000586,350,400,2274300,2200000,74300,14,PRD_000052;PRD_000053;PRD_000054;PRD_000055;PRD_000056;PRD_000057;PRD_000058;PRD_000059;PRD_000060;PRD_000061;PRD_000062;PRD_000063;PRD_000064
COMP_STK_PRINT,PRICE_TYPE.01,SIZ_000057,MAT_000609,70,75,436600,427500,9100,2,PRD_000052;PRD_000053;PRD_000054;PRD_000055;PRD_000056;PRD_000057;PRD_000058;PRD_000059;PRD_000060;PRD_000061;PRD_000062;PRD_000063;PRD_000064
COMP_STK_PRINT,PRICE_TYPE.01,SIZ_000057,MAT_000609,160,175,991800,962500,29300,6,PRD_000052;PRD_000053;PRD_000054;PRD_000055;PRD_000056;PRD_000057;PRD_000058;PRD_000059;PRD_000060;PRD_000061;PRD_000062;PRD_000063;PRD_000064
COMP_STK_PRINT,PRICE_TYPE.01,SIZ_000057,MAT_000609,180,200,1094500,1060000,34500,7,PRD_000052;PRD_000053;PRD_000054;PRD_000055;PRD_000056;PRD_000057;PRD_000058;PRD_000059;PRD_000060;PRD_000061;PRD_000062;PRD_000063;PRD_000064
COMP_STK_PRINT,PRICE_TYPE.01,SIZ_000057,MAT_000609,200,250,1319700,1275000,44700,9,PRD_000052;PRD_000053;PRD_000054;PRD_000055;PRD_000056;PRD_000057;PRD_000058;PRD_000059;PRD_000060;PRD_000061;PRD_000062;PRD_000063;PRD_000064
COMP_STK_PRINT,PRICE_TYPE.01,SIZ_000057,MAT_000609,250,300,1524900,1470000,54900,11,PRD_000052;PRD_000053;PRD_000054;PRD_000055;PRD_000056;PRD_000057;PRD_000058;PRD_000059;PRD_000060;PRD_000061;PRD_000062;PRD_000063;PRD_000064
COMP_STK_PRINT,PRICE_TYPE.01,SIZ_000057,MAT_000609,300,350,1710100,1645000,65100,14,PRD_000052;PRD_000053;PRD_000054;PRD_000055;PRD_000056;PRD_000057;PRD_000058;PRD_000059;PRD_000060;PRD_000061;PRD_000062;PRD_000063;PRD_000064
COMP_STK_PRINT,PRICE_TYPE.01,SIZ_000057,MAT_000609,350,400,1875300,1800000,75300,17,PRD_000052;PRD_000053;PRD_000054;PRD_000055;PRD_000056;PRD_000057;PRD_000058;PRD_000059;PRD_000060;PRD_000061;PRD_000062;PRD_000063;PRD_000064
COMP_STK_PRINT,PRICE_TYPE.01,SIZ_000057,MAT_000611,70,75,436600,427500,9100,2,PRD_000052;PRD_000053;PRD_000054;PRD_000055;PRD_000056;PRD_000057;PRD_000058;PRD_000059;PRD_000060;PRD_000061;PRD_000062;PRD_000063;PRD_000064
COMP_STK_PRINT,PRICE_TYPE.01,SIZ_000057,MAT_000611,160,175,991800,962500,29300,6,PRD_000052;PRD_000053;PRD_000054;PRD_000055;PRD_000056;PRD_000057;PRD_000058;PRD_000059;PRD_000060;PRD_000061;PRD_000062;PRD_000063;PRD_000064
COMP_STK_PRINT,PRICE_TYPE.01,SIZ_000057,MAT_000611,180,200,1094500,1060000,34500,7,PRD_000052;PRD_000053;PRD_000054;PRD_000055;PRD_000056;PRD_000057;PRD_000058;PRD_000059;PRD_000060;PRD_000061;PRD_000062;PRD_000063;PRD_000064
COMP_STK_PRINT,PRICE_TYPE.01,SIZ_000057,MAT_000611,200,250,1319700,1275000,44700,9,PRD_000052;PRD_000053;PRD_000054;PRD_000055;PRD_000056;PRD_000057;PRD_000058;PRD_000059;PRD_000060;PRD_000061;PRD_000062;PRD_000063;PRD_000064
COMP_STK_PRINT,PRICE_TYPE.01,SIZ_000057,MAT_000611,250,300,1524900,1470000,54900,11,PRD_000052;PRD_000053;PRD_000054;PRD_000055;PRD_000056;PRD_000057;PRD_000058;PRD_000059;PRD_000060;PRD_000061;PRD_000062;PRD_000063;PRD_000064
COMP_STK_PRINT,PRICE_TYPE.01,SIZ_000057,MAT_000611,300,350,1710100,1645000,65100,14,PRD_000052;PRD_000053;PRD_000054;PRD_000055;PRD_000056;PRD_000057;PRD_000058;PRD_000059;PRD_000060;PRD_000061;PRD_000062;PRD_000063;PRD_000064
COMP_STK_PRINT,PRICE_TYPE.01,SIZ_000057,MAT_000611,350,400,1875300,1800000,75300,17,PRD_000052;PRD_000053;PRD_000054;PRD_000055;PRD_000056;PRD_000057;PRD_000058;PRD_000059;PRD_000060;PRD_000061;PRD_000062;PRD_000063;PRD_000064
COMP_TTEOKME,PRICE_TYPE.01,SIZ_000119,50,6,12,33000,27600,5400,2,PRD_000097
COMP_TTEOKME,PRICE_TYPE.01,SIZ_000119,50,18,24,50600,50400,200,1,PRD_000097
COMP_TTEOKME,PRICE_TYPE.01,SIZ_000119,50,24,30,60900,60000,900,1,PRD_000097
COMP_TTEOKME,PRICE_TYPE.01,SIZ_000119,50,30,36,70000,68400,1600,1,PRD_000097
COMP_TTEOKME,PRICE_TYPE.01,SIZ_000119,50,36,42,77900,75600,2300,2,PRD_000097
COMP_TTEOKME,PRICE_TYPE.01,SIZ_000119,50,42,48,84600,81600,3000,2,PRD_000097
COMP_TTEOKME,PRICE_TYPE.01,SIZ_000119,50,48,54,90100,86400,3700,3,PRD_000097
COMP_TTEOKME,PRICE_TYPE.01,SIZ_000119,50,54,60,94400,90000,4400,3,PRD_000097
COMP_TTEOKME,PRICE_TYPE.01,SIZ_000119,50,60,66,97500,92400,5100,4,PRD_000097
COMP_TTEOKME,PRICE_TYPE.01,SIZ_000119,50,66,84,116200,113400,2800,2,PRD_000097
COMP_TTEOKME,PRICE_TYPE.01,SIZ_000119,50,84,108,144450,140400,4050,3,PRD_000097
COMP_TTEOKME,PRICE_TYPE.01,SIZ_000119,50,108,120,154700,150000,4700,4,PRD_000097
COMP_TTEOKME,PRICE_TYPE.01,SIZ_000119,50,120,156,193750,187200,6550,6,PRD_000097
COMP_TTEOKME,PRICE_TYPE.01,SIZ_000119,50,156,180,214800,207000,7800,7,PRD_000097
COMP_TTEOKME,PRICE_TYPE.01,SIZ_000119,50,180,204,233450,224400,9050,8,PRD_000097
COMP_TTEOKME,PRICE_TYPE.01,SIZ_000119,50,264,300,328900,315000,13900,13,PRD_000097
COMP_TTEOKME,PRICE_TYPE.01,SIZ_000119,50,300,324,339150,324000,15150,15,PRD_000097
COMP_TTEOKME,PRICE_TYPE.01,SIZ_000119,50,396,420,419000,399000,20000,20,PRD_000097
COMP_TTEOKME,PRICE_TYPE.01,SIZ_000119,50,456,504,477850,453600,24250,26,PRD_000097
COMP_TTEOKME,PRICE_TYPE.01,SIZ_000119,50,540,600,539100,510000,29100,33,PRD_000097
COMP_TTEOKME,PRICE_TYPE.01,SIZ_000119,100,6,12,35200,30000,5200,2,PRD_000097
COMP_TTEOKME,PRICE_TYPE.01,SIZ_000119,100,24,30,66700,66000,700,1,PRD_000097
COMP_TTEOKME,PRICE_TYPE.01,SIZ_000119,100,30,36,77000,75600,1400,1,PRD_000097
COMP_TTEOKME,PRICE_TYPE.01,SIZ_000119,100,36,42,86100,84000,2100,1,PRD_000097
COMP_TTEOKME,PRICE_TYPE.01,SIZ_000119,100,42,48,94000,91200,2800,2,PRD_000097
COMP_TTEOKME,PRICE_TYPE.01,SIZ_000119,100,48,54,100700,97200,3500,2,PRD_000097
COMP_TTEOKME,PRICE_TYPE.01,SIZ_000119,100,54,60,106200,102000,4200,3,PRD_000097
COMP_TTEOKME,PRICE_TYPE.01,SIZ_000119,100,60,66,110500,105600,4900,3,PRD_000097
COMP_TTEOKME,PRICE_TYPE.01,SIZ_000119,100,66,84,132800,130200,2600,2,PRD_000097
COMP_TTEOKME,PRICE_TYPE.01,SIZ_000119,100,84,108,165850,162000,3850,3,PRD_000097
COMP_TTEOKME,PRICE_TYPE.01,SIZ_000119,100,108,120,178500,174000,4500,3,PRD_000097
COMP_TTEOKME,PRICE_TYPE.01,SIZ_000119,100,120,156,224750,218400,6350,5,PRD_000097
COMP_TTEOKME,PRICE_TYPE.01,SIZ_000119,100,156,180,250600,243000,7600,6,PRD_000097
COMP_TTEOKME,PRICE_TYPE.01,SIZ_000119,100,180,204,274050,265200,8850,7,PRD_000097
COMP_TTEOKME,PRICE_TYPE.01,SIZ_000119,100,264,300,388700,375000,13700,11,PRD_000097
COMP_TTEOKME,PRICE_TYPE.01,SIZ_000119,100,300,324,403750,388800,14950,12,PRD_000097
COMP_TTEOKME,PRICE_TYPE.01,SIZ_000119,100,396,420,502800,483000,19800,17,PRD_000097
COMP_TTEOKME,PRICE_TYPE.01,SIZ_000119,100,456,504,578450,554400,24050,21,PRD_000097
COMP_TTEOKME,PRICE_TYPE.01,SIZ_000119,100,540,600,658900,630000,28900,27,PRD_000097
COMP_TTEOKME,PRICE_TYPE.01,SIZ_000266,50,6,12,33000,27600,5400,2,PRD_000097
COMP_TTEOKME,PRICE_TYPE.01,SIZ_000266,50,18,24,50600,50400,200,1,PRD_000097
COMP_TTEOKME,PRICE_TYPE.01,SIZ_000266,50,24,30,60900,60000,900,1,PRD_000097
COMP_TTEOKME,PRICE_TYPE.01,SIZ_000266,50,30,36,70000,68400,1600,1,PRD_000097
COMP_TTEOKME,PRICE_TYPE.01,SIZ_000266,50,36,42,77900,75600,2300,2,PRD_000097
COMP_TTEOKME,PRICE_TYPE.01,SIZ_000266,50,42,48,84600,81600,3000,2,PRD_000097
COMP_TTEOKME,PRICE_TYPE.01,SIZ_000266,50,48,54,90100,86400,3700,3,PRD_000097
COMP_TTEOKME,PRICE_TYPE.01,SIZ_000266,50,54,60,94400,90000,4400,3,PRD_000097
COMP_TTEOKME,PRICE_TYPE.01,SIZ_000266,50,60,66,97500,92400,5100,4,PRD_000097
COMP_TTEOKME,PRICE_TYPE.01,SIZ_000266,50,66,84,116200,113400,2800,2,PRD_000097
COMP_TTEOKME,PRICE_TYPE.01,SIZ_000266,50,84,108,144450,140400,4050,3,PRD_000097
COMP_TTEOKME,PRICE_TYPE.01,SIZ_000266,50,108,120,154700,150000,4700,4,PRD_000097
COMP_TTEOKME,PRICE_TYPE.01,SIZ_000266,50,120,156,193750,187200,6550,6,PRD_000097
COMP_TTEOKME,PRICE_TYPE.01,SIZ_000266,50,156,180,214800,207000,7800,7,PRD_000097
COMP_TTEOKME,PRICE_TYPE.01,SIZ_000266,50,180,204,233450,224400,9050,8,PRD_000097
COMP_TTEOKME,PRICE_TYPE.01,SIZ_000266,50,264,300,328900,315000,13900,13,PRD_000097
COMP_TTEOKME,PRICE_TYPE.01,SIZ_000266,50,300,324,339150,324000,15150,15,PRD_000097
COMP_TTEOKME,PRICE_TYPE.01,SIZ_000266,50,396,420,419000,399000,20000,20,PRD_000097
COMP_TTEOKME,PRICE_TYPE.01,SIZ_000266,50,456,504,477850,453600,24250,26,PRD_000097
COMP_TTEOKME,PRICE_TYPE.01,SIZ_000266,50,540,600,539100,510000,29100,33,PRD_000097
COMP_TTEOKME,PRICE_TYPE.01,SIZ_000266,100,6,12,35200,30000,5200,2,PRD_000097
COMP_TTEOKME,PRICE_TYPE.01,SIZ_000266,100,24,30,66700,66000,700,1,PRD_000097
COMP_TTEOKME,PRICE_TYPE.01,SIZ_000266,100,30,36,77000,75600,1400,1,PRD_000097
COMP_TTEOKME,PRICE_TYPE.01,SIZ_000266,100,36,42,86100,84000,2100,1,PRD_000097
COMP_TTEOKME,PRICE_TYPE.01,SIZ_000266,100,42,48,94000,91200,2800,2,PRD_000097
COMP_TTEOKME,PRICE_TYPE.01,SIZ_000266,100,48,54,100700,97200,3500,2,PRD_000097
COMP_TTEOKME,PRICE_TYPE.01,SIZ_000266,100,54,60,106200,102000,4200,3,PRD_000097
COMP_TTEOKME,PRICE_TYPE.01,SIZ_000266,100,60,66,110500,105600,4900,3,PRD_000097
COMP_TTEOKME,PRICE_TYPE.01,SIZ_000266,100,66,84,132800,130200,2600,2,PRD_000097
COMP_TTEOKME,PRICE_TYPE.01,SIZ_000266,100,84,108,165850,162000,3850,3,PRD_000097
COMP_TTEOKME,PRICE_TYPE.01,SIZ_000266,100,108,120,178500,174000,4500,3,PRD_000097
COMP_TTEOKME,PRICE_TYPE.01,SIZ_000266,100,120,156,224750,218400,6350,5,PRD_000097
COMP_TTEOKME,PRICE_TYPE.01,SIZ_000266,100,156,180,250600,243000,7600,6,PRD_000097
COMP_TTEOKME,PRICE_TYPE.01,SIZ_000266,100,180,204,274050,265200,8850,7,PRD_000097
COMP_TTEOKME,PRICE_TYPE.01,SIZ_000266,100,264,300,388700,375000,13700,11,PRD_000097
COMP_TTEOKME,PRICE_TYPE.01,SIZ_000266,100,300,324,403750,388800,14950,12,PRD_000097
COMP_TTEOKME,PRICE_TYPE.01,SIZ_000266,100,396,420,502800,483000,19800,17,PRD_000097
COMP_TTEOKME,PRICE_TYPE.01,SIZ_000266,100,456,504,578450,554400,24050,21,PRD_000097
COMP_TTEOKME,PRICE_TYPE.01,SIZ_000266,100,540,600,658900,630000,28900,27,PRD_000097
