comp_cd,comp_nm,sheet,block_id,block_title,geometry,dim,axis,channel,status,rate,axis_label,dim_codes,n_codes
COMP_ACRYL_CLEAR3T,투명아크릴 인쇄가공비,아크릴,B01,투명아크릴3T (직접입력형) 양면9도 / 단면7도 통용 단가,recovered,mat_cd,title,닫힌집합(0.75),ok,1.000,투명아크릴3T (직접입력형) 양면9도 / 단면7도 통용 단가,MAT_000386,1
COMP_ACRYL_CLEAR3T,투명아크릴 인쇄가공비,아크릴,B01,투명아크릴3T (직접입력형) 양면9도 / 단면7도 통용 단가,recovered,siz_width,row,수치파싱,ok,1.000,20mm,20,1
COMP_ACRYL_CLEAR3T,투명아크릴 인쇄가공비,아크릴,B01,투명아크릴3T (직접입력형) 양면9도 / 단면7도 통용 단가,recovered,siz_width,row,수치파싱,ok,1.000,30mm,30,1
COMP_ACRYL_CLEAR3T,투명아크릴 인쇄가공비,아크릴,B01,투명아크릴3T (직접입력형) 양면9도 / 단면7도 통용 단가,recovered,siz_width,row,수치파싱,ok,1.000,40mm,40,1
COMP_ACRYL_CLEAR3T,투명아크릴 인쇄가공비,아크릴,B01,투명아크릴3T (직접입력형) 양면9도 / 단면7도 통용 단가,recovered,siz_width,row,수치파싱,ok,1.000,50mm,50,1
COMP_ACRYL_CLEAR3T,투명아크릴 인쇄가공비,아크릴,B01,투명아크릴3T (직접입력형) 양면9도 / 단면7도 통용 단가,recovered,siz_width,row,수치파싱,ok,1.000,60mm,60,1
COMP_ACRYL_CLEAR3T,투명아크릴 인쇄가공비,아크릴,B01,투명아크릴3T (직접입력형) 양면9도 / 단면7도 통용 단가,recovered,siz_width,row,수치파싱,ok,1.000,70mm,70,1
COMP_ACRYL_CLEAR3T,투명아크릴 인쇄가공비,아크릴,B01,투명아크릴3T (직접입력형) 양면9도 / 단면7도 통용 단가,recovered,siz_width,row,수치파싱,ok,1.000,80mm,80,1
COMP_ACRYL_CLEAR3T,투명아크릴 인쇄가공비,아크릴,B01,투명아크릴3T (직접입력형) 양면9도 / 단면7도 통용 단가,recovered,siz_width,row,수치파싱,ok,1.000,90mm,90,1
COMP_ACRYL_CLEAR3T,투명아크릴 인쇄가공비,아크릴,B01,투명아크릴3T (직접입력형) 양면9도 / 단면7도 통용 단가,recovered,siz_width,row,수치파싱,ok,1.000,100mm,100,1
COMP_ACRYL_CLEAR3T,투명아크릴 인쇄가공비,아크릴,B01,투명아크릴3T (직접입력형) 양면9도 / 단면7도 통용 단가,recovered,siz_width,row,수치파싱,ok,1.000,120mm,120,1
COMP_ACRYL_CLEAR3T,투명아크릴 인쇄가공비,아크릴,B01,투명아크릴3T (직접입력형) 양면9도 / 단면7도 통용 단가,recovered,siz_width,row,수치파싱,ok,1.000,140mm,140,1
COMP_ACRYL_CLEAR3T,투명아크릴 인쇄가공비,아크릴,B01,투명아크릴3T (직접입력형) 양면9도 / 단면7도 통용 단가,recovered,siz_width,row,수치파싱,ok,1.000,160mm,160,1
COMP_ACRYL_CLEAR3T,투명아크릴 인쇄가공비,아크릴,B01,투명아크릴3T (직접입력형) 양면9도 / 단면7도 통용 단가,recovered,siz_width,row,수치파싱,ok,1.000,180mm,180,1
COMP_ACRYL_CLEAR3T,투명아크릴 인쇄가공비,아크릴,B01,투명아크릴3T (직접입력형) 양면9도 / 단면7도 통용 단가,recovered,siz_width,row,수치파싱,ok,1.000,200mm,200,1
COMP_ACRYL_CLEAR3T,투명아크릴 인쇄가공비,아크릴,B01,투명아크릴3T (직접입력형) 양면9도 / 단면7도 통용 단가,recovered,siz_height,band0,수치파싱,ok,1.000,20mm,20,1
COMP_ACRYL_CLEAR3T,투명아크릴 인쇄가공비,아크릴,B01,투명아크릴3T (직접입력형) 양면9도 / 단면7도 통용 단가,recovered,siz_height,band0,수치파싱,ok,1.000,30mm,30,1
COMP_ACRYL_CLEAR3T,투명아크릴 인쇄가공비,아크릴,B01,투명아크릴3T (직접입력형) 양면9도 / 단면7도 통용 단가,recovered,siz_height,band0,수치파싱,ok,1.000,40mm,40,1
COMP_ACRYL_CLEAR3T,투명아크릴 인쇄가공비,아크릴,B01,투명아크릴3T (직접입력형) 양면9도 / 단면7도 통용 단가,recovered,siz_height,band0,수치파싱,ok,1.000,50mm,50,1
COMP_ACRYL_CLEAR3T,투명아크릴 인쇄가공비,아크릴,B01,투명아크릴3T (직접입력형) 양면9도 / 단면7도 통용 단가,recovered,siz_height,band0,수치파싱,ok,1.000,60mm,60,1
COMP_ACRYL_CLEAR3T,투명아크릴 인쇄가공비,아크릴,B01,투명아크릴3T (직접입력형) 양면9도 / 단면7도 통용 단가,recovered,siz_height,band0,수치파싱,ok,1.000,70mm,70,1
COMP_ACRYL_CLEAR3T,투명아크릴 인쇄가공비,아크릴,B01,투명아크릴3T (직접입력형) 양면9도 / 단면7도 통용 단가,recovered,siz_height,band0,수치파싱,ok,1.000,80mm,80,1
COMP_ACRYL_CLEAR3T,투명아크릴 인쇄가공비,아크릴,B01,투명아크릴3T (직접입력형) 양면9도 / 단면7도 통용 단가,recovered,siz_height,band0,수치파싱,ok,1.000,90mm,90,1
COMP_ACRYL_CLEAR3T,투명아크릴 인쇄가공비,아크릴,B01,투명아크릴3T (직접입력형) 양면9도 / 단면7도 통용 단가,recovered,siz_height,band0,수치파싱,ok,1.000,100mm,100,1
COMP_ACRYL_CLEAR3T,투명아크릴 인쇄가공비,아크릴,B01,투명아크릴3T (직접입력형) 양면9도 / 단면7도 통용 단가,recovered,siz_height,band0,수치파싱,ok,1.000,120mm,120,1
COMP_ACRYL_CLEAR3T,투명아크릴 인쇄가공비,아크릴,B01,투명아크릴3T (직접입력형) 양면9도 / 단면7도 통용 단가,recovered,siz_height,band0,수치파싱,ok,1.000,140mm,140,1
COMP_ACRYL_CLEAR3T,투명아크릴 인쇄가공비,아크릴,B01,투명아크릴3T (직접입력형) 양면9도 / 단면7도 통용 단가,recovered,siz_height,band0,수치파싱,ok,1.000,160mm,160,1
COMP_ACRYL_CLEAR3T,투명아크릴 인쇄가공비,아크릴,B01,투명아크릴3T (직접입력형) 양면9도 / 단면7도 통용 단가,recovered,siz_height,band0,수치파싱,ok,1.000,180mm,180,1
COMP_ACRYL_CLEAR3T,투명아크릴 인쇄가공비,아크릴,B01,투명아크릴3T (직접입력형) 양면9도 / 단면7도 통용 단가,recovered,siz_height,band0,수치파싱,ok,1.000,200mm,200,1
COMP_ACRYL_CLEAR3T,투명아크릴 인쇄가공비,아크릴,B01,투명아크릴3T (직접입력형) 양면9도 / 단면7도 통용 단가,recovered,min_qty,(상수),라이브 단일값,constant,1.000,(블록 상수),1,1
COMP_ACRYL_CLEAR3T,투명아크릴 인쇄가공비,아크릴,B02,투명아크릴1.5T (직접입력형) 양면9도 / 단면7도 통용 단가,recovered,mat_cd,title,닫힌집합(0.78),ok,1.000,투명아크릴1.5T (직접입력형) 양면9도 / 단면7도 통용 단가,MAT_000387,1
COMP_ACRYL_CLEAR3T,투명아크릴 인쇄가공비,아크릴,B02,투명아크릴1.5T (직접입력형) 양면9도 / 단면7도 통용 단가,recovered,siz_width,row,수치파싱,ok,1.000,20mm,20,1
COMP_ACRYL_CLEAR3T,투명아크릴 인쇄가공비,아크릴,B02,투명아크릴1.5T (직접입력형) 양면9도 / 단면7도 통용 단가,recovered,siz_width,row,수치파싱,ok,1.000,30mm,30,1
COMP_ACRYL_CLEAR3T,투명아크릴 인쇄가공비,아크릴,B02,투명아크릴1.5T (직접입력형) 양면9도 / 단면7도 통용 단가,recovered,siz_width,row,수치파싱,ok,1.000,40mm,40,1
COMP_ACRYL_CLEAR3T,투명아크릴 인쇄가공비,아크릴,B02,투명아크릴1.5T (직접입력형) 양면9도 / 단면7도 통용 단가,recovered,siz_width,row,수치파싱,ok,1.000,50mm,50,1
COMP_ACRYL_CLEAR3T,투명아크릴 인쇄가공비,아크릴,B02,투명아크릴1.5T (직접입력형) 양면9도 / 단면7도 통용 단가,recovered,siz_width,row,수치파싱,ok,1.000,60mm,60,1
COMP_ACRYL_CLEAR3T,투명아크릴 인쇄가공비,아크릴,B02,투명아크릴1.5T (직접입력형) 양면9도 / 단면7도 통용 단가,recovered,siz_width,row,수치파싱,ok,1.000,70mm,70,1
COMP_ACRYL_CLEAR3T,투명아크릴 인쇄가공비,아크릴,B02,투명아크릴1.5T (직접입력형) 양면9도 / 단면7도 통용 단가,recovered,siz_width,row,수치파싱,ok,1.000,80mm,80,1
COMP_ACRYL_CLEAR3T,투명아크릴 인쇄가공비,아크릴,B02,투명아크릴1.5T (직접입력형) 양면9도 / 단면7도 통용 단가,recovered,siz_width,row,수치파싱,ok,1.000,90mm,90,1
COMP_ACRYL_CLEAR3T,투명아크릴 인쇄가공비,아크릴,B02,투명아크릴1.5T (직접입력형) 양면9도 / 단면7도 통용 단가,recovered,siz_width,row,수치파싱,ok,1.000,100mm,100,1
COMP_ACRYL_CLEAR3T,투명아크릴 인쇄가공비,아크릴,B02,투명아크릴1.5T (직접입력형) 양면9도 / 단면7도 통용 단가,recovered,siz_height,band0,수치파싱,ok,1.000,20mm,20,1
COMP_ACRYL_CLEAR3T,투명아크릴 인쇄가공비,아크릴,B02,투명아크릴1.5T (직접입력형) 양면9도 / 단면7도 통용 단가,recovered,siz_height,band0,수치파싱,ok,1.000,30mm,30,1
COMP_ACRYL_CLEAR3T,투명아크릴 인쇄가공비,아크릴,B02,투명아크릴1.5T (직접입력형) 양면9도 / 단면7도 통용 단가,recovered,siz_height,band0,수치파싱,ok,1.000,40mm,40,1
COMP_ACRYL_CLEAR3T,투명아크릴 인쇄가공비,아크릴,B02,투명아크릴1.5T (직접입력형) 양면9도 / 단면7도 통용 단가,recovered,siz_height,band0,수치파싱,ok,1.000,50mm,50,1
COMP_ACRYL_CLEAR3T,투명아크릴 인쇄가공비,아크릴,B02,투명아크릴1.5T (직접입력형) 양면9도 / 단면7도 통용 단가,recovered,siz_height,band0,수치파싱,ok,1.000,60mm,60,1
COMP_ACRYL_CLEAR3T,투명아크릴 인쇄가공비,아크릴,B02,투명아크릴1.5T (직접입력형) 양면9도 / 단면7도 통용 단가,recovered,siz_height,band0,수치파싱,ok,1.000,70mm,70,1
COMP_ACRYL_CLEAR3T,투명아크릴 인쇄가공비,아크릴,B02,투명아크릴1.5T (직접입력형) 양면9도 / 단면7도 통용 단가,recovered,siz_height,band0,수치파싱,ok,1.000,80mm,80,1
COMP_ACRYL_CLEAR3T,투명아크릴 인쇄가공비,아크릴,B02,투명아크릴1.5T (직접입력형) 양면9도 / 단면7도 통용 단가,recovered,siz_height,band0,수치파싱,ok,1.000,90mm,90,1
COMP_ACRYL_CLEAR3T,투명아크릴 인쇄가공비,아크릴,B02,투명아크릴1.5T (직접입력형) 양면9도 / 단면7도 통용 단가,recovered,siz_height,band0,수치파싱,ok,1.000,100mm,100,1
COMP_ACRYL_CLEAR3T,투명아크릴 인쇄가공비,아크릴,B02,투명아크릴1.5T (직접입력형) 양면9도 / 단면7도 통용 단가,recovered,min_qty,(상수),라이브 단일값,constant,1.000,(블록 상수),1,1
COMP_ACRYL_MIRROR3T,미러아크릴3T 인쇄가공비,아크릴,B03,미러아크릴3T (직접입력형) 전면5도 통용 단가,recovered,siz_width,row,수치파싱,ok,1.000,20mm,20,1
COMP_ACRYL_MIRROR3T,미러아크릴3T 인쇄가공비,아크릴,B03,미러아크릴3T (직접입력형) 전면5도 통용 단가,recovered,siz_width,row,수치파싱,ok,1.000,30mm,30,1
COMP_ACRYL_MIRROR3T,미러아크릴3T 인쇄가공비,아크릴,B03,미러아크릴3T (직접입력형) 전면5도 통용 단가,recovered,siz_width,row,수치파싱,ok,1.000,40mm,40,1
COMP_ACRYL_MIRROR3T,미러아크릴3T 인쇄가공비,아크릴,B03,미러아크릴3T (직접입력형) 전면5도 통용 단가,recovered,siz_width,row,수치파싱,ok,1.000,50mm,50,1
COMP_ACRYL_MIRROR3T,미러아크릴3T 인쇄가공비,아크릴,B03,미러아크릴3T (직접입력형) 전면5도 통용 단가,recovered,siz_width,row,수치파싱,ok,1.000,60mm,60,1
COMP_ACRYL_MIRROR3T,미러아크릴3T 인쇄가공비,아크릴,B03,미러아크릴3T (직접입력형) 전면5도 통용 단가,recovered,siz_width,row,수치파싱,ok,1.000,70mm,70,1
COMP_ACRYL_MIRROR3T,미러아크릴3T 인쇄가공비,아크릴,B03,미러아크릴3T (직접입력형) 전면5도 통용 단가,recovered,siz_width,row,수치파싱,ok,1.000,80mm,80,1
COMP_ACRYL_MIRROR3T,미러아크릴3T 인쇄가공비,아크릴,B03,미러아크릴3T (직접입력형) 전면5도 통용 단가,recovered,siz_width,row,수치파싱,ok,1.000,90mm,90,1
COMP_ACRYL_MIRROR3T,미러아크릴3T 인쇄가공비,아크릴,B03,미러아크릴3T (직접입력형) 전면5도 통용 단가,recovered,siz_width,row,수치파싱,ok,1.000,100mm,100,1
COMP_ACRYL_MIRROR3T,미러아크릴3T 인쇄가공비,아크릴,B03,미러아크릴3T (직접입력형) 전면5도 통용 단가,recovered,siz_height,band0,수치파싱,ok,1.000,20mm,20,1
COMP_ACRYL_MIRROR3T,미러아크릴3T 인쇄가공비,아크릴,B03,미러아크릴3T (직접입력형) 전면5도 통용 단가,recovered,siz_height,band0,수치파싱,ok,1.000,30mm,30,1
COMP_ACRYL_MIRROR3T,미러아크릴3T 인쇄가공비,아크릴,B03,미러아크릴3T (직접입력형) 전면5도 통용 단가,recovered,siz_height,band0,수치파싱,ok,1.000,40mm,40,1
COMP_ACRYL_MIRROR3T,미러아크릴3T 인쇄가공비,아크릴,B03,미러아크릴3T (직접입력형) 전면5도 통용 단가,recovered,siz_height,band0,수치파싱,ok,1.000,50mm,50,1
COMP_ACRYL_MIRROR3T,미러아크릴3T 인쇄가공비,아크릴,B03,미러아크릴3T (직접입력형) 전면5도 통용 단가,recovered,siz_height,band0,수치파싱,ok,1.000,60mm,60,1
COMP_ACRYL_MIRROR3T,미러아크릴3T 인쇄가공비,아크릴,B03,미러아크릴3T (직접입력형) 전면5도 통용 단가,recovered,siz_height,band0,수치파싱,ok,1.000,70mm,70,1
COMP_ACRYL_MIRROR3T,미러아크릴3T 인쇄가공비,아크릴,B03,미러아크릴3T (직접입력형) 전면5도 통용 단가,recovered,siz_height,band0,수치파싱,ok,1.000,80mm,80,1
COMP_ACRYL_MIRROR3T,미러아크릴3T 인쇄가공비,아크릴,B03,미러아크릴3T (직접입력형) 전면5도 통용 단가,recovered,siz_height,band0,수치파싱,ok,1.000,90mm,90,1
COMP_ACRYL_MIRROR3T,미러아크릴3T 인쇄가공비,아크릴,B03,미러아크릴3T (직접입력형) 전면5도 통용 단가,recovered,siz_height,band0,수치파싱,ok,1.000,100mm,100,1
COMP_ACRYL_MIRROR3T,미러아크릴3T 인쇄가공비,아크릴,B03,미러아크릴3T (직접입력형) 전면5도 통용 단가,recovered,min_qty,(미사용),라이브 전건 NULL,null-dim,1.000,,,0
COMP_ACRYL_COROTTO,아크릴코롯토 인쇄가공비,아크릴,B05,아크릴코롯토,recovered,siz_width,row,수치파싱,ok,1.000,30mm,30,1
COMP_ACRYL_COROTTO,아크릴코롯토 인쇄가공비,아크릴,B05,아크릴코롯토,recovered,siz_width,row,수치파싱,ok,1.000,40mm,40,1
COMP_ACRYL_COROTTO,아크릴코롯토 인쇄가공비,아크릴,B05,아크릴코롯토,recovered,siz_width,row,수치파싱,ok,1.000,50mm,50,1
COMP_ACRYL_COROTTO,아크릴코롯토 인쇄가공비,아크릴,B05,아크릴코롯토,recovered,siz_width,row,수치파싱,ok,1.000,60mm,60,1
COMP_ACRYL_COROTTO,아크릴코롯토 인쇄가공비,아크릴,B05,아크릴코롯토,recovered,siz_width,row,수치파싱,ok,1.000,70mm,70,1
COMP_ACRYL_COROTTO,아크릴코롯토 인쇄가공비,아크릴,B05,아크릴코롯토,recovered,siz_width,row,수치파싱,ok,1.000,80mm,80,1
COMP_ACRYL_COROTTO,아크릴코롯토 인쇄가공비,아크릴,B05,아크릴코롯토,recovered,siz_height,band0,수치파싱,ok,1.000,30mm,30,1
COMP_ACRYL_COROTTO,아크릴코롯토 인쇄가공비,아크릴,B05,아크릴코롯토,recovered,siz_height,band0,수치파싱,ok,1.000,40mm,40,1
COMP_ACRYL_COROTTO,아크릴코롯토 인쇄가공비,아크릴,B05,아크릴코롯토,recovered,siz_height,band0,수치파싱,ok,1.000,50mm,50,1
COMP_ACRYL_COROTTO,아크릴코롯토 인쇄가공비,아크릴,B05,아크릴코롯토,recovered,siz_height,band0,수치파싱,ok,1.000,60mm,60,1
COMP_ACRYL_COROTTO,아크릴코롯토 인쇄가공비,아크릴,B05,아크릴코롯토,recovered,siz_height,band0,수치파싱,ok,1.000,70mm,70,1
COMP_ACRYL_COROTTO,아크릴코롯토 인쇄가공비,아크릴,B05,아크릴코롯토,recovered,siz_height,band0,수치파싱,ok,1.000,80mm,80,1
COMP_ACRYL_COROTTO,아크릴코롯토 인쇄가공비,아크릴,B05,아크릴코롯토,recovered,min_qty,(상수),라이브 단일값,constant,1.000,(블록 상수),1,1
COMP_ACRYL_CARABINER,아크릴카라비너 본체(3T+3T접합),아크릴,B06,아크릴카라비너 (투명아크릴 3T+3T 접합),recovered,siz_cd,row,"닫힌집합(0.62),닫힌집합(0.75),닫힌집합(0.78),닫힌집합(0.83)",ok,1.000,사각자물쇠 (자물쇠변형) 40x69,SIZ_000366,1
COMP_ACRYL_CARABINER,아크릴카라비너 본체(3T+3T접합),아크릴,B06,아크릴카라비너 (투명아크릴 3T+3T 접합),recovered,siz_cd,row,"닫힌집합(0.62),닫힌집합(0.75),닫힌집합(0.78),닫힌집합(0.83)",ok,1.000,하트자물쇠 (하트A) 43x71,SIZ_000367,1
COMP_ACRYL_CARABINER,아크릴카라비너 본체(3T+3T접합),아크릴,B06,아크릴카라비너 (투명아크릴 3T+3T 접합),recovered,siz_cd,row,"닫힌집합(0.62),닫힌집합(0.75),닫힌집합(0.78),닫힌집합(0.83)",ok,1.000,하트 (하트B) 59x54,SIZ_000368,1
COMP_ACRYL_CARABINER,아크릴카라비너 본체(3T+3T접합),아크릴,B06,아크릴카라비너 (투명아크릴 3T+3T 접합),recovered,siz_cd,row,"닫힌집합(0.62),닫힌집합(0.75),닫힌집합(0.78),닫힌집합(0.83)",ok,1.000,원형 (원형B) 68x70,SIZ_000369,1
COMP_ACRYL_CARABINER,아크릴카라비너 본체(3T+3T접합),아크릴,B06,아크릴카라비너 (투명아크릴 3T+3T 접합),recovered,min_qty,(상수),라이브 단일값,constant,1.000,(블록 상수),1,1
COMP_BIND_TWINRING,제본비,제본,B01,제본비,declared,proc_cd,band0,닫힌집합(1.00),ok,1.000,중철제본,PROC_000018,1
COMP_BIND_TWINRING,제본비,제본,B01,제본비,declared,proc_cd,band0,닫힌집합(1.00),ok,1.000,무선제본,PROC_000019,1
COMP_BIND_TWINRING,제본비,제본,B01,제본비,declared,proc_cd,band0,닫힌집합(1.00),ok,1.000,트윈링제본,PROC_000021,1
COMP_BIND_TWINRING,제본비,제본,B01,제본비,declared,proc_cd,band0,닫힌집합(1.00),ok,1.000,PUR제본,PROC_000020,1
COMP_BIND_TWINRING,제본비,제본,B01,제본비,declared,min_qty,row,수치파싱,ok,1.000,1,1,1
COMP_BIND_TWINRING,제본비,제본,B01,제본비,declared,min_qty,row,수치파싱,ok,1.000,4,4,1
COMP_BIND_TWINRING,제본비,제본,B01,제본비,declared,min_qty,row,수치파싱,ok,1.000,10,10,1
COMP_BIND_TWINRING,제본비,제본,B01,제본비,declared,min_qty,row,수치파싱,ok,1.000,30,30,1
COMP_BIND_TWINRING,제본비,제본,B01,제본비,declared,min_qty,row,수치파싱,ok,1.000,50,50,1
COMP_BIND_TWINRING,제본비,제본,B01,제본비,declared,min_qty,row,수치파싱,ok,1.000,70,70,1
COMP_BIND_TWINRING,제본비,제본,B01,제본비,declared,min_qty,row,수치파싱,ok,1.000,100,100,1
COMP_BIND_TWINRING,제본비,제본,B01,제본비,declared,min_qty,row,수치파싱,ok,1.000,1000,1000,1
COMP_BIND_SSABARI,제본비 싸바리바인더,제본,B02,하드커버 제본비,declared,proc_cd,band0,"닫힌집합(0.50),닫힌집합(0.75),닫힌집합(0.78)",ok,1.000,하드커버무선,PROC_000023,1
COMP_BIND_SSABARI,제본비 싸바리바인더,제본,B02,하드커버 제본비,declared,proc_cd,band0,"닫힌집합(0.50),닫힌집합(0.75),닫힌집합(0.78)",ok,1.000,하드커버트윈링,PROC_000024,1
COMP_BIND_SSABARI,제본비 싸바리바인더,제본,B02,하드커버 제본비,declared,proc_cd,band0,"닫힌집합(0.50),닫힌집합(0.75),닫힌집합(0.78)",ok,1.000,링바인더,PROC_000098,1
COMP_BIND_SSABARI,제본비 싸바리바인더,제본,B02,하드커버 제본비,declared,min_qty,row,수치파싱,ok,1.000,1,1,1
COMP_BIND_SSABARI,제본비 싸바리바인더,제본,B02,하드커버 제본비,declared,min_qty,row,수치파싱,ok,1.000,4,4,1
COMP_BIND_SSABARI,제본비 싸바리바인더,제본,B02,하드커버 제본비,declared,min_qty,row,수치파싱,ok,1.000,10,10,1
COMP_BIND_SSABARI,제본비 싸바리바인더,제본,B02,하드커버 제본비,declared,min_qty,row,수치파싱,ok,1.000,50,50,1
COMP_BIND_SSABARI,제본비 싸바리바인더,제본,B02,하드커버 제본비,declared,min_qty,row,수치파싱,ok,1.000,100,100,1
COMP_BIND_SSABARI,제본비 싸바리바인더,제본,B02,하드커버 제본비,declared,min_qty,row,수치파싱,ok,1.000,1000,1000,1
COMP_BIND_CAL_WALL,제본비 벽걸이캘린더,제본,B03,캘린더 제본비,declared,proc_cd,band0,닫힌집합(1.00),ok,1.000,벽걸이캘린더제본,PROC_000099,1
COMP_BIND_CAL_WALL,제본비 벽걸이캘린더,제본,B03,캘린더 제본비,declared,proc_cd,band0,닫힌집합(1.00),ok,1.000,탁상형캘린더제본(220),PROC_000100,1
COMP_BIND_CAL_WALL,제본비 벽걸이캘린더,제본,B03,캘린더 제본비,declared,proc_cd,band0,닫힌집합(1.00),ok,1.000,탁상형캘린더제본(130),PROC_000101,1
COMP_BIND_CAL_WALL,제본비 벽걸이캘린더,제본,B03,캘린더 제본비,declared,proc_cd,band0,닫힌집합(1.00),ok,1.000,탁상형캘린더제본(미니),PROC_000102,1
COMP_BIND_CAL_WALL,제본비 벽걸이캘린더,제본,B03,캘린더 제본비,declared,min_qty,row,수치파싱,ok,1.000,1,1,1
COMP_BIND_CAL_WALL,제본비 벽걸이캘린더,제본,B03,캘린더 제본비,declared,min_qty,row,수치파싱,ok,1.000,4,4,1
COMP_BIND_CAL_WALL,제본비 벽걸이캘린더,제본,B03,캘린더 제본비,declared,min_qty,row,수치파싱,ok,1.000,10,10,1
COMP_BIND_CAL_WALL,제본비 벽걸이캘린더,제본,B03,캘린더 제본비,declared,min_qty,row,수치파싱,ok,1.000,50,50,1
COMP_BIND_CAL_WALL,제본비 벽걸이캘린더,제본,B03,캘린더 제본비,declared,min_qty,row,수치파싱,ok,1.000,100,100,1
COMP_BIND_CAL_WALL,제본비 벽걸이캘린더,제본,B03,캘린더 제본비,declared,min_qty,row,수치파싱,ok,1.000,1000,1000,1
COMP_COAT_MATTE,무광코팅비,코팅,B01,코팅(국4절),declared,proc_cd,(상수),라이브 단일값,constant,1.000,(블록 상수),PROC_000015,1
COMP_COAT_MATTE,무광코팅비,코팅,B01,코팅(국4절),declared,plt_siz_cd,title,닫힌집합(0.60),ok,1.000,코팅(국4절),SIZ_000499,1
COMP_COAT_MATTE,무광코팅비,코팅,B01,코팅(국4절),declared,coat_side_cnt,band1,수치파싱,ok,1.000,단면,1,1
COMP_COAT_MATTE,무광코팅비,코팅,B01,코팅(국4절),declared,coat_side_cnt,band1,수치파싱,ok,1.000,양면,2,1
COMP_COAT_MATTE,무광코팅비,코팅,B01,코팅(국4절),declared,min_qty,row,수치파싱,ok,1.000,1,1,1
COMP_COAT_MATTE,무광코팅비,코팅,B01,코팅(국4절),declared,min_qty,row,수치파싱,ok,1.000,2,2,1
COMP_COAT_MATTE,무광코팅비,코팅,B01,코팅(국4절),declared,min_qty,row,수치파싱,ok,1.000,5,5,1
COMP_COAT_MATTE,무광코팅비,코팅,B01,코팅(국4절),declared,min_qty,row,수치파싱,ok,1.000,10,10,1
COMP_COAT_MATTE,무광코팅비,코팅,B01,코팅(국4절),declared,min_qty,row,수치파싱,ok,1.000,20,20,1
COMP_COAT_MATTE,무광코팅비,코팅,B01,코팅(국4절),declared,min_qty,row,수치파싱,ok,1.000,30,30,1
COMP_COAT_MATTE,무광코팅비,코팅,B01,코팅(국4절),declared,min_qty,row,수치파싱,ok,1.000,40,40,1
COMP_COAT_MATTE,무광코팅비,코팅,B01,코팅(국4절),declared,min_qty,row,수치파싱,ok,1.000,50,50,1
COMP_COAT_MATTE,무광코팅비,코팅,B01,코팅(국4절),declared,min_qty,row,수치파싱,ok,1.000,70,70,1
COMP_COAT_MATTE,무광코팅비,코팅,B01,코팅(국4절),declared,min_qty,row,수치파싱,ok,1.000,100,100,1
COMP_COAT_MATTE,무광코팅비,코팅,B01,코팅(국4절),declared,min_qty,row,수치파싱,ok,1.000,150,150,1
COMP_COAT_MATTE,무광코팅비,코팅,B01,코팅(국4절),declared,min_qty,row,수치파싱,ok,1.000,200,200,1
COMP_COAT_MATTE,무광코팅비,코팅,B01,코팅(국4절),declared,min_qty,row,수치파싱,ok,1.000,250,250,1
COMP_COAT_MATTE,무광코팅비,코팅,B01,코팅(국4절),declared,min_qty,row,수치파싱,ok,1.000,300,300,1
COMP_COAT_MATTE,무광코팅비,코팅,B01,코팅(국4절),declared,min_qty,row,수치파싱,ok,1.000,400,400,1
COMP_COAT_MATTE,무광코팅비,코팅,B01,코팅(국4절),declared,min_qty,row,수치파싱,ok,1.000,500,500,1
COMP_COAT_MATTE,무광코팅비,코팅,B01,코팅(국4절),declared,min_qty,row,수치파싱,ok,1.000,700,700,1
COMP_COAT_MATTE,무광코팅비,코팅,B01,코팅(국4절),declared,min_qty,row,수치파싱,ok,1.000,900,900,1
COMP_COAT_MATTE,무광코팅비,코팅,B01,코팅(국4절),declared,min_qty,row,수치파싱,ok,1.000,1000,1000,1
COMP_COAT_MATTE,무광코팅비,코팅,B01,코팅(국4절),declared,min_qty,row,수치파싱,ok,1.000,1500,1500,1
COMP_COAT_MATTE,무광코팅비,코팅,B01,코팅(국4절),declared,min_qty,row,수치파싱,ok,1.000,2500,2500,1
COMP_COAT_MATTE,무광코팅비,코팅,B01,코팅(국4절),declared,min_qty,row,수치파싱,ok,1.000,5000,5000,1
COMP_COAT_MATTE,무광코팅비,코팅,B01,코팅(국4절),declared,min_qty,row,수치파싱,ok,1.000,1000000,1000000,1
COMP_COAT_MATTE,무광코팅비,코팅,B02,코팅(3절),declared,proc_cd,(상수),라이브 단일값,constant,1.000,(블록 상수),PROC_000015,1
COMP_COAT_MATTE,무광코팅비,코팅,B02,코팅(3절),declared,plt_siz_cd,title,닫힌집합(0.50),ok,1.000,코팅(3절),SIZ_000475,1
COMP_COAT_MATTE,무광코팅비,코팅,B02,코팅(3절),declared,coat_side_cnt,band1,수치파싱,ok,1.000,단면,1,1
COMP_COAT_MATTE,무광코팅비,코팅,B02,코팅(3절),declared,coat_side_cnt,band1,수치파싱,ok,1.000,양면,2,1
COMP_COAT_MATTE,무광코팅비,코팅,B02,코팅(3절),declared,min_qty,row,수치파싱,ok,1.000,1,1,1
COMP_COAT_MATTE,무광코팅비,코팅,B02,코팅(3절),declared,min_qty,row,수치파싱,ok,1.000,2,2,1
COMP_COAT_MATTE,무광코팅비,코팅,B02,코팅(3절),declared,min_qty,row,수치파싱,ok,1.000,5,5,1
COMP_COAT_MATTE,무광코팅비,코팅,B02,코팅(3절),declared,min_qty,row,수치파싱,ok,1.000,10,10,1
COMP_COAT_MATTE,무광코팅비,코팅,B02,코팅(3절),declared,min_qty,row,수치파싱,ok,1.000,20,20,1
COMP_COAT_MATTE,무광코팅비,코팅,B02,코팅(3절),declared,min_qty,row,수치파싱,ok,1.000,30,30,1
COMP_COAT_MATTE,무광코팅비,코팅,B02,코팅(3절),declared,min_qty,row,수치파싱,ok,1.000,40,40,1
COMP_COAT_MATTE,무광코팅비,코팅,B02,코팅(3절),declared,min_qty,row,수치파싱,ok,1.000,50,50,1
COMP_COAT_MATTE,무광코팅비,코팅,B02,코팅(3절),declared,min_qty,row,수치파싱,ok,1.000,70,70,1
COMP_COAT_MATTE,무광코팅비,코팅,B02,코팅(3절),declared,min_qty,row,수치파싱,ok,1.000,100,100,1
COMP_COAT_MATTE,무광코팅비,코팅,B02,코팅(3절),declared,min_qty,row,수치파싱,ok,1.000,150,150,1
COMP_COAT_MATTE,무광코팅비,코팅,B02,코팅(3절),declared,min_qty,row,수치파싱,ok,1.000,200,200,1
COMP_COAT_MATTE,무광코팅비,코팅,B02,코팅(3절),declared,min_qty,row,수치파싱,ok,1.000,250,250,1
COMP_COAT_MATTE,무광코팅비,코팅,B02,코팅(3절),declared,min_qty,row,수치파싱,ok,1.000,300,300,1
COMP_COAT_MATTE,무광코팅비,코팅,B02,코팅(3절),declared,min_qty,row,수치파싱,ok,1.000,400,400,1
COMP_COAT_MATTE,무광코팅비,코팅,B02,코팅(3절),declared,min_qty,row,수치파싱,ok,1.000,500,500,1
COMP_COAT_MATTE,무광코팅비,코팅,B02,코팅(3절),declared,min_qty,row,수치파싱,ok,1.000,700,700,1
COMP_COAT_MATTE,무광코팅비,코팅,B02,코팅(3절),declared,min_qty,row,수치파싱,ok,1.000,900,900,1
COMP_COAT_MATTE,무광코팅비,코팅,B02,코팅(3절),declared,min_qty,row,수치파싱,ok,1.000,1000,1000,1
COMP_COAT_MATTE,무광코팅비,코팅,B02,코팅(3절),declared,min_qty,row,수치파싱,ok,1.000,1500,1500,1
COMP_COAT_MATTE,무광코팅비,코팅,B02,코팅(3절),declared,min_qty,row,수치파싱,ok,1.000,2500,2500,1
COMP_COAT_MATTE,무광코팅비,코팅,B02,코팅(3절),declared,min_qty,row,수치파싱,ok,1.000,5000,5000,1
COMP_COAT_MATTE,무광코팅비,코팅,B02,코팅(3절),declared,min_qty,row,수치파싱,ok,1.000,1000000,1000000,1
COMP_COAT_GLOSSY,유광코팅비,코팅,B01,코팅(국4절),declared,proc_cd,(상수),라이브 단일값,constant,1.000,(블록 상수),PROC_000014,1
COMP_COAT_GLOSSY,유광코팅비,코팅,B01,코팅(국4절),declared,plt_siz_cd,title,닫힌집합(0.60),ok,1.000,코팅(국4절),SIZ_000499,1
COMP_COAT_GLOSSY,유광코팅비,코팅,B01,코팅(국4절),declared,coat_side_cnt,band1,수치파싱,ok,1.000,단면,1,1
COMP_COAT_GLOSSY,유광코팅비,코팅,B01,코팅(국4절),declared,coat_side_cnt,band1,수치파싱,ok,1.000,양면,2,1
COMP_COAT_GLOSSY,유광코팅비,코팅,B01,코팅(국4절),declared,min_qty,row,수치파싱,ok,1.000,1,1,1
COMP_COAT_GLOSSY,유광코팅비,코팅,B01,코팅(국4절),declared,min_qty,row,수치파싱,ok,1.000,2,2,1
COMP_COAT_GLOSSY,유광코팅비,코팅,B01,코팅(국4절),declared,min_qty,row,수치파싱,ok,1.000,5,5,1
COMP_COAT_GLOSSY,유광코팅비,코팅,B01,코팅(국4절),declared,min_qty,row,수치파싱,ok,1.000,10,10,1
COMP_COAT_GLOSSY,유광코팅비,코팅,B01,코팅(국4절),declared,min_qty,row,수치파싱,ok,1.000,20,20,1
COMP_COAT_GLOSSY,유광코팅비,코팅,B01,코팅(국4절),declared,min_qty,row,수치파싱,ok,1.000,30,30,1
COMP_COAT_GLOSSY,유광코팅비,코팅,B01,코팅(국4절),declared,min_qty,row,수치파싱,ok,1.000,40,40,1
COMP_COAT_GLOSSY,유광코팅비,코팅,B01,코팅(국4절),declared,min_qty,row,수치파싱,ok,1.000,50,50,1
COMP_COAT_GLOSSY,유광코팅비,코팅,B01,코팅(국4절),declared,min_qty,row,수치파싱,ok,1.000,70,70,1
COMP_COAT_GLOSSY,유광코팅비,코팅,B01,코팅(국4절),declared,min_qty,row,수치파싱,ok,1.000,100,100,1
COMP_COAT_GLOSSY,유광코팅비,코팅,B01,코팅(국4절),declared,min_qty,row,수치파싱,ok,1.000,150,150,1
COMP_COAT_GLOSSY,유광코팅비,코팅,B01,코팅(국4절),declared,min_qty,row,수치파싱,ok,1.000,200,200,1
COMP_COAT_GLOSSY,유광코팅비,코팅,B01,코팅(국4절),declared,min_qty,row,수치파싱,ok,1.000,250,250,1
COMP_COAT_GLOSSY,유광코팅비,코팅,B01,코팅(국4절),declared,min_qty,row,수치파싱,ok,1.000,300,300,1
COMP_COAT_GLOSSY,유광코팅비,코팅,B01,코팅(국4절),declared,min_qty,row,수치파싱,ok,1.000,400,400,1
COMP_COAT_GLOSSY,유광코팅비,코팅,B01,코팅(국4절),declared,min_qty,row,수치파싱,ok,1.000,500,500,1
COMP_COAT_GLOSSY,유광코팅비,코팅,B01,코팅(국4절),declared,min_qty,row,수치파싱,ok,1.000,700,700,1
COMP_COAT_GLOSSY,유광코팅비,코팅,B01,코팅(국4절),declared,min_qty,row,수치파싱,ok,1.000,900,900,1
COMP_COAT_GLOSSY,유광코팅비,코팅,B01,코팅(국4절),declared,min_qty,row,수치파싱,ok,1.000,1000,1000,1
COMP_COAT_GLOSSY,유광코팅비,코팅,B01,코팅(국4절),declared,min_qty,row,수치파싱,ok,1.000,1500,1500,1
COMP_COAT_GLOSSY,유광코팅비,코팅,B01,코팅(국4절),declared,min_qty,row,수치파싱,ok,1.000,2500,2500,1
COMP_COAT_GLOSSY,유광코팅비,코팅,B01,코팅(국4절),declared,min_qty,row,수치파싱,ok,1.000,5000,5000,1
COMP_COAT_GLOSSY,유광코팅비,코팅,B01,코팅(국4절),declared,min_qty,row,수치파싱,ok,1.000,1000000,1000000,1
COMP_COAT_GLOSSY,유광코팅비,코팅,B02,코팅(3절),declared,proc_cd,(상수),라이브 단일값,constant,1.000,(블록 상수),PROC_000014,1
COMP_COAT_GLOSSY,유광코팅비,코팅,B02,코팅(3절),declared,plt_siz_cd,title,닫힌집합(0.50),ok,1.000,코팅(3절),SIZ_000475,1
COMP_COAT_GLOSSY,유광코팅비,코팅,B02,코팅(3절),declared,coat_side_cnt,band1,수치파싱,ok,1.000,단면,1,1
COMP_COAT_GLOSSY,유광코팅비,코팅,B02,코팅(3절),declared,coat_side_cnt,band1,수치파싱,ok,1.000,양면,2,1
COMP_COAT_GLOSSY,유광코팅비,코팅,B02,코팅(3절),declared,min_qty,row,수치파싱,ok,1.000,1,1,1
COMP_COAT_GLOSSY,유광코팅비,코팅,B02,코팅(3절),declared,min_qty,row,수치파싱,ok,1.000,2,2,1
COMP_COAT_GLOSSY,유광코팅비,코팅,B02,코팅(3절),declared,min_qty,row,수치파싱,ok,1.000,5,5,1
COMP_COAT_GLOSSY,유광코팅비,코팅,B02,코팅(3절),declared,min_qty,row,수치파싱,ok,1.000,10,10,1
COMP_COAT_GLOSSY,유광코팅비,코팅,B02,코팅(3절),declared,min_qty,row,수치파싱,ok,1.000,20,20,1
COMP_COAT_GLOSSY,유광코팅비,코팅,B02,코팅(3절),declared,min_qty,row,수치파싱,ok,1.000,30,30,1
COMP_COAT_GLOSSY,유광코팅비,코팅,B02,코팅(3절),declared,min_qty,row,수치파싱,ok,1.000,40,40,1
COMP_COAT_GLOSSY,유광코팅비,코팅,B02,코팅(3절),declared,min_qty,row,수치파싱,ok,1.000,50,50,1
COMP_COAT_GLOSSY,유광코팅비,코팅,B02,코팅(3절),declared,min_qty,row,수치파싱,ok,1.000,70,70,1
COMP_COAT_GLOSSY,유광코팅비,코팅,B02,코팅(3절),declared,min_qty,row,수치파싱,ok,1.000,100,100,1
COMP_COAT_GLOSSY,유광코팅비,코팅,B02,코팅(3절),declared,min_qty,row,수치파싱,ok,1.000,150,150,1
COMP_COAT_GLOSSY,유광코팅비,코팅,B02,코팅(3절),declared,min_qty,row,수치파싱,ok,1.000,200,200,1
COMP_COAT_GLOSSY,유광코팅비,코팅,B02,코팅(3절),declared,min_qty,row,수치파싱,ok,1.000,250,250,1
COMP_COAT_GLOSSY,유광코팅비,코팅,B02,코팅(3절),declared,min_qty,row,수치파싱,ok,1.000,300,300,1
COMP_COAT_GLOSSY,유광코팅비,코팅,B02,코팅(3절),declared,min_qty,row,수치파싱,ok,1.000,400,400,1
COMP_COAT_GLOSSY,유광코팅비,코팅,B02,코팅(3절),declared,min_qty,row,수치파싱,ok,1.000,500,500,1
COMP_COAT_GLOSSY,유광코팅비,코팅,B02,코팅(3절),declared,min_qty,row,수치파싱,ok,1.000,700,700,1
COMP_COAT_GLOSSY,유광코팅비,코팅,B02,코팅(3절),declared,min_qty,row,수치파싱,ok,1.000,900,900,1
COMP_COAT_GLOSSY,유광코팅비,코팅,B02,코팅(3절),declared,min_qty,row,수치파싱,ok,1.000,1000,1000,1
COMP_COAT_GLOSSY,유광코팅비,코팅,B02,코팅(3절),declared,min_qty,row,수치파싱,ok,1.000,1500,1500,1
COMP_COAT_GLOSSY,유광코팅비,코팅,B02,코팅(3절),declared,min_qty,row,수치파싱,ok,1.000,2500,2500,1
COMP_COAT_GLOSSY,유광코팅비,코팅,B02,코팅(3절),declared,min_qty,row,수치파싱,ok,1.000,5000,5000,1
COMP_COAT_GLOSSY,유광코팅비,코팅,B02,코팅(3절),declared,min_qty,row,수치파싱,ok,1.000,1000000,1000000,1
COMP_CUT_FULL_DIECUT,커팅 완제품가 완칼(모양엽서·라벨택),커팅타공,B01,커팅(완칼) 가공비 (국4절),declared,plt_siz_cd,title,닫힌집합(0.30),ok,1.000,커팅(완칼) 가공비 (국4절),SIZ_000499,1
COMP_CUT_FULL_DIECUT,커팅 완제품가 완칼(모양엽서·라벨택),커팅타공,B01,커팅(완칼) 가공비 (국4절),declared,min_qty,row,수치파싱,ok,1.000,1,1,1
COMP_CUT_FULL_DIECUT,커팅 완제품가 완칼(모양엽서·라벨택),커팅타공,B01,커팅(완칼) 가공비 (국4절),declared,min_qty,row,수치파싱,ok,1.000,2,2,1
COMP_CUT_FULL_DIECUT,커팅 완제품가 완칼(모양엽서·라벨택),커팅타공,B01,커팅(완칼) 가공비 (국4절),declared,min_qty,row,수치파싱,ok,1.000,3,3,1
COMP_CUT_FULL_DIECUT,커팅 완제품가 완칼(모양엽서·라벨택),커팅타공,B01,커팅(완칼) 가공비 (국4절),declared,min_qty,row,수치파싱,ok,1.000,4,4,1
COMP_CUT_FULL_DIECUT,커팅 완제품가 완칼(모양엽서·라벨택),커팅타공,B01,커팅(완칼) 가공비 (국4절),declared,min_qty,row,수치파싱,ok,1.000,5,5,1
COMP_CUT_FULL_DIECUT,커팅 완제품가 완칼(모양엽서·라벨택),커팅타공,B01,커팅(완칼) 가공비 (국4절),declared,min_qty,row,수치파싱,ok,1.000,6,6,1
COMP_CUT_FULL_DIECUT,커팅 완제품가 완칼(모양엽서·라벨택),커팅타공,B01,커팅(완칼) 가공비 (국4절),declared,min_qty,row,수치파싱,ok,1.000,7,7,1
COMP_CUT_FULL_DIECUT,커팅 완제품가 완칼(모양엽서·라벨택),커팅타공,B01,커팅(완칼) 가공비 (국4절),declared,min_qty,row,수치파싱,ok,1.000,8,8,1
COMP_CUT_FULL_DIECUT,커팅 완제품가 완칼(모양엽서·라벨택),커팅타공,B01,커팅(완칼) 가공비 (국4절),declared,min_qty,row,수치파싱,ok,1.000,9,9,1
COMP_CUT_FULL_DIECUT,커팅 완제품가 완칼(모양엽서·라벨택),커팅타공,B01,커팅(완칼) 가공비 (국4절),declared,min_qty,row,수치파싱,ok,1.000,10,10,1
COMP_CUT_FULL_DIECUT,커팅 완제품가 완칼(모양엽서·라벨택),커팅타공,B01,커팅(완칼) 가공비 (국4절),declared,min_qty,row,수치파싱,ok,1.000,15,15,1
COMP_CUT_FULL_DIECUT,커팅 완제품가 완칼(모양엽서·라벨택),커팅타공,B01,커팅(완칼) 가공비 (국4절),declared,min_qty,row,수치파싱,ok,1.000,20,20,1
COMP_CUT_FULL_DIECUT,커팅 완제품가 완칼(모양엽서·라벨택),커팅타공,B01,커팅(완칼) 가공비 (국4절),declared,min_qty,row,수치파싱,ok,1.000,25,25,1
COMP_CUT_FULL_DIECUT,커팅 완제품가 완칼(모양엽서·라벨택),커팅타공,B01,커팅(완칼) 가공비 (국4절),declared,min_qty,row,수치파싱,ok,1.000,30,30,1
COMP_CUT_FULL_DIECUT,커팅 완제품가 완칼(모양엽서·라벨택),커팅타공,B01,커팅(완칼) 가공비 (국4절),declared,min_qty,row,수치파싱,ok,1.000,35,35,1
COMP_CUT_FULL_DIECUT,커팅 완제품가 완칼(모양엽서·라벨택),커팅타공,B01,커팅(완칼) 가공비 (국4절),declared,min_qty,row,수치파싱,ok,1.000,40,40,1
COMP_CUT_FULL_DIECUT,커팅 완제품가 완칼(모양엽서·라벨택),커팅타공,B01,커팅(완칼) 가공비 (국4절),declared,min_qty,row,수치파싱,ok,1.000,45,45,1
COMP_CUT_FULL_DIECUT,커팅 완제품가 완칼(모양엽서·라벨택),커팅타공,B01,커팅(완칼) 가공비 (국4절),declared,min_qty,row,수치파싱,ok,1.000,50,50,1
COMP_CUT_FULL_DIECUT,커팅 완제품가 완칼(모양엽서·라벨택),커팅타공,B01,커팅(완칼) 가공비 (국4절),declared,min_qty,row,수치파싱,ok,1.000,60,60,1
COMP_CUT_FULL_DIECUT,커팅 완제품가 완칼(모양엽서·라벨택),커팅타공,B01,커팅(완칼) 가공비 (국4절),declared,min_qty,row,수치파싱,ok,1.000,70,70,1
COMP_CUT_FULL_DIECUT,커팅 완제품가 완칼(모양엽서·라벨택),커팅타공,B01,커팅(완칼) 가공비 (국4절),declared,min_qty,row,수치파싱,ok,1.000,80,80,1
COMP_CUT_FULL_DIECUT,커팅 완제품가 완칼(모양엽서·라벨택),커팅타공,B01,커팅(완칼) 가공비 (국4절),declared,min_qty,row,수치파싱,ok,1.000,90,90,1
COMP_CUT_FULL_DIECUT,커팅 완제품가 완칼(모양엽서·라벨택),커팅타공,B01,커팅(완칼) 가공비 (국4절),declared,min_qty,row,수치파싱,ok,1.000,100,100,1
COMP_CUT_FULL_DIECUT,커팅 완제품가 완칼(모양엽서·라벨택),커팅타공,B01,커팅(완칼) 가공비 (국4절),declared,min_qty,row,수치파싱,ok,1.000,150,150,1
COMP_CUT_FULL_DIECUT,커팅 완제품가 완칼(모양엽서·라벨택),커팅타공,B01,커팅(완칼) 가공비 (국4절),declared,min_qty,row,수치파싱,ok,1.000,200,200,1
COMP_CUT_FULL_DIECUT,커팅 완제품가 완칼(모양엽서·라벨택),커팅타공,B01,커팅(완칼) 가공비 (국4절),declared,min_qty,row,수치파싱,ok,1.000,250,250,1
COMP_CUT_FULL_DIECUT,커팅 완제품가 완칼(모양엽서·라벨택),커팅타공,B01,커팅(완칼) 가공비 (국4절),declared,min_qty,row,수치파싱,ok,1.000,300,300,1
COMP_CUT_FULL_DIECUT,커팅 완제품가 완칼(모양엽서·라벨택),커팅타공,B01,커팅(완칼) 가공비 (국4절),declared,min_qty,row,수치파싱,ok,1.000,350,350,1
COMP_CUT_FULL_DIECUT,커팅 완제품가 완칼(모양엽서·라벨택),커팅타공,B01,커팅(완칼) 가공비 (국4절),declared,min_qty,row,수치파싱,ok,1.000,400,400,1
COMP_CUT_FULL_DIECUT,커팅 완제품가 완칼(모양엽서·라벨택),커팅타공,B01,커팅(완칼) 가공비 (국4절),declared,min_qty,row,수치파싱,ok,1.000,450,450,1
COMP_CUT_FULL_DIECUT,커팅 완제품가 완칼(모양엽서·라벨택),커팅타공,B01,커팅(완칼) 가공비 (국4절),declared,min_qty,row,수치파싱,ok,1.000,500,500,1
COMP_CUT_FULL_DIECUT,커팅 완제품가 완칼(모양엽서·라벨택),커팅타공,B01,커팅(완칼) 가공비 (국4절),declared,min_qty,row,수치파싱,ok,1.000,600,600,1
COMP_CUT_FULL_DIECUT,커팅 완제품가 완칼(모양엽서·라벨택),커팅타공,B01,커팅(완칼) 가공비 (국4절),declared,min_qty,row,수치파싱,ok,1.000,700,700,1
COMP_CUT_FULL_DIECUT,커팅 완제품가 완칼(모양엽서·라벨택),커팅타공,B01,커팅(완칼) 가공비 (국4절),declared,min_qty,row,수치파싱,ok,1.000,800,800,1
COMP_CUT_FULL_DIECUT,커팅 완제품가 완칼(모양엽서·라벨택),커팅타공,B01,커팅(완칼) 가공비 (국4절),declared,min_qty,row,수치파싱,ok,1.000,900,900,1
COMP_CUT_FULL_DIECUT,커팅 완제품가 완칼(모양엽서·라벨택),커팅타공,B01,커팅(완칼) 가공비 (국4절),declared,min_qty,row,수치파싱,ok,1.000,1000,1000,1
COMP_CUT_PERF_1H6,타공비 (6mm),커팅타공,B03,타공 (단가),declared,proc_cd,(상수),라이브 단일값,constant,1.000,(블록 상수),PROC_000092,1
COMP_CUT_PERF_1H6,타공비 (6mm),커팅타공,B03,타공 (단가),declared,min_qty,row,수치파싱,ok,1.000,1,1,1
COMP_CUT_PERF_1H6,타공비 (6mm),커팅타공,B03,타공 (단가),declared,min_qty,row,수치파싱,ok,1.000,100,100,1
COMP_CUT_PERF_1H6,타공비 (6mm),커팅타공,B03,타공 (단가),declared,min_qty,row,수치파싱,ok,1.000,200,200,1
COMP_CUT_PERF_1H6,타공비 (6mm),커팅타공,B03,타공 (단가),declared,min_qty,row,수치파싱,ok,1.000,300,300,1
COMP_CUT_PERF_1H6,타공비 (6mm),커팅타공,B03,타공 (단가),declared,min_qty,row,수치파싱,ok,1.000,400,400,1
COMP_CUT_PERF_1H6,타공비 (6mm),커팅타공,B03,타공 (단가),declared,min_qty,row,수치파싱,ok,1.000,500,500,1
COMP_CUT_PERF_1H6,타공비 (6mm),커팅타공,B03,타공 (단가),declared,min_qty,row,수치파싱,ok,1.000,600,600,1
COMP_CUT_PERF_1H6,타공비 (6mm),커팅타공,B03,타공 (단가),declared,min_qty,row,수치파싱,ok,1.000,700,700,1
COMP_CUT_PERF_1H6,타공비 (6mm),커팅타공,B03,타공 (단가),declared,min_qty,row,수치파싱,ok,1.000,800,800,1
COMP_CUT_PERF_1H6,타공비 (6mm),커팅타공,B03,타공 (단가),declared,min_qty,row,수치파싱,ok,1.000,900,900,1
COMP_CUT_PERF_1H6,타공비 (6mm),커팅타공,B03,타공 (단가),declared,min_qty,row,수치파싱,ok,1.000,1000,1000,1
COMP_CUT_PERF_1H6,타공비 (6mm),커팅타공,B03,타공 (단가),declared,min_qty,row,수치파싱,ok,1.000,1500,1500,1
COMP_CUT_PERF_1H6,타공비 (6mm),커팅타공,B03,타공 (단가),declared,min_qty,row,수치파싱,ok,1.000,2000,2000,1
COMP_CUT_PERF_1H6,타공비 (6mm),커팅타공,B03,타공 (단가),declared,min_qty,row,수치파싱,ok,1.000,2500,2500,1
COMP_CUT_PERF_1H6,타공비 (6mm),커팅타공,B03,타공 (단가),declared,min_qty,row,수치파싱,ok,1.000,3000,3000,1
COMP_CUT_PERF_1H6,타공비 (6mm),커팅타공,B03,타공 (단가),declared,min_qty,row,수치파싱,ok,1.000,3500,3500,1
COMP_CUT_PERF_1H6,타공비 (6mm),커팅타공,B03,타공 (단가),declared,min_qty,row,수치파싱,ok,1.000,4000,4000,1
COMP_CUT_PERF_1H6,타공비 (6mm),커팅타공,B03,타공 (단가),declared,min_qty,row,수치파싱,ok,1.000,4500,4500,1
COMP_CUT_PERF_1H6,타공비 (6mm),커팅타공,B03,타공 (단가),declared,min_qty,row,수치파싱,ok,1.000,5000,5000,1
COMP_CUT_PERF_1H6,타공비 (6mm),커팅타공,B03,타공 (단가),declared,min_qty,row,수치파싱,ok,1.000,6000,6000,1
COMP_CUT_PERF_1H6,타공비 (6mm),커팅타공,B03,타공 (단가),declared,min_qty,row,수치파싱,ok,1.000,7000,7000,1
COMP_CUT_PERF_1H6,타공비 (6mm),커팅타공,B03,타공 (단가),declared,min_qty,row,수치파싱,ok,1.000,8000,8000,1
COMP_CUT_PERF_1H6,타공비 (6mm),커팅타공,B03,타공 (단가),declared,min_qty,row,수치파싱,ok,1.000,9000,9000,1
COMP_PRINT_DIGITAL_S1,디지털인쇄비,디지털인쇄비,B01,디지털인쇄 출력비(국4절),declared,proc_cd,(상수),라이브 단일값,constant,1.000,(블록 상수),PROC_000004,1
COMP_PRINT_DIGITAL_S1,디지털인쇄비,디지털인쇄비,B01,디지털인쇄 출력비(국4절),declared,plt_siz_cd,title,닫힌집합(0.27),ok,1.000,디지털인쇄 출력비(국4절),SIZ_000499,1
COMP_PRINT_DIGITAL_S1,디지털인쇄비,디지털인쇄비,B01,디지털인쇄 출력비(국4절),declared,print_opt_cd,band1,닫힌집합(1.00),ok,1.000,단면,POPT_000001,1
COMP_PRINT_DIGITAL_S1,디지털인쇄비,디지털인쇄비,B01,디지털인쇄 출력비(국4절),declared,print_opt_cd,band1,닫힌집합(1.00),ok,1.000,양면,POPT_000002,1
COMP_PRINT_DIGITAL_S1,디지털인쇄비,디지털인쇄비,B01,디지털인쇄 출력비(국4절),declared,min_qty,row,수치파싱,partial,0.981,1,1,1
COMP_PRINT_DIGITAL_S1,디지털인쇄비,디지털인쇄비,B01,디지털인쇄 출력비(국4절),declared,min_qty,row,수치파싱,partial,0.981,2,2,1
COMP_PRINT_DIGITAL_S1,디지털인쇄비,디지털인쇄비,B01,디지털인쇄 출력비(국4절),declared,min_qty,row,수치파싱,partial,0.981,3,3,1
COMP_PRINT_DIGITAL_S1,디지털인쇄비,디지털인쇄비,B01,디지털인쇄 출력비(국4절),declared,min_qty,row,수치파싱,partial,0.981,4,4,1
COMP_PRINT_DIGITAL_S1,디지털인쇄비,디지털인쇄비,B01,디지털인쇄 출력비(국4절),declared,min_qty,row,수치파싱,partial,0.981,5,5,1
COMP_PRINT_DIGITAL_S1,디지털인쇄비,디지털인쇄비,B01,디지털인쇄 출력비(국4절),declared,min_qty,row,수치파싱,partial,0.981,6,6,1
COMP_PRINT_DIGITAL_S1,디지털인쇄비,디지털인쇄비,B01,디지털인쇄 출력비(국4절),declared,min_qty,row,수치파싱,partial,0.981,7,7,1
COMP_PRINT_DIGITAL_S1,디지털인쇄비,디지털인쇄비,B01,디지털인쇄 출력비(국4절),declared,min_qty,row,수치파싱,partial,0.981,8,8,1
COMP_PRINT_DIGITAL_S1,디지털인쇄비,디지털인쇄비,B01,디지털인쇄 출력비(국4절),declared,min_qty,row,수치파싱,partial,0.981,9,9,1
COMP_PRINT_DIGITAL_S1,디지털인쇄비,디지털인쇄비,B01,디지털인쇄 출력비(국4절),declared,min_qty,row,수치파싱,partial,0.981,10,10,1
COMP_PRINT_DIGITAL_S1,디지털인쇄비,디지털인쇄비,B01,디지털인쇄 출력비(국4절),declared,min_qty,row,수치파싱,partial,0.981,15,15,1
COMP_PRINT_DIGITAL_S1,디지털인쇄비,디지털인쇄비,B01,디지털인쇄 출력비(국4절),declared,min_qty,row,수치파싱,partial,0.981,20,20,1
COMP_PRINT_DIGITAL_S1,디지털인쇄비,디지털인쇄비,B01,디지털인쇄 출력비(국4절),declared,min_qty,row,수치파싱,partial,0.981,25,25,1
COMP_PRINT_DIGITAL_S1,디지털인쇄비,디지털인쇄비,B01,디지털인쇄 출력비(국4절),declared,min_qty,row,수치파싱,partial,0.981,30,30,1
COMP_PRINT_DIGITAL_S1,디지털인쇄비,디지털인쇄비,B01,디지털인쇄 출력비(국4절),declared,min_qty,row,수치파싱,partial,0.981,35,35,1
COMP_PRINT_DIGITAL_S1,디지털인쇄비,디지털인쇄비,B01,디지털인쇄 출력비(국4절),declared,min_qty,row,수치파싱,partial,0.981,40,40,1
COMP_PRINT_DIGITAL_S1,디지털인쇄비,디지털인쇄비,B01,디지털인쇄 출력비(국4절),declared,min_qty,row,수치파싱,partial,0.981,45,45,1
COMP_PRINT_DIGITAL_S1,디지털인쇄비,디지털인쇄비,B01,디지털인쇄 출력비(국4절),declared,min_qty,row,수치파싱,partial,0.981,50,50,1
COMP_PRINT_DIGITAL_S1,디지털인쇄비,디지털인쇄비,B01,디지털인쇄 출력비(국4절),declared,min_qty,row,수치파싱,partial,0.981,60,60,1
COMP_PRINT_DIGITAL_S1,디지털인쇄비,디지털인쇄비,B01,디지털인쇄 출력비(국4절),declared,min_qty,row,수치파싱,partial,0.981,70,70,1
COMP_PRINT_DIGITAL_S1,디지털인쇄비,디지털인쇄비,B01,디지털인쇄 출력비(국4절),declared,min_qty,row,수치파싱,partial,0.981,80,80,1
COMP_PRINT_DIGITAL_S1,디지털인쇄비,디지털인쇄비,B01,디지털인쇄 출력비(국4절),declared,min_qty,row,수치파싱,partial,0.981,90,90,1
COMP_PRINT_DIGITAL_S1,디지털인쇄비,디지털인쇄비,B01,디지털인쇄 출력비(국4절),declared,min_qty,row,수치파싱,partial,0.981,100,100,1
COMP_PRINT_DIGITAL_S1,디지털인쇄비,디지털인쇄비,B01,디지털인쇄 출력비(국4절),declared,min_qty,row,수치파싱,partial,0.981,150,150,1
COMP_PRINT_DIGITAL_S1,디지털인쇄비,디지털인쇄비,B01,디지털인쇄 출력비(국4절),declared,min_qty,row,수치파싱,partial,0.981,200,200,1
COMP_PRINT_DIGITAL_S1,디지털인쇄비,디지털인쇄비,B01,디지털인쇄 출력비(국4절),declared,min_qty,row,수치파싱,partial,0.981,250,250,1
COMP_PRINT_DIGITAL_S1,디지털인쇄비,디지털인쇄비,B01,디지털인쇄 출력비(국4절),declared,min_qty,row,수치파싱,partial,0.981,300,300,1
COMP_PRINT_DIGITAL_S1,디지털인쇄비,디지털인쇄비,B01,디지털인쇄 출력비(국4절),declared,min_qty,row,수치파싱,partial,0.981,350,350,1
COMP_PRINT_DIGITAL_S1,디지털인쇄비,디지털인쇄비,B01,디지털인쇄 출력비(국4절),declared,min_qty,row,수치파싱,partial,0.981,400,400,1
COMP_PRINT_DIGITAL_S1,디지털인쇄비,디지털인쇄비,B01,디지털인쇄 출력비(국4절),declared,min_qty,row,수치파싱,partial,0.981,450,450,1
COMP_PRINT_DIGITAL_S1,디지털인쇄비,디지털인쇄비,B01,디지털인쇄 출력비(국4절),declared,min_qty,row,수치파싱,partial,0.981,500,500,1
COMP_PRINT_DIGITAL_S1,디지털인쇄비,디지털인쇄비,B01,디지털인쇄 출력비(국4절),declared,min_qty,row,수치파싱,partial,0.981,600,600,1
COMP_PRINT_DIGITAL_S1,디지털인쇄비,디지털인쇄비,B01,디지털인쇄 출력비(국4절),declared,min_qty,row,수치파싱,partial,0.981,700,700,1
COMP_PRINT_DIGITAL_S1,디지털인쇄비,디지털인쇄비,B01,디지털인쇄 출력비(국4절),declared,min_qty,row,수치파싱,partial,0.981,800,800,1
COMP_PRINT_DIGITAL_S1,디지털인쇄비,디지털인쇄비,B01,디지털인쇄 출력비(국4절),declared,min_qty,row,수치파싱,partial,0.981,900,900,1
COMP_PRINT_DIGITAL_S1,디지털인쇄비,디지털인쇄비,B01,디지털인쇄 출력비(국4절),declared,min_qty,row,수치파싱,partial,0.981,1000,1000,1
COMP_PRINT_DIGITAL_S1,디지털인쇄비,디지털인쇄비,B01,디지털인쇄 출력비(국4절),declared,min_qty,row,수치파싱,partial,0.981,1200,1200,1
COMP_PRINT_DIGITAL_S1,디지털인쇄비,디지털인쇄비,B01,디지털인쇄 출력비(국4절),declared,min_qty,row,수치파싱,partial,0.981,1400,1400,1
COMP_PRINT_DIGITAL_S1,디지털인쇄비,디지털인쇄비,B01,디지털인쇄 출력비(국4절),declared,min_qty,row,수치파싱,partial,0.981,1600,1600,1
COMP_PRINT_DIGITAL_S1,디지털인쇄비,디지털인쇄비,B01,디지털인쇄 출력비(국4절),declared,min_qty,row,수치파싱,partial,0.981,1800,1800,1
COMP_PRINT_DIGITAL_S1,디지털인쇄비,디지털인쇄비,B01,디지털인쇄 출력비(국4절),declared,min_qty,row,수치파싱,partial,0.981,2000,2000,1
COMP_PRINT_DIGITAL_S1,디지털인쇄비,디지털인쇄비,B01,디지털인쇄 출력비(국4절),declared,min_qty,row,수치파싱,partial,0.981,2500,2500,1
COMP_PRINT_DIGITAL_S1,디지털인쇄비,디지털인쇄비,B01,디지털인쇄 출력비(국4절),declared,min_qty,row,수치파싱,partial,0.981,3000,3000,1
COMP_PRINT_DIGITAL_S1,디지털인쇄비,디지털인쇄비,B01,디지털인쇄 출력비(국4절),declared,min_qty,row,수치파싱,partial,0.981,3500,3500,1
COMP_PRINT_DIGITAL_S1,디지털인쇄비,디지털인쇄비,B01,디지털인쇄 출력비(국4절),declared,min_qty,row,수치파싱,partial,0.981,4000,4000,1
COMP_PRINT_DIGITAL_S1,디지털인쇄비,디지털인쇄비,B01,디지털인쇄 출력비(국4절),declared,min_qty,row,수치파싱,partial,0.981,4500,4500,1
COMP_PRINT_DIGITAL_S1,디지털인쇄비,디지털인쇄비,B01,디지털인쇄 출력비(국4절),declared,min_qty,row,수치파싱,partial,0.981,5000,5000,1
COMP_PRINT_DIGITAL_S1,디지털인쇄비,디지털인쇄비,B01,디지털인쇄 출력비(국4절),declared,min_qty,row,수치파싱,partial,0.981,6000,6000,1
COMP_PRINT_DIGITAL_S1,디지털인쇄비,디지털인쇄비,B01,디지털인쇄 출력비(국4절),declared,min_qty,row,수치파싱,partial,0.981,7000,7000,1
COMP_PRINT_DIGITAL_S1,디지털인쇄비,디지털인쇄비,B01,디지털인쇄 출력비(국4절),declared,min_qty,row,수치파싱,partial,0.981,8000,8000,1
COMP_PRINT_DIGITAL_S1,디지털인쇄비,디지털인쇄비,B01,디지털인쇄 출력비(국4절),declared,min_qty,row,수치파싱,partial,0.981,9000,9000,1
COMP_PRINT_DIGITAL_S1,디지털인쇄비,디지털인쇄비,B01,디지털인쇄 출력비(국4절),declared,min_qty,row,수치파싱,partial,0.981,10000,10000,1
COMP_PRINT_DIGITAL_S1,디지털인쇄비,디지털인쇄비,B01,디지털인쇄 출력비(국4절),declared,min_qty,row,수치파싱,partial,0.981,1000000,1000000,1
COMP_PRINT_DIGITAL_S1,디지털인쇄비,디지털인쇄비,B02,디지털인쇄 출력비(3절),declared,proc_cd,(상수),라이브 단일값,constant,1.000,(블록 상수),PROC_000004,1
COMP_PRINT_DIGITAL_S1,디지털인쇄비,디지털인쇄비,B02,디지털인쇄 출력비(3절),declared,plt_siz_cd,title,닫힌집합(0.20),ok,1.000,디지털인쇄 출력비(3절),SIZ_000475|SIZ_000535,2
COMP_PRINT_DIGITAL_S1,디지털인쇄비,디지털인쇄비,B02,디지털인쇄 출력비(3절),declared,print_opt_cd,band1,닫힌집합(1.00),ok,1.000,단면,POPT_000001,1
COMP_PRINT_DIGITAL_S1,디지털인쇄비,디지털인쇄비,B02,디지털인쇄 출력비(3절),declared,print_opt_cd,band1,닫힌집합(1.00),ok,1.000,양면,POPT_000002,1
COMP_PRINT_DIGITAL_S1,디지털인쇄비,디지털인쇄비,B02,디지털인쇄 출력비(3절),declared,min_qty,row,수치파싱,ok,1.000,1,1,1
COMP_PRINT_DIGITAL_S1,디지털인쇄비,디지털인쇄비,B02,디지털인쇄 출력비(3절),declared,min_qty,row,수치파싱,ok,1.000,2,2,1
COMP_PRINT_DIGITAL_S1,디지털인쇄비,디지털인쇄비,B02,디지털인쇄 출력비(3절),declared,min_qty,row,수치파싱,ok,1.000,3,3,1
COMP_PRINT_DIGITAL_S1,디지털인쇄비,디지털인쇄비,B02,디지털인쇄 출력비(3절),declared,min_qty,row,수치파싱,ok,1.000,4,4,1
COMP_PRINT_DIGITAL_S1,디지털인쇄비,디지털인쇄비,B02,디지털인쇄 출력비(3절),declared,min_qty,row,수치파싱,ok,1.000,5,5,1
COMP_PRINT_DIGITAL_S1,디지털인쇄비,디지털인쇄비,B02,디지털인쇄 출력비(3절),declared,min_qty,row,수치파싱,ok,1.000,6,6,1
COMP_PRINT_DIGITAL_S1,디지털인쇄비,디지털인쇄비,B02,디지털인쇄 출력비(3절),declared,min_qty,row,수치파싱,ok,1.000,7,7,1
COMP_PRINT_DIGITAL_S1,디지털인쇄비,디지털인쇄비,B02,디지털인쇄 출력비(3절),declared,min_qty,row,수치파싱,ok,1.000,8,8,1
COMP_PRINT_DIGITAL_S1,디지털인쇄비,디지털인쇄비,B02,디지털인쇄 출력비(3절),declared,min_qty,row,수치파싱,ok,1.000,9,9,1
COMP_PRINT_DIGITAL_S1,디지털인쇄비,디지털인쇄비,B02,디지털인쇄 출력비(3절),declared,min_qty,row,수치파싱,ok,1.000,10,10,1
COMP_PRINT_DIGITAL_S1,디지털인쇄비,디지털인쇄비,B02,디지털인쇄 출력비(3절),declared,min_qty,row,수치파싱,ok,1.000,15,15,1
COMP_PRINT_DIGITAL_S1,디지털인쇄비,디지털인쇄비,B02,디지털인쇄 출력비(3절),declared,min_qty,row,수치파싱,ok,1.000,20,20,1
COMP_PRINT_DIGITAL_S1,디지털인쇄비,디지털인쇄비,B02,디지털인쇄 출력비(3절),declared,min_qty,row,수치파싱,ok,1.000,25,25,1
COMP_PRINT_DIGITAL_S1,디지털인쇄비,디지털인쇄비,B02,디지털인쇄 출력비(3절),declared,min_qty,row,수치파싱,ok,1.000,30,30,1
COMP_PRINT_DIGITAL_S1,디지털인쇄비,디지털인쇄비,B02,디지털인쇄 출력비(3절),declared,min_qty,row,수치파싱,ok,1.000,35,35,1
COMP_PRINT_DIGITAL_S1,디지털인쇄비,디지털인쇄비,B02,디지털인쇄 출력비(3절),declared,min_qty,row,수치파싱,ok,1.000,40,40,1
COMP_PRINT_DIGITAL_S1,디지털인쇄비,디지털인쇄비,B02,디지털인쇄 출력비(3절),declared,min_qty,row,수치파싱,ok,1.000,45,45,1
COMP_PRINT_DIGITAL_S1,디지털인쇄비,디지털인쇄비,B02,디지털인쇄 출력비(3절),declared,min_qty,row,수치파싱,ok,1.000,50,50,1
COMP_PRINT_DIGITAL_S1,디지털인쇄비,디지털인쇄비,B02,디지털인쇄 출력비(3절),declared,min_qty,row,수치파싱,ok,1.000,60,60,1
COMP_PRINT_DIGITAL_S1,디지털인쇄비,디지털인쇄비,B02,디지털인쇄 출력비(3절),declared,min_qty,row,수치파싱,ok,1.000,70,70,1
COMP_PRINT_DIGITAL_S1,디지털인쇄비,디지털인쇄비,B02,디지털인쇄 출력비(3절),declared,min_qty,row,수치파싱,ok,1.000,80,80,1
COMP_PRINT_DIGITAL_S1,디지털인쇄비,디지털인쇄비,B02,디지털인쇄 출력비(3절),declared,min_qty,row,수치파싱,ok,1.000,90,90,1
COMP_PRINT_DIGITAL_S1,디지털인쇄비,디지털인쇄비,B02,디지털인쇄 출력비(3절),declared,min_qty,row,수치파싱,ok,1.000,100,100,1
COMP_PRINT_DIGITAL_S1,디지털인쇄비,디지털인쇄비,B02,디지털인쇄 출력비(3절),declared,min_qty,row,수치파싱,ok,1.000,150,150,1
COMP_PRINT_DIGITAL_S1,디지털인쇄비,디지털인쇄비,B02,디지털인쇄 출력비(3절),declared,min_qty,row,수치파싱,ok,1.000,200,200,1
COMP_PRINT_DIGITAL_S1,디지털인쇄비,디지털인쇄비,B02,디지털인쇄 출력비(3절),declared,min_qty,row,수치파싱,ok,1.000,250,250,1
COMP_PRINT_DIGITAL_S1,디지털인쇄비,디지털인쇄비,B02,디지털인쇄 출력비(3절),declared,min_qty,row,수치파싱,ok,1.000,300,300,1
COMP_PRINT_DIGITAL_S1,디지털인쇄비,디지털인쇄비,B02,디지털인쇄 출력비(3절),declared,min_qty,row,수치파싱,ok,1.000,350,350,1
COMP_PRINT_DIGITAL_S1,디지털인쇄비,디지털인쇄비,B02,디지털인쇄 출력비(3절),declared,min_qty,row,수치파싱,ok,1.000,400,400,1
COMP_PRINT_DIGITAL_S1,디지털인쇄비,디지털인쇄비,B02,디지털인쇄 출력비(3절),declared,min_qty,row,수치파싱,ok,1.000,450,450,1
COMP_PRINT_DIGITAL_S1,디지털인쇄비,디지털인쇄비,B02,디지털인쇄 출력비(3절),declared,min_qty,row,수치파싱,ok,1.000,500,500,1
COMP_PRINT_DIGITAL_S1,디지털인쇄비,디지털인쇄비,B02,디지털인쇄 출력비(3절),declared,min_qty,row,수치파싱,ok,1.000,600,600,1
COMP_PRINT_DIGITAL_S1,디지털인쇄비,디지털인쇄비,B02,디지털인쇄 출력비(3절),declared,min_qty,row,수치파싱,ok,1.000,700,700,1
COMP_PRINT_DIGITAL_S1,디지털인쇄비,디지털인쇄비,B02,디지털인쇄 출력비(3절),declared,min_qty,row,수치파싱,ok,1.000,800,800,1
COMP_PRINT_DIGITAL_S1,디지털인쇄비,디지털인쇄비,B02,디지털인쇄 출력비(3절),declared,min_qty,row,수치파싱,ok,1.000,900,900,1
COMP_PRINT_DIGITAL_S1,디지털인쇄비,디지털인쇄비,B02,디지털인쇄 출력비(3절),declared,min_qty,row,수치파싱,ok,1.000,1000,1000,1
COMP_PRINT_DIGITAL_S1,디지털인쇄비,디지털인쇄비,B02,디지털인쇄 출력비(3절),declared,min_qty,row,수치파싱,ok,1.000,1200,1200,1
COMP_PRINT_DIGITAL_S1,디지털인쇄비,디지털인쇄비,B02,디지털인쇄 출력비(3절),declared,min_qty,row,수치파싱,ok,1.000,1400,1400,1
COMP_PRINT_DIGITAL_S1,디지털인쇄비,디지털인쇄비,B02,디지털인쇄 출력비(3절),declared,min_qty,row,수치파싱,ok,1.000,1600,1600,1
COMP_PRINT_DIGITAL_S1,디지털인쇄비,디지털인쇄비,B02,디지털인쇄 출력비(3절),declared,min_qty,row,수치파싱,ok,1.000,1800,1800,1
COMP_PRINT_DIGITAL_S1,디지털인쇄비,디지털인쇄비,B02,디지털인쇄 출력비(3절),declared,min_qty,row,수치파싱,ok,1.000,2000,2000,1
COMP_PRINT_DIGITAL_S1,디지털인쇄비,디지털인쇄비,B02,디지털인쇄 출력비(3절),declared,min_qty,row,수치파싱,ok,1.000,2500,2500,1
COMP_PRINT_DIGITAL_S1,디지털인쇄비,디지털인쇄비,B02,디지털인쇄 출력비(3절),declared,min_qty,row,수치파싱,ok,1.000,3000,3000,1
COMP_PRINT_DIGITAL_S1,디지털인쇄비,디지털인쇄비,B02,디지털인쇄 출력비(3절),declared,min_qty,row,수치파싱,ok,1.000,3500,3500,1
COMP_PRINT_DIGITAL_S1,디지털인쇄비,디지털인쇄비,B02,디지털인쇄 출력비(3절),declared,min_qty,row,수치파싱,ok,1.000,4000,4000,1
COMP_PRINT_DIGITAL_S1,디지털인쇄비,디지털인쇄비,B02,디지털인쇄 출력비(3절),declared,min_qty,row,수치파싱,ok,1.000,4500,4500,1
COMP_PRINT_DIGITAL_S1,디지털인쇄비,디지털인쇄비,B02,디지털인쇄 출력비(3절),declared,min_qty,row,수치파싱,ok,1.000,5000,5000,1
COMP_PRINT_DIGITAL_S1,디지털인쇄비,디지털인쇄비,B02,디지털인쇄 출력비(3절),declared,min_qty,row,수치파싱,ok,1.000,6000,6000,1
COMP_PRINT_DIGITAL_S1,디지털인쇄비,디지털인쇄비,B02,디지털인쇄 출력비(3절),declared,min_qty,row,수치파싱,ok,1.000,7000,7000,1
COMP_PRINT_DIGITAL_S1,디지털인쇄비,디지털인쇄비,B02,디지털인쇄 출력비(3절),declared,min_qty,row,수치파싱,ok,1.000,8000,8000,1
COMP_PRINT_DIGITAL_S1,디지털인쇄비,디지털인쇄비,B02,디지털인쇄 출력비(3절),declared,min_qty,row,수치파싱,ok,1.000,9000,9000,1
COMP_PRINT_DIGITAL_S1,디지털인쇄비,디지털인쇄비,B02,디지털인쇄 출력비(3절),declared,min_qty,row,수치파싱,ok,1.000,10000,10000,1
COMP_PRINT_DIGITAL_S1,디지털인쇄비,디지털인쇄비,B02,디지털인쇄 출력비(3절),declared,min_qty,row,수치파싱,ok,1.000,1000000,1000000,1
COMP_PRINT_SPOT_WHITE_S1,별색인쇄비,디지털인쇄비,B01,디지털인쇄 출력비(국4절),declared,plt_siz_cd,(상수),라이브 단일값,constant,1.000,(블록 상수),SIZ_000499,1
COMP_PRINT_SPOT_WHITE_S1,별색인쇄비,디지털인쇄비,B01,디지털인쇄 출력비(국4절),declared,proc_cd,band0,"닫힌집합(0.33),닫힌집합(0.40),닫힌집합(0.43)",partial,0.714,별색(화이트),PROC_000008,1
COMP_PRINT_SPOT_WHITE_S1,별색인쇄비,디지털인쇄비,B01,디지털인쇄 출력비(국4절),declared,proc_cd,band0,"닫힌집합(0.33),닫힌집합(0.40),닫힌집합(0.43)",partial,0.714,별색(클리어),PROC_000009,1
COMP_PRINT_SPOT_WHITE_S1,별색인쇄비,디지털인쇄비,B01,디지털인쇄 출력비(국4절),declared,proc_cd,band0,"닫힌집합(0.33),닫힌집합(0.40),닫힌집합(0.43)",partial,0.714,별색(핑크),PROC_000010,1
COMP_PRINT_SPOT_WHITE_S1,별색인쇄비,디지털인쇄비,B01,디지털인쇄 출력비(국4절),declared,proc_cd,band0,"닫힌집합(0.33),닫힌집합(0.40),닫힌집합(0.43)",partial,0.714,별색(금색),PROC_000011,1
COMP_PRINT_SPOT_WHITE_S1,별색인쇄비,디지털인쇄비,B01,디지털인쇄 출력비(국4절),declared,proc_cd,band0,"닫힌집합(0.33),닫힌집합(0.40),닫힌집합(0.43)",partial,0.714,별색(은색),PROC_000012,1
COMP_PRINT_SPOT_WHITE_S1,별색인쇄비,디지털인쇄비,B01,디지털인쇄 출력비(국4절),declared,spot_side_cnt,band1,수치파싱,ok,1.000,단면,1,1
COMP_PRINT_SPOT_WHITE_S1,별색인쇄비,디지털인쇄비,B01,디지털인쇄 출력비(국4절),declared,spot_side_cnt,band1,수치파싱,ok,1.000,양면,2,1
COMP_PRINT_SPOT_WHITE_S1,별색인쇄비,디지털인쇄비,B01,디지털인쇄 출력비(국4절),declared,min_qty,title,수치파싱,ok,1.000,디지털인쇄 출력비(국4절),4,1
COMP_ENV_MAKING,봉투제작 완제품가,봉투제작,B01,봉투제작,declared,siz_cd,band0,"닫힌집합(0.60),닫힌집합(1.00)",ok,1.000,티켓봉투,SIZ_000191,1
COMP_ENV_MAKING,봉투제작 완제품가,봉투제작,B01,봉투제작,declared,siz_cd,band0,"닫힌집합(0.60),닫힌집합(1.00)",ok,1.000,소봉투,SIZ_000192,1
COMP_ENV_MAKING,봉투제작 완제품가,봉투제작,B01,봉투제작,declared,siz_cd,band0,"닫힌집합(0.60),닫힌집합(1.00)",ok,1.000,자켓봉투,SIZ_000193,1
COMP_ENV_MAKING,봉투제작 완제품가,봉투제작,B01,봉투제작,declared,siz_cd,band0,"닫힌집합(0.60),닫힌집합(1.00)",ok,1.000,대봉투,SIZ_000194,1
COMP_ENV_MAKING,봉투제작 완제품가,봉투제작,B01,봉투제작,declared,mat_cd,band1,"닫힌집합(0.92),닫힌집합(1.00)",ok,1.000,모조 120g,MAT_000159,1
COMP_ENV_MAKING,봉투제작 완제품가,봉투제작,B01,봉투제작,declared,mat_cd,band1,"닫힌집합(0.92),닫힌집합(1.00)",ok,1.000,레자크체크백색 110g / 레자크줄무늬백색 110g,MAT_000596,1
COMP_ENV_MAKING,봉투제작 완제품가,봉투제작,B01,봉투제작,declared,min_qty,row,수치파싱,ok,1.000,1000,1000,1
COMP_ENV_MAKING,봉투제작 완제품가,봉투제작,B01,봉투제작,declared,min_qty,row,수치파싱,ok,1.000,2000,2000,1
COMP_ENV_MAKING,봉투제작 완제품가,봉투제작,B01,봉투제작,declared,min_qty,row,수치파싱,ok,1.000,3000,3000,1
COMP_ENV_MAKING,봉투제작 완제품가,봉투제작,B01,봉투제작,declared,min_qty,row,수치파싱,ok,1.000,4000,4000,1
COMP_ENV_MAKING,봉투제작 완제품가,봉투제작,B01,봉투제작,declared,min_qty,row,수치파싱,ok,1.000,5000,5000,1
COMP_FOIL_PROC_LARGE_SPECIAL,박 가공비(대형·특수박),후가공_박(대형),B05,"대형박 가공비 특수박 수량별 가격 (먹유광, 백박, 홀로그램, 트윙클, 적박, 녹박)",declared,proc_cd,title,닫힌집합(0.25),ok,1.000,"대형박 가공비 특수박 수량별 가격 (먹유광, 백박, 홀로그램, 트윙클, 적박, 녹박)",PROC_000042,1
COMP_FOIL_PROC_LARGE_SPECIAL,박 가공비(대형·특수박),후가공_박(대형),B05,"대형박 가공비 특수박 수량별 가격 (먹유광, 백박, 홀로그램, 트윙클, 적박, 녹박)",declared,min_qty,row,수치파싱,ok,1.000,10,10,1
COMP_FOIL_PROC_LARGE_SPECIAL,박 가공비(대형·특수박),후가공_박(대형),B05,"대형박 가공비 특수박 수량별 가격 (먹유광, 백박, 홀로그램, 트윙클, 적박, 녹박)",declared,min_qty,row,수치파싱,ok,1.000,200,200,1
COMP_FOIL_PROC_LARGE_SPECIAL,박 가공비(대형·특수박),후가공_박(대형),B05,"대형박 가공비 특수박 수량별 가격 (먹유광, 백박, 홀로그램, 트윙클, 적박, 녹박)",declared,min_qty,row,수치파싱,ok,1.000,500,500,1
COMP_FOIL_PROC_LARGE_SPECIAL,박 가공비(대형·특수박),후가공_박(대형),B05,"대형박 가공비 특수박 수량별 가격 (먹유광, 백박, 홀로그램, 트윙클, 적박, 녹박)",declared,min_qty,row,수치파싱,ok,1.000,1000,1000,1
COMP_FOIL_PROC_LARGE_SPECIAL,박 가공비(대형·특수박),후가공_박(대형),B05,"대형박 가공비 특수박 수량별 가격 (먹유광, 백박, 홀로그램, 트윙클, 적박, 녹박)",declared,min_qty,row,수치파싱,ok,1.000,2000,2000,1
COMP_FOIL_PROC_LARGE_SPECIAL,박 가공비(대형·특수박),후가공_박(대형),B05,"대형박 가공비 특수박 수량별 가격 (먹유광, 백박, 홀로그램, 트윙클, 적박, 녹박)",declared,min_qty,row,수치파싱,ok,1.000,3000,3000,1
COMP_FOIL_PROC_LARGE_SPECIAL,박 가공비(대형·특수박),후가공_박(대형),B05,"대형박 가공비 특수박 수량별 가격 (먹유광, 백박, 홀로그램, 트윙클, 적박, 녹박)",declared,min_qty,row,수치파싱,ok,1.000,4000,4000,1
COMP_FOIL_PROC_LARGE_SPECIAL,박 가공비(대형·특수박),후가공_박(대형),B05,"대형박 가공비 특수박 수량별 가격 (먹유광, 백박, 홀로그램, 트윙클, 적박, 녹박)",declared,min_qty,row,수치파싱,ok,1.000,5000,5000,1
COMP_FOIL_PROC_LARGE_SPECIAL,박 가공비(대형·특수박),후가공_박(대형),B05,"대형박 가공비 특수박 수량별 가격 (먹유광, 백박, 홀로그램, 트윙클, 적박, 녹박)",declared,min_qty,row,수치파싱,ok,1.000,6000,6000,1
COMP_FOIL_PROC_LARGE_SPECIAL,박 가공비(대형·특수박),후가공_박(대형),B05,"대형박 가공비 특수박 수량별 가격 (먹유광, 백박, 홀로그램, 트윙클, 적박, 녹박)",declared,min_qty,row,수치파싱,ok,1.000,7000,7000,1
COMP_FOIL_PROC_LARGE_SPECIAL,박 가공비(대형·특수박),후가공_박(대형),B05,"대형박 가공비 특수박 수량별 가격 (먹유광, 백박, 홀로그램, 트윙클, 적박, 녹박)",declared,min_qty,row,수치파싱,ok,1.000,8000,8000,1
COMP_FOIL_PROC_LARGE_SPECIAL,박 가공비(대형·특수박),후가공_박(대형),B05,"대형박 가공비 특수박 수량별 가격 (먹유광, 백박, 홀로그램, 트윙클, 적박, 녹박)",declared,min_qty,row,수치파싱,ok,1.000,9000,9000,1
COMP_FOIL_PROC_LARGE_SPECIAL,박 가공비(대형·특수박),후가공_박(대형),B05,"대형박 가공비 특수박 수량별 가격 (먹유광, 백박, 홀로그램, 트윙클, 적박, 녹박)",declared,min_qty,row,수치파싱,ok,1.000,10000,10000,1
COMP_FOIL_PROC_SMALL_SPECIAL,박 가공비(소형·특수박),후가공_박(소형),B05,"소형박 가공비 특수박 수량별 가격 (백박, 홀로그램박, 트윙클박)",declared,proc_cd,title,닫힌집합(0.26),ok,1.000,"소형박 가공비 특수박 수량별 가격 (백박, 홀로그램박, 트윙클박)",PROC_000037,1
COMP_FOIL_PROC_SMALL_SPECIAL,박 가공비(소형·특수박),후가공_박(소형),B05,"소형박 가공비 특수박 수량별 가격 (백박, 홀로그램박, 트윙클박)",declared,min_qty,row,수치파싱,ok,1.000,200,200,1
COMP_FOIL_PROC_SMALL_SPECIAL,박 가공비(소형·특수박),후가공_박(소형),B05,"소형박 가공비 특수박 수량별 가격 (백박, 홀로그램박, 트윙클박)",declared,min_qty,row,수치파싱,ok,1.000,300,300,1
COMP_FOIL_PROC_SMALL_SPECIAL,박 가공비(소형·특수박),후가공_박(소형),B05,"소형박 가공비 특수박 수량별 가격 (백박, 홀로그램박, 트윙클박)",declared,min_qty,row,수치파싱,ok,1.000,400,400,1
COMP_FOIL_PROC_SMALL_SPECIAL,박 가공비(소형·특수박),후가공_박(소형),B05,"소형박 가공비 특수박 수량별 가격 (백박, 홀로그램박, 트윙클박)",declared,min_qty,row,수치파싱,ok,1.000,500,500,1
COMP_FOIL_PROC_SMALL_SPECIAL,박 가공비(소형·특수박),후가공_박(소형),B05,"소형박 가공비 특수박 수량별 가격 (백박, 홀로그램박, 트윙클박)",declared,min_qty,row,수치파싱,ok,1.000,600,600,1
COMP_FOIL_PROC_SMALL_SPECIAL,박 가공비(소형·특수박),후가공_박(소형),B05,"소형박 가공비 특수박 수량별 가격 (백박, 홀로그램박, 트윙클박)",declared,min_qty,row,수치파싱,ok,1.000,700,700,1
COMP_FOIL_PROC_SMALL_SPECIAL,박 가공비(소형·특수박),후가공_박(소형),B05,"소형박 가공비 특수박 수량별 가격 (백박, 홀로그램박, 트윙클박)",declared,min_qty,row,수치파싱,ok,1.000,800,800,1
COMP_FOIL_PROC_SMALL_SPECIAL,박 가공비(소형·특수박),후가공_박(소형),B05,"소형박 가공비 특수박 수량별 가격 (백박, 홀로그램박, 트윙클박)",declared,min_qty,row,수치파싱,ok,1.000,900,900,1
COMP_FOIL_PROC_SMALL_SPECIAL,박 가공비(소형·특수박),후가공_박(소형),B05,"소형박 가공비 특수박 수량별 가격 (백박, 홀로그램박, 트윙클박)",declared,min_qty,row,수치파싱,ok,1.000,1000,1000,1
COMP_FOIL_PROC_SMALL_SPECIAL,박 가공비(소형·특수박),후가공_박(소형),B05,"소형박 가공비 특수박 수량별 가격 (백박, 홀로그램박, 트윙클박)",declared,min_qty,row,수치파싱,ok,1.000,2000,2000,1
COMP_FOIL_PROC_SMALL_SPECIAL,박 가공비(소형·특수박),후가공_박(소형),B05,"소형박 가공비 특수박 수량별 가격 (백박, 홀로그램박, 트윙클박)",declared,min_qty,row,수치파싱,ok,1.000,3000,3000,1
COMP_FOIL_PROC_SMALL_SPECIAL,박 가공비(소형·특수박),후가공_박(소형),B05,"소형박 가공비 특수박 수량별 가격 (백박, 홀로그램박, 트윙클박)",declared,min_qty,row,수치파싱,ok,1.000,4000,4000,1
COMP_FOIL_PROC_SMALL_SPECIAL,박 가공비(소형·특수박),후가공_박(소형),B05,"소형박 가공비 특수박 수량별 가격 (백박, 홀로그램박, 트윙클박)",declared,min_qty,row,수치파싱,ok,1.000,5000,5000,1
COMP_FOIL_PROC_SMALL_SPECIAL,박 가공비(소형·특수박),후가공_박(소형),B05,"소형박 가공비 특수박 수량별 가격 (백박, 홀로그램박, 트윙클박)",declared,min_qty,row,수치파싱,ok,1.000,6000,6000,1
COMP_FOIL_PROC_SMALL_SPECIAL,박 가공비(소형·특수박),후가공_박(소형),B05,"소형박 가공비 특수박 수량별 가격 (백박, 홀로그램박, 트윙클박)",declared,min_qty,row,수치파싱,ok,1.000,7000,7000,1
COMP_FOIL_PROC_SMALL_SPECIAL,박 가공비(소형·특수박),후가공_박(소형),B05,"소형박 가공비 특수박 수량별 가격 (백박, 홀로그램박, 트윙클박)",declared,min_qty,row,수치파싱,ok,1.000,8000,8000,1
COMP_FOIL_PROC_SMALL_SPECIAL,박 가공비(소형·특수박),후가공_박(소형),B05,"소형박 가공비 특수박 수량별 가격 (백박, 홀로그램박, 트윙클박)",declared,min_qty,row,수치파싱,ok,1.000,9000,9000,1
COMP_FOIL_PROC_SMALL_SPECIAL,박 가공비(소형·특수박),후가공_박(소형),B05,"소형박 가공비 특수박 수량별 가격 (백박, 홀로그램박, 트윙클박)",declared,min_qty,row,수치파싱,ok,1.000,10000,10000,1
COMP_FOLD_LEAF_HALF,접지비 리플렛 반접지,접지옵션,B01,카드접지 단가 (오시+접지),declared,proc_cd,band0,"닫힌집합(0.14),닫힌집합(0.33)",ok,1.000,2단,PROC_000065|PROC_000066,2
COMP_FOLD_LEAF_HALF,접지비 리플렛 반접지,접지옵션,B01,카드접지 단가 (오시+접지),declared,proc_cd,band0,"닫힌집합(0.14),닫힌집합(0.33)",ok,1.000,3단,PROC_000065|PROC_000066,2
COMP_FOLD_LEAF_HALF,접지비 리플렛 반접지,접지옵션,B01,카드접지 단가 (오시+접지),declared,proc_cd,band0,"닫힌집합(0.14),닫힌집합(0.33)",ok,1.000,6단,PROC_000065|PROC_000066,2
COMP_FOLD_LEAF_HALF,접지비 리플렛 반접지,접지옵션,B01,카드접지 단가 (오시+접지),declared,min_qty,row,수치파싱,ok,1.000,1,1,1
COMP_FOLD_LEAF_HALF,접지비 리플렛 반접지,접지옵션,B01,카드접지 단가 (오시+접지),declared,min_qty,row,수치파싱,ok,1.000,2,2,1
COMP_FOLD_LEAF_HALF,접지비 리플렛 반접지,접지옵션,B01,카드접지 단가 (오시+접지),declared,min_qty,row,수치파싱,ok,1.000,3,3,1
COMP_FOLD_LEAF_HALF,접지비 리플렛 반접지,접지옵션,B01,카드접지 단가 (오시+접지),declared,min_qty,row,수치파싱,ok,1.000,4,4,1
COMP_FOLD_LEAF_HALF,접지비 리플렛 반접지,접지옵션,B01,카드접지 단가 (오시+접지),declared,min_qty,row,수치파싱,ok,1.000,5,5,1
COMP_FOLD_LEAF_HALF,접지비 리플렛 반접지,접지옵션,B01,카드접지 단가 (오시+접지),declared,min_qty,row,수치파싱,ok,1.000,6,6,1
COMP_FOLD_LEAF_HALF,접지비 리플렛 반접지,접지옵션,B01,카드접지 단가 (오시+접지),declared,min_qty,row,수치파싱,ok,1.000,7,7,1
COMP_FOLD_LEAF_HALF,접지비 리플렛 반접지,접지옵션,B01,카드접지 단가 (오시+접지),declared,min_qty,row,수치파싱,ok,1.000,8,8,1
COMP_FOLD_LEAF_HALF,접지비 리플렛 반접지,접지옵션,B01,카드접지 단가 (오시+접지),declared,min_qty,row,수치파싱,ok,1.000,9,9,1
COMP_FOLD_LEAF_HALF,접지비 리플렛 반접지,접지옵션,B01,카드접지 단가 (오시+접지),declared,min_qty,row,수치파싱,ok,1.000,10,10,1
COMP_FOLD_LEAF_HALF,접지비 리플렛 반접지,접지옵션,B01,카드접지 단가 (오시+접지),declared,min_qty,row,수치파싱,ok,1.000,15,15,1
COMP_FOLD_LEAF_HALF,접지비 리플렛 반접지,접지옵션,B01,카드접지 단가 (오시+접지),declared,min_qty,row,수치파싱,ok,1.000,20,20,1
COMP_FOLD_LEAF_HALF,접지비 리플렛 반접지,접지옵션,B01,카드접지 단가 (오시+접지),declared,min_qty,row,수치파싱,ok,1.000,25,25,1
COMP_FOLD_LEAF_HALF,접지비 리플렛 반접지,접지옵션,B01,카드접지 단가 (오시+접지),declared,min_qty,row,수치파싱,ok,1.000,30,30,1
COMP_FOLD_LEAF_HALF,접지비 리플렛 반접지,접지옵션,B01,카드접지 단가 (오시+접지),declared,min_qty,row,수치파싱,ok,1.000,35,35,1
COMP_FOLD_LEAF_HALF,접지비 리플렛 반접지,접지옵션,B01,카드접지 단가 (오시+접지),declared,min_qty,row,수치파싱,ok,1.000,40,40,1
COMP_FOLD_LEAF_HALF,접지비 리플렛 반접지,접지옵션,B01,카드접지 단가 (오시+접지),declared,min_qty,row,수치파싱,ok,1.000,45,45,1
COMP_FOLD_LEAF_HALF,접지비 리플렛 반접지,접지옵션,B01,카드접지 단가 (오시+접지),declared,min_qty,row,수치파싱,ok,1.000,50,50,1
COMP_FOLD_LEAF_HALF,접지비 리플렛 반접지,접지옵션,B01,카드접지 단가 (오시+접지),declared,min_qty,row,수치파싱,ok,1.000,60,60,1
COMP_FOLD_LEAF_HALF,접지비 리플렛 반접지,접지옵션,B01,카드접지 단가 (오시+접지),declared,min_qty,row,수치파싱,ok,1.000,70,70,1
COMP_FOLD_LEAF_HALF,접지비 리플렛 반접지,접지옵션,B01,카드접지 단가 (오시+접지),declared,min_qty,row,수치파싱,ok,1.000,80,80,1
COMP_FOLD_LEAF_HALF,접지비 리플렛 반접지,접지옵션,B01,카드접지 단가 (오시+접지),declared,min_qty,row,수치파싱,ok,1.000,90,90,1
COMP_FOLD_LEAF_HALF,접지비 리플렛 반접지,접지옵션,B01,카드접지 단가 (오시+접지),declared,min_qty,row,수치파싱,ok,1.000,100,100,1
COMP_FOLD_LEAF_HALF,접지비 리플렛 반접지,접지옵션,B01,카드접지 단가 (오시+접지),declared,min_qty,row,수치파싱,ok,1.000,150,150,1
COMP_FOLD_LEAF_HALF,접지비 리플렛 반접지,접지옵션,B01,카드접지 단가 (오시+접지),declared,min_qty,row,수치파싱,ok,1.000,200,200,1
COMP_FOLD_LEAF_HALF,접지비 리플렛 반접지,접지옵션,B01,카드접지 단가 (오시+접지),declared,min_qty,row,수치파싱,ok,1.000,250,250,1
COMP_FOLD_LEAF_HALF,접지비 리플렛 반접지,접지옵션,B01,카드접지 단가 (오시+접지),declared,min_qty,row,수치파싱,ok,1.000,300,300,1
COMP_FOLD_LEAF_HALF,접지비 리플렛 반접지,접지옵션,B01,카드접지 단가 (오시+접지),declared,min_qty,row,수치파싱,ok,1.000,350,350,1
COMP_FOLD_LEAF_HALF,접지비 리플렛 반접지,접지옵션,B01,카드접지 단가 (오시+접지),declared,min_qty,row,수치파싱,ok,1.000,400,400,1
COMP_FOLD_LEAF_HALF,접지비 리플렛 반접지,접지옵션,B01,카드접지 단가 (오시+접지),declared,min_qty,row,수치파싱,ok,1.000,450,450,1
COMP_FOLD_LEAF_HALF,접지비 리플렛 반접지,접지옵션,B01,카드접지 단가 (오시+접지),declared,min_qty,row,수치파싱,ok,1.000,500,500,1
COMP_FOLD_LEAF_HALF,접지비 리플렛 반접지,접지옵션,B01,카드접지 단가 (오시+접지),declared,min_qty,row,수치파싱,ok,1.000,600,600,1
COMP_FOLD_LEAF_HALF,접지비 리플렛 반접지,접지옵션,B01,카드접지 단가 (오시+접지),declared,min_qty,row,수치파싱,ok,1.000,700,700,1
COMP_FOLD_LEAF_HALF,접지비 리플렛 반접지,접지옵션,B01,카드접지 단가 (오시+접지),declared,min_qty,row,수치파싱,ok,1.000,800,800,1
COMP_FOLD_LEAF_HALF,접지비 리플렛 반접지,접지옵션,B01,카드접지 단가 (오시+접지),declared,min_qty,row,수치파싱,ok,1.000,900,900,1
COMP_FOLD_LEAF_HALF,접지비 리플렛 반접지,접지옵션,B01,카드접지 단가 (오시+접지),declared,min_qty,row,수치파싱,ok,1.000,1000,1000,1
COMP_FOLD_LEAF_HALF,접지비 리플렛 반접지,접지옵션,B01,카드접지 단가 (오시+접지),declared,min_qty,row,수치파싱,ok,1.000,1200,1200,1
COMP_FOLD_LEAF_HALF,접지비 리플렛 반접지,접지옵션,B01,카드접지 단가 (오시+접지),declared,min_qty,row,수치파싱,ok,1.000,1400,1400,1
COMP_FOLD_LEAF_HALF,접지비 리플렛 반접지,접지옵션,B01,카드접지 단가 (오시+접지),declared,min_qty,row,수치파싱,ok,1.000,1600,1600,1
COMP_FOLD_LEAF_HALF,접지비 리플렛 반접지,접지옵션,B01,카드접지 단가 (오시+접지),declared,min_qty,row,수치파싱,ok,1.000,1800,1800,1
COMP_FOLD_LEAF_HALF,접지비 리플렛 반접지,접지옵션,B01,카드접지 단가 (오시+접지),declared,min_qty,row,수치파싱,ok,1.000,2000,2000,1
COMP_FOLD_LEAF_HALF,접지비 리플렛 반접지,접지옵션,B01,카드접지 단가 (오시+접지),declared,min_qty,row,수치파싱,ok,1.000,2500,2500,1
COMP_FOLD_LEAF_HALF,접지비 리플렛 반접지,접지옵션,B01,카드접지 단가 (오시+접지),declared,min_qty,row,수치파싱,ok,1.000,3000,3000,1
COMP_FOLD_LEAF_HALF,접지비 리플렛 반접지,접지옵션,B01,카드접지 단가 (오시+접지),declared,min_qty,row,수치파싱,ok,1.000,3500,3500,1
COMP_FOLD_LEAF_HALF,접지비 리플렛 반접지,접지옵션,B01,카드접지 단가 (오시+접지),declared,min_qty,row,수치파싱,ok,1.000,4000,4000,1
COMP_FOLD_LEAF_HALF,접지비 리플렛 반접지,접지옵션,B01,카드접지 단가 (오시+접지),declared,min_qty,row,수치파싱,ok,1.000,4500,4500,1
COMP_FOLD_LEAF_HALF,접지비 리플렛 반접지,접지옵션,B01,카드접지 단가 (오시+접지),declared,min_qty,row,수치파싱,ok,1.000,5000,5000,1
COMP_FOLD_LEAF_HALF,접지비 리플렛 반접지,접지옵션,B01,카드접지 단가 (오시+접지),declared,min_qty,row,수치파싱,ok,1.000,100000,100000,1
COMP_FOLD_LEAF_HALF,접지비 리플렛 반접지,접지옵션,B02,리플렛 접지 단가 (오시+접지),declared,proc_cd,band0,"닫힌집합(1.00),정확(이름)",ok,1.000,반접지,PROC_000107,1
COMP_FOLD_LEAF_HALF,접지비 리플렛 반접지,접지옵션,B02,리플렛 접지 단가 (오시+접지),declared,proc_cd,band0,"닫힌집합(1.00),정확(이름)",ok,1.000,3단접지,PROC_000060,1
COMP_FOLD_LEAF_HALF,접지비 리플렛 반접지,접지옵션,B02,리플렛 접지 단가 (오시+접지),declared,proc_cd,band0,"닫힌집합(1.00),정확(이름)",ok,1.000,4단병풍접지,PROC_000071,1
COMP_FOLD_LEAF_HALF,접지비 리플렛 반접지,접지옵션,B02,리플렛 접지 단가 (오시+접지),declared,proc_cd,band0,"닫힌집합(1.00),정확(이름)",ok,1.000,4단대문접지,PROC_000106,1
COMP_FOLD_LEAF_HALF,접지비 리플렛 반접지,접지옵션,B02,리플렛 접지 단가 (오시+접지),declared,min_qty,row,수치파싱,ok,1.000,1,1,1
COMP_FOLD_LEAF_HALF,접지비 리플렛 반접지,접지옵션,B02,리플렛 접지 단가 (오시+접지),declared,min_qty,row,수치파싱,ok,1.000,2,2,1
COMP_FOLD_LEAF_HALF,접지비 리플렛 반접지,접지옵션,B02,리플렛 접지 단가 (오시+접지),declared,min_qty,row,수치파싱,ok,1.000,3,3,1
COMP_FOLD_LEAF_HALF,접지비 리플렛 반접지,접지옵션,B02,리플렛 접지 단가 (오시+접지),declared,min_qty,row,수치파싱,ok,1.000,4,4,1
COMP_FOLD_LEAF_HALF,접지비 리플렛 반접지,접지옵션,B02,리플렛 접지 단가 (오시+접지),declared,min_qty,row,수치파싱,ok,1.000,5,5,1
COMP_FOLD_LEAF_HALF,접지비 리플렛 반접지,접지옵션,B02,리플렛 접지 단가 (오시+접지),declared,min_qty,row,수치파싱,ok,1.000,6,6,1
COMP_FOLD_LEAF_HALF,접지비 리플렛 반접지,접지옵션,B02,리플렛 접지 단가 (오시+접지),declared,min_qty,row,수치파싱,ok,1.000,7,7,1
COMP_FOLD_LEAF_HALF,접지비 리플렛 반접지,접지옵션,B02,리플렛 접지 단가 (오시+접지),declared,min_qty,row,수치파싱,ok,1.000,8,8,1
COMP_FOLD_LEAF_HALF,접지비 리플렛 반접지,접지옵션,B02,리플렛 접지 단가 (오시+접지),declared,min_qty,row,수치파싱,ok,1.000,9,9,1
COMP_FOLD_LEAF_HALF,접지비 리플렛 반접지,접지옵션,B02,리플렛 접지 단가 (오시+접지),declared,min_qty,row,수치파싱,ok,1.000,10,10,1
COMP_FOLD_LEAF_HALF,접지비 리플렛 반접지,접지옵션,B02,리플렛 접지 단가 (오시+접지),declared,min_qty,row,수치파싱,ok,1.000,15,15,1
COMP_FOLD_LEAF_HALF,접지비 리플렛 반접지,접지옵션,B02,리플렛 접지 단가 (오시+접지),declared,min_qty,row,수치파싱,ok,1.000,20,20,1
COMP_FOLD_LEAF_HALF,접지비 리플렛 반접지,접지옵션,B02,리플렛 접지 단가 (오시+접지),declared,min_qty,row,수치파싱,ok,1.000,25,25,1
COMP_FOLD_LEAF_HALF,접지비 리플렛 반접지,접지옵션,B02,리플렛 접지 단가 (오시+접지),declared,min_qty,row,수치파싱,ok,1.000,30,30,1
COMP_FOLD_LEAF_HALF,접지비 리플렛 반접지,접지옵션,B02,리플렛 접지 단가 (오시+접지),declared,min_qty,row,수치파싱,ok,1.000,35,35,1
COMP_FOLD_LEAF_HALF,접지비 리플렛 반접지,접지옵션,B02,리플렛 접지 단가 (오시+접지),declared,min_qty,row,수치파싱,ok,1.000,40,40,1
COMP_FOLD_LEAF_HALF,접지비 리플렛 반접지,접지옵션,B02,리플렛 접지 단가 (오시+접지),declared,min_qty,row,수치파싱,ok,1.000,45,45,1
COMP_FOLD_LEAF_HALF,접지비 리플렛 반접지,접지옵션,B02,리플렛 접지 단가 (오시+접지),declared,min_qty,row,수치파싱,ok,1.000,50,50,1
COMP_FOLD_LEAF_HALF,접지비 리플렛 반접지,접지옵션,B02,리플렛 접지 단가 (오시+접지),declared,min_qty,row,수치파싱,ok,1.000,60,60,1
COMP_FOLD_LEAF_HALF,접지비 리플렛 반접지,접지옵션,B02,리플렛 접지 단가 (오시+접지),declared,min_qty,row,수치파싱,ok,1.000,70,70,1
COMP_FOLD_LEAF_HALF,접지비 리플렛 반접지,접지옵션,B02,리플렛 접지 단가 (오시+접지),declared,min_qty,row,수치파싱,ok,1.000,80,80,1
COMP_FOLD_LEAF_HALF,접지비 리플렛 반접지,접지옵션,B02,리플렛 접지 단가 (오시+접지),declared,min_qty,row,수치파싱,ok,1.000,90,90,1
COMP_FOLD_LEAF_HALF,접지비 리플렛 반접지,접지옵션,B02,리플렛 접지 단가 (오시+접지),declared,min_qty,row,수치파싱,ok,1.000,100,100,1
COMP_FOLD_LEAF_HALF,접지비 리플렛 반접지,접지옵션,B02,리플렛 접지 단가 (오시+접지),declared,min_qty,row,수치파싱,ok,1.000,150,150,1
COMP_FOLD_LEAF_HALF,접지비 리플렛 반접지,접지옵션,B02,리플렛 접지 단가 (오시+접지),declared,min_qty,row,수치파싱,ok,1.000,200,200,1
COMP_FOLD_LEAF_HALF,접지비 리플렛 반접지,접지옵션,B02,리플렛 접지 단가 (오시+접지),declared,min_qty,row,수치파싱,ok,1.000,250,250,1
COMP_FOLD_LEAF_HALF,접지비 리플렛 반접지,접지옵션,B02,리플렛 접지 단가 (오시+접지),declared,min_qty,row,수치파싱,ok,1.000,300,300,1
COMP_FOLD_LEAF_HALF,접지비 리플렛 반접지,접지옵션,B02,리플렛 접지 단가 (오시+접지),declared,min_qty,row,수치파싱,ok,1.000,350,350,1
COMP_FOLD_LEAF_HALF,접지비 리플렛 반접지,접지옵션,B02,리플렛 접지 단가 (오시+접지),declared,min_qty,row,수치파싱,ok,1.000,400,400,1
COMP_FOLD_LEAF_HALF,접지비 리플렛 반접지,접지옵션,B02,리플렛 접지 단가 (오시+접지),declared,min_qty,row,수치파싱,ok,1.000,450,450,1
COMP_FOLD_LEAF_HALF,접지비 리플렛 반접지,접지옵션,B02,리플렛 접지 단가 (오시+접지),declared,min_qty,row,수치파싱,ok,1.000,500,500,1
COMP_FOLD_LEAF_HALF,접지비 리플렛 반접지,접지옵션,B02,리플렛 접지 단가 (오시+접지),declared,min_qty,row,수치파싱,ok,1.000,600,600,1
COMP_FOLD_LEAF_HALF,접지비 리플렛 반접지,접지옵션,B02,리플렛 접지 단가 (오시+접지),declared,min_qty,row,수치파싱,ok,1.000,700,700,1
COMP_FOLD_LEAF_HALF,접지비 리플렛 반접지,접지옵션,B02,리플렛 접지 단가 (오시+접지),declared,min_qty,row,수치파싱,ok,1.000,800,800,1
COMP_FOLD_LEAF_HALF,접지비 리플렛 반접지,접지옵션,B02,리플렛 접지 단가 (오시+접지),declared,min_qty,row,수치파싱,ok,1.000,900,900,1
COMP_FOLD_LEAF_HALF,접지비 리플렛 반접지,접지옵션,B02,리플렛 접지 단가 (오시+접지),declared,min_qty,row,수치파싱,ok,1.000,1000,1000,1
COMP_FOLD_LEAF_HALF,접지비 리플렛 반접지,접지옵션,B02,리플렛 접지 단가 (오시+접지),declared,min_qty,row,수치파싱,ok,1.000,1200,1200,1
COMP_FOLD_LEAF_HALF,접지비 리플렛 반접지,접지옵션,B02,리플렛 접지 단가 (오시+접지),declared,min_qty,row,수치파싱,ok,1.000,1400,1400,1
COMP_FOLD_LEAF_HALF,접지비 리플렛 반접지,접지옵션,B02,리플렛 접지 단가 (오시+접지),declared,min_qty,row,수치파싱,ok,1.000,1600,1600,1
COMP_FOLD_LEAF_HALF,접지비 리플렛 반접지,접지옵션,B02,리플렛 접지 단가 (오시+접지),declared,min_qty,row,수치파싱,ok,1.000,1800,1800,1
COMP_FOLD_LEAF_HALF,접지비 리플렛 반접지,접지옵션,B02,리플렛 접지 단가 (오시+접지),declared,min_qty,row,수치파싱,ok,1.000,2000,2000,1
COMP_FOLD_LEAF_HALF,접지비 리플렛 반접지,접지옵션,B02,리플렛 접지 단가 (오시+접지),declared,min_qty,row,수치파싱,ok,1.000,2500,2500,1
COMP_FOLD_LEAF_HALF,접지비 리플렛 반접지,접지옵션,B02,리플렛 접지 단가 (오시+접지),declared,min_qty,row,수치파싱,ok,1.000,3000,3000,1
COMP_FOLD_LEAF_HALF,접지비 리플렛 반접지,접지옵션,B02,리플렛 접지 단가 (오시+접지),declared,min_qty,row,수치파싱,ok,1.000,3500,3500,1
COMP_FOLD_LEAF_HALF,접지비 리플렛 반접지,접지옵션,B02,리플렛 접지 단가 (오시+접지),declared,min_qty,row,수치파싱,ok,1.000,4000,4000,1
COMP_FOLD_LEAF_HALF,접지비 리플렛 반접지,접지옵션,B02,리플렛 접지 단가 (오시+접지),declared,min_qty,row,수치파싱,ok,1.000,4500,4500,1
COMP_FOLD_LEAF_HALF,접지비 리플렛 반접지,접지옵션,B02,리플렛 접지 단가 (오시+접지),declared,min_qty,row,수치파싱,ok,1.000,5000,5000,1
COMP_FOLD_LEAF_HALF,접지비 리플렛 반접지,접지옵션,B02,리플렛 접지 단가 (오시+접지),declared,min_qty,row,수치파싱,ok,1.000,100000,100000,1
COMP_FOLD_LEAF_3FOLD,접지비 리플렛 3단,접지옵션,B01,카드접지 단가 (오시+접지),declared,proc_cd,band0,"닫힌집합(0.20),닫힌집합(0.50)",ok,1.000,2단,PROC_000060,1
COMP_FOLD_LEAF_3FOLD,접지비 리플렛 3단,접지옵션,B01,카드접지 단가 (오시+접지),declared,proc_cd,band0,"닫힌집합(0.20),닫힌집합(0.50)",ok,1.000,3단,PROC_000060,1
COMP_FOLD_LEAF_3FOLD,접지비 리플렛 3단,접지옵션,B01,카드접지 단가 (오시+접지),declared,proc_cd,band0,"닫힌집합(0.20),닫힌집합(0.50)",ok,1.000,6단,PROC_000060,1
COMP_FOLD_LEAF_3FOLD,접지비 리플렛 3단,접지옵션,B01,카드접지 단가 (오시+접지),declared,min_qty,row,수치파싱,ok,1.000,1,1,1
COMP_FOLD_LEAF_3FOLD,접지비 리플렛 3단,접지옵션,B01,카드접지 단가 (오시+접지),declared,min_qty,row,수치파싱,ok,1.000,2,2,1
COMP_FOLD_LEAF_3FOLD,접지비 리플렛 3단,접지옵션,B01,카드접지 단가 (오시+접지),declared,min_qty,row,수치파싱,ok,1.000,3,3,1
COMP_FOLD_LEAF_3FOLD,접지비 리플렛 3단,접지옵션,B01,카드접지 단가 (오시+접지),declared,min_qty,row,수치파싱,ok,1.000,4,4,1
COMP_FOLD_LEAF_3FOLD,접지비 리플렛 3단,접지옵션,B01,카드접지 단가 (오시+접지),declared,min_qty,row,수치파싱,ok,1.000,5,5,1
COMP_FOLD_LEAF_3FOLD,접지비 리플렛 3단,접지옵션,B01,카드접지 단가 (오시+접지),declared,min_qty,row,수치파싱,ok,1.000,6,6,1
COMP_FOLD_LEAF_3FOLD,접지비 리플렛 3단,접지옵션,B01,카드접지 단가 (오시+접지),declared,min_qty,row,수치파싱,ok,1.000,7,7,1
COMP_FOLD_LEAF_3FOLD,접지비 리플렛 3단,접지옵션,B01,카드접지 단가 (오시+접지),declared,min_qty,row,수치파싱,ok,1.000,8,8,1
COMP_FOLD_LEAF_3FOLD,접지비 리플렛 3단,접지옵션,B01,카드접지 단가 (오시+접지),declared,min_qty,row,수치파싱,ok,1.000,9,9,1
COMP_FOLD_LEAF_3FOLD,접지비 리플렛 3단,접지옵션,B01,카드접지 단가 (오시+접지),declared,min_qty,row,수치파싱,ok,1.000,10,10,1
COMP_FOLD_LEAF_3FOLD,접지비 리플렛 3단,접지옵션,B01,카드접지 단가 (오시+접지),declared,min_qty,row,수치파싱,ok,1.000,15,15,1
COMP_FOLD_LEAF_3FOLD,접지비 리플렛 3단,접지옵션,B01,카드접지 단가 (오시+접지),declared,min_qty,row,수치파싱,ok,1.000,20,20,1
COMP_FOLD_LEAF_3FOLD,접지비 리플렛 3단,접지옵션,B01,카드접지 단가 (오시+접지),declared,min_qty,row,수치파싱,ok,1.000,25,25,1
COMP_FOLD_LEAF_3FOLD,접지비 리플렛 3단,접지옵션,B01,카드접지 단가 (오시+접지),declared,min_qty,row,수치파싱,ok,1.000,30,30,1
COMP_FOLD_LEAF_3FOLD,접지비 리플렛 3단,접지옵션,B01,카드접지 단가 (오시+접지),declared,min_qty,row,수치파싱,ok,1.000,35,35,1
COMP_FOLD_LEAF_3FOLD,접지비 리플렛 3단,접지옵션,B01,카드접지 단가 (오시+접지),declared,min_qty,row,수치파싱,ok,1.000,40,40,1
COMP_FOLD_LEAF_3FOLD,접지비 리플렛 3단,접지옵션,B01,카드접지 단가 (오시+접지),declared,min_qty,row,수치파싱,ok,1.000,45,45,1
COMP_FOLD_LEAF_3FOLD,접지비 리플렛 3단,접지옵션,B01,카드접지 단가 (오시+접지),declared,min_qty,row,수치파싱,ok,1.000,50,50,1
COMP_FOLD_LEAF_3FOLD,접지비 리플렛 3단,접지옵션,B01,카드접지 단가 (오시+접지),declared,min_qty,row,수치파싱,ok,1.000,60,60,1
COMP_FOLD_LEAF_3FOLD,접지비 리플렛 3단,접지옵션,B01,카드접지 단가 (오시+접지),declared,min_qty,row,수치파싱,ok,1.000,70,70,1
COMP_FOLD_LEAF_3FOLD,접지비 리플렛 3단,접지옵션,B01,카드접지 단가 (오시+접지),declared,min_qty,row,수치파싱,ok,1.000,80,80,1
COMP_FOLD_LEAF_3FOLD,접지비 리플렛 3단,접지옵션,B01,카드접지 단가 (오시+접지),declared,min_qty,row,수치파싱,ok,1.000,90,90,1
COMP_FOLD_LEAF_3FOLD,접지비 리플렛 3단,접지옵션,B01,카드접지 단가 (오시+접지),declared,min_qty,row,수치파싱,ok,1.000,100,100,1
COMP_FOLD_LEAF_3FOLD,접지비 리플렛 3단,접지옵션,B01,카드접지 단가 (오시+접지),declared,min_qty,row,수치파싱,ok,1.000,150,150,1
COMP_FOLD_LEAF_3FOLD,접지비 리플렛 3단,접지옵션,B01,카드접지 단가 (오시+접지),declared,min_qty,row,수치파싱,ok,1.000,200,200,1
COMP_FOLD_LEAF_3FOLD,접지비 리플렛 3단,접지옵션,B01,카드접지 단가 (오시+접지),declared,min_qty,row,수치파싱,ok,1.000,250,250,1
COMP_FOLD_LEAF_3FOLD,접지비 리플렛 3단,접지옵션,B01,카드접지 단가 (오시+접지),declared,min_qty,row,수치파싱,ok,1.000,300,300,1
COMP_FOLD_LEAF_3FOLD,접지비 리플렛 3단,접지옵션,B01,카드접지 단가 (오시+접지),declared,min_qty,row,수치파싱,ok,1.000,350,350,1
COMP_FOLD_LEAF_3FOLD,접지비 리플렛 3단,접지옵션,B01,카드접지 단가 (오시+접지),declared,min_qty,row,수치파싱,ok,1.000,400,400,1
COMP_FOLD_LEAF_3FOLD,접지비 리플렛 3단,접지옵션,B01,카드접지 단가 (오시+접지),declared,min_qty,row,수치파싱,ok,1.000,450,450,1
COMP_FOLD_LEAF_3FOLD,접지비 리플렛 3단,접지옵션,B01,카드접지 단가 (오시+접지),declared,min_qty,row,수치파싱,ok,1.000,500,500,1
COMP_FOLD_LEAF_3FOLD,접지비 리플렛 3단,접지옵션,B01,카드접지 단가 (오시+접지),declared,min_qty,row,수치파싱,ok,1.000,600,600,1
COMP_FOLD_LEAF_3FOLD,접지비 리플렛 3단,접지옵션,B01,카드접지 단가 (오시+접지),declared,min_qty,row,수치파싱,ok,1.000,700,700,1
COMP_FOLD_LEAF_3FOLD,접지비 리플렛 3단,접지옵션,B01,카드접지 단가 (오시+접지),declared,min_qty,row,수치파싱,ok,1.000,800,800,1
COMP_FOLD_LEAF_3FOLD,접지비 리플렛 3단,접지옵션,B01,카드접지 단가 (오시+접지),declared,min_qty,row,수치파싱,ok,1.000,900,900,1
COMP_FOLD_LEAF_3FOLD,접지비 리플렛 3단,접지옵션,B01,카드접지 단가 (오시+접지),declared,min_qty,row,수치파싱,ok,1.000,1000,1000,1
COMP_FOLD_LEAF_3FOLD,접지비 리플렛 3단,접지옵션,B01,카드접지 단가 (오시+접지),declared,min_qty,row,수치파싱,ok,1.000,1200,1200,1
COMP_FOLD_LEAF_3FOLD,접지비 리플렛 3단,접지옵션,B01,카드접지 단가 (오시+접지),declared,min_qty,row,수치파싱,ok,1.000,1400,1400,1
COMP_FOLD_LEAF_3FOLD,접지비 리플렛 3단,접지옵션,B01,카드접지 단가 (오시+접지),declared,min_qty,row,수치파싱,ok,1.000,1600,1600,1
COMP_FOLD_LEAF_3FOLD,접지비 리플렛 3단,접지옵션,B01,카드접지 단가 (오시+접지),declared,min_qty,row,수치파싱,ok,1.000,1800,1800,1
COMP_FOLD_LEAF_3FOLD,접지비 리플렛 3단,접지옵션,B01,카드접지 단가 (오시+접지),declared,min_qty,row,수치파싱,ok,1.000,2000,2000,1
COMP_FOLD_LEAF_3FOLD,접지비 리플렛 3단,접지옵션,B01,카드접지 단가 (오시+접지),declared,min_qty,row,수치파싱,ok,1.000,2500,2500,1
COMP_FOLD_LEAF_3FOLD,접지비 리플렛 3단,접지옵션,B01,카드접지 단가 (오시+접지),declared,min_qty,row,수치파싱,ok,1.000,3000,3000,1
COMP_FOLD_LEAF_3FOLD,접지비 리플렛 3단,접지옵션,B01,카드접지 단가 (오시+접지),declared,min_qty,row,수치파싱,ok,1.000,3500,3500,1
COMP_FOLD_LEAF_3FOLD,접지비 리플렛 3단,접지옵션,B01,카드접지 단가 (오시+접지),declared,min_qty,row,수치파싱,ok,1.000,4000,4000,1
COMP_FOLD_LEAF_3FOLD,접지비 리플렛 3단,접지옵션,B01,카드접지 단가 (오시+접지),declared,min_qty,row,수치파싱,ok,1.000,4500,4500,1
COMP_FOLD_LEAF_3FOLD,접지비 리플렛 3단,접지옵션,B01,카드접지 단가 (오시+접지),declared,min_qty,row,수치파싱,ok,1.000,5000,5000,1
COMP_FOLD_LEAF_3FOLD,접지비 리플렛 3단,접지옵션,B01,카드접지 단가 (오시+접지),declared,min_qty,row,수치파싱,ok,1.000,100000,100000,1
COMP_FOLD_LEAF_3FOLD,접지비 리플렛 3단,접지옵션,B02,리플렛 접지 단가 (오시+접지),declared,proc_cd,band0,"닫힌집합(0.40),닫힌집합(0.43),닫힌집합(1.00)",ok,1.000,반접지,PROC_000060,1
COMP_FOLD_LEAF_3FOLD,접지비 리플렛 3단,접지옵션,B02,리플렛 접지 단가 (오시+접지),declared,proc_cd,band0,"닫힌집합(0.40),닫힌집합(0.43),닫힌집합(1.00)",ok,1.000,3단접지,PROC_000060,1
COMP_FOLD_LEAF_3FOLD,접지비 리플렛 3단,접지옵션,B02,리플렛 접지 단가 (오시+접지),declared,proc_cd,band0,"닫힌집합(0.40),닫힌집합(0.43),닫힌집합(1.00)",ok,1.000,4단병풍접지,PROC_000060,1
COMP_FOLD_LEAF_3FOLD,접지비 리플렛 3단,접지옵션,B02,리플렛 접지 단가 (오시+접지),declared,proc_cd,band0,"닫힌집합(0.40),닫힌집합(0.43),닫힌집합(1.00)",ok,1.000,4단대문접지,PROC_000060,1
COMP_FOLD_LEAF_3FOLD,접지비 리플렛 3단,접지옵션,B02,리플렛 접지 단가 (오시+접지),declared,min_qty,row,수치파싱,ok,1.000,1,1,1
COMP_FOLD_LEAF_3FOLD,접지비 리플렛 3단,접지옵션,B02,리플렛 접지 단가 (오시+접지),declared,min_qty,row,수치파싱,ok,1.000,2,2,1
COMP_FOLD_LEAF_3FOLD,접지비 리플렛 3단,접지옵션,B02,리플렛 접지 단가 (오시+접지),declared,min_qty,row,수치파싱,ok,1.000,3,3,1
COMP_FOLD_LEAF_3FOLD,접지비 리플렛 3단,접지옵션,B02,리플렛 접지 단가 (오시+접지),declared,min_qty,row,수치파싱,ok,1.000,4,4,1
COMP_FOLD_LEAF_3FOLD,접지비 리플렛 3단,접지옵션,B02,리플렛 접지 단가 (오시+접지),declared,min_qty,row,수치파싱,ok,1.000,5,5,1
COMP_FOLD_LEAF_3FOLD,접지비 리플렛 3단,접지옵션,B02,리플렛 접지 단가 (오시+접지),declared,min_qty,row,수치파싱,ok,1.000,6,6,1
COMP_FOLD_LEAF_3FOLD,접지비 리플렛 3단,접지옵션,B02,리플렛 접지 단가 (오시+접지),declared,min_qty,row,수치파싱,ok,1.000,7,7,1
COMP_FOLD_LEAF_3FOLD,접지비 리플렛 3단,접지옵션,B02,리플렛 접지 단가 (오시+접지),declared,min_qty,row,수치파싱,ok,1.000,8,8,1
COMP_FOLD_LEAF_3FOLD,접지비 리플렛 3단,접지옵션,B02,리플렛 접지 단가 (오시+접지),declared,min_qty,row,수치파싱,ok,1.000,9,9,1
COMP_FOLD_LEAF_3FOLD,접지비 리플렛 3단,접지옵션,B02,리플렛 접지 단가 (오시+접지),declared,min_qty,row,수치파싱,ok,1.000,10,10,1
COMP_FOLD_LEAF_3FOLD,접지비 리플렛 3단,접지옵션,B02,리플렛 접지 단가 (오시+접지),declared,min_qty,row,수치파싱,ok,1.000,15,15,1
COMP_FOLD_LEAF_3FOLD,접지비 리플렛 3단,접지옵션,B02,리플렛 접지 단가 (오시+접지),declared,min_qty,row,수치파싱,ok,1.000,20,20,1
COMP_FOLD_LEAF_3FOLD,접지비 리플렛 3단,접지옵션,B02,리플렛 접지 단가 (오시+접지),declared,min_qty,row,수치파싱,ok,1.000,25,25,1
COMP_FOLD_LEAF_3FOLD,접지비 리플렛 3단,접지옵션,B02,리플렛 접지 단가 (오시+접지),declared,min_qty,row,수치파싱,ok,1.000,30,30,1
COMP_FOLD_LEAF_3FOLD,접지비 리플렛 3단,접지옵션,B02,리플렛 접지 단가 (오시+접지),declared,min_qty,row,수치파싱,ok,1.000,35,35,1
COMP_FOLD_LEAF_3FOLD,접지비 리플렛 3단,접지옵션,B02,리플렛 접지 단가 (오시+접지),declared,min_qty,row,수치파싱,ok,1.000,40,40,1
COMP_FOLD_LEAF_3FOLD,접지비 리플렛 3단,접지옵션,B02,리플렛 접지 단가 (오시+접지),declared,min_qty,row,수치파싱,ok,1.000,45,45,1
COMP_FOLD_LEAF_3FOLD,접지비 리플렛 3단,접지옵션,B02,리플렛 접지 단가 (오시+접지),declared,min_qty,row,수치파싱,ok,1.000,50,50,1
COMP_FOLD_LEAF_3FOLD,접지비 리플렛 3단,접지옵션,B02,리플렛 접지 단가 (오시+접지),declared,min_qty,row,수치파싱,ok,1.000,60,60,1
COMP_FOLD_LEAF_3FOLD,접지비 리플렛 3단,접지옵션,B02,리플렛 접지 단가 (오시+접지),declared,min_qty,row,수치파싱,ok,1.000,70,70,1
COMP_FOLD_LEAF_3FOLD,접지비 리플렛 3단,접지옵션,B02,리플렛 접지 단가 (오시+접지),declared,min_qty,row,수치파싱,ok,1.000,80,80,1
COMP_FOLD_LEAF_3FOLD,접지비 리플렛 3단,접지옵션,B02,리플렛 접지 단가 (오시+접지),declared,min_qty,row,수치파싱,ok,1.000,90,90,1
COMP_FOLD_LEAF_3FOLD,접지비 리플렛 3단,접지옵션,B02,리플렛 접지 단가 (오시+접지),declared,min_qty,row,수치파싱,ok,1.000,100,100,1
COMP_FOLD_LEAF_3FOLD,접지비 리플렛 3단,접지옵션,B02,리플렛 접지 단가 (오시+접지),declared,min_qty,row,수치파싱,ok,1.000,150,150,1
COMP_FOLD_LEAF_3FOLD,접지비 리플렛 3단,접지옵션,B02,리플렛 접지 단가 (오시+접지),declared,min_qty,row,수치파싱,ok,1.000,200,200,1
COMP_FOLD_LEAF_3FOLD,접지비 리플렛 3단,접지옵션,B02,리플렛 접지 단가 (오시+접지),declared,min_qty,row,수치파싱,ok,1.000,250,250,1
COMP_FOLD_LEAF_3FOLD,접지비 리플렛 3단,접지옵션,B02,리플렛 접지 단가 (오시+접지),declared,min_qty,row,수치파싱,ok,1.000,300,300,1
COMP_FOLD_LEAF_3FOLD,접지비 리플렛 3단,접지옵션,B02,리플렛 접지 단가 (오시+접지),declared,min_qty,row,수치파싱,ok,1.000,350,350,1
COMP_FOLD_LEAF_3FOLD,접지비 리플렛 3단,접지옵션,B02,리플렛 접지 단가 (오시+접지),declared,min_qty,row,수치파싱,ok,1.000,400,400,1
COMP_FOLD_LEAF_3FOLD,접지비 리플렛 3단,접지옵션,B02,리플렛 접지 단가 (오시+접지),declared,min_qty,row,수치파싱,ok,1.000,450,450,1
COMP_FOLD_LEAF_3FOLD,접지비 리플렛 3단,접지옵션,B02,리플렛 접지 단가 (오시+접지),declared,min_qty,row,수치파싱,ok,1.000,500,500,1
COMP_FOLD_LEAF_3FOLD,접지비 리플렛 3단,접지옵션,B02,리플렛 접지 단가 (오시+접지),declared,min_qty,row,수치파싱,ok,1.000,600,600,1
COMP_FOLD_LEAF_3FOLD,접지비 리플렛 3단,접지옵션,B02,리플렛 접지 단가 (오시+접지),declared,min_qty,row,수치파싱,ok,1.000,700,700,1
COMP_FOLD_LEAF_3FOLD,접지비 리플렛 3단,접지옵션,B02,리플렛 접지 단가 (오시+접지),declared,min_qty,row,수치파싱,ok,1.000,800,800,1
COMP_FOLD_LEAF_3FOLD,접지비 리플렛 3단,접지옵션,B02,리플렛 접지 단가 (오시+접지),declared,min_qty,row,수치파싱,ok,1.000,900,900,1
COMP_FOLD_LEAF_3FOLD,접지비 리플렛 3단,접지옵션,B02,리플렛 접지 단가 (오시+접지),declared,min_qty,row,수치파싱,ok,1.000,1000,1000,1
COMP_FOLD_LEAF_3FOLD,접지비 리플렛 3단,접지옵션,B02,리플렛 접지 단가 (오시+접지),declared,min_qty,row,수치파싱,ok,1.000,1200,1200,1
COMP_FOLD_LEAF_3FOLD,접지비 리플렛 3단,접지옵션,B02,리플렛 접지 단가 (오시+접지),declared,min_qty,row,수치파싱,ok,1.000,1400,1400,1
COMP_FOLD_LEAF_3FOLD,접지비 리플렛 3단,접지옵션,B02,리플렛 접지 단가 (오시+접지),declared,min_qty,row,수치파싱,ok,1.000,1600,1600,1
COMP_FOLD_LEAF_3FOLD,접지비 리플렛 3단,접지옵션,B02,리플렛 접지 단가 (오시+접지),declared,min_qty,row,수치파싱,ok,1.000,1800,1800,1
COMP_FOLD_LEAF_3FOLD,접지비 리플렛 3단,접지옵션,B02,리플렛 접지 단가 (오시+접지),declared,min_qty,row,수치파싱,ok,1.000,2000,2000,1
COMP_FOLD_LEAF_3FOLD,접지비 리플렛 3단,접지옵션,B02,리플렛 접지 단가 (오시+접지),declared,min_qty,row,수치파싱,ok,1.000,2500,2500,1
COMP_FOLD_LEAF_3FOLD,접지비 리플렛 3단,접지옵션,B02,리플렛 접지 단가 (오시+접지),declared,min_qty,row,수치파싱,ok,1.000,3000,3000,1
COMP_FOLD_LEAF_3FOLD,접지비 리플렛 3단,접지옵션,B02,리플렛 접지 단가 (오시+접지),declared,min_qty,row,수치파싱,ok,1.000,3500,3500,1
COMP_FOLD_LEAF_3FOLD,접지비 리플렛 3단,접지옵션,B02,리플렛 접지 단가 (오시+접지),declared,min_qty,row,수치파싱,ok,1.000,4000,4000,1
COMP_FOLD_LEAF_3FOLD,접지비 리플렛 3단,접지옵션,B02,리플렛 접지 단가 (오시+접지),declared,min_qty,row,수치파싱,ok,1.000,4500,4500,1
COMP_FOLD_LEAF_3FOLD,접지비 리플렛 3단,접지옵션,B02,리플렛 접지 단가 (오시+접지),declared,min_qty,row,수치파싱,ok,1.000,5000,5000,1
COMP_FOLD_LEAF_3FOLD,접지비 리플렛 3단,접지옵션,B02,리플렛 접지 단가 (오시+접지),declared,min_qty,row,수치파싱,ok,1.000,100000,100000,1
COMP_FOLD_CARD_6CR,접지비 카드 6크리즈,접지옵션,B01,카드접지 단가 (오시+접지),declared,min_qty,row,수치파싱,ok,1.000,1,1,1
COMP_FOLD_CARD_6CR,접지비 카드 6크리즈,접지옵션,B01,카드접지 단가 (오시+접지),declared,min_qty,row,수치파싱,ok,1.000,2,2,1
COMP_FOLD_CARD_6CR,접지비 카드 6크리즈,접지옵션,B01,카드접지 단가 (오시+접지),declared,min_qty,row,수치파싱,ok,1.000,3,3,1
COMP_FOLD_CARD_6CR,접지비 카드 6크리즈,접지옵션,B01,카드접지 단가 (오시+접지),declared,min_qty,row,수치파싱,ok,1.000,4,4,1
COMP_FOLD_CARD_6CR,접지비 카드 6크리즈,접지옵션,B01,카드접지 단가 (오시+접지),declared,min_qty,row,수치파싱,ok,1.000,5,5,1
COMP_FOLD_CARD_6CR,접지비 카드 6크리즈,접지옵션,B01,카드접지 단가 (오시+접지),declared,min_qty,row,수치파싱,ok,1.000,6,6,1
COMP_FOLD_CARD_6CR,접지비 카드 6크리즈,접지옵션,B01,카드접지 단가 (오시+접지),declared,min_qty,row,수치파싱,ok,1.000,7,7,1
COMP_FOLD_CARD_6CR,접지비 카드 6크리즈,접지옵션,B01,카드접지 단가 (오시+접지),declared,min_qty,row,수치파싱,ok,1.000,8,8,1
COMP_FOLD_CARD_6CR,접지비 카드 6크리즈,접지옵션,B01,카드접지 단가 (오시+접지),declared,min_qty,row,수치파싱,ok,1.000,9,9,1
COMP_FOLD_CARD_6CR,접지비 카드 6크리즈,접지옵션,B01,카드접지 단가 (오시+접지),declared,min_qty,row,수치파싱,ok,1.000,10,10,1
COMP_FOLD_CARD_6CR,접지비 카드 6크리즈,접지옵션,B01,카드접지 단가 (오시+접지),declared,min_qty,row,수치파싱,ok,1.000,15,15,1
COMP_FOLD_CARD_6CR,접지비 카드 6크리즈,접지옵션,B01,카드접지 단가 (오시+접지),declared,min_qty,row,수치파싱,ok,1.000,20,20,1
COMP_FOLD_CARD_6CR,접지비 카드 6크리즈,접지옵션,B01,카드접지 단가 (오시+접지),declared,min_qty,row,수치파싱,ok,1.000,25,25,1
COMP_FOLD_CARD_6CR,접지비 카드 6크리즈,접지옵션,B01,카드접지 단가 (오시+접지),declared,min_qty,row,수치파싱,ok,1.000,30,30,1
COMP_FOLD_CARD_6CR,접지비 카드 6크리즈,접지옵션,B01,카드접지 단가 (오시+접지),declared,min_qty,row,수치파싱,ok,1.000,35,35,1
COMP_FOLD_CARD_6CR,접지비 카드 6크리즈,접지옵션,B01,카드접지 단가 (오시+접지),declared,min_qty,row,수치파싱,ok,1.000,40,40,1
COMP_FOLD_CARD_6CR,접지비 카드 6크리즈,접지옵션,B01,카드접지 단가 (오시+접지),declared,min_qty,row,수치파싱,ok,1.000,45,45,1
COMP_FOLD_CARD_6CR,접지비 카드 6크리즈,접지옵션,B01,카드접지 단가 (오시+접지),declared,min_qty,row,수치파싱,ok,1.000,50,50,1
COMP_FOLD_CARD_6CR,접지비 카드 6크리즈,접지옵션,B01,카드접지 단가 (오시+접지),declared,min_qty,row,수치파싱,ok,1.000,60,60,1
COMP_FOLD_CARD_6CR,접지비 카드 6크리즈,접지옵션,B01,카드접지 단가 (오시+접지),declared,min_qty,row,수치파싱,ok,1.000,70,70,1
COMP_FOLD_CARD_6CR,접지비 카드 6크리즈,접지옵션,B01,카드접지 단가 (오시+접지),declared,min_qty,row,수치파싱,ok,1.000,80,80,1
COMP_FOLD_CARD_6CR,접지비 카드 6크리즈,접지옵션,B01,카드접지 단가 (오시+접지),declared,min_qty,row,수치파싱,ok,1.000,90,90,1
COMP_FOLD_CARD_6CR,접지비 카드 6크리즈,접지옵션,B01,카드접지 단가 (오시+접지),declared,min_qty,row,수치파싱,ok,1.000,100,100,1
COMP_FOLD_CARD_6CR,접지비 카드 6크리즈,접지옵션,B01,카드접지 단가 (오시+접지),declared,min_qty,row,수치파싱,ok,1.000,150,150,1
COMP_FOLD_CARD_6CR,접지비 카드 6크리즈,접지옵션,B01,카드접지 단가 (오시+접지),declared,min_qty,row,수치파싱,ok,1.000,200,200,1
COMP_FOLD_CARD_6CR,접지비 카드 6크리즈,접지옵션,B01,카드접지 단가 (오시+접지),declared,min_qty,row,수치파싱,ok,1.000,250,250,1
COMP_FOLD_CARD_6CR,접지비 카드 6크리즈,접지옵션,B01,카드접지 단가 (오시+접지),declared,min_qty,row,수치파싱,ok,1.000,300,300,1
COMP_FOLD_CARD_6CR,접지비 카드 6크리즈,접지옵션,B01,카드접지 단가 (오시+접지),declared,min_qty,row,수치파싱,ok,1.000,350,350,1
COMP_FOLD_CARD_6CR,접지비 카드 6크리즈,접지옵션,B01,카드접지 단가 (오시+접지),declared,min_qty,row,수치파싱,ok,1.000,400,400,1
COMP_FOLD_CARD_6CR,접지비 카드 6크리즈,접지옵션,B01,카드접지 단가 (오시+접지),declared,min_qty,row,수치파싱,ok,1.000,450,450,1
COMP_FOLD_CARD_6CR,접지비 카드 6크리즈,접지옵션,B01,카드접지 단가 (오시+접지),declared,min_qty,row,수치파싱,ok,1.000,500,500,1
COMP_FOLD_CARD_6CR,접지비 카드 6크리즈,접지옵션,B01,카드접지 단가 (오시+접지),declared,min_qty,row,수치파싱,ok,1.000,600,600,1
COMP_FOLD_CARD_6CR,접지비 카드 6크리즈,접지옵션,B01,카드접지 단가 (오시+접지),declared,min_qty,row,수치파싱,ok,1.000,700,700,1
COMP_FOLD_CARD_6CR,접지비 카드 6크리즈,접지옵션,B01,카드접지 단가 (오시+접지),declared,min_qty,row,수치파싱,ok,1.000,800,800,1
COMP_FOLD_CARD_6CR,접지비 카드 6크리즈,접지옵션,B01,카드접지 단가 (오시+접지),declared,min_qty,row,수치파싱,ok,1.000,900,900,1
COMP_FOLD_CARD_6CR,접지비 카드 6크리즈,접지옵션,B01,카드접지 단가 (오시+접지),declared,min_qty,row,수치파싱,ok,1.000,1000,1000,1
COMP_FOLD_CARD_6CR,접지비 카드 6크리즈,접지옵션,B01,카드접지 단가 (오시+접지),declared,min_qty,row,수치파싱,ok,1.000,1200,1200,1
COMP_FOLD_CARD_6CR,접지비 카드 6크리즈,접지옵션,B01,카드접지 단가 (오시+접지),declared,min_qty,row,수치파싱,ok,1.000,1400,1400,1
COMP_FOLD_CARD_6CR,접지비 카드 6크리즈,접지옵션,B01,카드접지 단가 (오시+접지),declared,min_qty,row,수치파싱,ok,1.000,1600,1600,1
COMP_FOLD_CARD_6CR,접지비 카드 6크리즈,접지옵션,B01,카드접지 단가 (오시+접지),declared,min_qty,row,수치파싱,ok,1.000,1800,1800,1
COMP_FOLD_CARD_6CR,접지비 카드 6크리즈,접지옵션,B01,카드접지 단가 (오시+접지),declared,min_qty,row,수치파싱,ok,1.000,2000,2000,1
COMP_FOLD_CARD_6CR,접지비 카드 6크리즈,접지옵션,B01,카드접지 단가 (오시+접지),declared,min_qty,row,수치파싱,ok,1.000,2500,2500,1
COMP_FOLD_CARD_6CR,접지비 카드 6크리즈,접지옵션,B01,카드접지 단가 (오시+접지),declared,min_qty,row,수치파싱,ok,1.000,3000,3000,1
COMP_FOLD_CARD_6CR,접지비 카드 6크리즈,접지옵션,B01,카드접지 단가 (오시+접지),declared,min_qty,row,수치파싱,ok,1.000,3500,3500,1
COMP_FOLD_CARD_6CR,접지비 카드 6크리즈,접지옵션,B01,카드접지 단가 (오시+접지),declared,min_qty,row,수치파싱,ok,1.000,4000,4000,1
COMP_FOLD_CARD_6CR,접지비 카드 6크리즈,접지옵션,B01,카드접지 단가 (오시+접지),declared,min_qty,row,수치파싱,ok,1.000,4500,4500,1
COMP_FOLD_CARD_6CR,접지비 카드 6크리즈,접지옵션,B01,카드접지 단가 (오시+접지),declared,min_qty,row,수치파싱,ok,1.000,5000,5000,1
COMP_FOLD_CARD_6CR,접지비 카드 6크리즈,접지옵션,B01,카드접지 단가 (오시+접지),declared,min_qty,row,수치파싱,ok,1.000,100000,100000,1
COMP_FOLD_LEAF_4ACC,접지비 리플렛 4단아코디언,접지옵션,B02,리플렛 접지 단가 (오시+접지),declared,proc_cd,(상수),라이브 단일값,constant,1.000,(블록 상수),PROC_000071,1
COMP_FOLD_LEAF_4ACC,접지비 리플렛 4단아코디언,접지옵션,B02,리플렛 접지 단가 (오시+접지),declared,min_qty,row,수치파싱,ok,1.000,1,1,1
COMP_FOLD_LEAF_4ACC,접지비 리플렛 4단아코디언,접지옵션,B02,리플렛 접지 단가 (오시+접지),declared,min_qty,row,수치파싱,ok,1.000,2,2,1
COMP_FOLD_LEAF_4ACC,접지비 리플렛 4단아코디언,접지옵션,B02,리플렛 접지 단가 (오시+접지),declared,min_qty,row,수치파싱,ok,1.000,3,3,1
COMP_FOLD_LEAF_4ACC,접지비 리플렛 4단아코디언,접지옵션,B02,리플렛 접지 단가 (오시+접지),declared,min_qty,row,수치파싱,ok,1.000,4,4,1
COMP_FOLD_LEAF_4ACC,접지비 리플렛 4단아코디언,접지옵션,B02,리플렛 접지 단가 (오시+접지),declared,min_qty,row,수치파싱,ok,1.000,5,5,1
COMP_FOLD_LEAF_4ACC,접지비 리플렛 4단아코디언,접지옵션,B02,리플렛 접지 단가 (오시+접지),declared,min_qty,row,수치파싱,ok,1.000,6,6,1
COMP_FOLD_LEAF_4ACC,접지비 리플렛 4단아코디언,접지옵션,B02,리플렛 접지 단가 (오시+접지),declared,min_qty,row,수치파싱,ok,1.000,7,7,1
COMP_FOLD_LEAF_4ACC,접지비 리플렛 4단아코디언,접지옵션,B02,리플렛 접지 단가 (오시+접지),declared,min_qty,row,수치파싱,ok,1.000,8,8,1
COMP_FOLD_LEAF_4ACC,접지비 리플렛 4단아코디언,접지옵션,B02,리플렛 접지 단가 (오시+접지),declared,min_qty,row,수치파싱,ok,1.000,9,9,1
COMP_FOLD_LEAF_4ACC,접지비 리플렛 4단아코디언,접지옵션,B02,리플렛 접지 단가 (오시+접지),declared,min_qty,row,수치파싱,ok,1.000,10,10,1
COMP_FOLD_LEAF_4ACC,접지비 리플렛 4단아코디언,접지옵션,B02,리플렛 접지 단가 (오시+접지),declared,min_qty,row,수치파싱,ok,1.000,15,15,1
COMP_FOLD_LEAF_4ACC,접지비 리플렛 4단아코디언,접지옵션,B02,리플렛 접지 단가 (오시+접지),declared,min_qty,row,수치파싱,ok,1.000,20,20,1
COMP_FOLD_LEAF_4ACC,접지비 리플렛 4단아코디언,접지옵션,B02,리플렛 접지 단가 (오시+접지),declared,min_qty,row,수치파싱,ok,1.000,25,25,1
COMP_FOLD_LEAF_4ACC,접지비 리플렛 4단아코디언,접지옵션,B02,리플렛 접지 단가 (오시+접지),declared,min_qty,row,수치파싱,ok,1.000,30,30,1
COMP_FOLD_LEAF_4ACC,접지비 리플렛 4단아코디언,접지옵션,B02,리플렛 접지 단가 (오시+접지),declared,min_qty,row,수치파싱,ok,1.000,35,35,1
COMP_FOLD_LEAF_4ACC,접지비 리플렛 4단아코디언,접지옵션,B02,리플렛 접지 단가 (오시+접지),declared,min_qty,row,수치파싱,ok,1.000,40,40,1
COMP_FOLD_LEAF_4ACC,접지비 리플렛 4단아코디언,접지옵션,B02,리플렛 접지 단가 (오시+접지),declared,min_qty,row,수치파싱,ok,1.000,45,45,1
COMP_FOLD_LEAF_4ACC,접지비 리플렛 4단아코디언,접지옵션,B02,리플렛 접지 단가 (오시+접지),declared,min_qty,row,수치파싱,ok,1.000,50,50,1
COMP_FOLD_LEAF_4ACC,접지비 리플렛 4단아코디언,접지옵션,B02,리플렛 접지 단가 (오시+접지),declared,min_qty,row,수치파싱,ok,1.000,60,60,1
COMP_FOLD_LEAF_4ACC,접지비 리플렛 4단아코디언,접지옵션,B02,리플렛 접지 단가 (오시+접지),declared,min_qty,row,수치파싱,ok,1.000,70,70,1
COMP_FOLD_LEAF_4ACC,접지비 리플렛 4단아코디언,접지옵션,B02,리플렛 접지 단가 (오시+접지),declared,min_qty,row,수치파싱,ok,1.000,80,80,1
COMP_FOLD_LEAF_4ACC,접지비 리플렛 4단아코디언,접지옵션,B02,리플렛 접지 단가 (오시+접지),declared,min_qty,row,수치파싱,ok,1.000,90,90,1
COMP_FOLD_LEAF_4ACC,접지비 리플렛 4단아코디언,접지옵션,B02,리플렛 접지 단가 (오시+접지),declared,min_qty,row,수치파싱,ok,1.000,100,100,1
COMP_FOLD_LEAF_4ACC,접지비 리플렛 4단아코디언,접지옵션,B02,리플렛 접지 단가 (오시+접지),declared,min_qty,row,수치파싱,ok,1.000,150,150,1
COMP_FOLD_LEAF_4ACC,접지비 리플렛 4단아코디언,접지옵션,B02,리플렛 접지 단가 (오시+접지),declared,min_qty,row,수치파싱,ok,1.000,200,200,1
COMP_FOLD_LEAF_4ACC,접지비 리플렛 4단아코디언,접지옵션,B02,리플렛 접지 단가 (오시+접지),declared,min_qty,row,수치파싱,ok,1.000,250,250,1
COMP_FOLD_LEAF_4ACC,접지비 리플렛 4단아코디언,접지옵션,B02,리플렛 접지 단가 (오시+접지),declared,min_qty,row,수치파싱,ok,1.000,300,300,1
COMP_FOLD_LEAF_4ACC,접지비 리플렛 4단아코디언,접지옵션,B02,리플렛 접지 단가 (오시+접지),declared,min_qty,row,수치파싱,ok,1.000,350,350,1
COMP_FOLD_LEAF_4ACC,접지비 리플렛 4단아코디언,접지옵션,B02,리플렛 접지 단가 (오시+접지),declared,min_qty,row,수치파싱,ok,1.000,400,400,1
COMP_FOLD_LEAF_4ACC,접지비 리플렛 4단아코디언,접지옵션,B02,리플렛 접지 단가 (오시+접지),declared,min_qty,row,수치파싱,ok,1.000,450,450,1
COMP_FOLD_LEAF_4ACC,접지비 리플렛 4단아코디언,접지옵션,B02,리플렛 접지 단가 (오시+접지),declared,min_qty,row,수치파싱,ok,1.000,500,500,1
COMP_FOLD_LEAF_4ACC,접지비 리플렛 4단아코디언,접지옵션,B02,리플렛 접지 단가 (오시+접지),declared,min_qty,row,수치파싱,ok,1.000,600,600,1
COMP_FOLD_LEAF_4ACC,접지비 리플렛 4단아코디언,접지옵션,B02,리플렛 접지 단가 (오시+접지),declared,min_qty,row,수치파싱,ok,1.000,700,700,1
COMP_FOLD_LEAF_4ACC,접지비 리플렛 4단아코디언,접지옵션,B02,리플렛 접지 단가 (오시+접지),declared,min_qty,row,수치파싱,ok,1.000,800,800,1
COMP_FOLD_LEAF_4ACC,접지비 리플렛 4단아코디언,접지옵션,B02,리플렛 접지 단가 (오시+접지),declared,min_qty,row,수치파싱,ok,1.000,900,900,1
COMP_FOLD_LEAF_4ACC,접지비 리플렛 4단아코디언,접지옵션,B02,리플렛 접지 단가 (오시+접지),declared,min_qty,row,수치파싱,ok,1.000,1000,1000,1
COMP_FOLD_LEAF_4ACC,접지비 리플렛 4단아코디언,접지옵션,B02,리플렛 접지 단가 (오시+접지),declared,min_qty,row,수치파싱,ok,1.000,1200,1200,1
COMP_FOLD_LEAF_4ACC,접지비 리플렛 4단아코디언,접지옵션,B02,리플렛 접지 단가 (오시+접지),declared,min_qty,row,수치파싱,ok,1.000,1400,1400,1
COMP_FOLD_LEAF_4ACC,접지비 리플렛 4단아코디언,접지옵션,B02,리플렛 접지 단가 (오시+접지),declared,min_qty,row,수치파싱,ok,1.000,1600,1600,1
COMP_FOLD_LEAF_4ACC,접지비 리플렛 4단아코디언,접지옵션,B02,리플렛 접지 단가 (오시+접지),declared,min_qty,row,수치파싱,ok,1.000,1800,1800,1
COMP_FOLD_LEAF_4ACC,접지비 리플렛 4단아코디언,접지옵션,B02,리플렛 접지 단가 (오시+접지),declared,min_qty,row,수치파싱,ok,1.000,2000,2000,1
COMP_FOLD_LEAF_4ACC,접지비 리플렛 4단아코디언,접지옵션,B02,리플렛 접지 단가 (오시+접지),declared,min_qty,row,수치파싱,ok,1.000,2500,2500,1
COMP_FOLD_LEAF_4ACC,접지비 리플렛 4단아코디언,접지옵션,B02,리플렛 접지 단가 (오시+접지),declared,min_qty,row,수치파싱,ok,1.000,3000,3000,1
COMP_FOLD_LEAF_4ACC,접지비 리플렛 4단아코디언,접지옵션,B02,리플렛 접지 단가 (오시+접지),declared,min_qty,row,수치파싱,ok,1.000,3500,3500,1
COMP_FOLD_LEAF_4ACC,접지비 리플렛 4단아코디언,접지옵션,B02,리플렛 접지 단가 (오시+접지),declared,min_qty,row,수치파싱,ok,1.000,4000,4000,1
COMP_FOLD_LEAF_4ACC,접지비 리플렛 4단아코디언,접지옵션,B02,리플렛 접지 단가 (오시+접지),declared,min_qty,row,수치파싱,ok,1.000,4500,4500,1
COMP_FOLD_LEAF_4ACC,접지비 리플렛 4단아코디언,접지옵션,B02,리플렛 접지 단가 (오시+접지),declared,min_qty,row,수치파싱,ok,1.000,5000,5000,1
COMP_FOLD_LEAF_4ACC,접지비 리플렛 4단아코디언,접지옵션,B02,리플렛 접지 단가 (오시+접지),declared,min_qty,row,수치파싱,ok,1.000,100000,100000,1
COMP_FOLD_LEAF_4GATE,접지비 리플렛 4단게이트,접지옵션,B02,리플렛 접지 단가 (오시+접지),declared,proc_cd,(상수),라이브 단일값,constant,1.000,(블록 상수),PROC_000106,1
COMP_FOLD_LEAF_4GATE,접지비 리플렛 4단게이트,접지옵션,B02,리플렛 접지 단가 (오시+접지),declared,min_qty,row,수치파싱,ok,1.000,1,1,1
COMP_FOLD_LEAF_4GATE,접지비 리플렛 4단게이트,접지옵션,B02,리플렛 접지 단가 (오시+접지),declared,min_qty,row,수치파싱,ok,1.000,2,2,1
COMP_FOLD_LEAF_4GATE,접지비 리플렛 4단게이트,접지옵션,B02,리플렛 접지 단가 (오시+접지),declared,min_qty,row,수치파싱,ok,1.000,3,3,1
COMP_FOLD_LEAF_4GATE,접지비 리플렛 4단게이트,접지옵션,B02,리플렛 접지 단가 (오시+접지),declared,min_qty,row,수치파싱,ok,1.000,4,4,1
COMP_FOLD_LEAF_4GATE,접지비 리플렛 4단게이트,접지옵션,B02,리플렛 접지 단가 (오시+접지),declared,min_qty,row,수치파싱,ok,1.000,5,5,1
COMP_FOLD_LEAF_4GATE,접지비 리플렛 4단게이트,접지옵션,B02,리플렛 접지 단가 (오시+접지),declared,min_qty,row,수치파싱,ok,1.000,6,6,1
COMP_FOLD_LEAF_4GATE,접지비 리플렛 4단게이트,접지옵션,B02,리플렛 접지 단가 (오시+접지),declared,min_qty,row,수치파싱,ok,1.000,7,7,1
COMP_FOLD_LEAF_4GATE,접지비 리플렛 4단게이트,접지옵션,B02,리플렛 접지 단가 (오시+접지),declared,min_qty,row,수치파싱,ok,1.000,8,8,1
COMP_FOLD_LEAF_4GATE,접지비 리플렛 4단게이트,접지옵션,B02,리플렛 접지 단가 (오시+접지),declared,min_qty,row,수치파싱,ok,1.000,9,9,1
COMP_FOLD_LEAF_4GATE,접지비 리플렛 4단게이트,접지옵션,B02,리플렛 접지 단가 (오시+접지),declared,min_qty,row,수치파싱,ok,1.000,10,10,1
COMP_FOLD_LEAF_4GATE,접지비 리플렛 4단게이트,접지옵션,B02,리플렛 접지 단가 (오시+접지),declared,min_qty,row,수치파싱,ok,1.000,15,15,1
COMP_FOLD_LEAF_4GATE,접지비 리플렛 4단게이트,접지옵션,B02,리플렛 접지 단가 (오시+접지),declared,min_qty,row,수치파싱,ok,1.000,20,20,1
COMP_FOLD_LEAF_4GATE,접지비 리플렛 4단게이트,접지옵션,B02,리플렛 접지 단가 (오시+접지),declared,min_qty,row,수치파싱,ok,1.000,25,25,1
COMP_FOLD_LEAF_4GATE,접지비 리플렛 4단게이트,접지옵션,B02,리플렛 접지 단가 (오시+접지),declared,min_qty,row,수치파싱,ok,1.000,30,30,1
COMP_FOLD_LEAF_4GATE,접지비 리플렛 4단게이트,접지옵션,B02,리플렛 접지 단가 (오시+접지),declared,min_qty,row,수치파싱,ok,1.000,35,35,1
COMP_FOLD_LEAF_4GATE,접지비 리플렛 4단게이트,접지옵션,B02,리플렛 접지 단가 (오시+접지),declared,min_qty,row,수치파싱,ok,1.000,40,40,1
COMP_FOLD_LEAF_4GATE,접지비 리플렛 4단게이트,접지옵션,B02,리플렛 접지 단가 (오시+접지),declared,min_qty,row,수치파싱,ok,1.000,45,45,1
COMP_FOLD_LEAF_4GATE,접지비 리플렛 4단게이트,접지옵션,B02,리플렛 접지 단가 (오시+접지),declared,min_qty,row,수치파싱,ok,1.000,50,50,1
COMP_FOLD_LEAF_4GATE,접지비 리플렛 4단게이트,접지옵션,B02,리플렛 접지 단가 (오시+접지),declared,min_qty,row,수치파싱,ok,1.000,60,60,1
COMP_FOLD_LEAF_4GATE,접지비 리플렛 4단게이트,접지옵션,B02,리플렛 접지 단가 (오시+접지),declared,min_qty,row,수치파싱,ok,1.000,70,70,1
COMP_FOLD_LEAF_4GATE,접지비 리플렛 4단게이트,접지옵션,B02,리플렛 접지 단가 (오시+접지),declared,min_qty,row,수치파싱,ok,1.000,80,80,1
COMP_FOLD_LEAF_4GATE,접지비 리플렛 4단게이트,접지옵션,B02,리플렛 접지 단가 (오시+접지),declared,min_qty,row,수치파싱,ok,1.000,90,90,1
COMP_FOLD_LEAF_4GATE,접지비 리플렛 4단게이트,접지옵션,B02,리플렛 접지 단가 (오시+접지),declared,min_qty,row,수치파싱,ok,1.000,100,100,1
COMP_FOLD_LEAF_4GATE,접지비 리플렛 4단게이트,접지옵션,B02,리플렛 접지 단가 (오시+접지),declared,min_qty,row,수치파싱,ok,1.000,150,150,1
COMP_FOLD_LEAF_4GATE,접지비 리플렛 4단게이트,접지옵션,B02,리플렛 접지 단가 (오시+접지),declared,min_qty,row,수치파싱,ok,1.000,200,200,1
COMP_FOLD_LEAF_4GATE,접지비 리플렛 4단게이트,접지옵션,B02,리플렛 접지 단가 (오시+접지),declared,min_qty,row,수치파싱,ok,1.000,250,250,1
COMP_FOLD_LEAF_4GATE,접지비 리플렛 4단게이트,접지옵션,B02,리플렛 접지 단가 (오시+접지),declared,min_qty,row,수치파싱,ok,1.000,300,300,1
COMP_FOLD_LEAF_4GATE,접지비 리플렛 4단게이트,접지옵션,B02,리플렛 접지 단가 (오시+접지),declared,min_qty,row,수치파싱,ok,1.000,350,350,1
COMP_FOLD_LEAF_4GATE,접지비 리플렛 4단게이트,접지옵션,B02,리플렛 접지 단가 (오시+접지),declared,min_qty,row,수치파싱,ok,1.000,400,400,1
COMP_FOLD_LEAF_4GATE,접지비 리플렛 4단게이트,접지옵션,B02,리플렛 접지 단가 (오시+접지),declared,min_qty,row,수치파싱,ok,1.000,450,450,1
COMP_FOLD_LEAF_4GATE,접지비 리플렛 4단게이트,접지옵션,B02,리플렛 접지 단가 (오시+접지),declared,min_qty,row,수치파싱,ok,1.000,500,500,1
COMP_FOLD_LEAF_4GATE,접지비 리플렛 4단게이트,접지옵션,B02,리플렛 접지 단가 (오시+접지),declared,min_qty,row,수치파싱,ok,1.000,600,600,1
COMP_FOLD_LEAF_4GATE,접지비 리플렛 4단게이트,접지옵션,B02,리플렛 접지 단가 (오시+접지),declared,min_qty,row,수치파싱,ok,1.000,700,700,1
COMP_FOLD_LEAF_4GATE,접지비 리플렛 4단게이트,접지옵션,B02,리플렛 접지 단가 (오시+접지),declared,min_qty,row,수치파싱,ok,1.000,800,800,1
COMP_FOLD_LEAF_4GATE,접지비 리플렛 4단게이트,접지옵션,B02,리플렛 접지 단가 (오시+접지),declared,min_qty,row,수치파싱,ok,1.000,900,900,1
COMP_FOLD_LEAF_4GATE,접지비 리플렛 4단게이트,접지옵션,B02,리플렛 접지 단가 (오시+접지),declared,min_qty,row,수치파싱,ok,1.000,1000,1000,1
COMP_FOLD_LEAF_4GATE,접지비 리플렛 4단게이트,접지옵션,B02,리플렛 접지 단가 (오시+접지),declared,min_qty,row,수치파싱,ok,1.000,1200,1200,1
COMP_FOLD_LEAF_4GATE,접지비 리플렛 4단게이트,접지옵션,B02,리플렛 접지 단가 (오시+접지),declared,min_qty,row,수치파싱,ok,1.000,1400,1400,1
COMP_FOLD_LEAF_4GATE,접지비 리플렛 4단게이트,접지옵션,B02,리플렛 접지 단가 (오시+접지),declared,min_qty,row,수치파싱,ok,1.000,1600,1600,1
COMP_FOLD_LEAF_4GATE,접지비 리플렛 4단게이트,접지옵션,B02,리플렛 접지 단가 (오시+접지),declared,min_qty,row,수치파싱,ok,1.000,1800,1800,1
COMP_FOLD_LEAF_4GATE,접지비 리플렛 4단게이트,접지옵션,B02,리플렛 접지 단가 (오시+접지),declared,min_qty,row,수치파싱,ok,1.000,2000,2000,1
COMP_FOLD_LEAF_4GATE,접지비 리플렛 4단게이트,접지옵션,B02,리플렛 접지 단가 (오시+접지),declared,min_qty,row,수치파싱,ok,1.000,2500,2500,1
COMP_FOLD_LEAF_4GATE,접지비 리플렛 4단게이트,접지옵션,B02,리플렛 접지 단가 (오시+접지),declared,min_qty,row,수치파싱,ok,1.000,3000,3000,1
COMP_FOLD_LEAF_4GATE,접지비 리플렛 4단게이트,접지옵션,B02,리플렛 접지 단가 (오시+접지),declared,min_qty,row,수치파싱,ok,1.000,3500,3500,1
COMP_FOLD_LEAF_4GATE,접지비 리플렛 4단게이트,접지옵션,B02,리플렛 접지 단가 (오시+접지),declared,min_qty,row,수치파싱,ok,1.000,4000,4000,1
COMP_FOLD_LEAF_4GATE,접지비 리플렛 4단게이트,접지옵션,B02,리플렛 접지 단가 (오시+접지),declared,min_qty,row,수치파싱,ok,1.000,4500,4500,1
COMP_FOLD_LEAF_4GATE,접지비 리플렛 4단게이트,접지옵션,B02,리플렛 접지 단가 (오시+접지),declared,min_qty,row,수치파싱,ok,1.000,5000,5000,1
COMP_FOLD_LEAF_4GATE,접지비 리플렛 4단게이트,접지옵션,B02,리플렛 접지 단가 (오시+접지),declared,min_qty,row,수치파싱,ok,1.000,100000,100000,1
COMP_GANGPAN_PRINT,합판도무송 완제품가(형상·소재별),합판도무송스티커,B01,합판 도무송 스티커(원형),declared,siz_cd,row,"닫힌집합(0.40),닫힌집합(0.50)",ok,1.000,1000,SIZ_000501,1
COMP_GANGPAN_PRINT,합판도무송 완제품가(형상·소재별),합판도무송스티커,B01,합판 도무송 스티커(원형),declared,siz_cd,row,"닫힌집합(0.40),닫힌집합(0.50)",ok,1.000,2000,SIZ_000503,1
COMP_GANGPAN_PRINT,합판도무송 완제품가(형상·소재별),합판도무송스티커,B01,합판 도무송 스티커(원형),declared,siz_cd,row,"닫힌집합(0.40),닫힌집합(0.50)",ok,1.000,3000,SIZ_000216,1
COMP_GANGPAN_PRINT,합판도무송 완제품가(형상·소재별),합판도무송스티커,B01,합판 도무송 스티커(원형),declared,siz_cd,row,"닫힌집합(0.40),닫힌집합(0.50)",ok,1.000,4000,SIZ_000218,1
COMP_GANGPAN_PRINT,합판도무송 완제품가(형상·소재별),합판도무송스티커,B01,합판 도무송 스티커(원형),declared,siz_cd,row,"닫힌집합(0.40),닫힌집합(0.50)",ok,1.000,5000,SIZ_000220,1
COMP_GANGPAN_PRINT,합판도무송 완제품가(형상·소재별),합판도무송스티커,B01,합판 도무송 스티커(원형),declared,mat_cd,band1,"닫힌집합(0.44),닫힌집합(0.45)",ok,1.000,비코팅/무광코팅/유광코팅,MAT_000585|MAT_000586,2
COMP_GANGPAN_PRINT,합판도무송 완제품가(형상·소재별),합판도무송스티커,B01,합판 도무송 스티커(원형),declared,mat_cd,band1,"닫힌집합(0.44),닫힌집합(0.45)",ok,1.000,유포/투명데드롱/은데드롱,MAT_000597,1
COMP_GANGPAN_PRINT,합판도무송 완제품가(형상·소재별),합판도무송스티커,B01,합판 도무송 스티커(원형),declared,min_qty,band0,수치파싱,ok,1.000,원형 10mm,10,1
COMP_GANGPAN_PRINT,합판도무송 완제품가(형상·소재별),합판도무송스티커,B01,합판 도무송 스티커(원형),declared,min_qty,band0,수치파싱,ok,1.000,원형 15mm,15,1
COMP_GANGPAN_PRINT,합판도무송 완제품가(형상·소재별),합판도무송스티커,B01,합판 도무송 스티커(원형),declared,min_qty,band0,수치파싱,ok,1.000,원형 20mm,20,1
COMP_GANGPAN_PRINT,합판도무송 완제품가(형상·소재별),합판도무송스티커,B01,합판 도무송 스티커(원형),declared,min_qty,band0,수치파싱,ok,1.000,원형 25mm,25,1
COMP_GANGPAN_PRINT,합판도무송 완제품가(형상·소재별),합판도무송스티커,B01,합판 도무송 스티커(원형),declared,min_qty,band0,수치파싱,ok,1.000,원형 30mm,30,1
COMP_GANGPAN_PRINT,합판도무송 완제품가(형상·소재별),합판도무송스티커,B01,합판 도무송 스티커(원형),declared,min_qty,band0,수치파싱,ok,1.000,원형 35mm,35,1
COMP_GANGPAN_PRINT,합판도무송 완제품가(형상·소재별),합판도무송스티커,B01,합판 도무송 스티커(원형),declared,min_qty,band0,수치파싱,ok,1.000,원형 40mm,40,1
COMP_GANGPAN_PRINT,합판도무송 완제품가(형상·소재별),합판도무송스티커,B01,합판 도무송 스티커(원형),declared,min_qty,band0,수치파싱,ok,1.000,원형 45mm,45,1
COMP_GANGPAN_PRINT,합판도무송 완제품가(형상·소재별),합판도무송스티커,B01,합판 도무송 스티커(원형),declared,min_qty,band0,수치파싱,ok,1.000,원형 50mm,50,1
COMP_GANGPAN_PRINT,합판도무송 완제품가(형상·소재별),합판도무송스티커,B01,합판 도무송 스티커(원형),declared,min_qty,band0,수치파싱,ok,1.000,원형 55mm,55,1
COMP_GANGPAN_PRINT,합판도무송 완제품가(형상·소재별),합판도무송스티커,B01,합판 도무송 스티커(원형),declared,min_qty,band0,수치파싱,ok,1.000,원형 60mm,60,1
COMP_GANGPAN_PRINT,합판도무송 완제품가(형상·소재별),합판도무송스티커,B02,합판 도무송 스티커(정사각),declared,siz_cd,row,"닫힌집합(0.40),닫힌집합(0.50)",ok,1.000,1000,SIZ_000501,1
COMP_GANGPAN_PRINT,합판도무송 완제품가(형상·소재별),합판도무송스티커,B02,합판 도무송 스티커(정사각),declared,siz_cd,row,"닫힌집합(0.40),닫힌집합(0.50)",ok,1.000,2000,SIZ_000503,1
COMP_GANGPAN_PRINT,합판도무송 완제품가(형상·소재별),합판도무송스티커,B02,합판 도무송 스티커(정사각),declared,siz_cd,row,"닫힌집합(0.40),닫힌집합(0.50)",ok,1.000,3000,SIZ_000216,1
COMP_GANGPAN_PRINT,합판도무송 완제품가(형상·소재별),합판도무송스티커,B02,합판 도무송 스티커(정사각),declared,siz_cd,row,"닫힌집합(0.40),닫힌집합(0.50)",ok,1.000,4000,SIZ_000218,1
COMP_GANGPAN_PRINT,합판도무송 완제품가(형상·소재별),합판도무송스티커,B02,합판 도무송 스티커(정사각),declared,siz_cd,row,"닫힌집합(0.40),닫힌집합(0.50)",ok,1.000,5000,SIZ_000220,1
COMP_GANGPAN_PRINT,합판도무송 완제품가(형상·소재별),합판도무송스티커,B02,합판 도무송 스티커(정사각),declared,mat_cd,band1,"닫힌집합(0.44),닫힌집합(0.45)",ok,1.000,비코팅/무광코팅/유광코팅,MAT_000585|MAT_000586,2
COMP_GANGPAN_PRINT,합판도무송 완제품가(형상·소재별),합판도무송스티커,B02,합판 도무송 스티커(정사각),declared,mat_cd,band1,"닫힌집합(0.44),닫힌집합(0.45)",ok,1.000,유포/투명데드롱/은데드롱,MAT_000597,1
COMP_GANGPAN_PRINT,합판도무송 완제품가(형상·소재별),합판도무송스티커,B02,합판 도무송 스티커(정사각),declared,min_qty,band0,수치파싱,ok,1.000,정사각 10 x 10mm,10,1
COMP_GANGPAN_PRINT,합판도무송 완제품가(형상·소재별),합판도무송스티커,B02,합판 도무송 스티커(정사각),declared,min_qty,band0,수치파싱,ok,1.000,정사각 15 x 15mm,15,1
COMP_GANGPAN_PRINT,합판도무송 완제품가(형상·소재별),합판도무송스티커,B02,합판 도무송 스티커(정사각),declared,min_qty,band0,수치파싱,ok,1.000,정사각 20 x 20mm,20,1
COMP_GANGPAN_PRINT,합판도무송 완제품가(형상·소재별),합판도무송스티커,B02,합판 도무송 스티커(정사각),declared,min_qty,band0,수치파싱,ok,1.000,정사각 25 x 25mm,25,1
COMP_GANGPAN_PRINT,합판도무송 완제품가(형상·소재별),합판도무송스티커,B02,합판 도무송 스티커(정사각),declared,min_qty,band0,수치파싱,ok,1.000,정사각 30 x 30mm,30,1
COMP_GANGPAN_PRINT,합판도무송 완제품가(형상·소재별),합판도무송스티커,B02,합판 도무송 스티커(정사각),declared,min_qty,band0,수치파싱,ok,1.000,정사각 35 x 35mm,35,1
COMP_GANGPAN_PRINT,합판도무송 완제품가(형상·소재별),합판도무송스티커,B02,합판 도무송 스티커(정사각),declared,min_qty,band0,수치파싱,ok,1.000,정사각 40 x 40mm,40,1
COMP_GANGPAN_PRINT,합판도무송 완제품가(형상·소재별),합판도무송스티커,B02,합판 도무송 스티커(정사각),declared,min_qty,band0,수치파싱,ok,1.000,정사각 45 x 45mm,45,1
COMP_GANGPAN_PRINT,합판도무송 완제품가(형상·소재별),합판도무송스티커,B02,합판 도무송 스티커(정사각),declared,min_qty,band0,수치파싱,ok,1.000,정사각 50 x 50mm,50,1
COMP_GANGPAN_PRINT,합판도무송 완제품가(형상·소재별),합판도무송스티커,B02,합판 도무송 스티커(정사각),declared,min_qty,band0,수치파싱,ok,1.000,정사각 55 x 55mm,55,1
COMP_GANGPAN_PRINT,합판도무송 완제품가(형상·소재별),합판도무송스티커,B02,합판 도무송 스티커(정사각),declared,min_qty,band0,수치파싱,ok,1.000,정사각 60 x 60mm,60,1
COMP_GANGPAN_PRINT,합판도무송 완제품가(형상·소재별),합판도무송스티커,B02,합판 도무송 스티커(정사각),declared,min_qty,band0,수치파싱,ok,1.000,정사각 90 x 90mm,90,1
COMP_GANGPAN_PRINT,합판도무송 완제품가(형상·소재별),합판도무송스티커,B03,합판 도무송 스티커 (직사각),declared,siz_cd,row,"닫힌집합(0.40),닫힌집합(0.50)",ok,1.000,1000,SIZ_000501,1
COMP_GANGPAN_PRINT,합판도무송 완제품가(형상·소재별),합판도무송스티커,B03,합판 도무송 스티커 (직사각),declared,siz_cd,row,"닫힌집합(0.40),닫힌집합(0.50)",ok,1.000,2000,SIZ_000503,1
COMP_GANGPAN_PRINT,합판도무송 완제품가(형상·소재별),합판도무송스티커,B03,합판 도무송 스티커 (직사각),declared,siz_cd,row,"닫힌집합(0.40),닫힌집합(0.50)",ok,1.000,3000,SIZ_000216,1
COMP_GANGPAN_PRINT,합판도무송 완제품가(형상·소재별),합판도무송스티커,B03,합판 도무송 스티커 (직사각),declared,siz_cd,row,"닫힌집합(0.40),닫힌집합(0.50)",ok,1.000,4000,SIZ_000218,1
COMP_GANGPAN_PRINT,합판도무송 완제품가(형상·소재별),합판도무송스티커,B03,합판 도무송 스티커 (직사각),declared,siz_cd,row,"닫힌집합(0.40),닫힌집합(0.50)",ok,1.000,5000,SIZ_000220,1
COMP_GANGPAN_PRINT,합판도무송 완제품가(형상·소재별),합판도무송스티커,B03,합판 도무송 스티커 (직사각),declared,mat_cd,band1,"닫힌집합(0.44),닫힌집합(0.45)",ok,1.000,비코팅/무광코팅/유광코팅,MAT_000585|MAT_000586,2
COMP_GANGPAN_PRINT,합판도무송 완제품가(형상·소재별),합판도무송스티커,B03,합판 도무송 스티커 (직사각),declared,mat_cd,band1,"닫힌집합(0.44),닫힌집합(0.45)",ok,1.000,유포/투명데드롱/은데드롱,MAT_000597,1
COMP_GANGPAN_PRINT,합판도무송 완제품가(형상·소재별),합판도무송스티커,B03,합판 도무송 스티커 (직사각),declared,min_qty,band0,수치파싱,ok,1.000,직사각 35 x 25mm,35,1
COMP_GANGPAN_PRINT,합판도무송 완제품가(형상·소재별),합판도무송스티커,B03,합판 도무송 스티커 (직사각),declared,min_qty,band0,수치파싱,ok,1.000,직사각 40 x 30mm,40,1
COMP_GANGPAN_PRINT,합판도무송 완제품가(형상·소재별),합판도무송스티커,B03,합판 도무송 스티커 (직사각),declared,min_qty,band0,수치파싱,ok,1.000,직사각 42 x 20mm,42,1
COMP_GANGPAN_PRINT,합판도무송 완제품가(형상·소재별),합판도무송스티커,B03,합판 도무송 스티커 (직사각),declared,min_qty,band0,수치파싱,ok,1.000,직사각 50 x 20mm,50,1
COMP_GANGPAN_PRINT,합판도무송 완제품가(형상·소재별),합판도무송스티커,B03,합판 도무송 스티커 (직사각),declared,min_qty,band0,수치파싱,ok,1.000,직사각 50 x 30mm,50,1
COMP_GANGPAN_PRINT,합판도무송 완제품가(형상·소재별),합판도무송스티커,B03,합판 도무송 스티커 (직사각),declared,min_qty,band0,수치파싱,ok,1.000,직사각 55 x 15mm,55,1
COMP_GANGPAN_PRINT,합판도무송 완제품가(형상·소재별),합판도무송스티커,B03,합판 도무송 스티커 (직사각),declared,min_qty,band0,수치파싱,ok,1.000,직사각 55 x 20mm,55,1
COMP_GANGPAN_PRINT,합판도무송 완제품가(형상·소재별),합판도무송스티커,B03,합판 도무송 스티커 (직사각),declared,min_qty,band0,수치파싱,ok,1.000,직사각 55 x 24mm,55,1
COMP_GANGPAN_PRINT,합판도무송 완제품가(형상·소재별),합판도무송스티커,B03,합판 도무송 스티커 (직사각),declared,min_qty,band0,수치파싱,ok,1.000,직사각 55 x 33mm,55,1
COMP_GANGPAN_PRINT,합판도무송 완제품가(형상·소재별),합판도무송스티커,B03,합판 도무송 스티커 (직사각),declared,min_qty,band0,수치파싱,ok,1.000,직사각 90 x 40mm,90,1
COMP_GANGPAN_PRINT,합판도무송 완제품가(형상·소재별),합판도무송스티커,B03,합판 도무송 스티커 (직사각),declared,min_qty,band0,수치파싱,ok,1.000,직사각 90 x 50mm,90,1
COMP_GANGPAN_PRINT,합판도무송 완제품가(형상·소재별),합판도무송스티커,B03,합판 도무송 스티커 (직사각),declared,min_qty,band0,수치파싱,ok,1.000,직사각 90 x 60mm,90,1
COMP_GANGPAN_PRINT,합판도무송 완제품가(형상·소재별),합판도무송스티커,B03,합판 도무송 스티커 (직사각),declared,min_qty,band0,수치파싱,ok,1.000,직사각 90 x 70mm,90,1
COMP_GANGPAN_PRINT,합판도무송 완제품가(형상·소재별),합판도무송스티커,B03,합판 도무송 스티커 (직사각),declared,min_qty,band0,수치파싱,ok,1.000,직사각 90 x 80mm,90,1
COMP_NAMECARD_STD,스탠다드명함 완제품가(용지포함),명함포토카드,B01,스탠다드명함,declared,mat_cd,band1,"닫힌집합(0.46),닫힌집합(0.56)",ok,1.000,백모조220 / 아트250 / 스노우250,MAT_000091,1
COMP_NAMECARD_STD,스탠다드명함 완제품가(용지포함),명함포토카드,B01,스탠다드명함,declared,mat_cd,band1,"닫힌집합(0.46),닫힌집합(0.56)",ok,1.000,아트300 / 스노우300,MAT_000092,1
COMP_NAMECARD_STD,스탠다드명함 완제품가(용지포함),명함포토카드,B01,스탠다드명함,declared,print_opt_cd,band0,닫힌집합(1.00),ok,1.000,단면,POPT_000001,1
COMP_NAMECARD_STD,스탠다드명함 완제품가(용지포함),명함포토카드,B01,스탠다드명함,declared,print_opt_cd,band0,닫힌집합(1.00),ok,1.000,양면,POPT_000002,1
COMP_NAMECARD_STD,스탠다드명함 완제품가(용지포함),명함포토카드,B01,스탠다드명함,declared,min_qty,(상수),라이브 단일값,constant,1.000,(블록 상수),100,1
COMP_NAMECARD_PREMIUM,프리미엄명함A 완제품가(용지포함),명함포토카드,B02,프리미엄명함,declared,mat_cd,band1,부분포함,ok,1.000,A,MAT_000022|MAT_000023|MAT_000173|MAT_000174|MAT_000175|MAT_000295|MAT_000296|MAT_000391|MAT_000392|MAT_000398|MAT_000399|MAT_000550|MAT_000551|MAT_000552|MAT_000553|MAT_000554|MAT_000555|MAT_000558|MAT_000559|MAT_000560|MAT_000563|MAT_000564|MAT_000565|MAT_000612|MAT_000613|MAT_000624|MAT_000625|MAT_000626|MAT_000627|MAT_000640|MAT_000641|MAT_000642|MAT_000643|MAT_000644|MAT_000645|MAT_000646|MAT_000650|MAT_000651|MAT_000687|MAT_000688|MAT_000689|MAT_000690|MAT_000691|MAT_000692|MAT_000693|MAT_000694|MAT_000695|MAT_000696|MAT_000697|MAT_000698|MAT_000699|MAT_000700|MAT_000701|MAT_000702|MAT_000703|MAT_000704|MAT_000705|MAT_000706,58
COMP_NAMECARD_PREMIUM,프리미엄명함A 완제품가(용지포함),명함포토카드,B02,프리미엄명함,declared,mat_cd,band1,부분포함,ok,1.000,B,MAT_000461,1
COMP_NAMECARD_PREMIUM,프리미엄명함A 완제품가(용지포함),명함포토카드,B02,프리미엄명함,declared,print_opt_cd,band0,닫힌집합(1.00),partial,0.667,단면,POPT_000001,1
COMP_NAMECARD_PREMIUM,프리미엄명함A 완제품가(용지포함),명함포토카드,B02,프리미엄명함,declared,print_opt_cd,band0,닫힌집합(1.00),partial,0.667,양면,POPT_000002,1
COMP_NAMECARD_PREMIUM,프리미엄명함A 완제품가(용지포함),명함포토카드,B02,프리미엄명함,declared,min_qty,(상수),라이브 단일값,constant,1.000,(블록 상수),100,1
COMP_NAMECARD_COAT,코팅명함 완제품가(용지포함),명함포토카드,B03,코팅명함,declared,mat_cd,band1,"닫힌집합(0.67),닫힌집합(0.71)",ok,1.000,아트250,MAT_000081,1
COMP_NAMECARD_COAT,코팅명함 완제품가(용지포함),명함포토카드,B03,코팅명함,declared,mat_cd,band1,"닫힌집합(0.67),닫힌집합(0.71)",ok,1.000,아트300,MAT_000082,1
COMP_NAMECARD_COAT,코팅명함 완제품가(용지포함),명함포토카드,B03,코팅명함,declared,print_opt_cd,band0,닫힌집합(1.00),ok,1.000,단면,POPT_000001,1
COMP_NAMECARD_COAT,코팅명함 완제품가(용지포함),명함포토카드,B03,코팅명함,declared,print_opt_cd,band0,닫힌집합(1.00),ok,1.000,양면,POPT_000002,1
COMP_NAMECARD_COAT,코팅명함 완제품가(용지포함),명함포토카드,B03,코팅명함,declared,min_qty,(상수),라이브 단일값,constant,1.000,(블록 상수),100,1
COMP_NAMECARD_PEARL,펄명함(스타드림) 완제품가(용지포함),명함포토카드,B04,펄명함 (스타드림),declared,mat_cd,band1,"닫힌집합(0.50),묶음분해(3/3 · 부분포함,퍼지(0.50))",ok,1.000,다이아 240 / 실버 240 / 골드 240,MAT_000258|MAT_000259|MAT_000352|MAT_000358|MAT_000359|MAT_000439,6
COMP_NAMECARD_PEARL,펄명함(스타드림) 완제품가(용지포함),명함포토카드,B04,펄명함 (스타드림),declared,mat_cd,band1,"닫힌집합(0.50),묶음분해(3/3 · 부분포함,퍼지(0.50))",ok,1.000,로츠쿼츠 240,MAT_000360,1
COMP_NAMECARD_PEARL,펄명함(스타드림) 완제품가(용지포함),명함포토카드,B04,펄명함 (스타드림),declared,print_opt_cd,band0,닫힌집합(1.00),ok,1.000,단면,POPT_000001,1
COMP_NAMECARD_PEARL,펄명함(스타드림) 완제품가(용지포함),명함포토카드,B04,펄명함 (스타드림),declared,print_opt_cd,band0,닫힌집합(1.00),ok,1.000,양면,POPT_000002,1
COMP_NAMECARD_PEARL,펄명함(스타드림) 완제품가(용지포함),명함포토카드,B04,펄명함 (스타드림),declared,min_qty,(상수),라이브 단일값,constant,1.000,(블록 상수),100,1
COMP_NAMECARD_CLEAR_S1,투명명함 완제품가 단면(용지포함),명함포토카드,B05,투명명함,declared,min_qty,(상수),라이브 단일값,constant,1.000,(블록 상수),100,1
COMP_NAMECARD_SHAPE,모양명함 완제품가(용지포함),명함포토카드,B07,모양명함 (90x50),declared,siz_cd,(상수),라이브 단일값,constant,1.000,(블록 상수),SIZ_000147,1
COMP_NAMECARD_SHAPE,모양명함 완제품가(용지포함),명함포토카드,B07,모양명함 (90x50),declared,print_opt_cd,band0,닫힌집합(1.00),ok,1.000,단면,POPT_000001,1
COMP_NAMECARD_SHAPE,모양명함 완제품가(용지포함),명함포토카드,B07,모양명함 (90x50),declared,print_opt_cd,band0,닫힌집합(1.00),ok,1.000,양면,POPT_000002,1
COMP_NAMECARD_SHAPE,모양명함 완제품가(용지포함),명함포토카드,B07,모양명함 (90x50),declared,min_qty,(상수),라이브 단일값,constant,1.000,(블록 상수),100,1
COMP_NAMECARD_MINISHAPE,미니모양명함 완제품가(용지포함),명함포토카드,B08,미니모양명함 (50x50),declared,siz_cd,(상수),라이브 단일값,constant,1.000,(블록 상수),SIZ_000148,1
COMP_NAMECARD_MINISHAPE,미니모양명함 완제품가(용지포함),명함포토카드,B08,미니모양명함 (50x50),declared,print_opt_cd,band0,닫힌집합(1.00),ok,1.000,단면,POPT_000001,1
COMP_NAMECARD_MINISHAPE,미니모양명함 완제품가(용지포함),명함포토카드,B08,미니모양명함 (50x50),declared,print_opt_cd,band0,닫힌집합(1.00),ok,1.000,양면,POPT_000002,1
COMP_NAMECARD_MINISHAPE,미니모양명함 완제품가(용지포함),명함포토카드,B08,미니모양명함 (50x50),declared,min_qty,(상수),라이브 단일값,constant,1.000,(블록 상수),100,1
COMP_FOIL_PROC_SMALL_STD,박 가공비(소형·일반박),명함포토카드,B09,오리지널박명함,declared,proc_cd,band1,닫힌집합(0.33),ok,1.000,"금유광, 은유광, 먹유광, 청박, 적박, 동박",PROC_000038|PROC_000039|PROC_000040,3
COMP_FOIL_PROC_SMALL_STD,박 가공비(소형·일반박),명함포토카드,B09,오리지널박명함,declared,min_qty,row,수치파싱,ok,1.000,200,200,1
COMP_FOIL_PROC_SMALL_STD,박 가공비(소형·일반박),명함포토카드,B09,오리지널박명함,declared,min_qty,row,수치파싱,ok,1.000,300,300,1
COMP_FOIL_PROC_SMALL_STD,박 가공비(소형·일반박),명함포토카드,B09,오리지널박명함,declared,min_qty,row,수치파싱,ok,1.000,400,400,1
COMP_FOIL_PROC_SMALL_STD,박 가공비(소형·일반박),명함포토카드,B09,오리지널박명함,declared,min_qty,row,수치파싱,ok,1.000,500,500,1
COMP_FOIL_PROC_SMALL_STD,박 가공비(소형·일반박),명함포토카드,B09,오리지널박명함,declared,min_qty,row,수치파싱,ok,1.000,600,600,1
COMP_FOIL_PROC_SMALL_STD,박 가공비(소형·일반박),명함포토카드,B09,오리지널박명함,declared,min_qty,row,수치파싱,ok,1.000,700,700,1
COMP_FOIL_PROC_SMALL_STD,박 가공비(소형·일반박),명함포토카드,B09,오리지널박명함,declared,min_qty,row,수치파싱,ok,1.000,800,800,1
COMP_FOIL_PROC_SMALL_STD,박 가공비(소형·일반박),명함포토카드,B09,오리지널박명함,declared,min_qty,row,수치파싱,ok,1.000,900,900,1
COMP_FOIL_PROC_SMALL_STD,박 가공비(소형·일반박),명함포토카드,B09,오리지널박명함,declared,min_qty,row,수치파싱,ok,1.000,1000,1000,1
COMP_PHOTOCARD_BULK,포토카드 완제품가 대량,명함포토카드,B12,포토카드(대랑제작),declared,opt_cd,(상수),라이브 단일값,constant,1.000,(블록 상수),OPV_000496,1
COMP_PHOTOCARD_BULK,포토카드 완제품가 대량,명함포토카드,B12,포토카드(대랑제작),declared,min_qty,row,수치파싱,ok,1.000,20,20,1
COMP_PHOTOCARD_BULK,포토카드 완제품가 대량,명함포토카드,B12,포토카드(대랑제작),declared,min_qty,row,수치파싱,ok,1.000,40,40,1
COMP_PHOTOCARD_BULK,포토카드 완제품가 대량,명함포토카드,B12,포토카드(대랑제작),declared,min_qty,row,수치파싱,ok,1.000,60,60,1
COMP_PHOTOCARD_BULK,포토카드 완제품가 대량,명함포토카드,B12,포토카드(대랑제작),declared,min_qty,row,수치파싱,ok,1.000,80,80,1
COMP_PHOTOCARD_BULK,포토카드 완제품가 대량,명함포토카드,B12,포토카드(대랑제작),declared,min_qty,row,수치파싱,ok,1.000,100,100,1
COMP_PHOTOCARD_BULK,포토카드 완제품가 대량,명함포토카드,B12,포토카드(대랑제작),declared,min_qty,row,수치파싱,ok,1.000,120,120,1
COMP_PHOTOCARD_BULK,포토카드 완제품가 대량,명함포토카드,B12,포토카드(대랑제작),declared,min_qty,row,수치파싱,ok,1.000,140,140,1
COMP_PHOTOCARD_BULK,포토카드 완제품가 대량,명함포토카드,B12,포토카드(대랑제작),declared,min_qty,row,수치파싱,ok,1.000,160,160,1
COMP_PHOTOCARD_BULK,포토카드 완제품가 대량,명함포토카드,B12,포토카드(대랑제작),declared,min_qty,row,수치파싱,ok,1.000,180,180,1
COMP_PHOTOCARD_BULK,포토카드 완제품가 대량,명함포토카드,B12,포토카드(대랑제작),declared,min_qty,row,수치파싱,ok,1.000,200,200,1
COMP_PHOTOCARD_BULK,포토카드 완제품가 대량,명함포토카드,B12,포토카드(대랑제작),declared,min_qty,row,수치파싱,ok,1.000,220,220,1
COMP_PHOTOCARD_BULK,포토카드 완제품가 대량,명함포토카드,B12,포토카드(대랑제작),declared,min_qty,row,수치파싱,ok,1.000,240,240,1
COMP_PHOTOCARD_BULK,포토카드 완제품가 대량,명함포토카드,B12,포토카드(대랑제작),declared,min_qty,row,수치파싱,ok,1.000,260,260,1
COMP_PHOTOCARD_BULK,포토카드 완제품가 대량,명함포토카드,B12,포토카드(대랑제작),declared,min_qty,row,수치파싱,ok,1.000,280,280,1
COMP_PHOTOCARD_BULK,포토카드 완제품가 대량,명함포토카드,B12,포토카드(대랑제작),declared,min_qty,row,수치파싱,ok,1.000,300,300,1
COMP_PHOTOCARD_BULK,포토카드 완제품가 대량,명함포토카드,B12,포토카드(대랑제작),declared,min_qty,row,수치파싱,ok,1.000,320,320,1
COMP_PHOTOCARD_BULK,포토카드 완제품가 대량,명함포토카드,B12,포토카드(대랑제작),declared,min_qty,row,수치파싱,ok,1.000,340,340,1
COMP_PHOTOCARD_BULK,포토카드 완제품가 대량,명함포토카드,B12,포토카드(대랑제작),declared,min_qty,row,수치파싱,ok,1.000,360,360,1
COMP_PHOTOCARD_BULK,포토카드 완제품가 대량,명함포토카드,B12,포토카드(대랑제작),declared,min_qty,row,수치파싱,ok,1.000,380,380,1
COMP_PHOTOCARD_BULK,포토카드 완제품가 대량,명함포토카드,B12,포토카드(대랑제작),declared,min_qty,row,수치파싱,ok,1.000,400,400,1
COMP_PHOTOCARD_BULK,포토카드 완제품가 대량,명함포토카드,B12,포토카드(대랑제작),declared,min_qty,row,수치파싱,ok,1.000,420,420,1
COMP_PHOTOCARD_BULK,포토카드 완제품가 대량,명함포토카드,B12,포토카드(대랑제작),declared,min_qty,row,수치파싱,ok,1.000,440,440,1
COMP_PHOTOCARD_BULK,포토카드 완제품가 대량,명함포토카드,B12,포토카드(대랑제작),declared,min_qty,row,수치파싱,ok,1.000,460,460,1
COMP_PHOTOCARD_BULK,포토카드 완제품가 대량,명함포토카드,B12,포토카드(대랑제작),declared,min_qty,row,수치파싱,ok,1.000,480,480,1
COMP_PHOTOCARD_BULK,포토카드 완제품가 대량,명함포토카드,B12,포토카드(대랑제작),declared,min_qty,row,수치파싱,ok,1.000,500,500,1
COMP_PHOTOCARD_BULK,포토카드 완제품가 대량,명함포토카드,B12,포토카드(대랑제작),declared,min_qty,row,수치파싱,ok,1.000,600,600,1
COMP_PHOTOCARD_BULK,포토카드 완제품가 대량,명함포토카드,B12,포토카드(대랑제작),declared,min_qty,row,수치파싱,ok,1.000,700,700,1
COMP_PHOTOCARD_BULK,포토카드 완제품가 대량,명함포토카드,B12,포토카드(대랑제작),declared,min_qty,row,수치파싱,ok,1.000,800,800,1
COMP_PHOTOCARD_BULK,포토카드 완제품가 대량,명함포토카드,B12,포토카드(대랑제작),declared,min_qty,row,수치파싱,ok,1.000,900,900,1
COMP_PHOTOCARD_BULK,포토카드 완제품가 대량,명함포토카드,B12,포토카드(대랑제작),declared,min_qty,row,수치파싱,ok,1.000,1000,1000,1
COMP_PHOTOCARD_BULK,포토카드 완제품가 대량,명함포토카드,B12,포토카드(대랑제작),declared,min_qty,row,수치파싱,ok,1.000,1100,1100,1
COMP_PHOTOCARD_BULK,포토카드 완제품가 대량,명함포토카드,B12,포토카드(대랑제작),declared,min_qty,row,수치파싱,ok,1.000,1200,1200,1
COMP_PHOTOCARD_BULK,포토카드 완제품가 대량,명함포토카드,B12,포토카드(대랑제작),declared,min_qty,row,수치파싱,ok,1.000,1300,1300,1
COMP_PHOTOCARD_BULK,포토카드 완제품가 대량,명함포토카드,B12,포토카드(대랑제작),declared,min_qty,row,수치파싱,ok,1.000,1400,1400,1
COMP_PHOTOCARD_BULK,포토카드 완제품가 대량,명함포토카드,B12,포토카드(대랑제작),declared,min_qty,row,수치파싱,ok,1.000,1500,1500,1
COMP_PHOTOCARD_BULK,포토카드 완제품가 대량,명함포토카드,B12,포토카드(대랑제작),declared,min_qty,row,수치파싱,ok,1.000,1600,1600,1
COMP_PHOTOCARD_BULK,포토카드 완제품가 대량,명함포토카드,B12,포토카드(대랑제작),declared,min_qty,row,수치파싱,ok,1.000,1700,1700,1
COMP_PHOTOCARD_BULK,포토카드 완제품가 대량,명함포토카드,B12,포토카드(대랑제작),declared,min_qty,row,수치파싱,ok,1.000,1800,1800,1
COMP_PHOTOCARD_BULK,포토카드 완제품가 대량,명함포토카드,B12,포토카드(대랑제작),declared,min_qty,row,수치파싱,ok,1.000,1900,1900,1
COMP_PHOTOCARD_BULK,포토카드 완제품가 대량,명함포토카드,B12,포토카드(대랑제작),declared,min_qty,row,수치파싱,ok,1.000,2000,2000,1
COMP_PHOTOCARD_BULK,포토카드 완제품가 대량,명함포토카드,B12,포토카드(대랑제작),declared,min_qty,row,수치파싱,ok,1.000,2100,2100,1
COMP_PHOTOCARD_BULK,포토카드 완제품가 대량,명함포토카드,B12,포토카드(대랑제작),declared,min_qty,row,수치파싱,ok,1.000,2200,2200,1
COMP_PHOTOCARD_BULK,포토카드 완제품가 대량,명함포토카드,B12,포토카드(대랑제작),declared,min_qty,row,수치파싱,ok,1.000,2300,2300,1
COMP_PHOTOCARD_BULK,포토카드 완제품가 대량,명함포토카드,B12,포토카드(대랑제작),declared,min_qty,row,수치파싱,ok,1.000,2400,2400,1
COMP_PHOTOCARD_BULK,포토카드 완제품가 대량,명함포토카드,B12,포토카드(대랑제작),declared,min_qty,row,수치파싱,ok,1.000,2500,2500,1
COMP_PHOTOCARD_BULK,포토카드 완제품가 대량,명함포토카드,B12,포토카드(대랑제작),declared,min_qty,row,수치파싱,ok,1.000,2600,2600,1
COMP_PHOTOCARD_BULK,포토카드 완제품가 대량,명함포토카드,B12,포토카드(대랑제작),declared,min_qty,row,수치파싱,ok,1.000,2700,2700,1
COMP_PHOTOCARD_BULK,포토카드 완제품가 대량,명함포토카드,B12,포토카드(대랑제작),declared,min_qty,row,수치파싱,ok,1.000,2800,2800,1
COMP_PHOTOCARD_BULK,포토카드 완제품가 대량,명함포토카드,B12,포토카드(대랑제작),declared,min_qty,row,수치파싱,ok,1.000,2900,2900,1
COMP_PHOTOCARD_BULK,포토카드 완제품가 대량,명함포토카드,B12,포토카드(대랑제작),declared,min_qty,row,수치파싱,ok,1.000,3000,3000,1
COMP_PP_CORNER_RIGHT,귀돌이비,인쇄후가공,B01,"모서리 (귀돌이, 합가)",declared,proc_cd,band0,닫힌집합(1.00),ok,1.000,직각모서리,PROC_000027,1
COMP_PP_CORNER_RIGHT,귀돌이비,인쇄후가공,B01,"모서리 (귀돌이, 합가)",declared,proc_cd,band0,닫힌집합(1.00),ok,1.000,둥근모서리,PROC_000028,1
COMP_PP_CORNER_RIGHT,귀돌이비,인쇄후가공,B01,"모서리 (귀돌이, 합가)",declared,min_qty,row,수치파싱,ok,1.000,1,1,1
COMP_PP_CORNER_RIGHT,귀돌이비,인쇄후가공,B01,"모서리 (귀돌이, 합가)",declared,min_qty,row,수치파싱,ok,1.000,100,100,1
COMP_PP_CORNER_RIGHT,귀돌이비,인쇄후가공,B01,"모서리 (귀돌이, 합가)",declared,min_qty,row,수치파싱,ok,1.000,300,300,1
COMP_PP_CORNER_RIGHT,귀돌이비,인쇄후가공,B01,"모서리 (귀돌이, 합가)",declared,min_qty,row,수치파싱,ok,1.000,500,500,1
COMP_PP_CORNER_RIGHT,귀돌이비,인쇄후가공,B01,"모서리 (귀돌이, 합가)",declared,min_qty,row,수치파싱,ok,1.000,1000,1000,1
COMP_PP_CORNER_RIGHT,귀돌이비,인쇄후가공,B01,"모서리 (귀돌이, 합가)",declared,min_qty,row,수치파싱,ok,1.000,2000,2000,1
COMP_PP_CORNER_RIGHT,귀돌이비,인쇄후가공,B01,"모서리 (귀돌이, 합가)",declared,min_qty,row,수치파싱,ok,1.000,3000,3000,1
COMP_PP_CORNER_RIGHT,귀돌이비,인쇄후가공,B01,"모서리 (귀돌이, 합가)",declared,min_qty,row,수치파싱,ok,1.000,4000,4000,1
COMP_PP_CORNER_RIGHT,귀돌이비,인쇄후가공,B01,"모서리 (귀돌이, 합가)",declared,min_qty,row,수치파싱,ok,1.000,5000,5000,1
COMP_PP_CREASE_1L,오시비,인쇄후가공,B03,오시 (합가),declared,proc_cd,(상수),라이브 단일값,constant,1.000,(블록 상수),PROC_000090,1
COMP_PP_CREASE_1L,오시비,인쇄후가공,B03,오시 (합가),declared,min_qty,row,"묶음분해(수치),수치파싱",ok,1.000,1,1,1
COMP_PP_CREASE_1L,오시비,인쇄후가공,B03,오시 (합가),declared,min_qty,row,"묶음분해(수치),수치파싱",ok,1.000,50,50,1
COMP_PP_CREASE_1L,오시비,인쇄후가공,B03,오시 (합가),declared,min_qty,row,"묶음분해(수치),수치파싱",ok,1.000,100,100,1
COMP_PP_CREASE_1L,오시비,인쇄후가공,B03,오시 (합가),declared,min_qty,row,"묶음분해(수치),수치파싱",ok,1.000,300,300,1
COMP_PP_CREASE_1L,오시비,인쇄후가공,B03,오시 (합가),declared,min_qty,row,"묶음분해(수치),수치파싱",ok,1.000,500,500,1
COMP_PP_CREASE_1L,오시비,인쇄후가공,B03,오시 (합가),declared,min_qty,row,"묶음분해(수치),수치파싱",ok,1.000,1000,1000,1
COMP_PP_CREASE_1L,오시비,인쇄후가공,B03,오시 (합가),declared,min_qty,row,"묶음분해(수치),수치파싱",ok,1.000,2000,2000,1
COMP_PP_CREASE_1L,오시비,인쇄후가공,B03,오시 (합가),declared,min_qty,row,"묶음분해(수치),수치파싱",ok,1.000,3000,3000,1
COMP_PP_CREASE_1L,오시비,인쇄후가공,B03,오시 (합가),declared,min_qty,row,"묶음분해(수치),수치파싱",ok,1.000,4000,4000,1
COMP_PP_CREASE_1L,오시비,인쇄후가공,B03,오시 (합가),declared,min_qty,row,"묶음분해(수치),수치파싱",ok,1.000,5000,5000,1
COMP_PP_CREASE_1L,오시비,인쇄후가공,B03,오시 (합가),declared,min_qty,row,"묶음분해(수치),수치파싱",ok,1.000,"1,000장당 20,000원씩 올립니다.",0|1,2
COMP_PP_VARTEXT_1EA,가변텍스트,인쇄후가공,B04,가변(텍스트),declared,proc_cd,(상수),라이브 단일값,constant,1.000,(블록 상수),PROC_000031,1
COMP_PP_VARTEXT_1EA,가변텍스트,인쇄후가공,B04,가변(텍스트),declared,min_qty,row,수치파싱,ok,1.000,1,1,1
COMP_PP_VARTEXT_1EA,가변텍스트,인쇄후가공,B04,가변(텍스트),declared,min_qty,row,수치파싱,ok,1.000,100,100,1
COMP_PP_VARTEXT_1EA,가변텍스트,인쇄후가공,B04,가변(텍스트),declared,min_qty,row,수치파싱,ok,1.000,400,400,1
COMP_PP_VARTEXT_1EA,가변텍스트,인쇄후가공,B04,가변(텍스트),declared,min_qty,row,수치파싱,ok,1.000,600,600,1
COMP_PP_VARTEXT_1EA,가변텍스트,인쇄후가공,B04,가변(텍스트),declared,min_qty,row,수치파싱,ok,1.000,800,800,1
COMP_PP_VARTEXT_1EA,가변텍스트,인쇄후가공,B04,가변(텍스트),declared,min_qty,row,수치파싱,ok,1.000,1000,1000,1
COMP_PP_VARTEXT_1EA,가변텍스트,인쇄후가공,B04,가변(텍스트),declared,min_qty,row,수치파싱,ok,1.000,1500,1500,1
COMP_PP_VARTEXT_1EA,가변텍스트,인쇄후가공,B04,가변(텍스트),declared,min_qty,row,수치파싱,ok,1.000,2000,2000,1
COMP_PP_VARTEXT_1EA,가변텍스트,인쇄후가공,B04,가변(텍스트),declared,min_qty,row,수치파싱,ok,1.000,2500,2500,1
COMP_PP_VARTEXT_1EA,가변텍스트,인쇄후가공,B04,가변(텍스트),declared,min_qty,row,수치파싱,ok,1.000,3000,3000,1
COMP_PP_VARTEXT_1EA,가변텍스트,인쇄후가공,B04,가변(텍스트),declared,min_qty,row,수치파싱,ok,1.000,3500,3500,1
COMP_PP_VARTEXT_1EA,가변텍스트,인쇄후가공,B04,가변(텍스트),declared,min_qty,row,수치파싱,ok,1.000,4000,4000,1
COMP_PP_VARTEXT_1EA,가변텍스트,인쇄후가공,B04,가변(텍스트),declared,min_qty,row,수치파싱,ok,1.000,4500,4500,1
COMP_PP_VARTEXT_1EA,가변텍스트,인쇄후가공,B04,가변(텍스트),declared,min_qty,row,수치파싱,ok,1.000,5000,5000,1
COMP_PP_VARTEXT_1EA,가변텍스트,인쇄후가공,B04,가변(텍스트),declared,min_qty,row,수치파싱,ok,1.000,5500,5500,1
COMP_PP_VARTEXT_1EA,가변텍스트,인쇄후가공,B04,가변(텍스트),declared,min_qty,row,수치파싱,ok,1.000,6000,6000,1
COMP_PP_VARTEXT_1EA,가변텍스트,인쇄후가공,B04,가변(텍스트),declared,min_qty,row,수치파싱,ok,1.000,6500,6500,1
COMP_PP_VARTEXT_1EA,가변텍스트,인쇄후가공,B04,가변(텍스트),declared,min_qty,row,수치파싱,ok,1.000,7000,7000,1
COMP_PP_VARTEXT_1EA,가변텍스트,인쇄후가공,B04,가변(텍스트),declared,min_qty,row,수치파싱,ok,1.000,7500,7500,1
COMP_PP_VARTEXT_1EA,가변텍스트,인쇄후가공,B04,가변(텍스트),declared,min_qty,row,수치파싱,ok,1.000,8000,8000,1
COMP_PP_VARTEXT_1EA,가변텍스트,인쇄후가공,B04,가변(텍스트),declared,min_qty,row,수치파싱,ok,1.000,8500,8500,1
COMP_PP_VARTEXT_1EA,가변텍스트,인쇄후가공,B04,가변(텍스트),declared,min_qty,row,수치파싱,ok,1.000,9000,9000,1
COMP_PP_VARTEXT_1EA,가변텍스트,인쇄후가공,B04,가변(텍스트),declared,min_qty,row,수치파싱,ok,1.000,9500,9500,1
COMP_PP_VARTEXT_1EA,가변텍스트,인쇄후가공,B04,가변(텍스트),declared,min_qty,row,수치파싱,ok,1.000,10000,10000,1
COMP_PP_VARIMG_1EA,가변이미지,인쇄후가공,B05,가변(이미지),declared,proc_cd,(상수),라이브 단일값,constant,1.000,(블록 상수),PROC_000032,1
COMP_PP_VARIMG_1EA,가변이미지,인쇄후가공,B05,가변(이미지),declared,min_qty,row,수치파싱,ok,1.000,1,1,1
COMP_PP_VARIMG_1EA,가변이미지,인쇄후가공,B05,가변(이미지),declared,min_qty,row,수치파싱,ok,1.000,100,100,1
COMP_PP_VARIMG_1EA,가변이미지,인쇄후가공,B05,가변(이미지),declared,min_qty,row,수치파싱,ok,1.000,400,400,1
COMP_PP_VARIMG_1EA,가변이미지,인쇄후가공,B05,가변(이미지),declared,min_qty,row,수치파싱,ok,1.000,600,600,1
COMP_PP_VARIMG_1EA,가변이미지,인쇄후가공,B05,가변(이미지),declared,min_qty,row,수치파싱,ok,1.000,800,800,1
COMP_PP_VARIMG_1EA,가변이미지,인쇄후가공,B05,가변(이미지),declared,min_qty,row,수치파싱,ok,1.000,1000,1000,1
COMP_PP_VARIMG_1EA,가변이미지,인쇄후가공,B05,가변(이미지),declared,min_qty,row,수치파싱,ok,1.000,1500,1500,1
COMP_PP_VARIMG_1EA,가변이미지,인쇄후가공,B05,가변(이미지),declared,min_qty,row,수치파싱,ok,1.000,2000,2000,1
COMP_PP_VARIMG_1EA,가변이미지,인쇄후가공,B05,가변(이미지),declared,min_qty,row,수치파싱,ok,1.000,2500,2500,1
COMP_PP_VARIMG_1EA,가변이미지,인쇄후가공,B05,가변(이미지),declared,min_qty,row,수치파싱,ok,1.000,3000,3000,1
COMP_PP_VARIMG_1EA,가변이미지,인쇄후가공,B05,가변(이미지),declared,min_qty,row,수치파싱,ok,1.000,3500,3500,1
COMP_PP_VARIMG_1EA,가변이미지,인쇄후가공,B05,가변(이미지),declared,min_qty,row,수치파싱,ok,1.000,4000,4000,1
COMP_PP_VARIMG_1EA,가변이미지,인쇄후가공,B05,가변(이미지),declared,min_qty,row,수치파싱,ok,1.000,4500,4500,1
COMP_PP_VARIMG_1EA,가변이미지,인쇄후가공,B05,가변(이미지),declared,min_qty,row,수치파싱,ok,1.000,5000,5000,1
COMP_PP_VARIMG_1EA,가변이미지,인쇄후가공,B05,가변(이미지),declared,min_qty,row,수치파싱,ok,1.000,5500,5500,1
COMP_PP_VARIMG_1EA,가변이미지,인쇄후가공,B05,가변(이미지),declared,min_qty,row,수치파싱,ok,1.000,6000,6000,1
COMP_PP_VARIMG_1EA,가변이미지,인쇄후가공,B05,가변(이미지),declared,min_qty,row,수치파싱,ok,1.000,6500,6500,1
COMP_PP_VARIMG_1EA,가변이미지,인쇄후가공,B05,가변(이미지),declared,min_qty,row,수치파싱,ok,1.000,7000,7000,1
COMP_PP_VARIMG_1EA,가변이미지,인쇄후가공,B05,가변(이미지),declared,min_qty,row,수치파싱,ok,1.000,7500,7500,1
COMP_PP_VARIMG_1EA,가변이미지,인쇄후가공,B05,가변(이미지),declared,min_qty,row,수치파싱,ok,1.000,8000,8000,1
COMP_PP_VARIMG_1EA,가변이미지,인쇄후가공,B05,가변(이미지),declared,min_qty,row,수치파싱,ok,1.000,8500,8500,1
COMP_PP_VARIMG_1EA,가변이미지,인쇄후가공,B05,가변(이미지),declared,min_qty,row,수치파싱,ok,1.000,9000,9000,1
COMP_PP_VARIMG_1EA,가변이미지,인쇄후가공,B05,가변(이미지),declared,min_qty,row,수치파싱,ok,1.000,9500,9500,1
COMP_PP_VARIMG_1EA,가변이미지,인쇄후가공,B05,가변(이미지),declared,min_qty,row,수치파싱,ok,1.000,10000,10000,1
COMP_PCB,엽서북 완제품가 사이즈/양단면/페이지수별 단가,엽서북떡메,B01,엽서북,declared,siz_cd,band0,닫힌집합(0.50),ok,1.000,100*150,SIZ_000003|SIZ_000103,2
COMP_PCB,엽서북 완제품가 사이즈/양단면/페이지수별 단가,엽서북떡메,B01,엽서북,declared,siz_cd,band0,닫힌집합(0.50),ok,1.000,150*100,SIZ_000003|SIZ_000103,2
COMP_PCB,엽서북 완제품가 사이즈/양단면/페이지수별 단가,엽서북떡메,B01,엽서북,declared,siz_cd,band0,닫힌집합(0.50),ok,1.000,135*135,SIZ_000004,1
COMP_PCB,엽서북 완제품가 사이즈/양단면/페이지수별 단가,엽서북떡메,B01,엽서북,declared,print_opt_cd,band1,닫힌집합(1.00),ok,1.000,단면,POPT_000001,1
COMP_PCB,엽서북 완제품가 사이즈/양단면/페이지수별 단가,엽서북떡메,B01,엽서북,declared,print_opt_cd,band1,닫힌집합(1.00),ok,1.000,양면,POPT_000002,1
COMP_PCB,엽서북 완제품가 사이즈/양단면/페이지수별 단가,엽서북떡메,B01,엽서북,declared,opt_cd,band2,닫힌집합(1.00),ok,1.000,20P,OPV_000491,1
COMP_PCB,엽서북 완제품가 사이즈/양단면/페이지수별 단가,엽서북떡메,B01,엽서북,declared,opt_cd,band2,닫힌집합(1.00),ok,1.000,30P,OPV_000492,1
COMP_PCB,엽서북 완제품가 사이즈/양단면/페이지수별 단가,엽서북떡메,B01,엽서북,declared,min_qty,row,수치파싱,ok,1.000,1,1,1
COMP_PCB,엽서북 완제품가 사이즈/양단면/페이지수별 단가,엽서북떡메,B01,엽서북,declared,min_qty,row,수치파싱,ok,1.000,2,2,1
COMP_PCB,엽서북 완제품가 사이즈/양단면/페이지수별 단가,엽서북떡메,B01,엽서북,declared,min_qty,row,수치파싱,ok,1.000,4,4,1
COMP_PCB,엽서북 완제품가 사이즈/양단면/페이지수별 단가,엽서북떡메,B01,엽서북,declared,min_qty,row,수치파싱,ok,1.000,6,6,1
COMP_PCB,엽서북 완제품가 사이즈/양단면/페이지수별 단가,엽서북떡메,B01,엽서북,declared,min_qty,row,수치파싱,ok,1.000,8,8,1
COMP_PCB,엽서북 완제품가 사이즈/양단면/페이지수별 단가,엽서북떡메,B01,엽서북,declared,min_qty,row,수치파싱,ok,1.000,10,10,1
COMP_PCB,엽서북 완제품가 사이즈/양단면/페이지수별 단가,엽서북떡메,B01,엽서북,declared,min_qty,row,수치파싱,ok,1.000,20,20,1
COMP_PCB,엽서북 완제품가 사이즈/양단면/페이지수별 단가,엽서북떡메,B01,엽서북,declared,min_qty,row,수치파싱,ok,1.000,30,30,1
COMP_PCB,엽서북 완제품가 사이즈/양단면/페이지수별 단가,엽서북떡메,B01,엽서북,declared,min_qty,row,수치파싱,ok,1.000,40,40,1
COMP_PCB,엽서북 완제품가 사이즈/양단면/페이지수별 단가,엽서북떡메,B01,엽서북,declared,min_qty,row,수치파싱,ok,1.000,50,50,1
COMP_PCB,엽서북 완제품가 사이즈/양단면/페이지수별 단가,엽서북떡메,B01,엽서북,declared,min_qty,row,수치파싱,ok,1.000,60,60,1
COMP_PCB,엽서북 완제품가 사이즈/양단면/페이지수별 단가,엽서북떡메,B01,엽서북,declared,min_qty,row,수치파싱,ok,1.000,70,70,1
COMP_PCB,엽서북 완제품가 사이즈/양단면/페이지수별 단가,엽서북떡메,B01,엽서북,declared,min_qty,row,수치파싱,ok,1.000,80,80,1
COMP_PCB,엽서북 완제품가 사이즈/양단면/페이지수별 단가,엽서북떡메,B01,엽서북,declared,min_qty,row,수치파싱,ok,1.000,90,90,1
COMP_PCB,엽서북 완제품가 사이즈/양단면/페이지수별 단가,엽서북떡메,B01,엽서북,declared,min_qty,row,수치파싱,ok,1.000,100,100,1
COMP_PCB,엽서북 완제품가 사이즈/양단면/페이지수별 단가,엽서북떡메,B01,엽서북,declared,min_qty,row,수치파싱,ok,1.000,120,120,1
COMP_PCB,엽서북 완제품가 사이즈/양단면/페이지수별 단가,엽서북떡메,B01,엽서북,declared,min_qty,row,수치파싱,ok,1.000,140,140,1
COMP_PCB,엽서북 완제품가 사이즈/양단면/페이지수별 단가,엽서북떡메,B01,엽서북,declared,min_qty,row,수치파싱,ok,1.000,160,160,1
COMP_PCB,엽서북 완제품가 사이즈/양단면/페이지수별 단가,엽서북떡메,B01,엽서북,declared,min_qty,row,수치파싱,ok,1.000,180,180,1
COMP_PCB,엽서북 완제품가 사이즈/양단면/페이지수별 단가,엽서북떡메,B01,엽서북,declared,min_qty,row,수치파싱,ok,1.000,200,200,1
COMP_PCB,엽서북 완제품가 사이즈/양단면/페이지수별 단가,엽서북떡메,B01,엽서북,declared,min_qty,row,수치파싱,ok,1.000,250,250,1
COMP_PCB,엽서북 완제품가 사이즈/양단면/페이지수별 단가,엽서북떡메,B01,엽서북,declared,min_qty,row,수치파싱,ok,1.000,300,300,1
COMP_PCB,엽서북 완제품가 사이즈/양단면/페이지수별 단가,엽서북떡메,B01,엽서북,declared,min_qty,row,수치파싱,ok,1.000,350,350,1
COMP_PCB,엽서북 완제품가 사이즈/양단면/페이지수별 단가,엽서북떡메,B01,엽서북,declared,min_qty,row,수치파싱,ok,1.000,400,400,1
COMP_PCB,엽서북 완제품가 사이즈/양단면/페이지수별 단가,엽서북떡메,B01,엽서북,declared,min_qty,row,수치파싱,ok,1.000,450,450,1
COMP_PCB,엽서북 완제품가 사이즈/양단면/페이지수별 단가,엽서북떡메,B01,엽서북,declared,min_qty,row,수치파싱,ok,1.000,500,500,1
COMP_PCB,엽서북 완제품가 사이즈/양단면/페이지수별 단가,엽서북떡메,B01,엽서북,declared,min_qty,row,수치파싱,ok,1.000,550,550,1
COMP_PCB,엽서북 완제품가 사이즈/양단면/페이지수별 단가,엽서북떡메,B01,엽서북,declared,min_qty,row,수치파싱,ok,1.000,600,600,1
COMP_PCB,엽서북 완제품가 사이즈/양단면/페이지수별 단가,엽서북떡메,B01,엽서북,declared,min_qty,row,수치파싱,ok,1.000,650,650,1
COMP_PCB,엽서북 완제품가 사이즈/양단면/페이지수별 단가,엽서북떡메,B01,엽서북,declared,min_qty,row,수치파싱,ok,1.000,700,700,1
COMP_PCB,엽서북 완제품가 사이즈/양단면/페이지수별 단가,엽서북떡메,B01,엽서북,declared,min_qty,row,수치파싱,ok,1.000,750,750,1
COMP_PCB,엽서북 완제품가 사이즈/양단면/페이지수별 단가,엽서북떡메,B01,엽서북,declared,min_qty,row,수치파싱,ok,1.000,800,800,1
COMP_PCB,엽서북 완제품가 사이즈/양단면/페이지수별 단가,엽서북떡메,B01,엽서북,declared,min_qty,row,수치파싱,ok,1.000,850,850,1
COMP_PCB,엽서북 완제품가 사이즈/양단면/페이지수별 단가,엽서북떡메,B01,엽서북,declared,min_qty,row,수치파싱,ok,1.000,900,900,1
COMP_PCB,엽서북 완제품가 사이즈/양단면/페이지수별 단가,엽서북떡메,B01,엽서북,declared,min_qty,row,수치파싱,ok,1.000,950,950,1
COMP_PCB,엽서북 완제품가 사이즈/양단면/페이지수별 단가,엽서북떡메,B01,엽서북,declared,min_qty,row,수치파싱,ok,1.000,1000,1000,1
COMP_PCB,엽서북 완제품가 사이즈/양단면/페이지수별 단가,엽서북떡메,B01,엽서북,declared,min_qty,row,수치파싱,ok,1.000,1500,1500,1
COMP_PCB,엽서북 완제품가 사이즈/양단면/페이지수별 단가,엽서북떡메,B01,엽서북,declared,min_qty,row,수치파싱,ok,1.000,2000,2000,1
COMP_PCB,엽서북 완제품가 사이즈/양단면/페이지수별 단가,엽서북떡메,B01,엽서북,declared,min_qty,row,수치파싱,ok,1.000,2500,2500,1
COMP_PCB,엽서북 완제품가 사이즈/양단면/페이지수별 단가,엽서북떡메,B01,엽서북,declared,min_qty,row,수치파싱,ok,1.000,3000,3000,1
COMP_POSTER_ARTPAPER_MATTE,실사 완제품가 (아트페이퍼포스터),포스터사인,B02,아트페이퍼포스터 (매트지),recovered,siz_width,row,수치파싱,ok,1.000,600mm,600,1
COMP_POSTER_ARTPAPER_MATTE,실사 완제품가 (아트페이퍼포스터),포스터사인,B02,아트페이퍼포스터 (매트지),recovered,siz_width,row,수치파싱,ok,1.000,800mm,800,1
COMP_POSTER_ARTPAPER_MATTE,실사 완제품가 (아트페이퍼포스터),포스터사인,B02,아트페이퍼포스터 (매트지),recovered,siz_width,row,수치파싱,ok,1.000,1000mm,1000,1
COMP_POSTER_ARTPAPER_MATTE,실사 완제품가 (아트페이퍼포스터),포스터사인,B02,아트페이퍼포스터 (매트지),recovered,siz_width,row,수치파싱,ok,1.000,1200mm,1200,1
COMP_POSTER_ARTPAPER_MATTE,실사 완제품가 (아트페이퍼포스터),포스터사인,B02,아트페이퍼포스터 (매트지),recovered,siz_width,row,수치파싱,ok,1.000,1400mm,1400,1
COMP_POSTER_ARTPAPER_MATTE,실사 완제품가 (아트페이퍼포스터),포스터사인,B02,아트페이퍼포스터 (매트지),recovered,siz_width,row,수치파싱,ok,1.000,1600mm,1600,1
COMP_POSTER_ARTPAPER_MATTE,실사 완제품가 (아트페이퍼포스터),포스터사인,B02,아트페이퍼포스터 (매트지),recovered,siz_width,row,수치파싱,ok,1.000,1800mm,1800,1
COMP_POSTER_ARTPAPER_MATTE,실사 완제품가 (아트페이퍼포스터),포스터사인,B02,아트페이퍼포스터 (매트지),recovered,siz_width,row,수치파싱,ok,1.000,2000mm,2000,1
COMP_POSTER_ARTPAPER_MATTE,실사 완제품가 (아트페이퍼포스터),포스터사인,B02,아트페이퍼포스터 (매트지),recovered,siz_width,row,수치파싱,ok,1.000,2200mm,2200,1
COMP_POSTER_ARTPAPER_MATTE,실사 완제품가 (아트페이퍼포스터),포스터사인,B02,아트페이퍼포스터 (매트지),recovered,siz_width,row,수치파싱,ok,1.000,2400mm,2400,1
COMP_POSTER_ARTPAPER_MATTE,실사 완제품가 (아트페이퍼포스터),포스터사인,B02,아트페이퍼포스터 (매트지),recovered,siz_width,row,수치파싱,ok,1.000,2600mm,2600,1
COMP_POSTER_ARTPAPER_MATTE,실사 완제품가 (아트페이퍼포스터),포스터사인,B02,아트페이퍼포스터 (매트지),recovered,siz_width,row,수치파싱,ok,1.000,2800mm,2800,1
COMP_POSTER_ARTPAPER_MATTE,실사 완제품가 (아트페이퍼포스터),포스터사인,B02,아트페이퍼포스터 (매트지),recovered,siz_width,row,수치파싱,ok,1.000,3000mm,3000,1
COMP_POSTER_ARTPAPER_MATTE,실사 완제품가 (아트페이퍼포스터),포스터사인,B02,아트페이퍼포스터 (매트지),recovered,siz_height,band0,수치파싱,ok,1.000,600mm,600,1
COMP_POSTER_ARTPAPER_MATTE,실사 완제품가 (아트페이퍼포스터),포스터사인,B02,아트페이퍼포스터 (매트지),recovered,siz_height,band0,수치파싱,ok,1.000,800mm,800,1
COMP_POSTER_ARTPAPER_MATTE,실사 완제품가 (아트페이퍼포스터),포스터사인,B02,아트페이퍼포스터 (매트지),recovered,siz_height,band0,수치파싱,ok,1.000,900mm,900,1
COMP_POSTER_ARTPAPER_MATTE,실사 완제품가 (아트페이퍼포스터),포스터사인,B02,아트페이퍼포스터 (매트지),recovered,min_qty,(미사용),라이브 전건 NULL,null-dim,1.000,,,0
COMP_POSTER_ADH_CLEAR_PVC,실사 완제품가 (접착투명포스터),포스터사인,B05,접착투명포스터 (투명PVC),recovered,siz_width,row,수치파싱,ok,1.000,600mm,600,1
COMP_POSTER_ADH_CLEAR_PVC,실사 완제품가 (접착투명포스터),포스터사인,B05,접착투명포스터 (투명PVC),recovered,siz_width,row,수치파싱,ok,1.000,800mm,800,1
COMP_POSTER_ADH_CLEAR_PVC,실사 완제품가 (접착투명포스터),포스터사인,B05,접착투명포스터 (투명PVC),recovered,siz_width,row,수치파싱,ok,1.000,1000mm,1000,1
COMP_POSTER_ADH_CLEAR_PVC,실사 완제품가 (접착투명포스터),포스터사인,B05,접착투명포스터 (투명PVC),recovered,siz_width,row,수치파싱,ok,1.000,1200mm,1200,1
COMP_POSTER_ADH_CLEAR_PVC,실사 완제품가 (접착투명포스터),포스터사인,B05,접착투명포스터 (투명PVC),recovered,siz_width,row,수치파싱,ok,1.000,1400mm,1400,1
COMP_POSTER_ADH_CLEAR_PVC,실사 완제품가 (접착투명포스터),포스터사인,B05,접착투명포스터 (투명PVC),recovered,siz_width,row,수치파싱,ok,1.000,1600mm,1600,1
COMP_POSTER_ADH_CLEAR_PVC,실사 완제품가 (접착투명포스터),포스터사인,B05,접착투명포스터 (투명PVC),recovered,siz_width,row,수치파싱,ok,1.000,1800mm,1800,1
COMP_POSTER_ADH_CLEAR_PVC,실사 완제품가 (접착투명포스터),포스터사인,B05,접착투명포스터 (투명PVC),recovered,siz_width,row,수치파싱,ok,1.000,2000mm,2000,1
COMP_POSTER_ADH_CLEAR_PVC,실사 완제품가 (접착투명포스터),포스터사인,B05,접착투명포스터 (투명PVC),recovered,siz_width,row,수치파싱,ok,1.000,2200mm,2200,1
COMP_POSTER_ADH_CLEAR_PVC,실사 완제품가 (접착투명포스터),포스터사인,B05,접착투명포스터 (투명PVC),recovered,siz_width,row,수치파싱,ok,1.000,2400mm,2400,1
COMP_POSTER_ADH_CLEAR_PVC,실사 완제품가 (접착투명포스터),포스터사인,B05,접착투명포스터 (투명PVC),recovered,siz_width,row,수치파싱,ok,1.000,2600mm,2600,1
COMP_POSTER_ADH_CLEAR_PVC,실사 완제품가 (접착투명포스터),포스터사인,B05,접착투명포스터 (투명PVC),recovered,siz_width,row,수치파싱,ok,1.000,2800mm,2800,1
COMP_POSTER_ADH_CLEAR_PVC,실사 완제품가 (접착투명포스터),포스터사인,B05,접착투명포스터 (투명PVC),recovered,siz_width,row,수치파싱,ok,1.000,3000mm,3000,1
COMP_POSTER_ADH_CLEAR_PVC,실사 완제품가 (접착투명포스터),포스터사인,B05,접착투명포스터 (투명PVC),recovered,siz_height,band0,수치파싱,ok,1.000,600mm,600,1
COMP_POSTER_ADH_CLEAR_PVC,실사 완제품가 (접착투명포스터),포스터사인,B05,접착투명포스터 (투명PVC),recovered,siz_height,band0,수치파싱,ok,1.000,800mm,800,1
COMP_POSTER_ADH_CLEAR_PVC,실사 완제품가 (접착투명포스터),포스터사인,B05,접착투명포스터 (투명PVC),recovered,siz_height,band0,수치파싱,ok,1.000,1000mm,1000,1
COMP_POSTER_ADH_CLEAR_PVC,실사 완제품가 (접착투명포스터),포스터사인,B05,접착투명포스터 (투명PVC),recovered,siz_height,band0,수치파싱,ok,1.000,1200mm,1200,1
COMP_POSTER_ADH_CLEAR_PVC,실사 완제품가 (접착투명포스터),포스터사인,B05,접착투명포스터 (투명PVC),recovered,min_qty,(미사용),라이브 전건 NULL,null-dim,1.000,,,0
COMP_POSTER_LINEN_FABRIC,실사 완제품가 (린넨패브릭포스터),포스터사인,B07,린넨패브릭포스터,recovered,siz_width,row,수치파싱,ok,1.000,600mm,600,1
COMP_POSTER_LINEN_FABRIC,실사 완제품가 (린넨패브릭포스터),포스터사인,B07,린넨패브릭포스터,recovered,siz_width,row,수치파싱,ok,1.000,800mm,800,1
COMP_POSTER_LINEN_FABRIC,실사 완제품가 (린넨패브릭포스터),포스터사인,B07,린넨패브릭포스터,recovered,siz_width,row,수치파싱,ok,1.000,1000mm,1000,1
COMP_POSTER_LINEN_FABRIC,실사 완제품가 (린넨패브릭포스터),포스터사인,B07,린넨패브릭포스터,recovered,siz_width,row,수치파싱,ok,1.000,1200mm,1200,1
COMP_POSTER_LINEN_FABRIC,실사 완제품가 (린넨패브릭포스터),포스터사인,B07,린넨패브릭포스터,recovered,siz_width,row,수치파싱,ok,1.000,1400mm,1400,1
COMP_POSTER_LINEN_FABRIC,실사 완제품가 (린넨패브릭포스터),포스터사인,B07,린넨패브릭포스터,recovered,siz_width,row,수치파싱,ok,1.000,1600mm,1600,1
COMP_POSTER_LINEN_FABRIC,실사 완제품가 (린넨패브릭포스터),포스터사인,B07,린넨패브릭포스터,recovered,siz_width,row,수치파싱,ok,1.000,1800mm,1800,1
COMP_POSTER_LINEN_FABRIC,실사 완제품가 (린넨패브릭포스터),포스터사인,B07,린넨패브릭포스터,recovered,siz_width,row,수치파싱,ok,1.000,2000mm,2000,1
COMP_POSTER_LINEN_FABRIC,실사 완제품가 (린넨패브릭포스터),포스터사인,B07,린넨패브릭포스터,recovered,siz_width,row,수치파싱,ok,1.000,2200mm,2200,1
COMP_POSTER_LINEN_FABRIC,실사 완제품가 (린넨패브릭포스터),포스터사인,B07,린넨패브릭포스터,recovered,siz_width,row,수치파싱,ok,1.000,2400mm,2400,1
COMP_POSTER_LINEN_FABRIC,실사 완제품가 (린넨패브릭포스터),포스터사인,B07,린넨패브릭포스터,recovered,siz_width,row,수치파싱,ok,1.000,2600mm,2600,1
COMP_POSTER_LINEN_FABRIC,실사 완제품가 (린넨패브릭포스터),포스터사인,B07,린넨패브릭포스터,recovered,siz_width,row,수치파싱,ok,1.000,2800mm,2800,1
COMP_POSTER_LINEN_FABRIC,실사 완제품가 (린넨패브릭포스터),포스터사인,B07,린넨패브릭포스터,recovered,siz_width,row,수치파싱,ok,1.000,3000mm,3000,1
COMP_POSTER_LINEN_FABRIC,실사 완제품가 (린넨패브릭포스터),포스터사인,B07,린넨패브릭포스터,recovered,siz_height,band0,"묶음분해(수치),수치파싱",partial,0.833,600mm,600,1
COMP_POSTER_LINEN_FABRIC,실사 완제품가 (린넨패브릭포스터),포스터사인,B07,린넨패브릭포스터,recovered,siz_height,band0,"묶음분해(수치),수치파싱",partial,0.833,800mm,800,1
COMP_POSTER_LINEN_FABRIC,실사 완제품가 (린넨패브릭포스터),포스터사인,B07,린넨패브릭포스터,recovered,siz_height,band0,"묶음분해(수치),수치파싱",partial,0.833,1000mm,1000,1
COMP_POSTER_LINEN_FABRIC,실사 완제품가 (린넨패브릭포스터),포스터사인,B07,린넨패브릭포스터,recovered,siz_height,band0,"묶음분해(수치),수치파싱",partial,0.833,1200mm,1200,1
COMP_POSTER_LINEN_FABRIC,실사 완제품가 (린넨패브릭포스터),포스터사인,B07,린넨패브릭포스터,recovered,siz_height,band0,"묶음분해(수치),수치파싱",partial,0.833,A3 / A2 / A1,1|2|3,3
COMP_POSTER_LINEN_FABRIC,실사 완제품가 (린넨패브릭포스터),포스터사인,B07,린넨패브릭포스터,recovered,min_qty,(미사용),라이브 전건 NULL,null-dim,1.000,,,0
COMP_POSTEROPT_LINEN_FINISH,린넨 마감가공비,포스터사인,B07,린넨패브릭포스터,recovered,opt_cd,row,"닫힌집합(0.11),닫힌집합(0.12)",ok,1.000,600mm,OPV_000027,1
COMP_POSTEROPT_LINEN_FINISH,린넨 마감가공비,포스터사인,B07,린넨패브릭포스터,recovered,opt_cd,row,"닫힌집합(0.11),닫힌집합(0.12)",ok,1.000,800mm,OPV_000027,1
COMP_POSTEROPT_LINEN_FINISH,린넨 마감가공비,포스터사인,B07,린넨패브릭포스터,recovered,opt_cd,row,"닫힌집합(0.11),닫힌집합(0.12)",ok,1.000,1000mm,OPV_000027,1
COMP_POSTEROPT_LINEN_FINISH,린넨 마감가공비,포스터사인,B07,린넨패브릭포스터,recovered,opt_cd,row,"닫힌집합(0.11),닫힌집합(0.12)",ok,1.000,1200mm,OPV_000027,1
COMP_POSTEROPT_LINEN_FINISH,린넨 마감가공비,포스터사인,B07,린넨패브릭포스터,recovered,opt_cd,row,"닫힌집합(0.11),닫힌집합(0.12)",ok,1.000,1400mm,OPV_000027,1
COMP_POSTEROPT_LINEN_FINISH,린넨 마감가공비,포스터사인,B07,린넨패브릭포스터,recovered,opt_cd,row,"닫힌집합(0.11),닫힌집합(0.12)",ok,1.000,1600mm,OPV_000027,1
COMP_POSTEROPT_LINEN_FINISH,린넨 마감가공비,포스터사인,B07,린넨패브릭포스터,recovered,opt_cd,row,"닫힌집합(0.11),닫힌집합(0.12)",ok,1.000,1800mm,OPV_000027,1
COMP_POSTEROPT_LINEN_FINISH,린넨 마감가공비,포스터사인,B07,린넨패브릭포스터,recovered,opt_cd,row,"닫힌집합(0.11),닫힌집합(0.12)",ok,1.000,2000mm,OPV_000027,1
COMP_POSTEROPT_LINEN_FINISH,린넨 마감가공비,포스터사인,B07,린넨패브릭포스터,recovered,opt_cd,row,"닫힌집합(0.11),닫힌집합(0.12)",ok,1.000,2200mm,OPV_000027,1
COMP_POSTEROPT_LINEN_FINISH,린넨 마감가공비,포스터사인,B07,린넨패브릭포스터,recovered,opt_cd,row,"닫힌집합(0.11),닫힌집합(0.12)",ok,1.000,2400mm,OPV_000027,1
COMP_POSTEROPT_LINEN_FINISH,린넨 마감가공비,포스터사인,B07,린넨패브릭포스터,recovered,opt_cd,row,"닫힌집합(0.11),닫힌집합(0.12)",ok,1.000,2600mm,OPV_000027,1
COMP_POSTEROPT_LINEN_FINISH,린넨 마감가공비,포스터사인,B07,린넨패브릭포스터,recovered,opt_cd,row,"닫힌집합(0.11),닫힌집합(0.12)",ok,1.000,2800mm,OPV_000027,1
COMP_POSTEROPT_LINEN_FINISH,린넨 마감가공비,포스터사인,B07,린넨패브릭포스터,recovered,opt_cd,row,"닫힌집합(0.11),닫힌집합(0.12)",ok,1.000,3000mm,OPV_000027,1
COMP_POSTEROPT_LINEN_FINISH,린넨 마감가공비,포스터사인,B07,린넨패브릭포스터,recovered,min_qty,(미사용),라이브 전건 NULL,null-dim,1.000,,,0
COMP_POSTER_CANVAS_FABRIC,실사 완제품가 (캔버스패브릭포스터·레더아트프린트·메쉬프린트·타이벡프린트),포스터사인,B08,캔버스패브릭포스터,recovered,siz_width,row,수치파싱,ok,1.000,600mm,600,1
COMP_POSTER_CANVAS_FABRIC,실사 완제품가 (캔버스패브릭포스터·레더아트프린트·메쉬프린트·타이벡프린트),포스터사인,B08,캔버스패브릭포스터,recovered,siz_width,row,수치파싱,ok,1.000,800mm,800,1
COMP_POSTER_CANVAS_FABRIC,실사 완제품가 (캔버스패브릭포스터·레더아트프린트·메쉬프린트·타이벡프린트),포스터사인,B08,캔버스패브릭포스터,recovered,siz_width,row,수치파싱,ok,1.000,1000mm,1000,1
COMP_POSTER_CANVAS_FABRIC,실사 완제품가 (캔버스패브릭포스터·레더아트프린트·메쉬프린트·타이벡프린트),포스터사인,B08,캔버스패브릭포스터,recovered,siz_width,row,수치파싱,ok,1.000,1200mm,1200,1
COMP_POSTER_CANVAS_FABRIC,실사 완제품가 (캔버스패브릭포스터·레더아트프린트·메쉬프린트·타이벡프린트),포스터사인,B08,캔버스패브릭포스터,recovered,siz_width,row,수치파싱,ok,1.000,1400mm,1400,1
COMP_POSTER_CANVAS_FABRIC,실사 완제품가 (캔버스패브릭포스터·레더아트프린트·메쉬프린트·타이벡프린트),포스터사인,B08,캔버스패브릭포스터,recovered,siz_width,row,수치파싱,ok,1.000,1600mm,1600,1
COMP_POSTER_CANVAS_FABRIC,실사 완제품가 (캔버스패브릭포스터·레더아트프린트·메쉬프린트·타이벡프린트),포스터사인,B08,캔버스패브릭포스터,recovered,siz_width,row,수치파싱,ok,1.000,1800mm,1800,1
COMP_POSTER_CANVAS_FABRIC,실사 완제품가 (캔버스패브릭포스터·레더아트프린트·메쉬프린트·타이벡프린트),포스터사인,B08,캔버스패브릭포스터,recovered,siz_width,row,수치파싱,ok,1.000,2000mm,2000,1
COMP_POSTER_CANVAS_FABRIC,실사 완제품가 (캔버스패브릭포스터·레더아트프린트·메쉬프린트·타이벡프린트),포스터사인,B08,캔버스패브릭포스터,recovered,siz_width,row,수치파싱,ok,1.000,2200mm,2200,1
COMP_POSTER_CANVAS_FABRIC,실사 완제품가 (캔버스패브릭포스터·레더아트프린트·메쉬프린트·타이벡프린트),포스터사인,B08,캔버스패브릭포스터,recovered,siz_width,row,수치파싱,ok,1.000,2400mm,2400,1
COMP_POSTER_CANVAS_FABRIC,실사 완제품가 (캔버스패브릭포스터·레더아트프린트·메쉬프린트·타이벡프린트),포스터사인,B08,캔버스패브릭포스터,recovered,siz_width,row,수치파싱,ok,1.000,2600mm,2600,1
COMP_POSTER_CANVAS_FABRIC,실사 완제품가 (캔버스패브릭포스터·레더아트프린트·메쉬프린트·타이벡프린트),포스터사인,B08,캔버스패브릭포스터,recovered,siz_width,row,수치파싱,ok,1.000,2800mm,2800,1
COMP_POSTER_CANVAS_FABRIC,실사 완제품가 (캔버스패브릭포스터·레더아트프린트·메쉬프린트·타이벡프린트),포스터사인,B08,캔버스패브릭포스터,recovered,siz_width,row,수치파싱,ok,1.000,3000mm,3000,1
COMP_POSTER_CANVAS_FABRIC,실사 완제품가 (캔버스패브릭포스터·레더아트프린트·메쉬프린트·타이벡프린트),포스터사인,B08,캔버스패브릭포스터,recovered,siz_height,band0,수치파싱,ok,1.000,600mm,600,1
COMP_POSTER_CANVAS_FABRIC,실사 완제품가 (캔버스패브릭포스터·레더아트프린트·메쉬프린트·타이벡프린트),포스터사인,B08,캔버스패브릭포스터,recovered,siz_height,band0,수치파싱,ok,1.000,800mm,800,1
COMP_POSTER_CANVAS_FABRIC,실사 완제품가 (캔버스패브릭포스터·레더아트프린트·메쉬프린트·타이벡프린트),포스터사인,B08,캔버스패브릭포스터,recovered,siz_height,band0,수치파싱,ok,1.000,1000mm,1000,1
COMP_POSTER_CANVAS_FABRIC,실사 완제품가 (캔버스패브릭포스터·레더아트프린트·메쉬프린트·타이벡프린트),포스터사인,B08,캔버스패브릭포스터,recovered,siz_height,band0,수치파싱,ok,1.000,1200mm,1200,1
COMP_POSTER_CANVAS_FABRIC,실사 완제품가 (캔버스패브릭포스터·레더아트프린트·메쉬프린트·타이벡프린트),포스터사인,B08,캔버스패브릭포스터,recovered,min_qty,(미사용),라이브 전건 NULL,null-dim,1.000,,,0
COMP_POSTER_LEATHER_ARTPRINT,레더아트프린트 완제품가[레거시],포스터사인,B09,레더아트프린트,recovered,siz_width,row,수치파싱,ok,1.000,600mm,600,1
COMP_POSTER_LEATHER_ARTPRINT,레더아트프린트 완제품가[레거시],포스터사인,B09,레더아트프린트,recovered,siz_width,row,수치파싱,ok,1.000,800mm,800,1
COMP_POSTER_LEATHER_ARTPRINT,레더아트프린트 완제품가[레거시],포스터사인,B09,레더아트프린트,recovered,siz_width,row,수치파싱,ok,1.000,1000mm,1000,1
COMP_POSTER_LEATHER_ARTPRINT,레더아트프린트 완제품가[레거시],포스터사인,B09,레더아트프린트,recovered,siz_width,row,수치파싱,ok,1.000,1200mm,1200,1
COMP_POSTER_LEATHER_ARTPRINT,레더아트프린트 완제품가[레거시],포스터사인,B09,레더아트프린트,recovered,siz_width,row,수치파싱,ok,1.000,1400mm,1400,1
COMP_POSTER_LEATHER_ARTPRINT,레더아트프린트 완제품가[레거시],포스터사인,B09,레더아트프린트,recovered,siz_width,row,수치파싱,ok,1.000,1600mm,1600,1
COMP_POSTER_LEATHER_ARTPRINT,레더아트프린트 완제품가[레거시],포스터사인,B09,레더아트프린트,recovered,siz_width,row,수치파싱,ok,1.000,1800mm,1800,1
COMP_POSTER_LEATHER_ARTPRINT,레더아트프린트 완제품가[레거시],포스터사인,B09,레더아트프린트,recovered,siz_width,row,수치파싱,ok,1.000,2000mm,2000,1
COMP_POSTER_LEATHER_ARTPRINT,레더아트프린트 완제품가[레거시],포스터사인,B09,레더아트프린트,recovered,siz_width,row,수치파싱,ok,1.000,2200mm,2200,1
COMP_POSTER_LEATHER_ARTPRINT,레더아트프린트 완제품가[레거시],포스터사인,B09,레더아트프린트,recovered,siz_width,row,수치파싱,ok,1.000,2400mm,2400,1
COMP_POSTER_LEATHER_ARTPRINT,레더아트프린트 완제품가[레거시],포스터사인,B09,레더아트프린트,recovered,siz_width,row,수치파싱,ok,1.000,2600mm,2600,1
COMP_POSTER_LEATHER_ARTPRINT,레더아트프린트 완제품가[레거시],포스터사인,B09,레더아트프린트,recovered,siz_width,row,수치파싱,ok,1.000,2800mm,2800,1
COMP_POSTER_LEATHER_ARTPRINT,레더아트프린트 완제품가[레거시],포스터사인,B09,레더아트프린트,recovered,siz_width,row,수치파싱,ok,1.000,3000mm,3000,1
COMP_POSTER_LEATHER_ARTPRINT,레더아트프린트 완제품가[레거시],포스터사인,B09,레더아트프린트,recovered,siz_height,band0,수치파싱,ok,1.000,600mm,600,1
COMP_POSTER_LEATHER_ARTPRINT,레더아트프린트 완제품가[레거시],포스터사인,B09,레더아트프린트,recovered,siz_height,band0,수치파싱,ok,1.000,800mm,800,1
COMP_POSTER_LEATHER_ARTPRINT,레더아트프린트 완제품가[레거시],포스터사인,B09,레더아트프린트,recovered,siz_height,band0,수치파싱,ok,1.000,1000mm,1000,1
COMP_POSTER_LEATHER_ARTPRINT,레더아트프린트 완제품가[레거시],포스터사인,B09,레더아트프린트,recovered,siz_height,band0,수치파싱,ok,1.000,1200mm,1200,1
COMP_POSTER_LEATHER_ARTPRINT,레더아트프린트 완제품가[레거시],포스터사인,B09,레더아트프린트,recovered,min_qty,(미사용),라이브 전건 NULL,null-dim,1.000,,,0
COMP_POSTER_MESH_PRINT,메쉬프린트 완제품가[레거시],포스터사인,B11,메쉬프린트,recovered,siz_width,row,수치파싱,partial,0.750,600mm,600,1
COMP_POSTER_MESH_PRINT,메쉬프린트 완제품가[레거시],포스터사인,B11,메쉬프린트,recovered,siz_width,row,수치파싱,partial,0.750,800mm,800,1
COMP_POSTER_MESH_PRINT,메쉬프린트 완제품가[레거시],포스터사인,B11,메쉬프린트,recovered,siz_width,row,수치파싱,partial,0.750,1000mm,1000,1
COMP_POSTER_MESH_PRINT,메쉬프린트 완제품가[레거시],포스터사인,B11,메쉬프린트,recovered,siz_width,row,수치파싱,partial,0.750,1200mm,1200,1
COMP_POSTER_MESH_PRINT,메쉬프린트 완제품가[레거시],포스터사인,B11,메쉬프린트,recovered,siz_width,row,수치파싱,partial,0.750,1400mm,1400,1
COMP_POSTER_MESH_PRINT,메쉬프린트 완제품가[레거시],포스터사인,B11,메쉬프린트,recovered,siz_width,row,수치파싱,partial,0.750,1600mm,1600,1
COMP_POSTER_MESH_PRINT,메쉬프린트 완제품가[레거시],포스터사인,B11,메쉬프린트,recovered,siz_width,row,수치파싱,partial,0.750,1800mm,1800,1
COMP_POSTER_MESH_PRINT,메쉬프린트 완제품가[레거시],포스터사인,B11,메쉬프린트,recovered,siz_width,row,수치파싱,partial,0.750,2000mm,2000,1
COMP_POSTER_MESH_PRINT,메쉬프린트 완제품가[레거시],포스터사인,B11,메쉬프린트,recovered,siz_width,row,수치파싱,partial,0.750,2200mm,2200,1
COMP_POSTER_MESH_PRINT,메쉬프린트 완제품가[레거시],포스터사인,B11,메쉬프린트,recovered,siz_width,row,수치파싱,partial,0.750,2400mm,2400,1
COMP_POSTER_MESH_PRINT,메쉬프린트 완제품가[레거시],포스터사인,B11,메쉬프린트,recovered,siz_width,row,수치파싱,partial,0.750,2600mm,2600,1
COMP_POSTER_MESH_PRINT,메쉬프린트 완제품가[레거시],포스터사인,B11,메쉬프린트,recovered,siz_width,row,수치파싱,partial,0.750,2800mm,2800,1
COMP_POSTER_MESH_PRINT,메쉬프린트 완제품가[레거시],포스터사인,B11,메쉬프린트,recovered,siz_width,row,수치파싱,partial,0.750,3000mm,3000,1
COMP_POSTER_MESH_PRINT,메쉬프린트 완제품가[레거시],포스터사인,B11,메쉬프린트,recovered,siz_width,row,수치파싱,partial,0.750,화이트포맥스(3mm),3,1
COMP_POSTER_MESH_PRINT,메쉬프린트 완제품가[레거시],포스터사인,B11,메쉬프린트,recovered,siz_width,row,수치파싱,partial,0.750,화이트포맥스(5mm),5,1
COMP_POSTER_MESH_PRINT,메쉬프린트 완제품가[레거시],포스터사인,B11,메쉬프린트,recovered,siz_height,band0,수치파싱,ok,1.000,600mm,600,1
COMP_POSTER_MESH_PRINT,메쉬프린트 완제품가[레거시],포스터사인,B11,메쉬프린트,recovered,siz_height,band0,수치파싱,ok,1.000,800mm,800,1
COMP_POSTER_MESH_PRINT,메쉬프린트 완제품가[레거시],포스터사인,B11,메쉬프린트,recovered,siz_height,band0,수치파싱,ok,1.000,1000mm,1000,1
COMP_POSTER_MESH_PRINT,메쉬프린트 완제품가[레거시],포스터사인,B11,메쉬프린트,recovered,siz_height,band0,수치파싱,ok,1.000,1200mm,1200,1
COMP_POSTER_MESH_PRINT,메쉬프린트 완제품가[레거시],포스터사인,B11,메쉬프린트,recovered,min_qty,(미사용),라이브 전건 NULL,null-dim,1.000,,,0
COMP_POSTER_BANNER_NORMAL,일반 현수막 완제품가,포스터사인,B26,일반현수막,recovered,siz_width,row,수치파싱,ok,1.000,900mm,900,1
COMP_POSTER_BANNER_NORMAL,일반 현수막 완제품가,포스터사인,B26,일반현수막,recovered,siz_width,row,수치파싱,ok,1.000,1000mm,1000,1
COMP_POSTER_BANNER_NORMAL,일반 현수막 완제품가,포스터사인,B26,일반현수막,recovered,siz_width,row,수치파싱,ok,1.000,1200mm,1200,1
COMP_POSTER_BANNER_NORMAL,일반 현수막 완제품가,포스터사인,B26,일반현수막,recovered,siz_width,row,수치파싱,ok,1.000,1400mm,1400,1
COMP_POSTER_BANNER_NORMAL,일반 현수막 완제품가,포스터사인,B26,일반현수막,recovered,siz_width,row,수치파싱,ok,1.000,1600mm,1600,1
COMP_POSTER_BANNER_NORMAL,일반 현수막 완제품가,포스터사인,B26,일반현수막,recovered,siz_width,row,수치파싱,ok,1.000,1800mm,1800,1
COMP_POSTER_BANNER_NORMAL,일반 현수막 완제품가,포스터사인,B26,일반현수막,recovered,siz_width,row,수치파싱,ok,1.000,2000mm,2000,1
COMP_POSTER_BANNER_NORMAL,일반 현수막 완제품가,포스터사인,B26,일반현수막,recovered,siz_width,row,수치파싱,ok,1.000,2200mm,2200,1
COMP_POSTER_BANNER_NORMAL,일반 현수막 완제품가,포스터사인,B26,일반현수막,recovered,siz_width,row,수치파싱,ok,1.000,2400mm,2400,1
COMP_POSTER_BANNER_NORMAL,일반 현수막 완제품가,포스터사인,B26,일반현수막,recovered,siz_width,row,수치파싱,ok,1.000,2600mm,2600,1
COMP_POSTER_BANNER_NORMAL,일반 현수막 완제품가,포스터사인,B26,일반현수막,recovered,siz_width,row,수치파싱,ok,1.000,2800mm,2800,1
COMP_POSTER_BANNER_NORMAL,일반 현수막 완제품가,포스터사인,B26,일반현수막,recovered,siz_width,row,수치파싱,ok,1.000,3000mm,3000,1
COMP_POSTER_BANNER_NORMAL,일반 현수막 완제품가,포스터사인,B26,일반현수막,recovered,siz_width,row,수치파싱,ok,1.000,3500mm,3500,1
COMP_POSTER_BANNER_NORMAL,일반 현수막 완제품가,포스터사인,B26,일반현수막,recovered,siz_width,row,수치파싱,ok,1.000,4000mm,4000,1
COMP_POSTER_BANNER_NORMAL,일반 현수막 완제품가,포스터사인,B26,일반현수막,recovered,siz_width,row,수치파싱,ok,1.000,4500mm,4500,1
COMP_POSTER_BANNER_NORMAL,일반 현수막 완제품가,포스터사인,B26,일반현수막,recovered,siz_width,row,수치파싱,ok,1.000,5000mm,5000,1
COMP_POSTER_BANNER_NORMAL,일반 현수막 완제품가,포스터사인,B26,일반현수막,recovered,siz_height,band0,수치파싱,partial,0.714,900mm,900,1
COMP_POSTER_BANNER_NORMAL,일반 현수막 완제품가,포스터사인,B26,일반현수막,recovered,siz_height,band0,수치파싱,partial,0.714,1000mm,1000,1
COMP_POSTER_BANNER_NORMAL,일반 현수막 완제품가,포스터사인,B26,일반현수막,recovered,siz_height,band0,수치파싱,partial,0.714,1200mm,1200,1
COMP_POSTER_BANNER_NORMAL,일반 현수막 완제품가,포스터사인,B26,일반현수막,recovered,siz_height,band0,수치파싱,partial,0.714,1500mm,1500,1
COMP_POSTER_BANNER_NORMAL,일반 현수막 완제품가,포스터사인,B26,일반현수막,recovered,siz_height,band0,수치파싱,partial,0.714,1750mm,1750,1
COMP_POSTER_BANNER_NORMAL,일반 현수막 완제품가,포스터사인,B26,일반현수막,recovered,min_qty,(상수),라이브 단일값,constant,1.000,(블록 상수),1,1
COMP_POSTER_BANNER_MESH,메쉬 현수막 완제품가,포스터사인,B27,메쉬현수막,recovered,siz_width,row,수치파싱,partial,0.696,900mm,900,1
COMP_POSTER_BANNER_MESH,메쉬 현수막 완제품가,포스터사인,B27,메쉬현수막,recovered,siz_width,row,수치파싱,partial,0.696,1000mm,1000,1
COMP_POSTER_BANNER_MESH,메쉬 현수막 완제품가,포스터사인,B27,메쉬현수막,recovered,siz_width,row,수치파싱,partial,0.696,1200mm,1200,1
COMP_POSTER_BANNER_MESH,메쉬 현수막 완제품가,포스터사인,B27,메쉬현수막,recovered,siz_width,row,수치파싱,partial,0.696,1400mm,1400,1
COMP_POSTER_BANNER_MESH,메쉬 현수막 완제품가,포스터사인,B27,메쉬현수막,recovered,siz_width,row,수치파싱,partial,0.696,1600mm,1600,1
COMP_POSTER_BANNER_MESH,메쉬 현수막 완제품가,포스터사인,B27,메쉬현수막,recovered,siz_width,row,수치파싱,partial,0.696,1800mm,1800,1
COMP_POSTER_BANNER_MESH,메쉬 현수막 완제품가,포스터사인,B27,메쉬현수막,recovered,siz_width,row,수치파싱,partial,0.696,2000mm,2000,1
COMP_POSTER_BANNER_MESH,메쉬 현수막 완제품가,포스터사인,B27,메쉬현수막,recovered,siz_width,row,수치파싱,partial,0.696,2200mm,2200,1
COMP_POSTER_BANNER_MESH,메쉬 현수막 완제품가,포스터사인,B27,메쉬현수막,recovered,siz_width,row,수치파싱,partial,0.696,2400mm,2400,1
COMP_POSTER_BANNER_MESH,메쉬 현수막 완제품가,포스터사인,B27,메쉬현수막,recovered,siz_width,row,수치파싱,partial,0.696,2600mm,2600,1
COMP_POSTER_BANNER_MESH,메쉬 현수막 완제품가,포스터사인,B27,메쉬현수막,recovered,siz_width,row,수치파싱,partial,0.696,2800mm,2800,1
COMP_POSTER_BANNER_MESH,메쉬 현수막 완제품가,포스터사인,B27,메쉬현수막,recovered,siz_width,row,수치파싱,partial,0.696,3000mm,3000,1
COMP_POSTER_BANNER_MESH,메쉬 현수막 완제품가,포스터사인,B27,메쉬현수막,recovered,siz_width,row,수치파싱,partial,0.696,3500mm,3500,1
COMP_POSTER_BANNER_MESH,메쉬 현수막 완제품가,포스터사인,B27,메쉬현수막,recovered,siz_width,row,수치파싱,partial,0.696,4000mm,4000,1
COMP_POSTER_BANNER_MESH,메쉬 현수막 완제품가,포스터사인,B27,메쉬현수막,recovered,siz_width,row,수치파싱,partial,0.696,4500mm,4500,1
COMP_POSTER_BANNER_MESH,메쉬 현수막 완제품가,포스터사인,B27,메쉬현수막,recovered,siz_width,row,수치파싱,partial,0.696,5000mm,5000,1
COMP_POSTER_BANNER_MESH,메쉬 현수막 완제품가,포스터사인,B27,메쉬현수막,recovered,siz_height,band0,수치파싱,partial,0.600,900mm,900,1
COMP_POSTER_BANNER_MESH,메쉬 현수막 완제품가,포스터사인,B27,메쉬현수막,recovered,siz_height,band0,수치파싱,partial,0.600,1000mm,1000,1
COMP_POSTER_BANNER_MESH,메쉬 현수막 완제품가,포스터사인,B27,메쉬현수막,recovered,siz_height,band0,수치파싱,partial,0.600,1200mm,1200,1
COMP_POSTER_BANNER_MESH,메쉬 현수막 완제품가,포스터사인,B27,메쉬현수막,recovered,min_qty,(미사용),라이브 전건 NULL,null-dim,1.000,,,0
COMP_STK_PRINT,스티커 완제품가(소재·규격),스티커,B01,반칼 자유형/규격 스티커 (국4절),declared,siz_cd,band0,"닫힌집합(0.36),닫힌집합(0.43),닫힌집합(0.55),묶음분해(2/2 · 부분포함,퍼지(0.50)),부분포함",ok,1.000,A5(4판) / 124 x186 mm (4판),SIZ_000059|SIZ_000314,2
COMP_STK_PRINT,스티커 완제품가(소재·규격),스티커,B01,반칼 자유형/규격 스티커 (국4절),declared,siz_cd,band0,"닫힌집합(0.36),닫힌집합(0.43),닫힌집합(0.55),묶음분해(2/2 · 부분포함,퍼지(0.50)),부분포함",ok,1.000,A4(2판),SIZ_000314,1
COMP_STK_PRINT,스티커 완제품가(소재·규격),스티커,B01,반칼 자유형/규격 스티커 (국4절),declared,siz_cd,band0,"닫힌집합(0.36),닫힌집합(0.43),닫힌집합(0.55),묶음분해(2/2 · 부분포함,퍼지(0.50)),부분포함",ok,1.000,A3(1판),SIZ_000316,1
COMP_STK_PRINT,스티커 완제품가(소재·규격),스티커,B01,반칼 자유형/규격 스티커 (국4절),declared,siz_cd,band0,"닫힌집합(0.36),닫힌집합(0.43),닫힌집합(0.55),묶음분해(2/2 · 부분포함,퍼지(0.50)),부분포함",ok,1.000,90*190(6판),SIZ_000519,1
COMP_STK_PRINT,스티커 완제품가(소재·규격),스티커,B01,반칼 자유형/규격 스티커 (국4절),declared,siz_cd,band0,"닫힌집합(0.36),닫힌집합(0.43),닫힌집합(0.55),묶음분해(2/2 · 부분포함,퍼지(0.50)),부분포함",ok,1.000,A6(8판)/100*148(8판),SIZ_000057,1
COMP_STK_PRINT,스티커 완제품가(소재·규격),스티커,B01,반칼 자유형/규격 스티커 (국4절),declared,siz_cd,band0,"닫힌집합(0.36),닫힌집합(0.43),닫힌집합(0.55),묶음분해(2/2 · 부분포함,퍼지(0.50)),부분포함",ok,1.000,90*110(12판),SIZ_000519,1
COMP_STK_PRINT,스티커 완제품가(소재·규격),스티커,B01,반칼 자유형/규격 스티커 (국4절),declared,siz_cd,band0,"닫힌집합(0.36),닫힌집합(0.43),닫힌집합(0.55),묶음분해(2/2 · 부분포함,퍼지(0.50)),부분포함",ok,1.000,종이+인쇄+커팅,SIZ_000061|SIZ_000062|SIZ_000063|SIZ_000064|SIZ_000065,5
COMP_STK_PRINT,스티커 완제품가(소재·규격),스티커,B01,반칼 자유형/규격 스티커 (국4절),declared,mat_cd,band1,"닫힌집합(0.33),닫힌집합(0.50),묶음분해(3/3 · 부분포함,정확(이름))",ok,1.000,유포/비코팅/미색,MAT_000084|MAT_000152|MAT_000158|MAT_000242|MAT_000583|MAT_000587|MAT_000609,7
COMP_STK_PRINT,스티커 완제품가(소재·규격),스티커,B01,반칼 자유형/규격 스티커 (국4절),declared,mat_cd,band1,"닫힌집합(0.33),닫힌집합(0.50),묶음분해(3/3 · 부분포함,정확(이름))",ok,1.000,무광코팅/유광코팅,MAT_000585|MAT_000586,2
COMP_STK_PRINT,스티커 완제품가(소재·규격),스티커,B01,반칼 자유형/규격 스티커 (국4절),declared,mat_cd,band1,"닫힌집합(0.33),닫힌집합(0.50),묶음분해(3/3 · 부분포함,정확(이름))",ok,1.000,투명/홀로그램,MAT_000590,1
COMP_STK_PRINT,스티커 완제품가(소재·규격),스티커,B01,반칼 자유형/규격 스티커 (국4절),declared,min_qty,row,수치파싱,ok,1.000,1,1,1
COMP_STK_PRINT,스티커 완제품가(소재·규격),스티커,B01,반칼 자유형/규격 스티커 (국4절),declared,min_qty,row,수치파싱,ok,1.000,2,2,1
COMP_STK_PRINT,스티커 완제품가(소재·규격),스티커,B01,반칼 자유형/규격 스티커 (국4절),declared,min_qty,row,수치파싱,ok,1.000,3,3,1
COMP_STK_PRINT,스티커 완제품가(소재·규격),스티커,B01,반칼 자유형/규격 스티커 (국4절),declared,min_qty,row,수치파싱,ok,1.000,4,4,1
COMP_STK_PRINT,스티커 완제품가(소재·규격),스티커,B01,반칼 자유형/규격 스티커 (국4절),declared,min_qty,row,수치파싱,ok,1.000,5,5,1
COMP_STK_PRINT,스티커 완제품가(소재·규격),스티커,B01,반칼 자유형/규격 스티커 (국4절),declared,min_qty,row,수치파싱,ok,1.000,6,6,1
COMP_STK_PRINT,스티커 완제품가(소재·규격),스티커,B01,반칼 자유형/규격 스티커 (국4절),declared,min_qty,row,수치파싱,ok,1.000,8,8,1
COMP_STK_PRINT,스티커 완제품가(소재·규격),스티커,B01,반칼 자유형/규격 스티커 (국4절),declared,min_qty,row,수치파싱,ok,1.000,10,10,1
COMP_STK_PRINT,스티커 완제품가(소재·규격),스티커,B01,반칼 자유형/규격 스티커 (국4절),declared,min_qty,row,수치파싱,ok,1.000,15,15,1
COMP_STK_PRINT,스티커 완제품가(소재·규격),스티커,B01,반칼 자유형/규격 스티커 (국4절),declared,min_qty,row,수치파싱,ok,1.000,20,20,1
COMP_STK_PRINT,스티커 완제품가(소재·규격),스티커,B01,반칼 자유형/규격 스티커 (국4절),declared,min_qty,row,수치파싱,ok,1.000,25,25,1
COMP_STK_PRINT,스티커 완제품가(소재·규격),스티커,B01,반칼 자유형/규격 스티커 (국4절),declared,min_qty,row,수치파싱,ok,1.000,30,30,1
COMP_STK_PRINT,스티커 완제품가(소재·규격),스티커,B01,반칼 자유형/규격 스티커 (국4절),declared,min_qty,row,수치파싱,ok,1.000,38,38,1
COMP_STK_PRINT,스티커 완제품가(소재·규격),스티커,B01,반칼 자유형/규격 스티커 (국4절),declared,min_qty,row,수치파싱,ok,1.000,40,40,1
COMP_STK_PRINT,스티커 완제품가(소재·규격),스티커,B01,반칼 자유형/규격 스티커 (국4절),declared,min_qty,row,수치파싱,ok,1.000,50,50,1
COMP_STK_PRINT,스티커 완제품가(소재·규격),스티커,B01,반칼 자유형/규격 스티커 (국4절),declared,min_qty,row,수치파싱,ok,1.000,60,60,1
COMP_STK_PRINT,스티커 완제품가(소재·규격),스티커,B01,반칼 자유형/규격 스티커 (국4절),declared,min_qty,row,수치파싱,ok,1.000,70,70,1
COMP_STK_PRINT,스티커 완제품가(소재·규격),스티커,B01,반칼 자유형/규격 스티커 (국4절),declared,min_qty,row,수치파싱,ok,1.000,75,75,1
COMP_STK_PRINT,스티커 완제품가(소재·규격),스티커,B01,반칼 자유형/규격 스티커 (국4절),declared,min_qty,row,수치파싱,ok,1.000,80,80,1
COMP_STK_PRINT,스티커 완제품가(소재·규격),스티커,B01,반칼 자유형/규격 스티커 (국4절),declared,min_qty,row,수치파싱,ok,1.000,90,90,1
COMP_STK_PRINT,스티커 완제품가(소재·규격),스티커,B01,반칼 자유형/규격 스티커 (국4절),declared,min_qty,row,수치파싱,ok,1.000,100,100,1
COMP_STK_PRINT,스티커 완제품가(소재·규격),스티커,B01,반칼 자유형/규격 스티커 (국4절),declared,min_qty,row,수치파싱,ok,1.000,120,120,1
COMP_STK_PRINT,스티커 완제품가(소재·규격),스티커,B01,반칼 자유형/규격 스티커 (국4절),declared,min_qty,row,수치파싱,ok,1.000,125,125,1
COMP_STK_PRINT,스티커 완제품가(소재·규격),스티커,B01,반칼 자유형/규격 스티커 (국4절),declared,min_qty,row,수치파싱,ok,1.000,140,140,1
COMP_STK_PRINT,스티커 완제품가(소재·규격),스티커,B01,반칼 자유형/규격 스티커 (국4절),declared,min_qty,row,수치파싱,ok,1.000,150,150,1
COMP_STK_PRINT,스티커 완제품가(소재·규격),스티커,B01,반칼 자유형/규격 스티커 (국4절),declared,min_qty,row,수치파싱,ok,1.000,160,160,1
COMP_STK_PRINT,스티커 완제품가(소재·규격),스티커,B01,반칼 자유형/규격 스티커 (국4절),declared,min_qty,row,수치파싱,ok,1.000,175,175,1
COMP_STK_PRINT,스티커 완제품가(소재·규격),스티커,B01,반칼 자유형/규격 스티커 (국4절),declared,min_qty,row,수치파싱,ok,1.000,180,180,1
COMP_STK_PRINT,스티커 완제품가(소재·규격),스티커,B01,반칼 자유형/규격 스티커 (국4절),declared,min_qty,row,수치파싱,ok,1.000,200,200,1
COMP_STK_PRINT,스티커 완제품가(소재·규격),스티커,B01,반칼 자유형/규격 스티커 (국4절),declared,min_qty,row,수치파싱,ok,1.000,250,250,1
COMP_STK_PRINT,스티커 완제품가(소재·규격),스티커,B01,반칼 자유형/규격 스티커 (국4절),declared,min_qty,row,수치파싱,ok,1.000,300,300,1
COMP_STK_PRINT,스티커 완제품가(소재·규격),스티커,B01,반칼 자유형/규격 스티커 (국4절),declared,min_qty,row,수치파싱,ok,1.000,350,350,1
COMP_STK_PRINT,스티커 완제품가(소재·규격),스티커,B01,반칼 자유형/규격 스티커 (국4절),declared,min_qty,row,수치파싱,ok,1.000,400,400,1
COMP_STK_PRINT,스티커 완제품가(소재·규격),스티커,B01,반칼 자유형/규격 스티커 (국4절),declared,min_qty,row,수치파싱,ok,1.000,450,450,1
COMP_STK_PRINT,스티커 완제품가(소재·규격),스티커,B01,반칼 자유형/규격 스티커 (국4절),declared,min_qty,row,수치파싱,ok,1.000,500,500,1
COMP_STK_PRINT,스티커 완제품가(소재·규격),스티커,B01,반칼 자유형/규격 스티커 (국4절),declared,min_qty,row,수치파싱,ok,1.000,100000,100000,1
COMP_STK_PRINT,스티커 완제품가(소재·규격),스티커,B02,낱장(완칼) 자유형 스티커,declared,siz_cd,title,닫힌집합(0.07),ok,1.000,낱장(완칼) 자유형 스티커,SIZ_000520,1
COMP_STK_PRINT,스티커 완제품가(소재·규격),스티커,B02,낱장(완칼) 자유형 스티커,declared,mat_cd,band0,부분포함,partial,0.600,A4,MAT_000175|MAT_000296|MAT_000391|MAT_000392|MAT_000550|MAT_000559|MAT_000563|MAT_000564|MAT_000565|MAT_000624|MAT_000626|MAT_000640|MAT_000641|MAT_000642|MAT_000646|MAT_000650|MAT_000687|MAT_000688|MAT_000689|MAT_000690|MAT_000691|MAT_000692|MAT_000693|MAT_000694|MAT_000695|MAT_000696,26
COMP_STK_PRINT,스티커 완제품가(소재·규격),스티커,B02,낱장(완칼) 자유형 스티커,declared,mat_cd,band0,부분포함,partial,0.600,A3,MAT_000022|MAT_000023|MAT_000398|MAT_000399|MAT_000551|MAT_000552|MAT_000560,7
COMP_STK_PRINT,스티커 완제품가(소재·규격),스티커,B02,낱장(완칼) 자유형 스티커,declared,mat_cd,band0,부분포함,partial,0.600,A2,MAT_000553|MAT_000554|MAT_000555|MAT_000612|MAT_000613,5
COMP_STK_PRINT,스티커 완제품가(소재·규격),스티커,B02,낱장(완칼) 자유형 스티커,declared,min_qty,row,수치파싱,ok,1.000,1,1,1
COMP_STK_PRINT,스티커 완제품가(소재·규격),스티커,B02,낱장(완칼) 자유형 스티커,declared,min_qty,row,수치파싱,ok,1.000,20,20,1
COMP_STK_PRINT,스티커 완제품가(소재·규격),스티커,B02,낱장(완칼) 자유형 스티커,declared,min_qty,row,수치파싱,ok,1.000,50,50,1
COMP_STK_PRINT,스티커 완제품가(소재·규격),스티커,B02,낱장(완칼) 자유형 스티커,declared,min_qty,row,수치파싱,ok,1.000,100,100,1
COMP_STK_PRINT,스티커 완제품가(소재·규격),스티커,B02,낱장(완칼) 자유형 스티커,declared,min_qty,row,수치파싱,ok,1.000,200,200,1
COMP_STK_PRINT,스티커 완제품가(소재·규격),스티커,B02,낱장(완칼) 자유형 스티커,declared,min_qty,row,수치파싱,ok,1.000,300,300,1
COMP_STK_PRINT,스티커 완제품가(소재·규격),스티커,B03,낱장(완칼) 자유형 투명스티커,declared,siz_cd,band0,"닫힌집합(0.22),부분포함,정확(이름)",ok,1.000,A4,SIZ_000314,1
COMP_STK_PRINT,스티커 완제품가(소재·규격),스티커,B03,낱장(완칼) 자유형 투명스티커,declared,siz_cd,band0,"닫힌집합(0.22),부분포함,정확(이름)",ok,1.000,B4,SIZ_000515,1
COMP_STK_PRINT,스티커 완제품가(소재·규격),스티커,B03,낱장(완칼) 자유형 투명스티커,declared,siz_cd,band0,"닫힌집합(0.22),부분포함,정확(이름)",ok,1.000,A3,SIZ_000174|SIZ_000315,2
COMP_STK_PRINT,스티커 완제품가(소재·규격),스티커,B03,낱장(완칼) 자유형 투명스티커,declared,siz_cd,band0,"닫힌집합(0.22),부분포함,정확(이름)",ok,1.000,B3,SIZ_000514,1
COMP_STK_PRINT,스티커 완제품가(소재·규격),스티커,B03,낱장(완칼) 자유형 투명스티커,declared,siz_cd,band0,"닫힌집합(0.22),부분포함,정확(이름)",ok,1.000,A2,SIZ_000317|SIZ_000318,2
COMP_STK_PRINT,스티커 완제품가(소재·규격),스티커,B03,낱장(완칼) 자유형 투명스티커,declared,mat_cd,title,제목머리(부분포함),ok,1.000,낱장(완칼) 자유형 투명스티커,MAT_000143|MAT_000162,2
COMP_STK_PRINT,스티커 완제품가(소재·규격),스티커,B03,낱장(완칼) 자유형 투명스티커,declared,min_qty,row,수치파싱,ok,1.000,1,1,1
COMP_STK_PRINT,스티커 완제품가(소재·규격),스티커,B03,낱장(완칼) 자유형 투명스티커,declared,min_qty,row,수치파싱,ok,1.000,20,20,1
COMP_STK_PRINT,스티커 완제품가(소재·규격),스티커,B03,낱장(완칼) 자유형 투명스티커,declared,min_qty,row,수치파싱,ok,1.000,50,50,1
COMP_STK_PRINT,스티커 완제품가(소재·규격),스티커,B03,낱장(완칼) 자유형 투명스티커,declared,min_qty,row,수치파싱,ok,1.000,100,100,1
COMP_STK_PRINT,스티커 완제품가(소재·규격),스티커,B03,낱장(완칼) 자유형 투명스티커,declared,min_qty,row,수치파싱,ok,1.000,200,200,1
COMP_STK_PRINT,스티커 완제품가(소재·규격),스티커,B03,낱장(완칼) 자유형 투명스티커,declared,min_qty,row,수치파싱,ok,1.000,300,300,1
COMP_STK_PRINT,스티커 완제품가(소재·규격),스티커,B04,대형(완칼) 자유형 스티커,declared,siz_cd,title,닫힌집합(0.11),ok,1.000,대형(완칼) 자유형 스티커,SIZ_000036|SIZ_000061|SIZ_000062|SIZ_000063|SIZ_000064|SIZ_000065,6
COMP_STK_PRINT,스티커 완제품가(소재·규격),스티커,B04,대형(완칼) 자유형 스티커,declared,mat_cd,row,닫힌집합(0.20),partial,0.167,50,MAT_000590,1
COMP_STK_PRINT,스티커 완제품가(소재·규격),스티커,B04,대형(완칼) 자유형 스티커,declared,min_qty,band0,수치파싱,ok,1.000,400x600,400,1
COMP_STK_PACK,스티커 완제품가 팩(54장1세트),스티커,B07,스티커팩 (54장 1세트),declared,siz_cd,(상수),라이브 단일값,constant,1.000,(블록 상수),SIZ_000068,1
COMP_STK_PACK,스티커 완제품가 팩(54장1세트),스티커,B07,스티커팩 (54장 1세트),declared,min_qty,(상수),라이브 단일값,constant,1.000,(블록 상수),1,1
